<?xml version="1.0" encoding="utf-8"?>
<COLLADA xmlns="http://www.collada.org/2005/11/COLLADASchema" version="1.4.1" xmlns:xsi="http://www.w3.org/2001/XMLSchema-instance">
  <asset>
    <contributor>
      <author>Blender User</author>
      <authoring_tool>Blender 4.5.7 LTS commit date:2026-02-16, commit time:13:34, hash:a9874eeece8d</authoring_tool>
    </contributor>
    <created>2026-09-30T16:41:11</created>
    <modified>2026-09-30T16:41:11</modified>
    <unit name="meter" meter="1"/>
    <up_axis>Z_UP</up_axis>
  </asset>
  <library_effects>
    <effect id="black-effect">
      <profile_COMMON>
        <technique sid="common">
          <lambert>
            <emission>
              <color sid="emission">0 0 0 1</color>
            </emission>
            <diffuse>
              <color sid="diffuse">0 0 0 1</color>
            </diffuse>
            <index_of_refraction>
              <float sid="ior">1.5</float>
            </index_of_refraction>
          </lambert>
        </technique>
      </profile_COMMON>
    </effect>
  </library_effects>
  <library_images/>
  <library_materials>
    <material id="black-material" name="black">
      <instance_effect url="#black-effect"/>
    </material>
  </library_materials>
  <library_geometries>
    <geometry id="link_sensor-mesh" name="link_sensor">
      <mesh>
        <source id="link_sensor-mesh-positions">
          <float_array id="link_sensor-mesh-positions-array" count="2586">-0.01340246 -0.007190525 0.008789479 -0.01357007 -0.007366597 0.008589744 -0.01285225 -0.00851202 0.00944519 -0.01369893 -0.007665991 0.008436143 -0.01373028 -0.008022964 0.008398771 -0.01365774 -0.008365094 0.008485198 -0.01304787 -0.008704841 0.009212017 -0.01327806 -0.008744537 0.008937716 -0.0134961 -0.008623063 0.008677899 -0.01269477 -0.007818579 0.009632825 -0.0127843 -0.007466673 0.009526133 -0.01271927 -0.008195102 0.009603679 -0.01296776 -0.007218182 0.009307503 -0.01320415 -0.007128655 0.009025812 -0.01154762 0.01119995 0.01099997 -0.01511442 0.003272593 0.006749212 -0.01347529 0.007257163 0.008702635 -0.01366353 0.007549941 0.008478343 -0.01154762 -0.01119995 0.01099997 -0.01296108 0.007257163 0.00931549 -0.01321822 0.007149994 0.009009063 -0.0144068 0.01024967 0.007592558 -0.01445603 0.01017534 0.007533848 -0.01347529 0.008642792 0.008702635 -0.01321822 0.008749961 0.009009063 -0.01327532 0.01114153 0.008940994 -0.01342588 0.0110898 0.008761525 -0.01277285 0.007549941 0.009539783 -0.01270395 0.007949948 0.009621918 -0.01511442 0.007701098 0.006749212 -0.01373243 0.007949948 0.008396208 -0.01507419 0.008360207 0.006797194 -0.01366353 0.008349955 0.008478343 -0.01495659 0.008989214 0.006937325 -0.01459527 0.009937763 0.007367908 -0.01474803 0.009615957 0.007185876 -0.01489889 0.009196341 0.007006108 -0.01369386 0.01095432 0.008442163 -0.01395076 0.01076608 0.008136034 -0.01409661 0.01062971 0.007962226 -0.01286607 0.01119995 0.009428739 -0.01296108 0.008642792 0.00931549 -0.01277285 0.008349955 0.009539783 -0.01383137 -0.01086127 0.00827831 -0.01409655 -0.01062971 0.007962286 -0.01430737 -0.01038682 0.007711052 -0.01445603 -0.01017534 0.007533848 -0.01286607 -0.01119995 0.009428739 -0.01329433 -0.01113593 0.008918344 -0.01369386 -0.01095432 0.008442163 -0.01507687 -0.008337914 0.006793975 -0.01504373 -0.008572041 0.006833493 -0.01495659 -0.008989274 0.006937325 -0.01511442 -0.003272593 0.006749212 -0.01511442 -0.007701098 0.006749212 -0.01483565 -0.009388983 0.007081449 -0.01474803 -0.009615957 0.007185876 -0.01450306 -0.01009988 0.007477819 -0.01396536 0.003272593 0.005785048 -0.01396536 -0.003272593 0.005785048 -0.009969353 0.01098841 0.007104039 -0.007303833 0.01102352 0.01099997 -0.009442508 0.01093256 0.006684064 -0.005822062 0.01093262 0.01099997 -0.008529126 0.01082295 0.005964577 -0.003067255 0.0107209 0.01099997 -0.007132112 0.01062428 0.004895925 -0.002395033 0.01061576 0.01043587 -0.00205928 0.01055943 0.01015418 -0.006369531 0.01050031 0.004334092 -0.001891493 0.01053029 0.0100134 -0.001723825 0.01050049 0.009872674 -0.005492568 0.01034468 0.003711223 -8.14788e-4 0.01032727 0.009109854 -0.004730761 0.01019853 0.00319314 -2.62996e-4 0.0102123 0.008646845 1.25075e-5 0.01015204 0.008415699 2.87735e-4 0.01008993 0.008184731 -0.003919959 0.01003247 0.002667903 8.37318e-4 0.009960055 0.007723629 -0.002958178 0.009822189 0.002083301 0.001385629 0.009822547 0.007263481 -0.002515673 0.009720802 0.001828968 0.001744866 0.009728074 0.00696206 0.002103447 0.009629607 0.006661176 0.002461016 0.009525775 0.006361126 -0.001446783 0.009456872 0.001245319 0.002817451 0.009414196 0.00606203 -0.001117765 0.009367525 0.001073777 0.002962946 0.009367823 0.00593996 -6.33031e-4 0.00922662 8.27612e-4 0.003611624 0.009136259 0.00539565 8.97689e-4 0.008851587 7.86765e-4 0.00412184 0.008926451 0.00496751 0.004288434 0.008851706 0.004827737 0.0024634 0.008357822 7.3398e-4 0.004837453 0.008309602 0.003400146 0.002822935 0.008224785 7.20534e-4 0.004881203 0.008224368 0.003172218 0.003966867 0.00774157 6.74156e-4 0.004627108 0.008689105 0.004543542 9.2549e-4 0.008843898 7.85918e-4 0.005041778 0.007890641 0.002360939 0.005091369 0.007781028 0.002119302 0.004491627 0.007484376 6.50651e-4 0.00521934 0.007483839 0.001516878 0.0052253 0.007469415 0.00148946 0.004703164 0.007373094 6.40703e-4 0.005399227 0.007027804 7.20538e-4 0.005426704 0.006953954 6.04336e-4 -0.002499341 0.01063472 0.01052337 -0.003067255 0.01072347 0.01099997 -0.001934528 0.01053911 0.01004952 -0.001372992 0.01043665 0.009578287 -0.01394248 0.003272593 0.005812287 -0.01394248 -0.003272593 0.005812287 -0.0138939 -0.007629096 0.005773305 -0.01241415 -0.007504105 0.004585862 -0.01122194 0.007374227 0.003642261 -0.0131964 0.007575273 0.005212724 -0.008801758 0.007036268 0.001816034 -0.008801937 -0.007036328 0.001816153 -0.009637653 0.007163524 0.002429187 -0.009043633 -0.007074177 0.001991212 -0.01048451 -0.007281422 0.003070473 -0.01190614 -0.007451891 0.004181504 -0.0121088 -0.007473289 0.004342436 -0.008195042 0.006937623 0.001385152 -0.006865978 0.006704807 4.89311e-4 -0.007698476 -0.006853222 0.001042366 -0.006335139 0.006605982 1.51751e-4 -0.006335139 -0.006605982 1.51751e-4 -0.01321822 0.007949948 0.009009063 0.004679203 -0.008599758 0.00425291 0.004627108 -0.008689105 0.004543542 0.003961682 -0.008995294 0.005101919 0.005052149 -0.007867872 0.002309858 0.004877686 -0.008231282 0.003190398 0.002307713 -0.008412957 7.3966e-4 0.004782617 -0.008413434 0.003690659 9.23684e-4 -0.008844435 7.85977e-4 0.002459943 -0.008359074 7.34107e-4 0.003963947 -0.007742941 6.74283e-4 0.005117237 -0.007722675 0.001995146 0.004009485 -0.007721602 6.72307e-4 0.005244791 -0.007422029 0.00140047 0.004701375 -0.007374107 6.40788e-4 0.005426764 -0.006954014 6.04301e-4 3.52086e-4 -0.008995771 8.02669e-4 -6.33032e-4 -0.00922662 8.27613e-4 0.003611624 -0.009136259 0.00539565 0.003016769 -0.009349882 0.00589478 -0.001452326 -0.009458303 0.0012483 0.002817451 -0.009415328 0.00606203 -0.00181806 -0.009552538 0.001443445 0.002369523 -0.009552955 0.006437897 -0.002536654 -0.009725689 0.001840889 0.001575767 -0.009773015 0.007103979 0.001133263 -0.00988686 0.007475256 -0.00394839 -0.01003849 0.002685844 5.12483e-4 -0.01003777 0.007996141 -0.004625618 -0.01017761 0.003123342 2.01492e-4 -0.0101096 0.00825715 -0.004632771 -0.01017904 0.003128111 -1.09862e-4 -0.01017904 0.008518397 -4.62115e-4 -0.01025468 0.008813977 -0.005519211 -0.01034957 0.003729581 -8.14788e-4 -0.01032727 0.009109854 -0.006849229 -0.01057952 0.004685461 -0.002722144 -0.01066821 0.01071035 -0.007419347 -0.01066815 0.005111753 -0.002894699 -0.01069486 0.01085513 -0.008543729 -0.01082485 0.005975961 -0.003067255 -0.0107209 0.01099997 -0.00946176 -0.01093471 0.006699323 -0.007303833 -0.01102352 0.01099997 -0.01002162 -0.01099365 0.007145881 -0.01055777 -0.01104438 0.007575988 0.00541538 0.007638871 0.002206087 0.005895376 0.006626367 6.70748e-4 0.005650937 0.006995439 0.001009702 0.005926966 0.006806433 0.001132011 0.006173133 0.006578266 0.001272022 0.006030917 0.006497979 6.96005e-4 0.006009876 0.006519138 6.91854e-4 0.006380021 0.006316483 0.001426041 0.006340086 0.006118655 7.69844e-4 0.00625807 0.00623399 7.47447e-4 0.006454825 0.005959391 8.70235e-4 0.006463646 0.00591588 8.09276e-4 0.00640136 0.006023228 7.88386e-4 0.006619751 0.005578756 8.7531e-4 0.006602406 0.005688428 0.001043736 0.006705939 0.005314528 9.27739e-4 0.006702482 0.005403459 0.001221418 0.006785929 0.004890561 0.001013636 0.006754219 0.005113363 0.001397907 0.006788551 0.004865527 0.001018822 0.006726622 0.005056917 0.001945674 0.006801724 0.004539012 0.001087129 0.006626069 0.005844593 0.002866268 0.006707012 0.005415976 0.001922249 0.006609141 0.005965292 0.002880454 0.006649553 0.005725443 0.001756489 0.005722045 0.007446527 0.002312004 0.005759835 0.007782757 0.003593087 0.005998492 0.007206439 0.002434909 0.006065309 0.007365822 0.003336787 0.006232857 0.006924986 0.002571105 0.006314098 0.006913185 0.003128051 0.006415784 0.006611645 0.002715945 0.006496012 0.006444573 0.002975404 0.006541788 0.006278395 0.002864003 0.005527794 0.007965147 0.003516852 0.0051952 0.008156538 0.003424048 0.005411922 0.008145391 0.00388503 0.005032181 0.008448302 0.004203677 0.006540238 0.006029009 0.001589298 0.006647646 0.005492985 0.002848088 0.005843162 -0.007680952 0.00352317 0.005726575 -0.007822275 0.003620982 0.005527734 -0.00796467 0.00351417 0.005415558 -0.007638275 0.002204656 0.00625813 -0.006234586 7.47328e-4 0.006172955 -0.006578743 0.001272559 0.005926787 -0.00680691 0.001132607 0.006444573 -0.005950033 8.02627e-4 0.006540477 -0.005764961 8.38747e-4 0.006454706 -0.005959928 8.7084e-4 0.006602346 -0.005688905 0.001044332 0.006801724 -0.004539012 0.001087129 0.006726562 -0.005057394 0.001946568 0.006754159 -0.00511372 0.001398503 0.006765127 -0.005042731 9.82545e-4 0.006702423 -0.005403935 0.001222014 0.006730079 -0.005218625 9.46974e-4 0.006726264 -0.005234718 9.43736e-4 0.005730628 -0.00676012 6.44115e-4 0.005750536 -0.006745219 6.47109e-4 0.006014227 -0.006515324 6.92612e-4 0.005650758 -0.006995856 0.001010298 0.005018889 -0.008457481 0.004214823 0.005387008 -0.008167922 0.003905892 0.005195081 -0.008156061 0.003421366 0.006232976 -0.00692439 0.002569735 0.006029248 -0.007423341 0.003367066 0.006415963 -0.006611108 0.002714574 0.00628513 -0.006974875 0.00315231 0.006484389 -0.006480932 0.002985119 0.006541907 -0.006277859 0.002862691 0.006608486 -0.00596857 0.00288099 0.006649494 -0.0057258 0.001757085 0.006706953 -0.005416333 0.001922786 0.006625711 -0.005846977 0.002866506 0.006540179 -0.006029427 0.001589894 0.006379902 -0.0063169 0.001426637 0.006647646 -0.005492985 0.002848088 0.006275236 -0.006211519 7.5181e-4 0.005998611 -0.007205903 0.002433478 0.005722224 -0.007445931 0.002310633 6.68799e-4 -0.007901489 0 -3.8779e-4 -0.008163869 0 0.001524746 0.00765258 0 -0.001862764 0.008422672 0 -8.38475e-4 0.008263289 0 6.70538e-4 0.007900953 0 0.002146363 0.007447481 0 0.002143085 -0.007448613 0 0.00174725 -0.00758171 0 -0.005805552 -0.006605982 0 -0.003337085 -0.008421063 0 -0.003741979 -0.008360683 0 -0.004876375 0.007971704 0 -0.004448354 0.008167922 0 -0.004111289 0.008276224 0 -0.003739237 0.00836122 0 -0.005805552 0.006605982 0 -8.38475e-4 -0.008263289 0 -0.001560866 -0.008388161 0 -0.003098964 0.008442342 0 -0.002281963 0.008452057 0 -0.002235591 -0.008449852 0 -0.0030182 -0.008448183 0 -0.004339277 -0.008206665 0 -0.00478363 -0.008021116 0 -0.005803108 -0.006686806 0 -0.005755066 0.006968677 0 -0.005696594 0.007131695 0 -0.00560671 0.007305085 0 0.003443717 0.006939589 0 0.004273235 -0.006544768 0 0.003496348 -0.006916344 0 0.004640281 0.006347775 0 0.004955172 0.006165862 0 0.004955172 -0.006165862 0 -0.005395472 0.007578313 0 -0.005099236 0.007831633 0 -0.005361199 -0.007613182 0 -0.005606532 -0.007305443 0 -0.005004644 -0.007895112 0 -0.005675196 -0.007178604 0 -0.005755066 -0.006968736 0 0.005690932 0.005229234 0 0.005752205 0.005015492 0 0.005805552 0.004539012 0 0.005805552 -0.004539012 0 0.005752742 -0.005013287 0 0.0056957 -0.005215346 0 0.005591928 -0.005464315 0 0.005151689 -0.006026268 0 0.005392074 -0.005779147 0 0.005591094 0.005466103 0 0.005150496 0.006027281 0 0.005390226 0.005781412 0 -0.002610921 0.009590506 0.001171767 -0.002945005 0.009390056 6.38633e-4 -0.004626452 0.009765982 0.001618981 -0.003111898 0.009319663 5.18e-4 -0.003794312 0.00918591 4.29875e-4 -0.004997551 0.009440779 0.001130819 -0.004190981 0.00906533 3.79085e-4 -0.004683554 0.008859872 3.17167e-4 -0.005351781 0.008993327 7.11295e-4 -0.005779206 0.007989525 1.89589e-4 -0.00604099 0.007641792 1.6285e-4 -0.005925178 0.007838487 1.78077e-4 -0.009346365 0.007764458 0.002285063 -0.0127114 0.01054811 0.006853222 -0.01230514 0.01087266 0.00732994 -0.01308119 0.01009416 0.006433367 -0.01161789 0.009968459 0.005258858 -0.01193493 0.009410858 0.004931569 -0.0121752 0.008786499 0.004708826 -0.01233136 0.008137702 0.004594385 -0.006257891 0.007112383 1.47663e-4 -0.006281495 0.007017076 1.47128e-4 -0.00777024 0.007509469 0.001160919 -0.00562942 0.008188486 2.04886e-4 -0.005666851 0.008447408 3.88251e-4 -0.005462825 0.008346498 2.23645e-4 -0.004703283 0.008850097 3.14723e-4 -0.004963159 0.008708417 2.82807e-4 -0.005398213 0.008401811 2.31081e-4 -0.001736044 0.009370028 7.03723e-4 -0.001743733 0.009367048 6.92042e-4 -0.001993715 0.009377539 6.60712e-4 -0.01012521 0.009798467 0.004081308 -0.01044756 0.009242415 0.003758728 -0.01069587 0.008619904 0.003542304 -0.01086223 0.007973194 0.003435432 -0.009170532 0.00840795 0.002385854 -0.008916199 0.009027481 0.002597868 -0.008592009 0.009581208 0.002918243 -0.00700587 0.009313821 0.00178796 -0.007327914 0.008763372 0.001467406 -0.007585823 0.008148252 0.001257598 -0.006222844 0.007229208 1.49196e-4 -0.00585848 0.01027882 0.003197014 -0.002241134 0.009379982 6.29459e-4 -0.006637692 0.00976324 0.00220257 -0.01188933 0.01106017 0.007830739 -0.0104143 0.01093351 0.006645381 -0.008923947 0.01076269 0.005466699 -0.007408857 0.01054525 0.004311501 -0.01124179 0.01042169 0.00567311 -0.01083159 0.01074594 0.006146252 -0.009746909 0.01025074 0.004492998 -0.009337663 0.01057469 0.004965782 -0.008216142 0.01003223 0.003330111 -0.007813155 0.01035618 0.003805577 -0.006247043 0.01008754 0.002683401 -0.004261016 0.009960889 0.002142131 -0.01189237 -0.01106041 0.007833182 -0.01271444 -0.01054835 0.006855666 -0.01233911 -0.008138477 0.004600584 -0.01218301 -0.008787274 0.004715025 -0.01194274 -0.009411692 0.004937887 -0.01308423 -0.0100944 0.006435811 -0.01162576 -0.009969294 0.005265176 -0.002625346 -0.009593963 0.001179695 -0.002652704 -0.009365797 5.76971e-4 -0.001741707 -0.009371578 7.06675e-4 -0.002250552 -0.009379923 6.28269e-4 -0.001541972 -0.009352564 7.17122e-4 -0.003069937 -0.009325981 5.2331e-4 -0.002959728 -0.009393572 6.46667e-4 -0.003701448 -0.009209394 4.41833e-4 -0.004655897 -0.009772181 0.001637279 -0.003806471 -0.009182751 4.28311e-4 -0.004725694 -0.008838832 3.11946e-4 -0.003955185 -0.009141206 4.09201e-4 -0.005027353 -0.009447038 0.001149296 -0.00569719 -0.008453547 4.06904e-4 -0.005403995 -0.008396923 2.30414e-4 -0.005381882 -0.008999526 7.29885e-4 -0.00534147 -0.008447825 2.37677e-4 -0.005092799 -0.008627176 2.67143e-4 -0.006199479 -0.007296383 1.5053e-4 -0.006070196 -0.007588088 1.60289e-4 -0.005955517 -0.007844448 1.96755e-4 -0.005871117 -0.007904529 1.79161e-4 -0.005463004 -0.008346378 2.23625e-4 -0.007798016 -0.007514297 0.001179635 -0.01087677 -0.007975041 0.003446757 -0.006257891 -0.007112443 1.47663e-4 -0.007613778 -0.00815314 0.001276373 -0.007355928 -0.008768379 0.001486241 -0.007033765 -0.009318888 0.001806795 -0.008613884 -0.009584605 0.002934396 -0.008938133 -0.009030878 0.00261408 -0.009192407 -0.008411288 0.002402007 -0.009368062 -0.007767736 0.002301096 -0.01042217 -0.01093429 0.006651699 -0.01230818 -0.0108729 0.007332444 -0.01124972 -0.01042252 0.005679428 -0.01014 -0.009800374 0.004092812 -0.01046228 -0.009244322 0.003770172 -0.01071059 -0.008621811 0.003553748 -0.01083952 -0.01074671 0.00615257 -0.009761691 -0.01025265 0.004504501 -0.004289984 -0.009967029 0.00216031 -0.005885481 -0.01028382 0.003215491 -0.007430374 -0.01054865 0.004327535 -0.006665349 -0.009768366 0.002221345 -0.006274461 -0.01009261 0.002702057 -0.008237957 -0.01003569 0.003346264 -0.007834851 -0.01035964 0.003821671 -0.009352385 -0.01057666 0.004977285 -0.00893867 -0.01076459 0.005478143 0.00618422 -0.004539012 7.44756e-5 0.006191194 0.004539012 7.73581e-5 0.0062083 -0.004539012 8.46885e-5 0.0062083 0.004539012 8.46885e-5 0.006372988 -0.004539012 1.76588e-4 0.006378352 0.004539012 1.80299e-4 0.006542801 -0.004539012 3.2441e-4 0.006542801 0.004539012 3.2441e-4 0.006670117 -0.004539012 4.97459e-4 0.006672024 0.004539012 5.0083e-4 0.00675249 -0.004539012 6.78561e-4 0.00675249 0.004539012 6.78561e-4 0.006757497 -0.004539012 6.93846e-4 0.006758272 0.004539012 6.96223e-4 0.006547033 -0.005193948 4.19929e-4 0.006641864 -0.005215525 5.89387e-4 0.00652337 -0.005541145 5.41798e-4 0.006094098 -0.005090892 6.32879e-5 0.005880296 -0.005608916 5.34476e-5 0.005728721 -0.005842983 4.91357e-5 0.005546629 -0.006056964 4.52241e-5 0.005334675 -0.00624597 4.17483e-5 0.005096793 -0.006402552 3.87904e-5 0.005350112 -0.006825923 3.60955e-4 0.00565809 -0.006634235 3.88526e-4 0.005932569 -0.006402373 4.20917e-4 0.006168484 -0.006139576 4.5738e-4 0.006364881 -0.005851805 4.97585e-4 0.006719589 -0.00488168 6.39868e-4 0.006264984 -0.005129754 1.49098e-4 0.006419181 -0.005164861 2.70011e-4 0.006306231 -0.005463957 2.47313e-4 0.006158411 -0.005748331 2.2639e-4 0.00523585 -0.00663501 1.62666e-4 0.005513787 -0.006460964 1.75418e-4 0.005762577 -0.006250202 1.90467e-4 0.00597769 -0.00601089 2.07497e-4 0.006269037 0.005133688 1.52084e-4 0.006099641 0.005094945 6.56655e-5 0.005884468 0.005613565 5.54475e-5 0.006499707 0.004858613 2.97751e-4 0.006641805 0.005218923 5.90989e-4 0.006523132 0.005544304 5.4332e-4 0.006364345 0.005854785 4.99027e-4 0.006165862 0.006143987 4.58508e-4 0.005099415 0.006406903 4.02564e-5 0.0052374 0.006637573 1.64637e-4 0.005336403 0.006251096 4.33084e-5 0.005513787 0.00646454 1.7745e-4 0.005547404 0.00606352 4.68852e-5 0.005761027 0.006255567 1.92535e-4 0.005730748 0.005849301 5.09453e-5 0.005977153 0.006016254 2.0975e-4 0.00616002 0.005752086 2.28958e-4 0.006308317 0.005467712 2.50104e-4 0.006421625 0.005168557 2.73044e-4 0.006548047 0.005197465 4.22457e-4 0.006628751 0.004873037 4.60205e-4 0.006720066 0.004883229 6.41872e-4 0.005929172 0.006406664 4.21967e-4 0.005350649 0.006826877 3.62308e-4 0.005656719 0.00663644 3.89775e-4 0.002243578 -0.007737338 4.787e-5 0.003695726 -0.007147312 4.36439e-5 0.00440371 -0.006797552 4.13079e-5 7.51696e-4 -0.008207559 5.15938e-5 -7.70487e-4 -0.008582055 5.4623e-5 0.004634737 -0.007245063 3.84421e-4 0.004531502 -0.00704503 1.73516e-4 0.00390613 -0.007614493 4.06189e-4 0.00241667 -0.00823462 4.45578e-4 8.91897e-4 -0.008726239 4.80297e-4 -6.56835e-4 -0.00911504 5.08545e-4 0.003812909 -0.007407426 1.83615e-4 0.002341151 -0.008017778 2.01974e-4 8.31749e-4 -0.008503437 2.18252e-4 -7.05009e-4 -0.008889138 2.31562e-4 -6.56618e-4 0.009116053 5.10389e-4 8.93976e-4 0.008726716 4.8201e-4 -7.0431e-4 0.008892416 2.34367e-4 -7.69238e-4 0.008587956 5.67099e-5 8.34398e-4 0.008506119 2.20877e-4 7.54985e-4 0.008212625 5.35567e-5 0.002420425 0.008234381 4.47133e-4 0.003909468 0.007614135 4.07613e-4 0.004637062 0.007245123 3.85799e-4 0.002345621 0.008019566 2.04381e-4 0.003817021 0.007408916 1.858e-4 0.004534661 0.007046818 1.75592e-4 0.002248764 0.007741451 4.96814e-5 0.003700792 0.007150888 4.52904e-5 0.004407823 0.006801247 4.28665e-5 -0.003862798 -0.009005069 2.44899e-4 -0.005382359 -0.008232176 1.28564e-4 -0.006080985 -0.006605982 3.8686e-5 -0.006016314 -0.007043421 3.76235e-5 -0.005848228 -0.007452785 4.09091e-5 -0.003826141 -0.008809685 1.10434e-4 -0.004260957 -0.008874893 2.13e-4 -0.004587411 -0.008539378 8.20382e-5 -0.004650294 -0.008707463 1.82633e-4 -0.004949688 -0.008346676 6.91786e-5 -0.005026102 -0.008496403 1.5427e-4 -0.005292296 -0.008104681 5.75629e-5 -0.00559777 -0.007808983 4.78959e-5 -0.002256751 -0.009234488 3.77742e-4 -0.003060877 -0.009171664 3.10762e-4 -0.001482009 -0.008987307 2.03239e-4 -0.001452267 -0.009212732 4.44711e-4 -0.002266287 -0.009012401 1.7183e-4 -0.00304836 -0.008958995 1.4073e-4 -0.001520395 -0.00869596 4.94123e-5 -0.002278029 -0.008738815 4.19713e-5 -0.003033578 -0.008708357 3.45291e-5 -0.005943953 -0.006605982 9.62404e-6 -0.005886316 -0.007006227 9.36101e-6 -0.005728006 -0.007379472 1.01742e-5 -0.00548923 -0.007702648 1.1901e-5 -0.005196571 -0.007969141 1.42849e-5 -0.004867374 -0.008185327 1.71411e-5 -0.004518747 -0.008355557 2.02925e-5 -0.003784656 -0.008588433 2.7211e-5 -0.006140589 0.007078886 8.3917e-5 -0.005963027 0.007522165 9.1195e-5 -0.005847036 0.007451534 4.04142e-5 -0.006080985 0.006605982 3.8686e-5 -0.006014764 0.007042884 3.71732e-5 -0.005194664 0.007966756 1.37729e-5 -0.004866659 0.008182108 1.65171e-5 -0.004517257 0.008352279 1.95631e-5 -0.00378108 0.008584976 2.62525e-5 -0.003024518 0.008703887 3.33633e-5 -0.002269566 0.00873357 4.05225e-5 -0.001518428 0.008690297 4.76274e-5 -0.003822743 0.008807897 1.09223e-4 -0.003859579 0.00900489 2.44205e-4 -0.003039181 0.008956611 1.39424e-4 -0.003051578 0.009171128 3.10413e-4 -0.002257466 0.00900948 1.70129e-4 -0.002247571 0.009233593 3.77103e-4 -0.001479625 0.008984088 2.00917e-4 -0.001449584 0.009211599 4.43317e-4 -0.005596756 0.007807374 4.73135e-5 -0.005700707 0.007909119 1.06668e-4 -0.005291044 0.008103251 5.68795e-5 -0.005381703 0.008231639 1.28073e-4 -0.004949569 0.008344471 6.8321e-5 -0.005026519 0.008495271 1.53603e-4 -0.004586398 0.008537352 8.10649e-5 -0.004649698 0.008706629 1.81945e-4 -0.004258811 0.008874595 2.12332e-4 -0.003067255 -0.01072347 0.01099997 -0.002185761 -0.01058256 0.01026028 -0.001311957 -0.01042503 0.009527087 0.002456367 -0.01009672 0.01099997 0.002071499 -0.01016551 0.01099997 0.002354681 -0.01005941 0.0103892 0.002978086 -0.009931802 0.01057863 0.002832055 -0.009993314 0.01099997 0.002428233 -0.01002907 0.01021468 0.003356337 -0.009735882 0.009350299 0.002592325 -0.009955942 0.009792149 0.002738833 -0.00988233 0.009363949 0.002881407 -0.009800612 0.00888592 0.003020346 -0.00970894 0.008348524 0.003586709 -0.009582579 0.008461713 0.003641188 -0.009232103 0.005971014 0.0037449 -0.009221374 0.006072998 0.003753066 -0.009346842 0.006918847 0.003599166 -0.009184479 0.00564289 0.00364679 -0.009178698 0.005672872 0.00353825 -0.0092386 0.005870103 0.003320693 -0.009460687 0.00696069 0.003692805 -0.009477972 0.007804512 0.003623247 -0.009171366 0.005601227 0.003632843 -0.009167969 0.005595147 0.003638803 -0.009166479 0.005594551 0.003694534 -0.009172022 0.005703091 0.003659486 -0.009164392 0.005610883 0.00364685 -0.009165048 0.005597651 0.002607226 0.009480178 0.00623846 0.002396583 0.009543657 0.006415188 0.001974105 0.009664237 0.006769657 0.001770257 0.009719789 0.006940722 0.001566231 0.009774029 0.007111966 9.75501e-4 0.009924769 0.007607638 4.74585e-4 0.01004552 0.00802797 2.23762e-4 0.01010358 0.008238434 -2.72919e-5 0.01016008 0.008449077 0.002068042 0.01016479 0.0109893 0.002062737 0.01016664 0.01099997 0.003396868 0.009239196 0.005705595 0.003370404 0.009244143 0.005702137 0.003418564 0.009237408 0.005721509 0.003360569 0.009270131 0.005838632 0.003269016 0.009271979 0.005740284 0.002969145 0.009367823 0.005953609 0.003148674 0.009376764 0.006222605 0.002906262 0.009387791 0.006002366 0.002762556 0.009432852 0.006115734 0.002789974 0.009423553 0.006088912 0.002974212 0.009733736 0.008481085 0.003118574 0.009624719 0.007845938 0.003391087 0.009365618 0.006442904 0.003452181 0.009268224 0.005937039 0.003440797 0.009240865 0.005767405 0.002749979 0.009872019 0.009294211 0.002440452 0.0100212 0.01016175 0.005517303 -0.005599439 0.01099997 0.005517303 0 0.01099997 0.005517303 0.005599439 0.01099997 0.005517303 0.006036818 0.01099997 0.002071499 0.01016551 0.01099997 0.005517303 0.006474137 0.01099997 0.002465367 0.0100947 0.01099997 -7.82679e-5 -0.01042526 0.01099997 0.002062678 -0.01016664 0.01099997 0.005517303 -0.006036818 0.01099997 0.005517303 -0.006474137 0.01099997 0.003798961 0.009533047 0.01099997 0.003339111 0.009790718 0.01099997 0.0028494 0.009987652 0.01099997 0.003339111 -0.009790718 0.01099997 0.004916012 0.008433938 0.01099997 0.004595041 0.008850455 0.01099997 0.004220247 0.009218335 0.01099997 0.003799021 -0.009533047 0.01099997 0.004220843 -0.009217858 0.01099997 0.004596173 -0.008848369 0.01099997 0.005175113 0.007976531 0.01099997 0.005480706 0.006973266 0.01099997 0.005365371 0.007485926 0.01099997 0.004917085 -0.008431375 0.01099997 0.005176067 -0.007974207 0.01099997 0.005480766 -0.006972849 0.01099997 0.005365908 -0.007484376 0.01099997 0.002369821 0.01005327 0.0103541 0.002529621 0.00998491 0.009959697 0.003228485 0.009810686 0.009820342 0.002628505 0.009938597 0.009691476 0.002762377 0.009869635 0.009290158 0.002887666 0.009796857 0.008863866 0.003540635 0.009618639 0.00868082 0.003027379 0.009703874 0.00831902 0.003670156 0.009507834 0.00800544 0.003323316 0.009458005 0.006946444 0.003676831 0.009166419 0.00564599 0.003639698 0.009206295 0.005819082 0.003722548 0.009190142 0.00584954 0.003541767 0.0093683 0.00666356 0.00375849 0.009265899 0.006377935 0.003740549 0.0093984 0.007275819 0.003644645 0.009171545 0.005630612 0.003612577 0.009176373 0.005615293 0.003557145 0.009220182 0.00578916 0.00362724 0.009169816 0.005598008 0.003651916 0.009164571 0.005601704 0.003641545 0.009165883 0.005595147 0.003635466 0.009167253 0.005594611 0.003941833 0.009231865 0.006493985 0.002510845 0.009992003 0.009996712 0.002371728 0.01005113 0.01033741 0.003633439 0.009666323 0.01022666 0.004216849 0.009283363 0.007811605 0.004069507 0.009411454 0.008623898 0.003878116 0.009539008 0.009430289 0.003677845 0.009507894 0.008026421 0.003040552 0.00969237 0.008247077 0.003341972 0.009435355 0.006820142 0.002638459 0.009932398 0.009651362 0.002858698 0.009812831 0.008953213 0.004440009 0.009009897 0.00617522 0.006300032 0.006107449 0.007622241 0.006452262 0.005939126 0.006095826 0.006330609 0.006520271 0.006975471 0.006533563 0.005793869 0.004900753 0.006491303 0.006271302 0.004925251 0.006486773 0.005884349 0.005628943 0.006232798 0.006159484 0.008106231 0.006251096 0.006146192 0.007983028 0.006206691 0.006634593 0.007995367 0.00604248 0.006271302 0.0091421 0.006072103 0.006256222 0.009002804 0.00602895 0.006748437 0.00901103 0.005871593 0.006348192 0.009847998 0.004090964 0.009411036 0.01018422 0.004511654 0.009098112 0.01014435 0.004887342 0.008731544 0.01010799 0.005210518 0.008316099 0.0100761 0.00547254 0.007860004 0.01004981 0.005666315 0.007371723 0.01003026 0.005785644 0.006862223 0.01001799 0.005907356 0.007253646 0.009035468 0.005711913 0.007739067 0.009074687 0.00544846 0.008194267 0.009127557 0.005124628 0.008609473 0.009191989 0.004749536 0.008975088 0.009265303 0.004331469 0.009286224 0.009345293 0.006084501 0.007134854 0.008031785 0.005889296 0.007616937 0.008090138 0.005626201 0.008071541 0.008169353 0.005303263 0.008486926 0.00826621 0.004930555 0.008851766 0.0083763 0.004516839 0.009161174 0.008496284 0.006209075 0.007015168 0.007023513 0.006015598 0.007493793 0.007100641 0.005754292 0.007947862 0.007205903 0.005433619 0.008363604 0.007334887 0.005064785 0.008727848 0.007481634 0.004656791 0.009035527 0.007641434 0.006373465 0.006756305 0.004996478 0.006185531 0.007228493 0.005110979 0.005929887 0.007681727 0.005268037 0.005616128 0.008098363 0.005461096 0.005257129 0.008461654 0.005680799 0.004862964 0.008766293 0.005920112 0.005643725 0.00599873 0.01062202 0.006042242 0.00584954 0.00914222 0.006299674 0.005698084 0.007622539 0.006486475 0.005491018 0.00562942 0.006647646 0.004750847 0.002848088 0.005643665 0.00556451 0.01062202 0.005825936 0.005508244 0.01001411 0.006041944 0.005427658 0.009142398 0.006250441 0.005321502 0.007983565 0.006299316 0.0052886 0.007622838 0.006374418 0.005227625 0.006959795 0.006486177 0.005097627 0.005629837 0.005858123 1.65866e-5 0.009893357 0.005554795 1.75251e-6 0.0108906 0.006404161 5.74132e-5 0.006630063 0.006266474 4.38829e-5 0.007856667 0.006090879 3.01682e-5 0.008901178 0.006647646 0 0.002848088 0.006545007 5.43485e-5 0.004672586 0.006531059 -5.71689e-5 0.004907131 0.006371736 -5.438e-5 0.006964862 0.006247937 -4.22107e-5 0.00798738 0.00606954 -2.87624e-5 0.009005665 0.005824744 -1.4859e-5 0.01001536 -1.97821e-4 -0.01019757 0.008592188 0.002068042 -0.01016479 0.0109893 0.00164467 -0.009753286 0.007046103 0.002947032 -0.00975275 0.008593738 0.001031994 -0.009910702 0.007560193 0.002742111 -0.009875535 0.009313285 4.1783e-4 -0.01005876 0.008075594 0.002417623 -0.01003062 0.01021534 1.10176e-4 -0.01012933 0.008333742 -4.37801e-5 -0.01016378 0.008462905 0.003002226 -0.009358406 0.00593543 0.002763867 -0.009432435 0.006114482 0.002963483 -0.009369492 0.005957305 0.003412008 -0.00923717 0.005712151 0.003431141 -0.009238481 0.005742251 0.003451287 -0.009264826 0.005916416 0.003400444 -0.009355545 0.006392657 0.003159642 -0.009593367 0.007671236 0.002992808 -0.009721279 0.008409082 0.002790629 -0.009423851 0.006088256 0.003239929 -0.00928086 0.005756974 0.003366291 -0.009244859 0.005701005 0.003395199 -0.009238958 0.005702137 0.006647646 -0.004750847 0.002848088 0.006533563 -0.005793869 0.004900753 0.00604248 -0.006271302 0.0091421 0.005871593 -0.006348192 0.009847998 0.005785644 -0.006861329 0.01001805 0.006232798 -0.006159484 0.008106231 0.006072103 -0.006256222 0.009002804 0.00602889 -0.006747901 0.009011089 0.006300032 -0.006107449 0.007622241 0.006251096 -0.006146192 0.007983028 0.006206631 -0.006634891 0.007995545 0.006490945 -0.0062747 0.004925489 0.006486773 -0.005884349 0.005628943 0.006364405 -0.006787598 0.005004167 0.00633043 -0.006521701 0.00697565 0.006452262 -0.005939126 0.006095826 0.006162524 -0.007280886 0.005130469 0.006203949 -0.007032513 0.007028102 0.006081283 -0.007144629 0.008034765 0.006002426 -0.007523357 0.007112264 0.005901455 -0.007730185 0.005292177 0.005238294 -0.008480131 0.005696833 0.005590379 -0.008131265 0.005483031 0.005418837 -0.008382201 0.007348001 0.005737841 -0.00797522 0.007220268 0.00561589 -0.008087635 0.00817871 0.005881071 -0.007634341 0.008097648 0.005708098 -0.007745921 0.009078681 0.005905866 -0.007257103 0.009037077 0.005666136 -0.007370948 0.0100308 0.004853188 -0.008773565 0.005928456 0.005053877 -0.008738756 0.00749123 0.005293965 -0.008497893 0.008274793 0.005443513 -0.008200645 0.009132564 0.005471944 -0.007859706 0.01005113 0.003633379 -0.009666323 0.01022666 0.00409013 -0.009411752 0.010185 0.0045107 -0.009098887 0.01014572 0.004329264 -0.009287953 0.0093472 0.003878116 -0.009539008 0.009430289 0.004886567 -0.008731305 0.01010966 0.00474596 -0.008978486 0.00926882 0.004512965 -0.009164214 0.008499681 0.004069507 -0.009411454 0.008623898 0.005209565 -0.008315742 0.01007777 0.005120158 -0.008613884 0.009196639 0.004923582 -0.00885868 0.008382678 0.00465101 -0.009039998 0.007646441 0.00421679 -0.009283363 0.007811605 0.004440009 -0.009009897 0.00617522 0.006042242 -0.00584954 0.00914222 0.005643725 -0.00599873 0.01062202 0.006299674 -0.005698084 0.007622539 0.006486475 -0.005491018 0.00562942 0.006299316 -0.0052886 0.007622838 0.006250441 -0.005321502 0.007983565 0.005825936 -0.005508244 0.01001411 0.006041944 -0.005427658 0.009142398 0.006071567 -0.005414843 0.009003102 0.006533086 -0.00501883 0.004901587 0.006486177 -0.005097627 0.005629837 0.006374418 -0.005227625 0.006959795 0.003341972 -0.009435355 0.006820142 0.003040552 -0.00969237 0.008247077 0.002510845 -0.009992003 0.009996712 0.002371728 -0.01005113 0.01033741 0.002858698 -0.009812831 0.008953213 0.002638459 -0.009932398 0.009651362 0.003938853 -0.009233057 0.006495833 0.003674685 -0.009509027 0.008027493</float_array>
          <technique_common>
            <accessor source="#link_sensor-mesh-positions-array" count="862" stride="3">
              <param name="X" type="float"/>
              <param name="Y" type="float"/>
              <param name="Z" type="float"/>
            </accessor>
          </technique_common>
        </source>
        <source id="link_sensor-mesh-normals">
          <float_array id="link_sensor-mesh-normals-array" count="5160">-0.7660427 3.12717e-6 0.6427897 -0.7660462 -1.30985e-6 0.6427856 -0.7660492 4.57131e-7 0.642782 -0.7660439 -7.3601e-6 0.6427884 -0.7660453 -8.09313e-7 0.6427866 -0.766045 -6.63623e-7 0.6427869 -0.7660443 -5.67655e-7 0.6427878 -0.7660439 6.67814e-7 0.6427884 -0.7660431 8.40707e-7 0.6427893 -0.7660421 1.45552e-6 0.6427904 -0.7660435 1.14384e-6 0.6427887 -0.7660465 -6.94095e-7 0.6427852 -0.7660438 0 0.6427885 -0.766045 0 0.6427869 -0.7660465 5.37902e-7 0.6427852 -0.7660436 -1.37065e-7 0.6427886 -0.7660449 0 0.6427872 -0.7660444 0 0.6427877 -0.7660429 -3.65733e-7 0.6427895 -0.7660438 2.86364e-6 0.6427884 -0.7660446 1.22639e-6 0.6427873 -0.7660449 -1.24054e-7 0.6427871 -0.7660677 3.27426e-6 0.6427599 -0.766045 0 0.6427869 -0.7660452 0 0.6427868 -0.7660452 0 0.6427868 -0.7660452 1.13564e-6 0.6427867 -0.7660454 0 0.6427865 -0.7660454 -3.28976e-7 0.6427865 -0.7660431 -3.64799e-7 0.6427893 -0.7660485 1.12459e-6 0.6427827 -0.766041 -8.6168e-7 0.6427918 -0.7660453 5.72968e-7 0.6427866 -0.7660453 6.21821e-7 0.6427866 -0.7660453 5.25878e-7 0.6427866 -0.7660452 7.77676e-7 0.6427867 -0.766045 1.31902e-6 0.6427869 -0.7660452 1.12936e-6 0.6427869 -0.7660449 1.28145e-6 0.6427872 -0.7660452 9.48822e-7 0.6427867 -0.7660458 6.34207e-7 0.642786 -0.766045 1.25363e-6 0.642787 -0.7660449 1.21261e-6 0.6427871 -0.7660428 5.06207e-7 0.6427896 -0.7660443 6.31295e-7 0.6427878 -0.7660444 8.57127e-7 0.6427876 -0.7660441 4.85713e-7 0.6427881 -0.7660444 -2.11964e-7 0.6427876 -0.7660448 1.43163e-7 0.6427872 -0.7660453 3.85407e-7 0.6427866 -0.7660437 -1.34771e-6 0.6427884 -0.7660437 6.30019e-7 0.6427886 -0.7660424 1.81295e-6 0.6427901 -0.7660443 -3.91151e-7 0.6427878 -0.7660467 -3.61459e-7 0.642785 -0.7660452 0 0.6427868 -0.7660443 -3.07363e-7 0.6427878 -0.7660439 -3.19873e-7 0.6427882 -0.7660455 3.73365e-7 0.6427865 -0.7660446 1.47935e-6 0.6427875 -0.7660443 0 0.6427878 -0.7660452 2.53697e-6 0.6427868 -0.7660449 0 0.642787 -0.7660451 0 0.6427868 -0.7660447 -2.30761e-7 0.6427875 -0.7660443 0 0.6427878 -0.7660444 -6.19943e-7 0.6427877 -0.7660447 1.84323e-7 0.6427873 -0.7660441 -1.27914e-6 0.6427879 -0.7660445 -6.04595e-7 0.6427876 -0.7660446 0 0.6427874 -0.7660459 2.02503e-6 0.6427859 -0.6427875 0 -0.7660446 -0.6427875 0 -0.7660446 0.04356849 0.9983808 -0.03657191 0.04151606 0.9984374 -0.0374065 0.06370091 0.9965835 -0.05256813 0.06113779 0.99681 -0.05130279 0.07191854 0.9955832 -0.0603463 0.07648557 0.9950916 -0.06279087 0.08565688 0.9936638 -0.07276779 0.09112137 0.9929052 -0.07639473 0.09769237 0.9918316 -0.08201509 0.09948903 0.9915077 -0.08375245 0.1010066 0.9912588 -0.08487379 0.1033136 0.9908638 -0.08669066 0.110048 0.9896277 -0.09233933 0.1107131 0.9895157 -0.09274333 0.1205383 0.9875304 -0.101263 0.1206961 0.9875005 -0.1013668 0.1265875 0.9862552 -0.10619 0.1303846 0.985382 -0.1096464 0.1306415 0.985319 -0.1099061 0.1365461 0.9840065 -0.1143958 0.1421157 0.9825911 -0.1196569 0.1445039 0.9820473 -0.1212508 0.1515166 0.980245 -0.1271312 0.1512821 0.980303 -0.126964 0.157767 0.9785676 -0.1323441 0.1658295 0.9761524 -0.1400968 0.1650556 0.9764066 -0.139236 0.1788573 0.9724158 -0.1497251 0.183493 0.9709082 -0.1538426 0.1815422 0.9715166 -0.1523092 0.1969224 0.9663997 -0.1652065 0.202499 0.9645759 -0.1690787 0.2285963 0.9540899 -0.1935358 0.2294268 0.953795 -0.1940066 0.2489554 0.9457128 -0.2089223 0.3249081 0.9055043 -0.2729408 0.3279957 0.9037041 -0.275205 0.3604374 0.8823903 -0.3024439 0.2643839 0.9385498 -0.2218682 0.293952 0.9220198 -0.2519357 0.256415 0.9477044 -0.1900201 0.2854526 0.9285266 -0.2373923 0.344349 0.890266 -0.2980777 0.3772026 0.8701049 -0.3172312 0.4023399 0.8514906 -0.3362831 0.4002142 0.8527348 -0.3356663 0.4172567 0.838691 -0.3499918 0.4221533 0.8343991 -0.3543511 0.4468067 0.8157106 -0.3673964 0.4433321 0.8003232 -0.4036577 -0.6427863 1.22561e-5 -0.7660456 -0.6427877 0 -0.7660444 -0.6427834 4.50982e-5 -0.766048 -0.6428004 -1.18266e-4 -0.7660337 -0.6428154 -2.84334e-4 -0.7660211 -0.6428275 -3.85469e-4 -0.7660109 -0.6431486 -0.003329396 -0.7657343 -0.6428135 -2.32121e-4 -0.7660226 0 1 0 0 -1 0 0.7660434 0 -0.6427888 0.7660434 0 -0.6427888 -0.6245226 0 -0.7810068 -0.6244503 3.32019e-5 -0.7810646 -0.6258543 7.4658e-6 -0.7799401 -0.623575 0 -0.7817636 -0.6225622 -0.001098036 -0.7825695 -0.6244502 -5.60982e-4 -0.7810644 -0.625217 0 -0.7804509 -0.5914883 1.44491e-7 -0.8063136 -0.5866877 4.33758e-4 -0.8098132 -0.6080146 -9.44765e-4 -0.7939253 -0.5995833 0.001056134 -0.8003117 -0.6157619 -2.40889e-4 -0.7879322 -0.6245775 4.19393e-4 -0.7809628 -0.622133 0.002369463 -0.7829079 -0.623415 0.001453638 -0.7818898 -0.5789919 0 -0.8153333 -0.5590944 -0.00128901 -0.829103 -0.5743361 0.00187087 -0.8186174 -0.5367972 -0.00145775 -0.84371 -0.5469241 0 -0.8371822 -0.766045 0 0.642787 -0.7660451 0 0.6427869 -0.7660451 0 0.6427869 -0.7660442 1.15463e-6 0.6427879 -0.766043 0 0.6427894 -0.7660451 0 0.6427869 -0.7660443 -1.15463e-6 0.6427879 -0.766044 -5.21804e-7 0.6427881 -0.766044 5.21806e-7 0.6427882 -0.766045 0 0.642787 -0.7660451 0 0.6427869 -0.766043 0 0.6427894 0.2241259 -0.9420934 -0.2494546 0.3471958 -0.8891311 -0.2981626 0.3211979 -0.9078517 -0.2695128 0.2819384 -0.9298039 -0.2365912 0.3168818 -0.9189339 -0.2348328 0.351163 -0.8864986 -0.3013381 0.3825716 -0.8664792 -0.3207068 0.3893209 -0.8612254 -0.3266803 0.4066517 -0.8474842 -0.3411818 0.4085938 -0.844756 -0.3455987 0.4506891 -0.8107591 -0.3735626 0.2926373 -0.9224488 -0.2518962 0.2616105 -0.9404596 -0.2170158 0.2448452 -0.9475421 -0.2054623 0.2198301 -0.9579403 -0.1844588 0.2251414 -0.9555618 -0.190297 0.2035814 -0.9641696 -0.1700931 0.1910508 -0.9682586 -0.161167 0.186576 -0.9698428 -0.156826 0.1734144 -0.9740993 -0.1451137 0.1755535 -0.9733906 -0.1472816 0.1609265 -0.9776875 -0.1350179 0.1593346 -0.9781838 -0.1333003 0.1479668 -0.9811317 -0.1244443 0.1444432 -0.9819419 -0.1221724 0.1402564 -0.9830954 -0.1176935 0.1312735 -0.985208 -0.1101472 0.1332608 -0.984703 -0.1122573 0.1268773 -0.986213 -0.106235 0.1290103 -0.9857169 -0.1082522 0.1242961 -0.9867485 -0.1042965 0.1208844 -0.9874327 -0.1018031 0.1192877 -0.9877899 -0.1002083 0.1069522 -0.9902357 -0.08941227 0.1046858 -0.9907546 -0.08629155 0.09477776 -0.9923167 -0.07952749 0.09007316 -0.9930632 -0.07558041 0.08406269 -0.9939386 -0.07084929 0.08718419 -0.9934042 -0.07447761 0.0728141 -0.9956126 -0.05876779 0.07113695 -0.9958786 -0.05626082 0.0632013 -0.9966298 -0.05229449 0.05630403 -0.9972862 -0.04743582 0.04152202 -0.9985799 -0.03337997 0.04021644 -0.9986205 -0.03375923 0.4508668 0.8347665 -0.3160445 0.5706347 0.7475223 -0.33998 0.5522699 0.7321128 -0.3987592 0.6276499 0.7096886 -0.3199965 0.7324822 0.6257795 -0.2680853 0.7068246 0.6459091 -0.2884451 0.6802031 0.6658735 -0.3064904 0.8233714 0.5275765 -0.2090999 0.8145577 0.5366196 -0.220307 0.7552831 0.597315 -0.2697448 0.8633965 0.4613633 -0.2041823 0.9081845 0.391577 -0.1478797 0.9063409 0.3906009 -0.1611745 0.9519007 0.292151 -0.09237331 0.9546517 0.2878476 -0.07605141 0.9833145 0.1769649 -0.04214161 0.9859232 0.1665008 -0.01525938 0.9939927 0.1076954 0.0194993 0.9970533 0.05274689 0.05570006 0.9970831 0.05201727 0.05585271 0.9903836 0.1364315 0.02295029 0.983524 0.1807501 -0.003154516 0.6918241 0.6931411 -0.2023233 0.7424595 0.6480978 -0.1694788 0.7954863 0.5838978 -0.1620645 0.8479007 0.5180419 -0.1126809 0.8803479 0.4592466 -0.1186599 0.9262139 0.3742822 -0.04517269 0.9440308 0.3182369 -0.08678185 0.5329129 0.8140656 -0.2308704 0.4944599 0.8429259 -0.212097 0.3398587 0.9095125 -0.2393388 0.3951116 0.884413 -0.2483959 0.3948273 0.8827854 -0.254561 0.4095687 0.8693482 -0.2765632 0.4864407 0.8125441 -0.3211658 0.6423519 0.7485772 -0.1643664 0.6459735 0.7334601 -0.2115529 0.5350987 0.8038687 -0.2597392 0.5729592 0.7864505 -0.2306804 0.4551743 0.8461106 -0.2773326 0.4486637 0.8449465 -0.2911465 0.8450112 0.5126361 -0.1521847 0.8503808 0.4872534 -0.1985864 0.9041754 0.4042485 -0.138022 0.8977225 0.4123578 -0.1550981 0.954276 0.2900495 -0.07230836 0.9513868 0.2962753 -0.08416771 0.985085 0.1719622 -0.00603646 0.9843493 0.1757673 -0.01274597 0.9967207 0.05817633 0.05624264 0.9965554 0.05834305 0.05893486 0.9965568 0.05817574 0.05907821 0.4980174 0.7958422 -0.3444035 0.5166648 0.792349 -0.3244079 0.6227572 0.733636 -0.2719409 0.5796231 0.7542481 -0.3084589 0.728079 0.6475777 -0.2248207 0.6962566 0.6700578 -0.2573894 0.819645 0.546419 -0.172071 0.7983525 0.5682313 -0.1993653 0.8940213 0.4329636 -0.1151891 0.8816254 0.4518402 -0.1362973 0.9488018 0.3108733 -0.05597198 0.9430493 0.3250942 -0.07050949 0.9777061 0.2097608 -0.009553909 0.9735171 0.2136447 0.08136528 0.6502625 -0.7147304 -0.257525 0.447209 -0.8437327 -0.2968492 0.7337067 -0.6167411 -0.2851402 0.8861743 -0.4215182 -0.1923996 0.9017103 -0.41604 -0.1175981 0.9970769 -0.05233967 0.05566143 0.9970748 -0.07525402 0.01336544 0.9848513 -0.1733618 -0.0036996 0.981435 -0.1895817 -0.02905392 0.9557885 -0.2031708 -0.2125795 0.9446997 -0.3098466 -0.1074129 0.9742513 -0.2198178 -0.05014574 0.6000377 -0.7368432 -0.3114753 0.6527938 -0.6847472 -0.3240085 0.7543582 -0.6062515 -0.2517991 0.6275841 -0.709771 -0.3199428 0.4350131 -0.7973448 -0.4183359 0.5378903 -0.7747007 -0.3324349 0.4613127 -0.8486424 -0.258837 0.3565866 -0.9090525 -0.2155681 0.6316189 -0.7572853 -0.166062 0.4298371 -0.8552711 -0.2893985 0.5295051 -0.8253602 -0.1959719 0.3471503 -0.8996781 -0.2646998 0.4101992 -0.8855478 -0.2180405 0.7187737 -0.6569886 -0.2274433 0.8757719 -0.4769197 -0.0746411 0.7931548 -0.5634006 -0.2312687 0.9208298 -0.3871653 -0.04664498 0.9439601 -0.3188257 -0.08537781 0.9714956 -0.2151735 0.09948122 0.9831177 -0.1829711 0.001101732 0.9902151 -0.1394196 0.006009399 0.9776442 -0.2100418 -0.009705364 0.9493662 -0.3081091 -0.06142282 0.9426648 -0.3273177 -0.06516301 0.8948722 -0.4290257 -0.123047 0.8811112 -0.4550842 -0.1286142 0.9965407 -0.05870503 0.05882418 0.9965434 -0.05836391 0.05911725 0.9967202 -0.05818331 0.05624419 0.9843457 -0.1757873 -0.01274108 0.9850814 -0.1719834 -0.006033241 0.9513761 -0.2963111 -0.08416146 0.9542658 -0.2900851 -0.07230132 0.8977022 -0.412406 -0.1550873 0.9041542 -0.4042986 -0.138014 0.8402293 -0.5005632 -0.2084495 0.8399156 -0.5054389 -0.1976693 0.7294483 -0.6416407 -0.2370707 0.6955152 -0.6752657 -0.2455093 0.6242982 -0.7269781 -0.2859278 0.5787639 -0.7602862 -0.2949533 0.5198232 -0.7908563 -0.3230018 0.459356 -0.8284996 -0.320282 0.3908298 -0.8863028 -0.2484339 0.4160709 -0.8614378 -0.2912213 0.5340934 -0.8084508 -0.2472881 0.5743876 -0.7813749 -0.2439918 0.6576597 -0.7245843 -0.2060611 0.6919316 -0.6927456 -0.2033079 0.7936869 -0.5909388 -0.1444039 0.7977231 -0.5724886 -0.1894593 0.8207754 -0.5414019 -0.182241 0.8235251 -0.5264151 -0.2114086 0.8038241 -0.5560129 -0.2114632 0 0 -1 0 0 -1 0 0 -1 0 0 -1 0 0 -1 0 0 -1 0 0 -1 0 0 -1 0 0 -1 0 0 -1 0 0 -1 0 0 -1 0 0 -1 0 0 -1 0 0 -1 0 0 -1 0 0 -1 0 0 -1 0 0 -1 0 0 -1 0 0 -1 0 0 -1 0 0 -1 0 0 -1 0 0 -1 0 0 -1 0 0 -1 0 0 -1 0 0 -1 0 0 -1 0 0 -1 0 0 -1 0 0 -1 0 0 -1 0 0 -1 0 0 -1 0 0 -1 0 0 -1 0 0 -1 0 0 -1 0 0 -1 0 0 -1 0 0 -1 0 0 -1 0 0 -1 0 0 -1 0 0 -1 0 0 -1 0 0 -1 0 0 -1 0 0 -1 4.37472e-7 3.53223e-7 -1 0.002965927 0.9353981 -0.3535839 0.1034421 0.9726927 -0.2077704 -0.1052989 0.8627911 -0.494473 -0.2277175 0.7374554 -0.6358493 -0.003199756 0.07905578 -0.996865 -0.5805634 0.08724462 -0.8095273 -0.3586469 0.7846391 -0.5056817 -0.2343049 0.9034871 -0.3589042 -0.4376087 0.6729596 -0.5963421 -0.4565557 0.6227027 -0.6354513 -0.4695358 0.5929135 -0.6542092 -0.45769 0.6290338 -0.62836 -0.5240195 0.4876673 -0.6982723 -0.5315895 0.4586274 -0.712091 -0.5559822 0.3973329 -0.7300755 -0.588708 0.2757498 -0.7598585 -0.5874328 0.2790656 -0.7596349 -0.6187397 0.09414458 -0.7799347 -0.6186378 0.09447175 -0.779976 -0.5267749 0.1351776 -0.8391873 -0.5474697 0.08003175 -0.8329897 -0.5394042 0.09241002 -0.8369609 -0.5277755 0.05930554 -0.8473109 -0.003199994 0.07905596 -0.996865 -0.4775321 0.4607791 -0.7480948 -0.3831021 0.4963282 -0.7790322 -0.2590381 0.6921977 -0.6736183 -0.2772786 0.6648812 -0.6935773 -0.3351919 0.6155301 -0.7132805 -0.3297563 0.5919164 -0.7354561 -0.3611866 0.5259383 -0.7700215 0.1522291 0.9567991 -0.2477133 0.1589924 0.9252372 -0.3444668 0.07975178 0.9509578 -0.2988628 0.07787579 0.9501593 -0.301882 0.02066123 0.9314822 -0.3631996 -0.4372124 0.6270105 -0.6447505 -0.4371571 0.6273103 -0.6444963 -0.518153 0.4572727 -0.7227858 -0.5181176 0.4578583 -0.7224403 -0.5761601 0.274494 -0.7698653 -0.5761981 0.2753606 -0.7695273 -0.6122385 0.07640701 -0.7869728 -0.6133925 0.09779661 -0.7836998 -0.5967268 0.09822756 -0.7964097 -0.5953595 0.08157479 -0.7993076 -0.556926 0.2749162 -0.783744 -0.5568685 0.2728651 -0.7845011 -0.4963871 0.4564977 -0.7383832 -0.4964915 0.4550577 -0.7392013 -0.4138976 0.6251338 -0.6617375 -0.4140543 0.6243124 -0.6624146 -0.1683191 0.7977625 -0.5790024 -0.2232936 0.7549453 -0.6166016 -0.245222 0.7593159 -0.6027483 -0.3419383 0.6168476 -0.7089268 -0.3441989 0.6146582 -0.7097342 -0.4243447 0.4510169 -0.785185 -0.4273416 0.4472273 -0.785727 -0.4676336 0.3385451 -0.8165207 -0.4968727 0.2683322 -0.8252972 -0.4984894 0.2472257 -0.8308958 -0.518271 0.1666387 -0.8388246 0.06928718 0.9821106 -0.1750944 0.1312145 0.9686404 -0.210994 0.1195067 0.9683736 -0.2190222 0.141619 0.9628443 -0.2299453 0.01388716 0.9993612 -0.03292971 0.005680441 0.8603053 -0.5097475 -0.0577526 0.8950319 -0.4422472 -0.1053535 0.8626987 -0.4946225 -0.1386838 0.8695989 -0.4738824 -0.2455369 0.7582918 -0.6039084 -0.2830027 0.7652525 -0.5781852 -0.3823055 0.6217311 -0.6835883 -0.3837118 0.6203635 -0.6840427 -0.4652212 0.4542479 -0.7597553 -0.4670729 0.4518729 -0.7600353 -0.5275954 0.2739927 -0.8040964 -0.5296066 0.2706149 -0.8039181 -0.5669059 0.1004924 -0.8176301 -0.5643237 0.1053639 -0.8188023 -0.1004013 0.9752891 -0.1968012 -0.0221436 0.9946876 -0.1005297 0.03057575 0.9971808 -0.06852483 -0.01284795 0.9942305 -0.1064927 0.005922257 0.9922072 -0.1244583 0.00636202 0.9907516 -0.1355391 0.01501768 0.9911482 -0.1319072 0.03154557 0.9889651 -0.1447515 0.02817052 0.9887353 -0.1470001 0.04607552 0.9868054 -0.1552166 -0.2915068 0.8559401 -0.4270718 -0.2489234 0.8860676 -0.3910516 -0.2421768 0.8855414 -0.3964427 -0.2424369 0.8854113 -0.3965742 -0.2237824 0.8835291 -0.411458 -0.2239264 0.8834585 -0.4115312 -0.2006803 0.8804435 -0.4295891 -0.2007689 0.8804005 -0.4296357 -0.1725512 0.8759375 -0.4505103 -0.05865508 0.949218 -0.3091031 -0.02950584 0.9438175 -0.3291472 0.0690298 0.9792374 -0.190602 0.08042454 0.9793414 -0.1855327 -0.1596301 0.9498016 -0.2690636 -0.1324841 0.9593327 -0.2492566 -0.1235484 0.958638 -0.2564156 -0.1238985 0.9585389 -0.256617 -0.1050314 0.9566397 -0.271678 -0.1053954 0.9565395 -0.2718899 -0.08328902 0.9536774 -0.2890717 -0.08381658 0.9535348 -0.2893896 -0.05837011 0.9495207 -0.3082262 0.04630327 0.9841982 -0.1709092 0.0565685 0.9844439 -0.1663433 -0.4094237 0.7168427 -0.5643659 -0.362395 0.7745996 -0.5183294 -0.3545686 0.7740098 -0.5245855 -0.3547282 0.7738915 -0.5246521 -0.337058 0.7721072 -0.5387416 -0.3369773 0.7721659 -0.5387079 -0.313511 0.7691203 -0.5569244 -0.3131492 0.7693799 -0.5567694 -0.2832068 0.7646369 -0.5788993 -0.1725645 0.8759131 -0.4505528 -0.1386724 0.8696221 -0.4738432 -0.02991217 0.9433239 -0.3305227 0.003555178 0.9362677 -0.3512694 0.1018515 0.974732 -0.1988062 0.08128005 0.972943 -0.2162762 -0.02603787 -0.9943557 -0.102853 -0.274874 -0.8709142 -0.407373 -0.6186283 -0.09124529 -0.7803674 -0.6009905 -0.2152601 -0.769723 -0.5854015 -0.2754312 -0.7625239 -0.5313721 -0.458613 -0.7122625 -0.5467901 -0.4254575 -0.7211148 -0.5809516 -0.308674 -0.7531372 -0.3952731 -0.7370761 -0.5481589 -0.4235671 -0.6954705 -0.5804409 -0.3433454 -0.8025593 -0.4878653 -0.358511 -0.7743204 -0.5214381 -0.3546223 -0.7740185 -0.5245364 -0.4896266 -0.558391 -0.6696755 -0.4558237 -0.6288698 -0.629879 -0.4638626 -0.6177692 -0.6349746 -0.5131592 -0.5143637 -0.6870936 0.04471975 -0.933637 -0.355418 -0.1283302 -0.4549303 0.881232 0.1066978 -0.7861701 -0.60873 -0.1173452 -0.9113467 -0.3945596 -0.08470135 -0.8737449 -0.4789526 -0.147729 -0.844155 -0.515343 -0.2161489 -0.751315 -0.6235427 -0.3178417 -0.6119243 -0.7242411 -0.4017239 -0.5930643 -0.697777 -0.3542429 -0.6079551 -0.710565 -0.9141023 -0.4041123 0.03332 -0.3944292 -0.2999539 -0.8685926 -0.4834571 -0.4616801 -0.7437209 -0.408939 -0.4571781 -0.7897828 -0.3619084 -0.5257604 -0.7698041 -0.5623798 -0.08610677 -0.8223834 -0.5324051 -0.09452629 -0.8411954 -0.5866121 -0.1039853 -0.8031646 -0.6133738 -0.09198069 -0.7844184 -0.6185667 -0.09139353 -0.7803989 -0.6185432 -0.09123659 -0.7804359 -0.6151184 -0.09089523 -0.7831777 -0.5413493 -0.07579708 -0.8373744 -0.5156583 -0.1767838 -0.8383579 -0.4954423 -0.2679882 -0.8262682 -0.4849964 -0.2856152 -0.8265606 -0.428031 -0.4473143 -0.7853022 -0.4250596 -0.451071 -0.784767 -0.344882 -0.6147726 -0.7093032 -0.3426455 -0.6169381 -0.7085066 -0.382938 -0.6218193 -0.6831539 -0.3843374 -0.6204603 -0.6836035 -0.4658706 -0.45431 -0.7593201 -0.4677057 -0.4519593 -0.7595946 -0.5282294 -0.2740221 -0.8036701 -0.5302172 -0.270688 -0.8034909 -0.5670924 -0.1029065 -0.8172004 0.005727708 -0.9922934 -0.1237782 -0.001021862 -0.9929669 -0.1183878 -0.2169088 -0.9157881 -0.3380572 -0.2493672 -0.8861027 -0.3906891 -0.2422363 -0.8855492 -0.396389 -0.3547829 -0.7738996 -0.5246032 -0.3372188 -0.7721289 -0.5386097 -0.4373657 -0.6270322 -0.6446254 -0.4373117 -0.6273283 -0.6443738 -0.5182914 -0.4572952 -0.7226722 -0.5182574 -0.4578725 -0.722331 -0.5762792 -0.2745143 -0.7697689 -0.5763181 -0.2753705 -0.7694339 -0.6099969 -0.09546178 -0.7866326 -0.607177 -0.08520597 -0.7899848 -0.1402546 -0.9585735 -0.2479225 -0.1389997 -0.9597612 -0.2440034 -0.1236115 -0.9586443 -0.2563614 -0.2424951 -0.8854199 -0.3965196 -0.2239437 -0.8835513 -0.4113226 -0.3371397 -0.7721865 -0.5385769 -0.3138212 -0.7691668 -0.5566854 -0.414367 -0.6243576 -0.6621764 -0.4142135 -0.6251688 -0.6615068 -0.4967918 -0.4550988 -0.7389742 -0.4966908 -0.45652 -0.7381651 -0.557144 -0.2729005 -0.7842932 -0.5572035 -0.2749259 -0.7835432 -0.5960593 -0.07822799 -0.7991205 -0.5742319 -0.09472495 -0.8131943 0.09844559 -0.9755194 -0.196648 0.09632313 -0.9736172 -0.2068607 0.118206 -0.9706988 -0.2092157 0.1230373 -0.9666427 -0.2246415 0.1293237 -0.9660091 -0.2238343 0.103586 -0.9719737 -0.2110381 0.1599187 -0.9626025 -0.2186834 0.08111059 -0.9792183 -0.1858832 0.07040441 -0.9793266 -0.189638 0.06861495 -0.9793306 -0.1902726 0.06987386 -0.9820074 -0.17544 0.05167645 -0.9852895 -0.1628931 0.0504049 -0.9847077 -0.1667637 0.04057204 -0.9876924 -0.1510558 -0.1550394 -0.8133998 -0.5606635 -0.105368 -0.8626979 -0.4946209 -0.1392781 -0.8697199 -0.4734859 -0.1392622 -0.8697524 -0.4734308 -0.1730827 -0.876016 -0.4501537 -0.1730747 -0.8760309 -0.450128 -0.201066 -0.8804463 -0.4294028 -0.08356273 -0.9537188 -0.2888559 -0.1055526 -0.9565595 -0.2717583 0.01135092 -0.9915748 -0.1290376 0.006627023 -0.9898601 -0.1418914 -0.02506119 -0.8859586 -0.4630867 0.004114866 -0.9351764 -0.3541582 0.0024935 -0.9355182 -0.3532697 0.003088653 -0.9363833 -0.3509656 -0.03041827 -0.9434378 -0.3301514 -0.03000938 -0.9439336 -0.3287687 -0.05908823 -0.9493089 -0.3087415 -0.05881303 -0.9496014 -0.3078929 -0.08408498 -0.9535779 -0.2891694 0.02632743 -0.9881935 -0.1509321 0.02847188 -0.9894056 -0.1423583 -0.2887825 -0.6496662 -0.7032343 -0.212594 -0.7526102 -0.6232028 -0.2458823 -0.7594275 -0.6023386 -0.2461911 -0.7584236 -0.6034763 -0.2835893 -0.7653558 -0.5777608 -0.2837945 -0.7647354 -0.5784813 -0.3134642 -0.7694225 -0.5565332 -0.2009773 -0.8804892 -0.4293564 -0.224089 -0.8834801 -0.4113963 -0.1051908 -0.956659 -0.2715484 -0.1239621 -0.9585452 -0.2565625 -0.0111584 -0.9927298 -0.1198466 -0.005449354 -0.9958886 -0.09042292 0.1929711 0 -0.9812045 0.1966701 1.60333e-4 -0.9804697 0.3907544 -7.71548e-6 -0.920495 0.3942189 0 -0.9190166 0.4872662 0 -0.8732535 0.4901052 6.76046e-5 -0.8716633 0.6565341 -7.83995e-5 -0.7542963 0.6589855 0 -0.7521557 0.8055763 0 -0.5924922 0.8067281 4.60642e-5 -0.5909228 0.9102573 -4.18579e-5 -0.4140431 0.9110621 0 -0.4122692 0.9494851 0 -0.3138122 0.9498745 2.20457e-6 -0.3126316 0.993741 -5.409e-5 -0.1117083 0.9938797 0 -0.1104677 0.836112 -0.2314985 -0.497318 0.1714123 -0.04840874 -0.9840093 0.1778901 -0.01980239 -0.9838511 0.1449391 -0.07565349 -0.9865441 0.1287487 -0.08173054 -0.9883036 0.1270877 -0.09009724 -0.9877911 0.1067983 -0.1015948 -0.9890767 0.1041169 -0.1012935 -0.9893934 0.08788681 -0.1148291 -0.9894899 0.08089345 -0.1138813 -0.9901956 0.5065554 -0.6868341 -0.5212107 0.4910277 -0.7181804 -0.4930606 0.5699543 -0.6614241 -0.4875143 0.5964234 -0.6380828 -0.4869593 0.6291999 -0.6323648 -0.4519095 0.718662 -0.5385916 -0.4398228 0.7068888 -0.5778698 -0.4078906 0.7710849 -0.4949617 -0.4005509 0.7819659 -0.4777968 -0.4002992 0.8135793 -0.4569153 -0.3596071 0.8543589 -0.3863711 -0.3475459 0.8614008 -0.3805929 -0.3363596 0.9160258 -0.2932531 -0.2736775 0.9305373 -0.2792422 -0.2369054 0.967848 -0.1522531 -0.2002233 0.1929581 -0.01161277 -0.9811382 0.390357 -0.04508674 -0.919559 0.4379422 -0.05579358 -0.8972702 0.4866954 -0.04838496 -0.8722307 0.6049488 -0.07369649 -0.7928466 0.5860607 -0.1610521 -0.7941002 0.4869704 -0.1904163 -0.8524093 0.4079149 -0.1820781 -0.8946804 0.2508974 -0.3340708 -0.9085412 0.2455579 -0.356028 -0.9016349 0.3103101 -0.3019545 -0.9014051 0.3072218 -0.3281538 -0.8932692 0.3644128 -0.2640614 -0.8930145 0.3641237 -0.2937213 -0.8838222 0.413129 -0.2207571 -0.8835104 0.4160965 -0.2532677 -0.8733381 0.4566106 -0.1719121 -0.8728992 0.1592275 -0.04699724 -0.9861226 0.1791142 -0.07460981 -0.9809952 0.9925483 -0.04897987 -0.1115743 0.9821578 -0.08214396 -0.1691697 0.9480136 -0.05565482 -0.3133258 0.9095058 -0.04062354 -0.4137013 0.8029309 -0.08097392 -0.5905466 0.8450619 -0.09654593 -0.5258795 0.8589786 -0.1248968 -0.4965447 0.9535214 -0.1861644 -0.2369379 0.9550619 -0.1776844 -0.2372446 0.3993424 -0.5346216 -0.7447855 0.3889816 -0.5679973 -0.7253084 0.4923315 -0.4815866 -0.7250407 0.4845119 -0.5218285 -0.7020993 0.5757853 -0.4194259 -0.7018214 0.571325 -0.4655234 -0.6759259 0.6495024 -0.3489161 -0.6755769 0.6491011 -0.4001864 -0.6469302 0.7129249 -0.2716821 -0.6464727 0.7173637 -0.3276606 -0.6148397 0.7409613 -0.2667751 -0.616285 0.7202159 -0.2220982 -0.6572378 0.7489833 -0.09091311 -0.6563221 0.655188 -0.06400299 -0.7527498 0.4202146 0.1567668 -0.8937807 0.8053037 0.05939775 -0.5898796 0.6587607 0.02612131 -0.751899 0.9339982 0.2549793 -0.2502655 0.9107786 0.2888961 -0.2949939 0.8877793 0.3533163 -0.2949841 0.853476 0.3867164 -0.3493269 0.838009 0.4181426 -0.3505676 0.7858076 0.4855165 -0.383119 0.8009096 0.4336822 -0.4128723 0.2391683 0.3460579 -0.907217 0.2603647 0.3492609 -0.9001261 0.2979124 0.3180176 -0.9000627 0.3226894 0.3173742 -0.891709 0.3521928 0.2845056 -0.8916371 0.3793871 0.2791616 -0.8821192 0.4022089 0.2453973 -0.8820477 0.4306818 0.2347735 -0.8714325 0.4537878 0.188259 -0.8709967 0.4894623 0.1920145 -0.8506216 0.5897464 0.162729 -0.7910237 0.7223752 0.2234436 -0.6544058 0.7481867 0.1100204 -0.654303 0.8773415 0.1658917 -0.4502797 0.8921042 0.03592032 -0.4503996 0.9822923 0.06634968 -0.1752127 0.9483865 0.05595088 -0.3121418 0.9813198 0.08136463 -0.174331 0.9937344 0.01709681 -0.1104515 0.7821195 0.4788987 -0.3986794 0.7062857 0.5799663 -0.4059551 0.7199339 0.5327922 -0.4447782 0.4841333 0.7028418 -0.5211797 0.5543709 0.7027943 -0.4458174 0.5967789 0.639936 -0.4840835 0.6534613 0.6092241 -0.4492599 0.6769453 0.5852843 -0.446304 0.1811997 0.02027034 -0.9832374 0.1744301 0.05001205 -0.9833987 0.1755034 0.05346089 -0.9830262 0.1537536 0.06483674 -0.9859798 0.1474843 0.07733047 -0.9860367 0.1311456 0.08352452 -0.9878383 0.1293762 0.09200632 -0.9873179 0.1072366 0.1045737 -0.9887187 0.1074921 0.1020787 -0.9889517 0.08543825 0.1204161 -0.98904 0.08713859 0.1131697 -0.9897472 0.9089711 0.06771087 -0.4113231 0.7816287 0.0254448 -0.6232247 0.7685732 0.1438992 -0.6233686 0.5759524 0.0802235 -0.8135374 0.6089107 0.07444989 -0.7897373 0.4895244 0.04866838 -0.8706305 0.4435929 0.05606228 -0.8944733 0.3938101 0.04552859 -0.9180636 0.1966565 0.01175796 -0.9804019 0.3789462 0.5502465 -0.7440622 0.4098755 0.5541848 -0.724487 0.4702321 0.5039922 -0.7244817 0.5060495 0.501874 -0.701453 0.5533276 0.4492336 -0.7014398 0.5922386 0.4397459 -0.6751866 0.6285805 0.3860414 -0.6751729 0.6686633 0.3683165 -0.6459353 0.6955445 0.3147147 -0.6458889 0.7349387 0.2883589 -0.6137704 0.7427104 0.2672785 -0.6139572 0.8370339 0.2326756 -0.4952134 0.860094 0.1256251 -0.4944255 0.953932 0.1868755 -0.2347155 0.9733231 0.1480956 -0.1752421 0.04931086 -0.1466494 -0.9879587 0.05667221 -0.1440843 -0.9879413 0.05406957 -0.1401543 -0.9886522 0.06327879 -0.1323046 -0.9891872 0.06105536 -0.1302039 -0.9896056 0.06983143 -0.1256746 -0.9896107 0.06629097 -0.1226249 -0.9902366 0.04625213 -0.1560097 -0.9866721 0.04604345 -0.1539082 -0.9870117 0.03871548 -0.1558935 -0.9870148 0.03835308 -0.1638432 -0.9857405 0.03559601 -0.1613867 -0.9862491 0.4073786 -0.7489156 -0.5226549 0.3181539 -0.5847162 -0.7462474 0.1988354 -0.3656141 -0.9092803 0.4279251 -0.7578396 -0.4925031 0.3726252 -0.7864778 -0.4925477 0.387985 -0.7929154 -0.4698433 0.3589406 -0.8092116 -0.4651216 0.3197876 -0.8257598 -0.4646037 0.3403075 -0.8437749 -0.4150117 0.2901731 -0.8621167 -0.4153966 0.2690376 -0.8644617 -0.4246467 0.2067551 -0.9186055 -0.3367733 0.2181507 -0.8969097 -0.3846598 0.2274131 -0.9000402 -0.3717675 0.2649317 -0.8897517 -0.3716895 0.3356624 -0.5958968 -0.7295463 0.2918154 -0.6185411 -0.7295552 0.3072334 -0.629122 -0.7140121 0.253053 -0.6531629 -0.7136822 0.2715916 -0.6755277 -0.6854927 0.2092069 -0.6973125 -0.6855565 0.2234935 -0.716724 -0.6605734 0.1714315 -0.7308637 -0.6606432 0.1817518 -0.7463222 -0.6402887 0.2099545 -0.3741416 -0.9032924 0.1830014 -0.3880518 -0.9032865 0.1927627 -0.3962046 -0.8976995 0.1593173 -0.4111714 -0.8975278 0.1713253 -0.4280127 -0.8873853 0.1325014 -0.4415367 -0.8874056 0.1416508 -0.4564008 -0.8784267 0.1091405 -0.4652073 -0.8784477 0.1157109 -0.4773058 -0.8710857 0.2156964 0.9169267 -0.3357387 0.2196131 0.9017677 -0.3722702 0.1765539 0.7496383 -0.6378645 0.1135346 0.4825541 -0.8684765 0.0382148 0.1591644 -0.9865122 0.03834164 0.163998 -0.9857153 0.2371191 0.8978927 -0.3708953 0.2684815 0.8890799 -0.3707485 0.270746 0.8688715 -0.4144382 0.3021624 0.8583619 -0.4146237 0.3312779 0.8245443 -0.4586738 0.328626 0.8225874 -0.4640634 0.3895623 0.7954531 -0.4642151 0.3605542 0.7819808 -0.5084356 0.3869951 0.7798554 -0.4919962 0.4177666 0.76385 -0.4919391 0.41848 0.7433524 -0.5218253 0.1778402 0.7313576 -0.6583988 0.217366 0.7206354 -0.6583589 0.2168987 0.6969178 -0.6835646 0.2651332 0.6800734 -0.6835235 0.2614824 0.6517489 -0.7119343 0.3004618 0.6344505 -0.7121764 0.3006598 0.616338 -0.7278263 0.3287546 0.601826 -0.7278227 0.3271979 0.5817916 -0.7446207 0.1136 0.4687222 -0.8760105 0.1391103 0.4618132 -0.8760005 0.1378603 0.4443349 -0.8851898 0.1687516 0.4335703 -0.8851779 0.1653162 0.413122 -0.895545 0.1901232 0.4020177 -0.8956758 0.1894387 0.3893857 -0.9013832 0.2073286 0.3801503 -0.9013881 0.2055028 0.3663526 -0.907499 0.04568815 0.1571407 -0.9865188 0.04798805 0.1602438 -0.9859102 0.04939198 0.1496919 -0.9874982 0.05684041 0.1470961 -0.9874876 0.05616384 0.1434628 -0.9880607 0.06332105 0.1349213 -0.988831 0.06201267 0.1253868 -0.9901679 0.07007324 0.1294187 -0.989111 0.07098549 0.122857 -0.9898825 -0.1177508 -0.7310957 -0.6720371 -0.3707765 -0.4255252 -0.8255017 -0.3082046 -0.4707176 -0.8267012 -0.4058715 -0.05453187 -0.9123018 -0.4002883 -0.05698013 -0.9146161 -0.3786391 -0.1344874 -0.9157214 -0.3560354 -0.1535535 -0.9217701 -0.1348788 -0.471422 -0.8715326 -0.1347005 -0.4712876 -0.8716328 -0.2056878 -0.4447903 -0.8716962 -0.1687802 -0.4203912 -0.8915069 -0.2407491 -0.3836891 -0.8915282 -0.2033662 -0.3627077 -0.9094424 -0.2740435 -0.3127834 -0.9094321 -0.312847 -0.3290143 -0.8909974 -0.3430491 -0.2589709 -0.9029127 -0.3289749 -0.2610953 -0.9075267 -0.3700784 -0.1944529 -0.9084218 -0.01633399 -0.8196281 -0.572663 -0.001734912 -0.8092426 -0.5874721 -0.1182793 -0.8011928 -0.5866006 -0.04029536 -0.7097561 -0.7032941 -0.09791374 -0.7296727 -0.67675 0.1192711 -0.7591556 -0.6398884 0.1427383 -0.7146909 -0.6847209 0.05065083 -0.7269453 -0.6848249 0.07929551 -0.6758524 -0.732759 -0.0172767 -0.6801232 -0.7328942 0.01619076 -0.6249312 -0.7805119 -0.08839112 -0.6188066 -0.7805546 -0.04843258 -0.5600565 -0.8270375 -0.1130754 -0.5487899 -0.8282776 -0.1762696 -0.7069553 -0.6849403 -0.2791371 -0.756337 -0.5916391 -0.1586909 -0.6448266 -0.7476736 -0.2740483 -0.5901041 -0.7593911 -0.2298448 -0.5661593 -0.7916029 -0.3262127 -0.5168807 -0.7914668 -0.2416979 -0.4742467 -0.8465649 -0.2905008 -0.4753569 -0.8304487 0.02817451 -0.162966 -0.9862294 0.03033417 -0.1545271 -0.9875229 0.01432728 -0.1566379 -0.9875522 0.01798635 -0.1463106 -0.9890753 -3.07123e-4 -0.1437013 -0.9896211 0.004447042 -0.1318304 -0.9912623 -0.06936877 -0.00206691 -0.9975889 -0.07388836 -0.00998634 -0.9972165 -0.06784415 -0.01157212 -0.9976288 -0.06290417 -0.0288496 -0.9976025 -0.07847219 -0.02984625 -0.9964694 -0.06279486 -0.03401601 -0.9974466 -0.05534493 -0.04623103 -0.9973965 -0.05955421 -0.04746526 -0.997096 -0.04892599 -0.06264221 -0.9968361 -0.04985612 -0.06306952 -0.9967631 -0.04349756 -0.07938641 -0.9958944 -0.04590058 -0.08051097 -0.9956963 -0.03341925 -0.0868743 -0.9956586 -0.03769057 -0.09022969 -0.9952076 -0.02431744 -0.1061897 -0.9940485 -0.02918606 -0.113199 -0.9931436 -0.00900191 -0.1169774 -0.9930938 -0.02105069 -0.1411976 -0.9897576 -0.01114302 -0.1309192 -0.9913304 0.1413598 -0.9310979 -0.3362649 0.1735087 -0.8982161 -0.4038598 0.06087005 -0.8960188 -0.4398241 0.0960853 -0.859856 -0.5014134 0.03380304 -0.8640387 -0.5022893 0.07970702 -0.4848955 -0.8709323 0.08987909 -0.4557452 -0.8855609 0.03487873 -0.4630365 -0.8856527 0.04979473 -0.4265676 -0.9030839 -0.008411765 -0.4291242 -0.9032063 0.009945213 -0.3906089 -0.920503 -0.05281418 -0.3869447 -0.9205892 -0.03009241 -0.3469474 -0.9374017 -0.09723395 -0.3343639 -0.9374147 -0.06898009 -0.2944049 -0.953188 -0.1249884 -0.2736334 -0.9536785 -0.1028503 -0.2574352 -0.9608064 -0.1462188 -0.2353265 -0.9608546 -0.1236317 -0.2214926 -0.9672932 -0.1663564 -0.1913269 -0.967326 -0.1448376 -0.1813976 -0.9726854 -0.1841447 -0.1412847 -0.9726918 -0.1665537 -0.1362896 -0.9765679 -0.197326 -0.08580911 -0.9765752 -0.1883547 -0.0851736 -0.9784007 -0.2044757 -0.0288065 -0.9784477 -0.2073557 -0.02829217 -0.9778564 -0.3218171 0.14428 -0.9357441 -0.1390576 0.01764649 -0.990127 -0.134989 0.06995761 -0.9883744 -0.1286016 0.04613107 -0.9906228 -0.1363412 0.01897746 -0.9904802 -0.05417186 0.06333267 -0.9965211 -0.03987121 0.07342952 -0.9965031 -0.05058473 0.08049112 -0.995471 -0.03008824 0.07961702 -0.9963713 -0.0413106 0.09014123 -0.9950718 -0.03029465 0.09425979 -0.9950867 -0.02669405 0.1130055 -0.9932357 -0.02553445 0.1117798 -0.9934049 -0.008723258 0.1149143 -0.9933372 -0.01662814 0.1311961 -0.991217 0.004476904 0.1253053 -0.9921081 -0.00169146 0.1425498 -0.9897862 0.01752287 0.1416998 -0.9897546 0.01128941 0.1611011 -0.9868734 0.03068506 0.1367269 -0.9901335 0.02593392 0.1666374 -0.9856771 -0.07326221 0.5544447 -0.8289896 -0.06344163 0.6197963 -0.7821942 -0.0113945 0.6228538 -0.7822554 0.008253097 0.6782078 -0.734824 0.05118191 0.6763213 -0.7348265 0.0769537 0.7221656 -0.6874264 0.1144444 0.7171961 -0.6874098 0.145103 0.7563515 -0.6378695 0.1583317 0.9286209 -0.3355507 0.1428567 0.9064191 -0.3974874 0.09339481 0.8902174 -0.4458593 0.06512761 0.8650671 -0.4974107 -0.2791563 0.2144825 -0.9359856 -0.2958394 0.2375624 -0.925226 -0.2481536 0.2863671 -0.9254263 -0.2621524 0.3197376 -0.9105185 -0.2176358 0.3512409 -0.9106396 -0.2252941 0.3900002 -0.8928284 -0.186373 0.4098992 -0.8928873 -0.186974 0.4503581 -0.8730511 -0.1342615 0.4697483 -0.8725311 -0.1343087 0.4703856 -0.8721803 -0.1124015 0.547354 -0.8293187 -0.4484342 0.1160388 -0.8862516 -0.4404355 0.1438887 -0.8861786 -0.3972961 0.1739467 -0.901054 -0.448071 0.226128 -0.8649269 -0.3712866 0.2870261 -0.8830416 -0.4437321 0.3958476 -0.8039942 -0.3948563 0.4439514 -0.8043604 -0.3308191 0.3173643 -0.8887286 -0.3350317 0.4513549 -0.8270626 -0.3074419 0.4707556 -0.8269636 -0.2923523 0.4743013 -0.8304026 -0.3014743 0.5581318 -0.7730473 -0.2518658 0.5552554 -0.7926254 -0.4061056 0.04270017 -0.912828 -0.4212809 0.03357815 -0.9063084 -0.3358401 0.04764074 -0.9407135 -0.3108844 0.1350772 -0.9408003 -0.1293132 0.06093204 -0.98973 -0.1083072 0.09535962 -0.9895333 -0.2396155 0.6097455 -0.7555097 -0.2129845 0.6196345 -0.7554407 -0.2080631 0.6209679 -0.7557173 -0.197076 0.684034 -0.7023236 -0.1655936 0.6817915 -0.7125582 -0.1374341 0.7329179 -0.6662906 -0.09451133 0.7291977 -0.6777451 -0.07986229 0.7994901 -0.5953466 -0.01453018 0.8111329 -0.5846815 0.004341006 0.8649691 -0.5018061 0.07177585 0.8619983 -0.501804 0.0949853 0.4865186 -0.8684915 0.07277661 0.453831 -0.888111 0.05008029 0.4568415 -0.8881373 0.03296828 0.4237583 -0.9051751 0.006820082 0.4249225 -0.9052041 -0.00646919 0.3866142 -0.9222189 -0.03748154 0.3848252 -0.9222281 -0.04477643 0.34107 -0.9389709 -0.08364224 0.3337895 -0.9389295 -0.08191436 0.2865927 -0.9545443 -0.1126497 0.2751809 -0.9547699 -0.1129778 0.2492042 -0.9618386 -0.1356539 0.2376284 -0.9618372 -0.131654 0.2128673 -0.9681708 -0.1578119 0.194388 -0.968147 -0.1210925 0.09761571 -0.9878298 -0.1234888 0.0954914 -0.9877408 -0.06936889 0 -0.9975911 -0.1390793 7.35576e-4 -0.990281 -0.2074387 0 -0.978248 -0.4064764 0 -0.9136613 -0.4064764 0 -0.9136613 -0.6427875 0 -0.7660446 -0.6427666 -2.14538e-4 -0.7660621 -0.6431208 0.003648102 -0.765756 -0.6427919 4.01575e-5 -0.7660409 -0.6427938 6.13302e-5 -0.7660393 0.1752357 -0.9804866 -0.08909714 0.2650544 -0.9630013 -0.04873013 0.227804 -0.9688494 -0.09713995 0.2218586 -0.9721639 -0.07533937 0.2276241 -0.970066 -0.08461147 0.2347977 -0.9690248 -0.07655596 0.2279411 -0.9696252 -0.08871108 0.2275588 -0.9688513 -0.09769457 0.2339086 -0.9666264 -0.1044991 0.2365615 -0.9658862 -0.1053689 0.2415884 -0.9595424 -0.1446147 0.2236734 -0.9599511 -0.168713 0.2251321 -0.959761 -0.1678523 0.2120792 -0.96501 -0.1542014 0.2389731 -0.960231 -0.1443893 0.242038 -0.9628395 -0.1198236 0.2283474 -0.965203 -0.1274386 0.2381503 -0.9643984 -0.1149792 0.2257285 -0.9588528 -0.1721862 0.2274302 -0.958359 -0.1726949 0.2283257 -0.9581229 -0.1728231 0.2581107 -0.9524062 -0.1621769 0.238482 -0.9566723 -0.1670463 0.2406744 -0.9554637 -0.1707779 0.2316852 -0.9572778 -0.1730347 0.2284702 -0.9588115 -0.1687654 -0.6427915 0 -0.7660413 0.6427919 2.08509e-5 0.7660409 0.6427946 4.10176e-5 0.7660387 0.6427895 1.13967e-5 0.766043 0.6427918 3.48038e-5 0.7660409 0.6428048 1.04915e-4 0.7660301 0.642797 6.33198e-5 0.7660366 0.6427878 0 0.7660444 0.6427963 5.60186e-5 0.7660372 0.642832 3.02456e-4 0.7660071 0.6428053 1.22483e-4 0.7660295 0.642924 9.26326e-4 0.7659295 0.642756 -2.22887e-4 0.766071 0.6427259 -4.67123e-4 0.7660961 0.6427552 -2.44827e-4 0.7660716 0.642745 -3.28734e-4 0.7660801 0.6427885 3.18376e-6 0.7660438 0.1280316 0.9859338 -0.1074355 0.1229092 0.9870332 -0.1032413 0.1160231 0.9889208 -0.09259712 0.1118137 0.9903272 -0.08215707 0.1090589 0.9915614 -0.07008808 0.1077346 0.9925779 -0.05641192 0.2031523 0.9642429 -0.1701906 0.2026174 0.9646116 -0.1687321 0.2010955 0.9649013 -0.1688964 0.1938792 0.9675354 -0.1621301 0.1940383 0.9675869 -0.161632 0.1868168 0.9697869 -0.156885 0.1835513 0.970994 -0.1532303 0.1779153 0.9753431 -0.130583 0.6026632 0.614404 0.5092198 0.3338689 0.9407075 0.06000852 0.151635 0.9714395 -0.1825162 0.1445793 0.9708971 -0.1909335 0.1579807 0.9785735 -0.1320455 0.1715165 0.9742129 -0.1465992 0.1729308 0.97479 -0.1409942 0.1925864 0.9676496 -0.1629865 0.1936314 0.9676288 -0.1618682 0.2013879 0.9647976 -0.169141 0.2009902 0.9648016 -0.1695903 0.156594 0.9789035 -0.1312486 0.1528041 0.9798935 -0.1282953 0.1500214 0.9806967 -0.1254099 0.1466833 0.981427 -0.1236319 0.1417917 0.9827851 -0.1184427 0.1389891 0.983375 -0.1168575 0.1327911 0.9848942 -0.1111298 0.1340982 0.9846386 -0.111823 0.130227 0.9854473 -0.1092455 0 0 1 0 0 1 0 0 1 0 0 1 0 0 1 0 0 1 0 0 1 0 0 1 0 0 1 0 0 1 0 0 1 0 0 1 0 0 1 0 0 1 0 0 1 0 0 1 0 0 1 0 0 1 0 0 1 0 0 1 0 0 1 0 0 1 0 0 1 0 0 1 0 0 1 0 0 1 0 0 1 0 0 1 0 0 1 0 0 1 0 0 1 0 0 1 0 0 1 0 0 1 0 0 1 0 0 1 0 0 1 0 0 1 0 0 1 0.1762933 0.9803142 -0.08890867 0.2671197 0.9583626 -0.1009373 0.2323956 0.9698027 -0.07399183 0.2275865 0.971054 -0.07251709 0.2250816 0.9706611 -0.08458983 0.2262915 0.9697914 -0.0910871 0.2326504 0.9677203 -0.0969085 0.236328 0.966698 -0.09820413 0.2344133 0.9664701 -0.1048138 0.2393524 0.964416 -0.1123042 0.2345391 0.9644005 -0.1221598 0.2475483 0.9543962 -0.1668766 0.2438779 0.9572809 -0.1553601 0.2486238 0.9562659 -0.1540838 0.271936 0.9527785 -0.1351442 0.2251852 0.9593957 -0.1698575 0.2263824 0.9586219 -0.1726126 0.2312561 0.9572696 -0.1736539 0.2289621 0.9578406 -0.1735449 0.2275984 0.9582204 -0.1732413 0.2342108 0.9644934 -0.1220567 0.2355741 0.9639279 -0.1238861 0.1897749 0.9685835 -0.1607216 0.2197028 0.9624954 -0.1591643 0.223465 0.9596171 -0.1708751 0.2354043 0.9569035 -0.1700603 0.2363094 0.9563061 -0.1721527 0.2939143 0.9433329 -0.1540702 0.1537564 0.9822207 -0.1077104 0.1308993 0.9851937 -0.110719 0.1351274 0.9848429 -0.1087427 0.1291482 0.9858504 -0.1068629 0.3730623 0.9277778 -0.007273972 0.3579023 0.9334245 -0.02499079 0.3558218 0.9309256 -0.08226948 0.358624 0.9316286 -0.05879515 0.352011 0.933794 -0.06416618 0.3672577 0.9294327 -0.03573191 0.3030909 0.9462764 -0.1126798 0.3584723 0.9275796 -0.1053265 0.2367302 0.9542058 -0.1828938 0.2295898 0.9548398 -0.1885991 0.243032 0.953603 -0.1776983 0.226228 0.957975 -0.1763653 0.2446412 0.9533734 -0.1767191 0.2562727 0.9517987 -0.1685332 0.2798013 0.9472146 -0.1565113 0.2744399 0.9490615 -0.1548066 0.2634351 0.9550914 -0.1356554 0.01132279 0.9845178 -0.1749187 0.4290559 0.8979603 -0.09786927 -0.06345933 0.9742001 -0.2165805 0.2058572 0.9624791 -0.1767958 0.2222753 0.958927 -0.1762177 0.1819818 0.9786092 -0.09595173 0.1401986 0.9830632 -0.1180299 0.1467969 0.9824153 -0.115372 0.1963625 0.9752117 -0.1019988 0.08738529 0.9861062 -0.1412745 0.2654399 0.9602842 -0.08599889 0.1255012 0.9828132 -0.1353798 0.1425461 0.9810988 -0.1308657 0.502569 0.8632987 -0.04625761 0.3256608 0.9340999 -0.1462955 0.3230625 0.9350303 -0.1461125 0.3457351 0.9320273 -0.1085924 0.3451151 0.932271 -0.1084725 0.3547535 0.9312485 -0.08322507 0.2776966 0.955086 -0.1034186 0.993378 0.06958711 0.09142154 0.9971695 0.05884647 0.04679691 0.9951897 0.08574926 0.04737764 0.9949164 0.08541935 0.05333709 0.9930354 0.1004389 0.06158381 0.9867593 0.08622485 0.1373727 0.9884052 0.08669608 0.1246554 0.976579 0.08238792 0.19876 0.9824123 0.08342903 0.1670495 0.9555986 0.07003915 0.2862271 0.4882732 0.8714971 0.04562979 0.4898519 0.8706361 0.04514348 0.5958919 0.79754 0.09403628 0.5999559 0.7946434 0.09270793 0.6938741 0.7069415 0.1370125 0.698573 0.7026294 0.135306 0.7797963 0.6009379 0.1754746 0.7837771 0.596234 0.173777 0.8507777 0.4818654 0.2097212 0.8531563 0.4781922 0.2084624 0.9049963 0.351064 0.2402827 0.9056094 0.3497793 0.2398461 0.9402363 0.2114956 0.2668807 0.9395554 0.213589 0.2676105 0.955083 0.06395053 0.2893558 0.9703124 0.08764815 0.2254143 0.97041 0.08924716 0.2243642 0.9536844 0.2195822 0.205596 0.954024 0.2184767 0.2051976 0.9174263 0.3547862 0.1801546 0.9166286 0.3565233 0.1807844 0.8629922 0.4817826 0.1520854 0.860581 0.4856193 0.153539 0.7917019 0.598654 0.1217431 0.7878873 0.6032783 0.1236484 0.7041056 0.7045651 0.08844983 0.6999266 0.7084876 0.0902667 0.6025432 0.7964163 0.05160307 0.599273 0.7987949 0.05290037 0.4884372 0.8725398 0.0101605 0.4878655 0.8728572 0.01037573 0.9825698 0.09167456 0.1617174 0.9637252 0.2250568 0.1434689 0.9637378 0.2250127 0.1434522 0.9251428 0.3599308 0.1206668 0.9241322 0.3622176 0.1215648 0.868653 0.4859876 0.09621822 0.8662341 0.4899525 0.09790325 0.7953932 0.6019898 0.07041358 0.7918445 0.6064029 0.07251131 0.7053471 0.7075914 0.04242515 0.7017715 0.7110236 0.04429525 0.6009334 0.799216 0.01152873 0.5985173 0.8010092 0.01269394 0.4830272 0.8752908 -0.02346557 0.4834806 0.8750348 -0.02367466 0.9891988 0.09776788 0.1092125 0.9690603 0.2290165 0.0920521 0.9687889 0.2300066 0.09243911 0.9286942 0.3638702 0.07159322 0.9274966 0.3666812 0.07276535 0.8706034 0.4894154 0.05022257 0.8682241 0.4934306 0.05208837 0.7957487 0.6049733 0.02813178 0.7925151 0.6090981 0.03032177 0.7035306 0.7106513 0.004414379 0.7005302 0.7135956 0.006230413 0.5965165 0.8023084 -0.02166247 0.594841 0.8035764 -0.02072119 0.4749932 0.8784893 -0.05136018 0.4762582 0.877764 -0.05204379 0.9918179 0.1102669 0.064332 0.9721994 0.2291054 0.04836302 0.9710785 0.2337016 0.04888683 0.9311279 0.3635325 0.02906733 0.928368 0.3704598 0.02987402 0.8723837 0.4887327 0.009323894 0.8677005 0.4969787 0.01038879 0.7963131 0.6047869 -0.01088458 0.7903579 0.612568 -0.009741544 0.7009867 0.7124298 -0.03257876 0.6958754 0.7174611 -0.03173512 0.5889541 0.806205 -0.05627149 0.5870614 0.8076037 -0.05599236 0.4591247 0.8844549 -0.08333104 0.464191 0.8817399 -0.08403271 0.9901911 0.1347607 0.03689378 0.9740002 0.2254379 0.0223897 0.9722434 0.2328345 0.02304267 0.9322995 0.3616866 7.46404e-4 0.9292421 0.3694685 0.00149703 0.8719714 0.489096 -0.02123677 0.8678222 0.4964565 -0.02038592 0.7928726 0.6078074 -0.04385554 0.7883644 0.613701 -0.04304248 0.6919303 0.7187349 -0.06821066 0.6888728 0.7217115 -0.06772565 0.5712497 0.8153353 -0.09435212 0.5722479 0.8146181 -0.09449762 0.4284113 0.8950918 -0.1235893 0.4375307 0.8904878 -0.1248936 0.9635601 -0.04373252 0.2638927 0.9718964 -5.70244e-4 0.2354083 0.9909277 -7.62583e-4 0.1343937 0.9888732 -0.01214331 0.1482644 0.984721 -0.03594189 0.1703906 0.9840389 -0.01147913 0.1775833 0.9781104 -5.83948e-4 0.2080857 0.9950523 -7.91274e-4 0.09934872 0.9951243 -0.0237016 0.09573835 0.9972754 -6.69021e-4 0.07376587 0.9983248 0 0.05785775 0.9981964 -0.0160821 0.05783891 0.9979352 -6.79954e-4 0.06422448 0.9562667 0.02245771 0.2916325 0.9483489 0 0.3172293 0.9483489 0 0.3172293 0.9483892 -1.27073e-4 0.3171086 0.9578632 -1.30681e-4 0.287225 0.9658083 0.04165744 0.2558886 0.9706292 -5.05898e-4 0.2405797 0.9859449 -5.42066e-4 0.1670698 0.9840955 0.03778582 0.1735751 0.9909311 -6.99182e-4 0.1343689 0.9936442 -7.17387e-4 0.112564 0.9954454 0.03127616 0.09005683 0.99648 -6.25771e-4 0.0838285 0.9983146 -6.55562e-4 0.05803161 0.9567205 -0.00123465 0.2910056 0.9483972 1.5743e-4 0.317085 0.9459528 0 0.3243045 0.9937584 -0.001253664 0.1115463 0.9909372 -2.20286e-4 0.1343261 0.9861633 -9.90713e-4 0.1657735 0.9842166 0.001008868 0.1769653 0.9735794 -0.001383662 0.2283449 0.9706489 4.02806e-4 0.2405006 0.9578484 -7.00896e-4 0.2872734 0.9984211 0 0.05617231 0.998324 6.60872e-4 0.05786806 0.9974188 -0.001989603 0.07177656 0.9964885 3.97508e-4 0.0837292 0.9936358 -0.001462101 0.1126315 0.9983891 -0.006500005 0.05636411 0.9970883 0.02593594 0.07170903 0.9953626 -0.05748248 0.0771296 0.992572 0.0476188 0.1119522 0.9922537 -0.03023451 0.1204928 0.985261 0.04060781 0.166168 0.9837062 -0.04894107 0.1729936 0.9719855 0.05409753 0.2287306 0.9655323 -0.1106168 0.2356083 0.949323 0.119845 0.2905563 0.6948527 -0.6822908 0.227286 0.05133402 0.9876158 -0.1482559 0.1797208 0.9789687 -0.09654319 0.06967651 0.9869905 -0.1448966 0.2039167 0.9625898 -0.1784343 0.2072748 0.9623175 -0.1760174 0.2105175 0.9619818 -0.173992 0.2191646 0.9608183 -0.169691 0.2801206 0.9483772 -0.1487055 0.3873392 0.9142696 -0.1186565 -0.004245102 0.983215 -0.1824014 0.5643022 0.8250451 -0.0293883 0.08930927 0.9848375 -0.1487246 0.2276568 0.9678961 -0.1065345 0.07786011 0.9861798 -0.1462436 0.549125 0.8351927 0.03024679 0.06168776 0.9871159 -0.1476375 0.1940168 0.9631237 -0.1864141 0.1541384 0.9619501 -0.2255954 0.2348437 0.9664484 -0.1040481 0.197747 0.9708861 -0.1351898 0.2292544 0.9680593 -0.1015061 0.203889 0.9709228 -0.1254521 0.1935269 0.9709276 -0.140879 0.09901672 -0.992545 -0.07106465 0.1047952 -0.9905979 -0.08794236 0.1193229 -0.9877955 -0.1001108 0.1163319 -0.9888397 -0.09307456 0.1220279 -0.9872841 -0.1018784 0.1280207 -0.9859257 -0.1075223 0.1479402 -0.9811762 -0.124125 0.1484749 -0.9809654 -0.125148 0.1394568 -0.9833745 -0.1163027 0.1405612 -0.9829624 -0.1184377 0.1326919 -0.9849159 -0.1110573 0.1325446 -0.9849562 -0.1108747 0.129301 -0.9856524 -0.1084924 0.1271346 -0.9861317 -0.1066817 0.2075472 -0.9702315 -0.1247998 0.1905989 -0.9680763 -0.1627895 0.1874634 -0.9677559 -0.168244 0.1887055 -0.9681916 -0.1643018 0.1815079 -0.9723896 -0.1466745 0.1428076 -0.9801337 -0.1376364 0.1253646 -0.9827144 -0.1362209 0.1648346 -0.9765709 -0.1383432 0.09985834 -0.9715683 -0.2146705 0.09182822 -0.970289 -0.2238456 0.1604761 -0.9653493 -0.2057867 0.2183529 -0.9672374 -0.1295141 0.3055253 -0.9520929 0.01316845 0.2029881 -0.9685791 -0.1437023 0.1950712 -0.9683489 -0.1557164 0.6427835 2.38714e-5 0.7660479 0.6427795 6.98062e-5 0.7660513 0.6428697 -6.91022e-4 0.7659753 0.6428405 -4.08283e-4 0.766 0.6428502 -4.71637e-4 0.7659918 0.6428016 -1.23327e-4 0.7660328 0.6427921 -4.00766e-5 0.7660407 0.6428369 -3.57366e-4 0.766003 0.6428079 -1.39556e-4 0.7660275 0.6427286 3.81788e-4 0.7660939 0.6427683 1.24951e-4 0.7660607 0.6427822 3.73999e-5 0.766049 0.642764 1.44035e-4 0.7660642 0.9961947 0 0.08715575 0.9961947 1.25908e-7 0.08715569 0.9961947 0 0.08715569 0.9961947 0 0.08715569 0.9961947 0 0.08715569 0.9961947 -4.45918e-7 0.08715575 0.9961947 0 0.08715587 0.9971421 -0.05937188 0.04671829 0.9703034 -0.08779442 0.2253959 0.9557734 -0.06499558 0.2868323 0.9549102 -0.06992912 0.288542 0.9824005 -0.08361148 0.1670278 0.9765688 -0.08256185 0.1987384 0.9883956 -0.08682668 0.1246406 0.9867504 -0.08635181 0.1373577 0.9900649 -0.1357665 0.03659343 0.9951916 -0.08575934 0.04731822 0.994916 -0.08542478 0.05333602 0.9726726 -0.2310679 0.02270948 0.971387 -0.2366232 0.02041876 0.9714335 -0.2323949 0.0480597 0.9922191 -0.1062606 0.06488299 0.9912906 -0.1175086 0.05945175 0.9273685 -0.374149 -3.90441e-4 0.9252763 -0.3792847 -0.002619206 0.9276753 -0.3722991 0.02849566 0.9706731 -0.2354683 0.04846113 0.9687075 -0.2305045 0.09205222 0.9926418 -0.03065907 0.1171431 0.9897041 -0.1143177 0.08612275 0.9825547 -0.091798 0.1617388 0.963535 -0.2258509 0.1434984 0.9685607 -0.2310332 0.09226995 0.9269571 -0.3682096 0.07191872 0.9264278 -0.3753598 0.02892339 0.8659746 -0.5000107 0.00878477 0.8603589 -0.509055 -0.02540892 0.6932702 -0.7199168 -0.03311014 0.785306 -0.619009 -0.01106715 0.7911125 -0.610982 0.02901959 0.8659799 -0.4973808 0.05187529 0.8665187 -0.4896068 0.09711068 0.9236932 -0.3633378 0.121558 0.917038 -0.3556402 0.1804478 0.9540323 -0.2185491 0.2050821 0.9399268 -0.213714 0.2662029 0.9400321 -0.2111294 0.2678878 0.7558146 -0.6533664 -0.04308885 0.7973523 -0.6019783 -0.04302918 0.8635063 -0.5038135 -0.02299463 0.5832034 -0.8103344 -0.05685067 0.6917976 -0.7213432 -0.03286451 0.6998261 -0.7142947 0.00513637 0.7897585 -0.6126867 0.02994513 0.7927688 -0.6053081 0.07155108 0.8651673 -0.4917984 0.09808135 0.8619482 -0.4834514 0.1527095 0.9165837 -0.3566234 0.1808149 0.9055255 -0.3497577 0.2401946 0.9053207 -0.3508031 0.2394403 0.4895412 -0.8707537 0.04623216 0.4882781 -0.8715424 0.04470145 0.5960905 -0.7977247 0.09116697 0.5998815 -0.7943008 0.09606498 0.5992233 -0.7988258 0.05299955 0.4875283 -0.8730481 0.01015639 0.4876635 -0.8729709 0.01029664 0.6951941 -0.7062544 0.1338276 0.6991853 -0.7011821 0.1395835 0.7007678 -0.7075827 0.09083646 0.6017518 -0.7969893 0.05199021 0.5977424 -0.8015906 0.01250559 0.4828477 -0.8753977 -0.02317345 0.4816102 -0.8760491 -0.02427983 0.7806937 -0.6006999 0.1722702 0.7835932 -0.5954604 0.1772249 0.7880405 -0.6029922 0.1240671 0.7038779 -0.7046652 0.08945876 0.7015749 -0.7112054 0.04449272 0.5990739 -0.800606 0.01186442 0.5929011 -0.8049945 -0.02126187 0.4753911 -0.8782978 -0.05095344 0.4728475 -0.8795523 -0.05294352 0.8511697 -0.4822366 0.2072635 0.8525708 -0.4783866 0.2104024 0.8602604 -0.4861197 0.153752 0.7907159 -0.5997603 0.122702 0.790877 -0.6076429 0.07269012 0.7035639 -0.709303 0.0434401 0.6986217 -0.7154671 0.005865693 0.5933686 -0.8046432 -0.02152144 0.5837075 -0.8099662 -0.05692356 0.4632632 -0.8823888 -0.08232492 0.4555158 -0.8860699 -0.08593934 0.970402 -0.08941924 0.2243304 0.9536162 -0.2198978 0.2055752 0.963639 -0.2254948 0.1433592 0.9241749 -0.3622602 0.1211125 0.9264295 -0.3694284 0.07246416 0.8671079 -0.4955064 0.05096298 0.8638955 -0.5035849 0.009306132 0.7874663 -0.6162505 -0.01149833 0.7783619 -0.6260576 -0.04695314 0.6798726 -0.7298479 -0.07138037 0.6820943 -0.7278835 -0.07023525 0.5662122 -0.8186867 -0.09568667 0.5638841 -0.8201678 -0.09674471 0.4368369 -0.8912104 -0.1221373 0.4230921 -0.8970237 -0.1278342 0.9655856 5.57399e-4 0.260085 0.9956278 7.97059e-4 0.0934059 0.994244 0.03089803 0.1025876 0.9972754 6.70196e-4 0.07376658 0.9822997 0.04759323 0.181169 0.9888732 0.01214379 0.1482644 0.9909276 7.63557e-4 0.1343944 0.9656835 0.08996629 0.2436423 0.9481626 -0.06891334 0.3102234 0.9558208 0 0.2939499 0.9979352 6.81133e-4 0.06422424 0.9981964 0.01608246 0.05783897 0.9983249 0 0.05785781 0.9909312 6.99331e-4 0.1343683 0.986017 -0.02853107 0.1641842 0.9856041 0.01473379 0.1684263 0.9781105 5.83947e-4 0.2080852 0.9543234 0 0.2987757 0.9459 0.04655796 0.3211007 0.9697271 -0.07049626 0.2337937 0.9655872 4.95177e-4 0.2600792 0.9781398 5.21944e-4 0.2079474 0.985071 -0.01152735 0.1717626 0.9984341 -0.01593685 0.05362296 0.9979273 6.48301e-4 0.06434988 0.9956297 6.14581e-4 0.09338712 0.9957687 -0.04670554 0.07914108 0.9936442 7.17505e-4 0.1125643 0.9545395 0 0.2980844 0.9543198 1.35986e-4 0.2987871 0.970637 1.52907e-4 0.2405493 0.971849 9.99302e-4 0.2356028 0.9781448 2.66047e-4 0.207925 0.9849973 2.85173e-4 0.1725696 0.984952 3.35419e-4 0.1728276 0.9909355 3.6618e-4 0.1343384 0.9927515 0.001367986 0.120177 0.9984474 0 0.05570358 0.9983994 3.49396e-4 0.05655485 0.9979295 3.4052e-4 0.06431674 0.997015 0.002192497 0.07717663 0.9964818 4.24747e-4 0.08380883 0.9936477 3.95032e-4 0.112535 0.2870396 -0.9577337 -0.01882797 0.2166533 -0.9612213 -0.1706305 0.2095733 -0.9620832 -0.1745711 0.2067988 -0.9623488 -0.1764056 0.2831881 -0.9587556 -0.02433556 0.2210594 -0.968435 -0.11518 0.2363964 -0.9663465 -0.1014451 0.1644814 -0.9624498 -0.2159544 0.1907081 -0.9632243 -0.1892866 0.2031612 -0.9626317 -0.1790689 0.2668462 -0.9515508 -0.1527884 0.4027574 -0.9081236 -0.1144471 -0.01342141 -0.9825935 -0.185283 0.8768482 -0.4701346 0.1005515 0.07474166 -0.9852533 -0.1539146 0.06974947 -0.9870277 -0.1446076 0.1661996 -0.9807633 -0.1023758 0.06839519 -0.9877398 -0.1403294 0.1740564 -0.9770007 -0.1231825 0.2744079 -0.9571384 -0.09266304 0.08668118 -0.9858351 -0.143581 0.3243959 -0.9440611 -0.05929696 0.07087963 -0.9870038 -0.1442211 0.2250961 -0.9582534 -0.1763017 0.2631551 -0.9509407 -0.1626682 0.2846524 -0.9457436 -0.1566595 0.2568497 -0.9556357 -0.1441819 0.2442729 -0.9543212 -0.1720519 0.2367711 -0.9553354 -0.1768431 0.2358738 -0.9554448 -0.1774504 0.2311657 -0.9567136 -0.1768094 0.2278397 -0.9575709 -0.1764851 0.2192052 -0.9596359 -0.1762042 0.1910656 -0.9651736 -0.1787007 -0.1598883 -0.9595437 -0.2317575 0.434881 -0.8954006 -0.09558284 -0.001548588 -0.984108 -0.1775639 0.6667976 -0.7451572 0.01103413 0.1254801 -0.982815 -0.1353855 0.1363857 -0.9817828 -0.1322932 0.2627776 -0.9610294 -0.0858516 0.08690196 -0.9861265 -0.1414306 0.3042104 -0.9507531 -0.05936861 0.1261 -0.9843188 -0.1233496 0.3075181 -0.9504726 -0.04510557 0.1185364 -0.9853475 -0.1226354 0.1551987 -0.9822671 -0.1051893 0.1101943 -0.9865595 -0.1206544 0.1346139 -0.9849178 -0.1087022 0.1290798 -0.9858473 -0.1069742 0.3072612 -0.9441611 -0.1189548 0.4075324 -0.9084008 -0.09341037 0.2382286 -0.9643809 -0.1149637 0.3612465 -0.9300697 -0.06686896 0.3580513 -0.9328824 -0.03911167 0.3572203 -0.9332129 -0.03882277 0.3718692 -0.9282523 -0.007804572 0.3710333 -0.9285933 -0.00697422 0.3022393 -0.940468 -0.1554715 0.3224197 -0.9351335 -0.1468707 0.3457074 -0.9320672 -0.1083375 0.3448474 -0.932336 -0.1087653 0.3535393 -0.931456 -0.0860216 0.3572665 -0.9304026 -0.08192431 0.3524119 -0.9336506 -0.06404983</float_array>
          <technique_common>
            <accessor source="#link_sensor-mesh-normals-array" count="1720" stride="3">
              <param name="X" type="float"/>
              <param name="Y" type="float"/>
              <param name="Z" type="float"/>
            </accessor>
          </technique_common>
        </source>
        <vertices id="link_sensor-mesh-vertices">
          <input semantic="POSITION" source="#link_sensor-mesh-positions"/>
        </vertices>
        <triangles material="black-material" count="1720">
          <input semantic="VERTEX" source="#link_sensor-mesh-vertices" offset="0"/>
          <input semantic="NORMAL" source="#link_sensor-mesh-normals" offset="1"/>
          <p>0 0 1 0 2 0 3 1 4 1 1 1 1 2 4 2 5 2 6 3 2 3 7 3 7 4 2 4 1 4 7 5 1 5 8 5 8 6 1 6 5 6 9 7 10 7 11 7 11 8 10 8 12 8 11 9 12 9 2 9 2 10 12 10 13 10 2 11 13 11 0 11 13 12 12 12 14 12 15 13 16 13 17 13 13 14 14 14 0 14 12 15 10 15 14 15 14 16 10 16 9 16 14 17 9 17 18 17 4 18 19 18 20 18 21 19 22 19 23 19 24 20 25 20 26 20 19 21 4 21 27 21 27 22 4 22 3 22 27 23 3 23 28 23 15 24 17 24 29 24 29 25 17 25 30 25 29 26 30 26 31 26 31 27 30 27 32 27 31 28 32 28 33 28 28 29 3 29 14 29 14 30 3 30 1 30 14 31 1 31 0 31 22 32 34 32 23 32 23 33 34 33 35 33 23 34 35 34 32 34 32 35 35 35 36 35 32 36 36 36 33 36 26 37 37 37 24 37 24 38 37 38 38 38 24 39 38 39 23 39 23 40 38 40 39 40 23 41 39 41 21 41 25 42 24 42 40 42 40 43 24 43 41 43 40 44 41 44 14 44 14 45 41 45 42 45 14 46 42 46 28 46 43 47 7 47 44 47 44 48 7 48 8 48 44 49 8 49 45 49 45 50 8 50 46 50 9 51 11 51 18 51 18 52 11 52 2 52 18 53 2 53 47 53 47 54 2 54 6 54 47 55 6 55 48 55 48 56 6 56 7 56 48 57 7 57 49 57 49 58 7 58 43 58 50 59 51 59 4 59 4 60 51 60 52 60 4 61 52 61 5 61 16 62 15 62 20 62 20 63 15 63 53 63 20 64 53 64 4 64 4 65 53 65 54 65 4 66 54 66 50 66 52 67 55 67 5 67 5 68 55 68 56 68 5 69 56 69 8 69 8 70 56 70 57 70 8 71 57 71 46 71 58 72 59 72 15 72 15 73 59 73 53 73 40 74 14 74 60 74 60 75 14 75 61 75 60 76 61 76 62 76 62 77 61 77 63 77 62 78 63 78 64 78 64 79 63 79 65 79 64 80 65 80 66 80 65 81 67 81 66 81 66 82 67 82 68 82 66 83 68 83 69 83 68 84 70 84 69 84 69 85 70 85 71 85 69 86 71 86 72 86 72 87 71 87 73 87 72 88 73 88 74 88 74 89 73 89 75 89 75 90 76 90 74 90 74 91 76 91 77 91 74 92 77 92 78 92 78 93 77 93 79 93 78 94 79 94 80 94 80 95 79 95 81 95 80 96 81 96 82 96 82 97 81 97 83 97 83 98 84 98 82 98 82 99 84 99 85 99 82 100 85 100 86 100 86 101 85 101 87 101 86 102 87 102 88 102 88 103 87 103 89 103 88 104 89 104 90 104 90 105 89 105 91 105 90 106 91 106 92 106 92 107 91 107 93 107 92 108 93 108 94 108 95 109 96 109 97 109 97 110 96 110 98 110 97 111 98 111 99 111 94 112 100 112 92 112 92 113 100 113 96 113 92 114 96 114 101 114 101 115 96 115 95 115 98 116 102 116 99 116 99 117 102 117 103 117 99 118 103 118 104 118 103 119 105 119 104 119 104 120 105 120 106 120 104 121 106 121 107 121 107 122 106 122 108 122 107 123 108 123 109 123 67 124 65 124 110 124 110 125 65 125 111 125 67 126 110 126 68 126 68 127 110 127 112 127 68 128 112 128 70 128 70 129 112 129 71 129 71 130 112 130 113 130 71 131 113 131 73 131 114 132 58 132 15 132 53 133 59 133 115 133 59 134 58 134 115 134 115 135 58 135 114 135 54 136 53 136 116 136 116 137 53 137 115 137 116 138 115 138 117 138 115 139 114 139 118 139 118 140 114 140 119 140 119 141 114 141 15 141 119 142 15 142 29 142 120 143 121 143 122 143 122 144 121 144 123 144 122 145 123 145 118 145 123 146 124 146 118 146 118 147 124 147 125 147 118 148 125 148 115 148 115 149 125 149 126 149 115 150 126 150 117 150 120 151 127 151 121 151 121 152 127 152 128 152 121 153 128 153 129 153 129 154 128 154 130 154 129 155 130 155 131 155 23 156 32 156 132 156 132 157 32 157 30 157 132 158 30 158 17 158 42 159 41 159 132 159 132 160 41 160 24 160 132 161 24 161 23 161 19 162 27 162 132 162 132 163 27 163 28 163 132 164 28 164 42 164 17 165 16 165 132 165 132 166 16 166 20 166 132 167 20 167 19 167 133 168 134 168 135 168 136 169 137 169 138 169 138 170 137 170 139 170 138 171 139 171 140 171 138 172 141 172 136 172 136 173 141 173 142 173 136 174 142 174 143 174 143 175 142 175 144 175 143 176 144 176 145 176 145 177 144 177 146 177 145 178 146 178 147 178 139 179 133 179 140 179 140 180 133 180 135 180 140 181 135 181 148 181 148 182 135 182 149 182 135 183 150 183 149 183 149 184 150 184 151 184 149 185 151 185 152 185 152 186 151 186 153 186 152 187 153 187 154 187 154 188 153 188 155 188 154 189 155 189 156 189 155 190 157 190 156 190 156 191 157 191 158 191 156 192 158 192 159 192 159 193 158 193 160 193 159 194 160 194 161 194 161 195 160 195 162 195 161 196 162 196 163 196 162 197 164 197 163 197 163 198 164 198 165 198 163 199 165 199 166 199 166 200 165 200 167 200 166 201 167 201 168 201 168 202 167 202 169 202 168 203 169 203 170 203 170 204 169 204 171 204 170 205 171 205 172 205 172 206 171 206 173 206 172 207 173 207 174 207 174 208 173 208 175 208 174 209 175 209 176 209 176 210 175 210 177 210 177 211 175 211 18 211 177 212 18 212 47 212 105 213 103 213 178 213 109 214 108 214 179 214 179 215 108 215 180 215 179 216 180 216 181 216 182 217 183 217 181 217 181 218 183 218 184 218 181 219 184 219 179 219 185 220 186 220 182 220 182 221 186 221 187 221 182 222 187 222 183 222 188 223 189 223 190 223 189 224 188 224 191 224 191 225 188 225 192 225 191 226 192 226 193 226 193 227 192 227 194 227 193 228 194 228 195 228 195 229 194 229 196 229 195 230 196 230 197 230 197 231 196 231 198 231 197 232 198 232 199 232 200 233 201 233 202 233 202 234 201 234 203 234 204 235 205 235 206 235 206 236 205 236 207 236 206 237 207 237 208 237 208 238 207 238 209 238 208 239 209 239 210 239 210 240 209 240 211 240 210 241 211 241 212 241 213 242 214 242 215 242 215 243 214 243 216 243 100 244 216 244 96 244 96 245 216 245 214 245 96 246 214 246 98 246 98 247 214 247 102 247 105 248 178 248 106 248 215 249 205 249 213 249 213 250 205 250 204 250 213 251 204 251 214 251 214 252 204 252 178 252 214 253 178 253 102 253 102 254 178 254 103 254 190 255 186 255 188 255 188 256 186 256 185 256 188 257 185 257 192 257 192 258 185 258 217 258 192 259 217 259 194 259 194 260 217 260 203 260 194 261 203 261 196 261 196 262 203 262 201 262 196 263 201 263 198 263 198 264 201 264 200 264 198 265 200 265 218 265 108 266 106 266 180 266 180 267 106 267 178 267 180 268 178 268 181 268 181 269 178 269 204 269 181 270 204 270 182 270 182 271 204 271 206 271 182 272 206 272 185 272 185 273 206 273 208 273 185 274 208 274 217 274 217 275 208 275 210 275 217 276 210 276 203 276 203 277 210 277 212 277 203 278 212 278 202 278 202 279 212 279 211 279 219 280 220 280 221 280 136 281 143 281 222 281 223 282 224 282 225 282 226 283 227 283 228 283 228 284 227 284 229 284 230 285 231 285 232 285 230 286 232 286 233 286 233 287 232 287 234 287 233 288 234 288 235 288 229 289 227 289 234 289 234 290 227 290 236 290 234 291 236 291 235 291 237 292 238 292 225 292 225 293 238 293 239 293 225 294 239 294 223 294 225 295 240 295 237 295 237 296 240 296 145 296 237 297 145 297 147 297 136 298 222 298 137 298 241 299 134 299 133 299 220 300 242 300 221 300 221 301 242 301 241 301 221 302 241 302 243 302 243 303 241 303 133 303 243 304 133 304 139 304 219 305 244 305 245 305 245 306 244 306 246 306 245 307 246 307 247 307 247 308 246 308 248 308 248 309 246 309 249 309 248 310 249 310 250 310 251 311 252 311 253 311 253 312 250 312 251 312 251 313 250 313 249 313 251 314 249 314 254 314 254 315 249 315 246 315 254 316 246 316 255 316 255 317 246 317 244 317 256 318 253 318 231 318 231 319 253 319 252 319 231 320 252 320 232 320 232 321 252 321 251 321 232 322 251 322 234 322 234 323 251 323 254 323 234 324 254 324 229 324 229 325 254 325 255 325 229 326 255 326 228 326 228 327 255 327 257 327 228 328 257 328 226 328 224 329 258 329 225 329 225 330 258 330 259 330 225 331 259 331 240 331 240 332 259 332 222 332 240 333 222 333 145 333 145 334 222 334 143 334 139 335 137 335 243 335 243 336 137 336 222 336 243 337 222 337 221 337 221 338 222 338 259 338 221 339 259 339 219 339 219 340 259 340 258 340 219 341 258 341 244 341 244 342 258 342 224 342 244 343 224 343 255 343 255 344 224 344 223 344 255 345 223 345 257 345 260 346 261 346 262 346 263 347 264 347 261 347 261 348 264 348 265 348 261 349 265 349 262 349 266 350 267 350 262 350 262 351 267 351 268 351 262 352 268 352 260 352 269 353 270 353 271 353 272 354 273 354 261 354 261 355 273 355 274 355 261 356 274 356 275 356 276 357 261 357 269 357 269 358 261 358 277 358 269 359 277 359 278 359 275 360 279 360 261 360 261 361 279 361 280 361 261 362 280 362 263 362 278 363 281 363 269 363 269 364 281 364 282 364 269 365 282 365 270 365 271 366 283 366 269 366 269 367 283 367 284 367 269 368 284 368 285 368 276 369 286 369 261 369 261 370 286 370 287 370 261 371 287 371 288 371 289 372 290 372 266 372 266 373 290 373 291 373 266 374 291 374 267 374 289 375 292 375 290 375 290 376 292 376 293 376 290 377 293 377 294 377 288 378 295 378 261 378 261 379 295 379 296 379 261 380 296 380 272 380 297 381 298 381 299 381 299 382 298 382 300 382 299 383 300 383 284 383 284 384 300 384 301 384 284 385 301 385 285 385 302 386 303 386 293 386 293 387 303 387 304 387 293 388 304 388 294 388 294 389 304 389 305 389 294 390 305 390 306 390 306 391 307 391 294 391 294 392 307 392 308 392 294 393 308 393 309 393 309 394 308 394 310 394 302 395 293 395 311 395 311 396 293 396 312 396 311 397 312 397 313 397 314 398 315 398 316 398 80 399 82 399 314 399 317 400 318 400 319 400 320 401 321 401 322 401 323 402 324 402 325 402 120 403 122 403 326 403 21 404 39 404 327 404 38 405 37 405 328 405 22 406 329 406 34 406 34 407 329 407 330 407 34 408 330 408 35 408 35 409 330 409 331 409 35 410 331 410 36 410 36 411 331 411 332 411 36 412 332 412 33 412 33 413 332 413 333 413 33 414 333 414 31 414 31 415 333 415 119 415 31 416 119 416 29 416 334 417 335 417 336 417 127 418 336 418 128 418 128 419 336 419 335 419 128 420 335 420 130 420 323 421 325 421 337 421 337 422 325 422 338 422 337 423 338 423 339 423 321 424 340 424 322 424 322 425 340 425 341 425 322 426 341 426 338 426 338 427 341 427 342 427 338 428 342 428 339 428 88 429 90 429 343 429 343 430 90 430 344 430 343 431 344 431 314 431 314 432 344 432 345 432 314 433 345 433 315 433 330 434 346 434 331 434 331 435 346 435 347 435 331 436 347 436 332 436 332 437 347 437 348 437 332 438 348 438 333 438 333 439 348 439 349 439 333 440 349 440 119 440 119 441 349 441 118 441 122 442 118 442 326 442 326 443 118 443 349 443 326 444 349 444 350 444 350 445 349 445 348 445 350 446 348 446 351 446 351 447 348 447 347 447 351 448 347 448 352 448 352 449 347 449 346 449 318 450 320 450 319 450 319 451 320 451 322 451 319 452 322 452 353 452 353 453 322 453 338 453 353 454 338 454 354 454 354 455 338 455 325 455 354 456 325 456 355 456 355 457 325 457 324 457 355 458 324 458 336 458 336 459 324 459 356 459 336 460 356 460 334 460 357 461 72 461 74 461 314 462 82 462 343 462 343 463 82 463 86 463 343 464 86 464 88 464 345 465 358 465 315 465 315 466 358 466 317 466 315 467 317 467 316 467 316 468 317 468 319 468 316 469 319 469 359 469 359 470 319 470 353 470 359 471 353 471 352 471 352 472 353 472 354 472 352 473 354 473 351 473 351 474 354 474 355 474 351 475 355 475 350 475 350 476 355 476 336 476 350 477 336 477 326 477 326 478 336 478 127 478 326 479 127 479 120 479 26 480 25 480 360 480 360 481 25 481 40 481 360 482 40 482 361 482 40 483 60 483 361 483 361 484 60 484 62 484 361 485 62 485 362 485 362 486 62 486 64 486 362 487 64 487 363 487 363 488 64 488 66 488 363 489 66 489 69 489 39 490 38 490 327 490 327 491 38 491 328 491 327 492 328 492 364 492 364 493 328 493 365 493 364 494 365 494 366 494 366 495 365 495 367 495 366 496 367 496 368 496 368 497 367 497 369 497 368 498 369 498 370 498 370 499 369 499 357 499 370 500 357 500 371 500 371 501 357 501 74 501 371 502 74 502 78 502 37 503 26 503 328 503 328 504 26 504 360 504 328 505 360 505 365 505 365 506 360 506 361 506 365 507 361 507 367 507 367 508 361 508 362 508 367 509 362 509 369 509 369 510 362 510 363 510 369 511 363 511 357 511 357 512 363 512 69 512 357 513 69 513 72 513 22 514 21 514 329 514 329 515 21 515 327 515 329 516 327 516 330 516 330 517 327 517 364 517 330 518 364 518 346 518 346 519 364 519 366 519 346 520 366 520 352 520 352 521 366 521 368 521 352 522 368 522 359 522 359 523 368 523 370 523 359 524 370 524 316 524 316 525 370 525 371 525 316 526 371 526 314 526 314 527 371 527 78 527 314 528 78 528 80 528 48 529 372 529 47 529 43 530 44 530 373 530 50 531 54 531 116 531 50 532 374 532 51 532 51 533 374 533 375 533 376 534 55 534 375 534 375 535 55 535 52 535 375 536 52 536 51 536 45 537 46 537 377 537 377 538 46 538 57 538 44 539 45 539 373 539 373 540 45 540 377 540 373 541 377 541 378 541 378 542 377 542 57 542 378 543 57 543 376 543 376 544 57 544 56 544 376 545 56 545 55 545 379 546 380 546 381 546 381 547 380 547 382 547 381 548 382 548 383 548 384 549 385 549 386 549 386 550 385 550 387 550 386 551 387 551 388 551 389 552 390 552 391 552 392 553 393 553 394 553 394 554 393 554 395 554 394 555 395 555 396 555 397 556 398 556 399 556 399 557 398 557 400 557 399 558 400 558 392 558 392 559 400 559 401 559 392 560 401 560 393 560 121 561 129 561 402 561 402 562 129 562 131 562 403 563 124 563 123 563 126 564 125 564 374 564 50 565 116 565 374 565 374 566 116 566 117 566 374 567 117 567 126 567 131 568 404 568 402 568 402 569 404 569 397 569 402 570 397 570 405 570 405 571 397 571 399 571 405 572 399 572 406 572 406 573 399 573 392 573 406 574 392 574 407 574 407 575 392 575 394 575 407 576 408 576 406 576 406 577 408 577 409 577 406 578 409 578 405 578 405 579 409 579 410 579 405 580 410 580 402 580 402 581 410 581 411 581 402 582 411 582 121 582 174 583 176 583 412 583 412 584 176 584 177 584 49 585 43 585 413 585 413 586 43 586 373 586 413 587 373 587 414 587 414 588 373 588 378 588 414 589 378 589 415 589 415 590 378 590 376 590 415 591 376 591 416 591 416 592 376 592 375 592 416 593 375 593 417 593 417 594 375 594 374 594 417 595 374 595 403 595 403 596 374 596 125 596 403 597 125 597 124 597 48 598 49 598 372 598 372 599 49 599 413 599 372 600 413 600 418 600 418 601 413 601 414 601 418 602 414 602 419 602 419 603 414 603 415 603 419 604 415 604 408 604 408 605 415 605 416 605 408 606 416 606 409 606 409 607 416 607 417 607 409 608 417 608 410 608 410 609 417 609 403 609 410 610 403 610 411 610 411 611 403 611 123 611 411 612 123 612 121 612 159 613 420 613 156 613 156 614 420 614 379 614 156 615 379 615 154 615 154 616 379 616 381 616 154 617 381 617 152 617 152 618 381 618 383 618 152 619 383 619 149 619 159 620 161 620 420 620 420 621 161 621 163 621 420 622 163 622 421 622 421 623 163 623 166 623 421 624 166 624 422 624 422 625 166 625 168 625 422 626 168 626 170 626 390 627 388 627 391 627 391 628 388 628 387 628 391 629 387 629 423 629 423 630 387 630 424 630 423 631 424 631 425 631 425 632 424 632 426 632 425 633 426 633 427 633 427 634 426 634 428 634 427 635 428 635 412 635 412 636 428 636 172 636 412 637 172 637 174 637 384 638 380 638 385 638 385 639 380 639 379 639 385 640 379 640 387 640 387 641 379 641 420 641 387 642 420 642 424 642 424 643 420 643 421 643 424 644 421 644 426 644 426 645 421 645 422 645 426 646 422 646 428 646 428 647 422 647 170 647 428 648 170 648 172 648 396 649 389 649 394 649 394 650 389 650 391 650 394 651 391 651 407 651 407 652 391 652 423 652 407 653 423 653 408 653 408 654 423 654 425 654 408 655 425 655 419 655 419 656 425 656 427 656 419 657 427 657 418 657 418 658 427 658 412 658 418 659 412 659 372 659 372 660 412 660 177 660 372 661 177 661 47 661 305 662 304 662 429 662 429 663 304 663 430 663 429 664 430 664 431 664 431 665 430 665 432 665 431 666 432 666 433 666 433 667 432 667 434 667 433 668 434 668 435 668 435 669 434 669 436 669 435 670 436 670 437 670 437 671 436 671 438 671 437 672 438 672 439 672 439 673 438 673 440 673 439 674 440 674 441 674 441 675 440 675 442 675 441 676 442 676 230 676 230 677 442 677 199 677 443 678 444 678 445 678 307 679 306 679 446 679 446 680 306 680 305 680 447 681 448 681 308 681 308 682 448 682 310 682 448 683 449 683 310 683 310 684 449 684 450 684 310 685 450 685 309 685 309 686 450 686 451 686 309 687 451 687 294 687 147 688 452 688 237 688 237 689 452 689 453 689 237 690 453 690 238 690 238 691 453 691 454 691 238 692 454 692 239 692 239 693 454 693 223 693 223 694 454 694 455 694 223 695 455 695 257 695 257 696 455 696 456 696 257 697 456 697 226 697 226 698 456 698 445 698 226 699 445 699 227 699 227 700 445 700 444 700 227 701 444 701 236 701 457 702 233 702 235 702 305 703 429 703 446 703 446 704 429 704 431 704 446 705 431 705 458 705 458 706 431 706 433 706 458 707 433 707 459 707 459 708 460 708 458 708 458 709 460 709 461 709 458 710 461 710 446 710 462 711 451 711 463 711 463 712 451 712 450 712 463 713 450 713 464 713 464 714 450 714 449 714 464 715 449 715 465 715 465 716 449 716 448 716 465 717 448 717 461 717 461 718 448 718 447 718 461 719 447 719 446 719 446 720 447 720 308 720 446 721 308 721 307 721 230 722 233 722 441 722 441 723 233 723 457 723 441 724 457 724 439 724 439 725 457 725 437 725 435 726 437 726 443 726 443 727 437 727 457 727 443 728 457 728 444 728 444 729 457 729 235 729 444 730 235 730 236 730 452 731 462 731 453 731 453 732 462 732 463 732 453 733 463 733 454 733 454 734 463 734 464 734 454 735 464 735 455 735 455 736 464 736 465 736 455 737 465 737 456 737 456 738 465 738 461 738 456 739 461 739 445 739 445 740 461 740 460 740 445 741 460 741 443 741 443 742 460 742 459 742 443 743 459 743 435 743 435 744 459 744 433 744 466 745 467 745 468 745 438 746 436 746 469 746 469 747 436 747 434 747 193 748 470 748 191 748 191 749 470 749 471 749 191 750 471 750 189 750 189 751 471 751 472 751 189 752 472 752 190 752 190 753 472 753 473 753 190 754 473 754 186 754 474 755 475 755 476 755 476 756 475 756 477 756 476 757 477 757 478 757 478 758 477 758 479 758 478 759 479 759 480 759 480 760 479 760 481 760 480 761 481 761 468 761 468 762 481 762 482 762 468 763 482 763 466 763 466 764 482 764 483 764 466 765 483 765 484 765 484 766 483 766 485 766 484 767 485 767 486 767 486 768 485 768 487 768 486 769 487 769 440 769 487 770 195 770 197 770 440 771 487 771 442 771 442 772 487 772 197 772 442 773 197 773 199 773 186 774 473 774 187 774 187 775 473 775 488 775 187 776 488 776 183 776 489 777 109 777 490 777 490 778 109 778 179 778 490 779 179 779 488 779 488 780 179 780 184 780 488 781 184 781 183 781 304 782 303 782 467 782 467 783 303 783 302 783 467 784 302 784 468 784 468 785 302 785 311 785 468 786 311 786 480 786 480 787 311 787 313 787 480 788 313 788 478 788 478 789 313 789 312 789 478 790 312 790 476 790 476 791 312 791 293 791 476 792 293 792 474 792 440 793 438 793 486 793 486 794 438 794 469 794 486 795 469 795 484 795 484 796 469 796 434 796 484 797 434 797 466 797 466 798 434 798 432 798 466 799 432 799 467 799 467 800 432 800 430 800 467 801 430 801 304 801 475 802 489 802 477 802 477 803 489 803 490 803 477 804 490 804 479 804 479 805 490 805 488 805 479 806 488 806 481 806 481 807 488 807 473 807 481 808 473 808 482 808 482 809 473 809 472 809 482 810 472 810 483 810 483 811 472 811 471 811 483 812 471 812 485 812 485 813 471 813 470 813 485 814 470 814 487 814 487 815 470 815 193 815 487 816 193 816 195 816 268 817 267 817 491 817 491 818 267 818 291 818 491 819 291 819 492 819 492 820 291 820 290 820 492 821 290 821 493 821 493 822 290 822 294 822 493 823 294 823 451 823 268 824 491 824 260 824 260 825 491 825 494 825 260 826 494 826 261 826 261 827 494 827 495 827 261 828 495 828 277 828 452 829 147 829 146 829 462 830 452 830 496 830 451 831 462 831 497 831 452 832 146 832 496 832 496 833 146 833 144 833 496 834 144 834 498 834 144 835 142 835 498 835 498 836 142 836 141 836 498 837 141 837 499 837 499 838 141 838 138 838 499 839 138 839 500 839 149 840 501 840 148 840 148 841 501 841 500 841 148 842 500 842 140 842 140 843 500 843 138 843 462 844 496 844 497 844 497 845 496 845 498 845 497 846 498 846 502 846 502 847 498 847 499 847 502 848 499 848 503 848 503 849 499 849 500 849 503 850 500 850 504 850 504 851 500 851 501 851 504 852 501 852 505 852 451 853 497 853 493 853 493 854 497 854 502 854 493 855 502 855 492 855 492 856 502 856 503 856 492 857 503 857 491 857 491 858 503 858 504 858 491 859 504 859 494 859 494 860 504 860 505 860 494 861 505 861 495 861 90 862 92 862 506 862 506 863 92 863 507 863 506 864 507 864 508 864 509 865 508 865 510 865 265 866 264 866 511 866 511 867 264 867 509 867 92 868 101 868 507 868 507 869 101 869 95 869 507 870 95 870 512 870 512 871 95 871 97 871 512 872 97 872 513 872 513 873 97 873 99 873 513 874 99 874 514 874 514 875 99 875 104 875 104 876 107 876 514 876 514 877 107 877 109 877 514 878 109 878 489 878 508 879 507 879 510 879 510 880 507 880 512 880 510 881 512 881 515 881 515 882 512 882 513 882 515 883 513 883 516 883 516 884 513 884 514 884 516 885 514 885 517 885 517 886 514 886 489 886 517 887 489 887 475 887 509 888 510 888 511 888 511 889 510 889 515 889 511 890 515 890 518 890 518 891 515 891 516 891 518 892 516 892 519 892 519 893 516 893 517 893 519 894 517 894 520 894 520 895 517 895 475 895 520 896 475 896 474 896 265 897 511 897 262 897 262 898 511 898 518 898 262 899 518 899 266 899 266 900 518 900 519 900 266 901 519 901 289 901 289 902 519 902 520 902 289 903 520 903 292 903 292 904 520 904 474 904 292 905 474 905 293 905 388 906 390 906 521 906 522 907 401 907 400 907 401 908 522 908 393 908 131 909 523 909 404 909 404 910 523 910 524 910 404 911 524 911 397 911 397 912 524 912 525 912 526 913 527 913 528 913 528 914 527 914 529 914 528 915 529 915 530 915 530 916 529 916 531 916 530 917 531 917 532 917 532 918 531 918 522 918 532 919 522 919 533 919 533 920 522 920 400 920 533 921 400 921 525 921 525 922 400 922 398 922 525 923 398 923 397 923 534 924 380 924 535 924 535 925 380 925 384 925 535 926 384 926 521 926 521 927 384 927 386 927 521 928 386 928 388 928 505 929 501 929 536 929 536 930 501 930 537 930 536 931 537 931 538 931 538 932 537 932 534 932 538 933 534 933 539 933 539 934 534 934 535 934 539 935 535 935 526 935 526 936 535 936 521 936 526 937 521 937 527 937 527 938 521 938 390 938 527 939 390 939 529 939 529 940 390 940 389 940 529 941 389 941 531 941 531 942 389 942 396 942 531 943 396 943 522 943 522 944 396 944 395 944 522 945 395 945 393 945 277 946 495 946 278 946 278 947 495 947 540 947 278 948 540 948 281 948 281 949 540 949 541 949 281 950 541 950 282 950 282 951 541 951 542 951 543 952 269 952 285 952 543 953 285 953 544 953 544 954 285 954 301 954 544 955 301 955 545 955 301 956 300 956 545 956 545 957 300 957 298 957 545 958 298 958 546 958 546 959 298 959 297 959 546 960 297 960 547 960 547 961 297 961 299 961 547 962 299 962 548 962 548 963 299 963 284 963 548 964 284 964 549 964 549 965 284 965 283 965 549 966 283 966 550 966 550 967 283 967 271 967 550 968 271 968 542 968 542 969 271 969 270 969 542 970 270 970 282 970 501 971 149 971 537 971 537 972 149 972 383 972 537 973 383 973 534 973 534 974 383 974 382 974 534 975 382 975 380 975 495 976 505 976 540 976 540 977 505 977 536 977 540 978 536 978 541 978 541 979 536 979 538 979 541 980 538 980 542 980 542 981 538 981 539 981 542 982 539 982 550 982 550 983 539 983 526 983 550 984 526 984 549 984 549 985 526 985 528 985 549 986 528 986 548 986 548 987 528 987 530 987 548 988 530 988 547 988 547 989 530 989 532 989 547 990 532 990 546 990 546 991 532 991 533 991 546 992 533 992 545 992 545 993 533 993 525 993 545 994 525 994 544 994 544 995 525 995 524 995 544 996 524 996 543 996 543 997 524 997 523 997 551 998 552 998 553 998 276 999 554 999 555 999 288 1000 287 1000 555 1000 555 1001 287 1001 286 1001 555 1002 286 1002 276 1002 295 1003 556 1003 296 1003 296 1004 556 1004 557 1004 296 1005 557 1005 272 1005 272 1006 557 1006 558 1006 272 1007 558 1007 273 1007 273 1008 558 1008 274 1008 274 1009 558 1009 559 1009 274 1010 559 1010 275 1010 275 1011 559 1011 560 1011 275 1012 560 1012 279 1012 279 1013 560 1013 561 1013 279 1014 561 1014 280 1014 280 1015 561 1015 562 1015 280 1016 562 1016 263 1016 263 1017 562 1017 509 1017 263 1018 509 1018 264 1018 563 1019 564 1019 565 1019 565 1020 564 1020 566 1020 565 1021 566 1021 567 1021 567 1022 566 1022 568 1022 567 1023 568 1023 569 1023 569 1024 568 1024 570 1024 569 1025 570 1025 508 1025 508 1026 570 1026 506 1026 90 1027 506 1027 344 1027 344 1028 506 1028 570 1028 344 1029 570 1029 345 1029 345 1030 570 1030 568 1030 553 1031 552 1031 571 1031 571 1032 552 1032 572 1032 571 1033 572 1033 573 1033 573 1034 572 1034 574 1034 573 1035 574 1035 575 1035 575 1036 574 1036 576 1036 575 1037 576 1037 577 1037 577 1038 576 1038 578 1038 577 1039 578 1039 563 1039 563 1040 578 1040 579 1040 563 1041 579 1041 564 1041 335 1042 334 1042 551 1042 551 1043 334 1043 356 1043 551 1044 356 1044 552 1044 552 1045 356 1045 324 1045 552 1046 324 1046 572 1046 572 1047 324 1047 323 1047 572 1048 323 1048 574 1048 574 1049 323 1049 337 1049 337 1050 339 1050 574 1050 574 1051 339 1051 342 1051 574 1052 342 1052 576 1052 576 1053 342 1053 341 1053 576 1054 341 1054 578 1054 130 1055 335 1055 554 1055 554 1056 335 1056 551 1056 554 1057 551 1057 555 1057 555 1058 551 1058 553 1058 555 1059 553 1059 288 1059 288 1060 553 1060 571 1060 341 1061 340 1061 578 1061 578 1062 340 1062 321 1062 578 1063 321 1063 579 1063 579 1064 321 1064 320 1064 579 1065 320 1065 564 1065 564 1066 320 1066 318 1066 564 1067 318 1067 566 1067 566 1068 318 1068 317 1068 566 1069 317 1069 568 1069 568 1070 317 1070 358 1070 568 1071 358 1071 345 1071 508 1072 509 1072 569 1072 569 1073 509 1073 562 1073 569 1074 562 1074 567 1074 567 1075 562 1075 561 1075 567 1076 561 1076 565 1076 565 1077 561 1077 560 1077 565 1078 560 1078 563 1078 563 1079 560 1079 559 1079 563 1080 559 1080 577 1080 577 1081 559 1081 558 1081 577 1082 558 1082 575 1082 575 1083 558 1083 557 1083 575 1084 557 1084 573 1084 573 1085 557 1085 556 1085 573 1086 556 1086 571 1086 571 1087 556 1087 295 1087 571 1088 295 1088 288 1088 276 1089 269 1089 543 1089 276 1090 543 1090 554 1090 543 1091 523 1091 554 1091 554 1092 523 1092 131 1092 554 1093 131 1093 130 1093 173 1094 171 1094 580 1094 580 1095 171 1095 169 1095 580 1096 169 1096 581 1096 581 1097 169 1097 167 1097 581 1098 167 1098 582 1098 583 1099 584 1099 585 1099 586 1100 587 1100 583 1100 583 1101 585 1101 586 1101 586 1102 585 1102 588 1102 586 1103 588 1103 589 1103 589 1104 588 1104 590 1104 589 1105 590 1105 591 1105 591 1106 592 1106 589 1106 589 1107 592 1107 593 1107 589 1108 593 1108 594 1108 595 1109 596 1109 597 1109 598 1110 599 1110 600 1110 600 1111 599 1111 595 1111 600 1112 595 1112 601 1112 601 1113 595 1113 597 1113 601 1114 597 1114 593 1114 593 1115 597 1115 602 1115 593 1116 602 1116 594 1116 598 1117 603 1117 599 1117 599 1118 603 1118 604 1118 599 1119 604 1119 605 1119 596 1120 595 1120 606 1120 606 1121 595 1121 599 1121 606 1122 599 1122 607 1122 607 1123 599 1123 605 1123 607 1124 605 1124 608 1124 609 1125 87 1125 85 1125 609 1126 85 1126 610 1126 610 1127 85 1127 84 1127 610 1128 84 1128 611 1128 611 1129 84 1129 83 1129 611 1130 83 1130 612 1130 612 1131 83 1131 613 1131 613 1132 83 1132 81 1132 613 1133 81 1133 614 1133 614 1134 81 1134 79 1134 614 1135 79 1135 615 1135 615 1136 79 1136 77 1136 615 1137 77 1137 616 1137 616 1138 77 1138 76 1138 616 1139 76 1139 617 1139 617 1140 76 1140 75 1140 617 1141 75 1141 73 1141 618 1142 617 1142 619 1142 619 1143 617 1143 73 1143 619 1144 73 1144 113 1144 113 1145 112 1145 619 1145 619 1146 112 1146 110 1146 619 1147 110 1147 111 1147 620 1148 621 1148 622 1148 622 1149 621 1149 623 1149 621 1150 624 1150 623 1150 623 1151 624 1151 625 1151 623 1152 625 1152 626 1152 625 1153 627 1153 626 1153 626 1154 627 1154 628 1154 626 1155 628 1155 611 1155 611 1156 628 1156 610 1156 610 1157 628 1157 609 1157 609 1158 628 1158 629 1158 609 1159 629 1159 87 1159 630 1160 631 1160 611 1160 611 1161 631 1161 632 1161 611 1162 632 1162 626 1162 626 1163 632 1163 633 1163 626 1164 633 1164 623 1164 623 1165 633 1165 634 1165 623 1166 634 1166 622 1166 611 1167 612 1167 630 1167 630 1168 612 1168 613 1168 630 1169 613 1169 635 1169 635 1170 613 1170 614 1170 635 1171 614 1171 636 1171 636 1172 614 1172 615 1172 636 1173 615 1173 618 1173 618 1174 615 1174 616 1174 618 1175 616 1175 617 1175 637 1176 638 1176 173 1176 65 1177 639 1177 640 1177 639 1178 65 1178 638 1178 638 1179 65 1179 175 1179 638 1180 175 1180 173 1180 14 1181 18 1181 61 1181 61 1182 18 1182 175 1182 61 1183 175 1183 63 1183 63 1184 175 1184 65 1184 111 1185 65 1185 619 1185 619 1186 65 1186 640 1186 619 1187 640 1187 641 1187 641 1188 640 1188 642 1188 641 1189 642 1189 643 1189 644 1190 645 1190 646 1190 646 1191 645 1191 584 1191 646 1192 584 1192 647 1192 637 1193 173 1193 646 1193 646 1194 173 1194 580 1194 646 1195 580 1195 644 1195 648 1196 649 1196 642 1196 642 1197 649 1197 650 1197 642 1198 650 1198 643 1198 584 1199 583 1199 647 1199 647 1200 583 1200 587 1200 647 1201 587 1201 651 1201 652 1202 653 1202 642 1202 642 1203 653 1203 654 1203 642 1204 654 1204 648 1204 651 1205 655 1205 647 1205 647 1206 655 1206 656 1206 647 1207 656 1207 657 1207 652 1208 642 1208 658 1208 658 1209 642 1209 659 1209 658 1210 659 1210 660 1210 657 1211 661 1211 647 1211 647 1212 661 1212 662 1212 647 1213 662 1213 663 1213 663 1214 662 1214 664 1214 641 1215 643 1215 665 1215 665 1216 643 1216 650 1216 665 1217 650 1217 666 1217 666 1218 650 1218 667 1218 666 1219 667 1219 668 1219 668 1220 667 1220 669 1220 669 1221 667 1221 670 1221 670 1222 667 1222 671 1222 670 1223 671 1223 672 1223 672 1224 671 1224 673 1224 672 1225 673 1225 674 1225 675 1226 676 1226 677 1226 677 1227 676 1227 678 1227 677 1228 678 1228 679 1228 679 1229 678 1229 680 1229 681 1230 682 1230 683 1230 682 1231 681 1231 684 1231 685 1232 686 1232 681 1232 681 1233 686 1233 687 1233 681 1234 687 1234 684 1234 673 1235 680 1235 674 1235 674 1236 680 1236 678 1236 674 1237 678 1237 683 1237 683 1238 678 1238 676 1238 683 1239 676 1239 681 1239 681 1240 676 1240 675 1240 681 1241 675 1241 685 1241 94 1242 93 1242 688 1242 689 1243 690 1243 665 1243 665 1244 690 1244 641 1244 641 1245 690 1245 618 1245 641 1246 618 1246 619 1246 649 1247 691 1247 650 1247 650 1248 691 1248 667 1248 692 1249 671 1249 693 1249 693 1250 671 1250 667 1250 693 1251 667 1251 694 1251 694 1252 667 1252 691 1252 673 1253 695 1253 680 1253 680 1254 695 1254 688 1254 686 1255 685 1255 93 1255 686 1256 93 1256 687 1256 687 1257 93 1257 91 1257 687 1258 91 1258 684 1258 685 1259 675 1259 93 1259 93 1260 675 1260 677 1260 93 1261 677 1261 688 1261 688 1262 677 1262 679 1262 688 1263 679 1263 680 1263 696 1264 674 1264 697 1264 697 1265 674 1265 683 1265 697 1266 683 1266 91 1266 91 1267 683 1267 682 1267 91 1268 682 1268 684 1268 665 1269 666 1269 689 1269 689 1270 666 1270 668 1270 689 1271 668 1271 698 1271 698 1272 668 1272 669 1272 698 1273 669 1273 699 1273 699 1274 669 1274 670 1274 699 1275 670 1275 696 1275 696 1276 670 1276 672 1276 696 1277 672 1277 674 1277 100 1278 94 1278 700 1278 700 1279 94 1279 688 1279 700 1280 688 1280 692 1280 692 1281 688 1281 695 1281 692 1282 695 1282 671 1282 671 1283 695 1283 673 1283 701 1284 702 1284 703 1284 218 1285 200 1285 704 1285 704 1286 200 1286 705 1286 704 1287 705 1287 706 1287 706 1288 705 1288 702 1288 707 1289 708 1289 709 1289 709 1290 708 1290 701 1290 710 1291 711 1291 712 1291 712 1292 711 1292 707 1292 659 1293 642 1293 713 1293 691 1294 649 1294 648 1294 691 1295 648 1295 714 1295 714 1296 648 1296 654 1296 714 1297 654 1297 715 1297 715 1298 654 1298 653 1298 715 1299 653 1299 716 1299 716 1300 653 1300 652 1300 716 1301 652 1301 717 1301 717 1302 652 1302 658 1302 717 1303 658 1303 718 1303 718 1304 658 1304 660 1304 718 1305 660 1305 719 1305 719 1306 660 1306 659 1306 719 1307 659 1307 720 1307 720 1308 659 1308 713 1308 720 1309 713 1309 710 1309 710 1310 712 1310 720 1310 720 1311 712 1311 721 1311 720 1312 721 1312 719 1312 719 1313 721 1313 722 1313 719 1314 722 1314 718 1314 718 1315 722 1315 723 1315 718 1316 723 1316 717 1316 717 1317 723 1317 724 1317 717 1318 724 1318 716 1318 716 1319 724 1319 725 1319 716 1320 725 1320 715 1320 715 1321 725 1321 726 1321 715 1322 726 1322 714 1322 714 1323 726 1323 694 1323 714 1324 694 1324 691 1324 707 1325 709 1325 712 1325 712 1326 709 1326 727 1326 712 1327 727 1327 721 1327 721 1328 727 1328 728 1328 721 1329 728 1329 722 1329 722 1330 728 1330 729 1330 722 1331 729 1331 723 1331 723 1332 729 1332 730 1332 723 1333 730 1333 724 1333 724 1334 730 1334 731 1334 724 1335 731 1335 725 1335 725 1336 731 1336 732 1336 725 1337 732 1337 726 1337 726 1338 732 1338 693 1338 726 1339 693 1339 694 1339 701 1340 703 1340 709 1340 709 1341 703 1341 733 1341 709 1342 733 1342 727 1342 727 1343 733 1343 734 1343 727 1344 734 1344 728 1344 728 1345 734 1345 735 1345 728 1346 735 1346 729 1346 729 1347 735 1347 736 1347 729 1348 736 1348 730 1348 730 1349 736 1349 737 1349 730 1350 737 1350 731 1350 731 1351 737 1351 738 1351 731 1352 738 1352 732 1352 732 1353 738 1353 692 1353 732 1354 692 1354 693 1354 702 1355 705 1355 703 1355 703 1356 705 1356 739 1356 703 1357 739 1357 733 1357 733 1358 739 1358 740 1358 733 1359 740 1359 734 1359 734 1360 740 1360 741 1360 734 1361 741 1361 735 1361 735 1362 741 1362 742 1362 735 1363 742 1363 736 1363 736 1364 742 1364 743 1364 736 1365 743 1365 737 1365 737 1366 743 1366 744 1366 737 1367 744 1367 738 1367 738 1368 744 1368 700 1368 738 1369 700 1369 692 1369 200 1370 202 1370 705 1370 705 1371 202 1371 211 1371 705 1372 211 1372 739 1372 739 1373 211 1373 209 1373 739 1374 209 1374 740 1374 740 1375 209 1375 207 1375 740 1376 207 1376 741 1376 741 1377 207 1377 205 1377 741 1378 205 1378 742 1378 742 1379 205 1379 215 1379 742 1380 215 1380 743 1380 743 1381 215 1381 216 1381 743 1382 216 1382 744 1382 744 1383 216 1383 100 1383 744 1384 100 1384 700 1384 745 1385 746 1385 713 1385 713 1386 746 1386 710 1386 701 1387 708 1387 747 1387 747 1388 708 1388 707 1388 747 1389 707 1389 746 1389 746 1390 707 1390 711 1390 746 1391 711 1391 710 1391 701 1392 747 1392 702 1392 702 1393 747 1393 748 1393 702 1394 748 1394 706 1394 749 1395 218 1395 748 1395 748 1396 218 1396 704 1396 748 1397 704 1397 706 1397 713 1398 642 1398 745 1398 745 1399 642 1399 640 1399 745 1400 640 1400 639 1400 639 1401 750 1401 745 1401 745 1402 750 1402 751 1402 745 1403 751 1403 746 1403 746 1404 751 1404 752 1404 746 1405 752 1405 747 1405 747 1406 752 1406 753 1406 753 1407 754 1407 747 1407 747 1408 754 1408 755 1408 747 1409 755 1409 748 1409 748 1410 755 1410 756 1410 748 1411 756 1411 749 1411 757 1412 750 1412 758 1412 758 1413 750 1413 639 1413 758 1414 639 1414 638 1414 759 1415 754 1415 760 1415 760 1416 754 1416 753 1416 760 1417 753 1417 761 1417 761 1418 753 1418 752 1418 761 1419 752 1419 757 1419 757 1420 752 1420 751 1420 757 1421 751 1421 750 1421 762 1422 749 1422 763 1422 763 1423 749 1423 756 1423 763 1424 756 1424 759 1424 759 1425 756 1425 755 1425 759 1426 755 1426 754 1426 762 1427 763 1427 764 1427 764 1428 763 1428 759 1428 764 1429 759 1429 765 1429 765 1430 759 1430 760 1430 765 1431 760 1431 766 1431 766 1432 760 1432 761 1432 766 1433 761 1433 767 1433 767 1434 761 1434 757 1434 767 1435 757 1435 768 1435 768 1436 757 1436 758 1436 768 1437 758 1437 638 1437 618 1438 690 1438 636 1438 636 1439 690 1439 689 1439 636 1440 689 1440 635 1440 621 1441 620 1441 91 1441 91 1442 620 1442 622 1442 91 1443 622 1443 634 1443 634 1444 633 1444 91 1444 91 1445 633 1445 632 1445 91 1446 632 1446 697 1446 697 1447 632 1447 631 1447 697 1448 631 1448 696 1448 696 1449 631 1449 630 1449 696 1450 630 1450 699 1450 699 1451 630 1451 635 1451 699 1452 635 1452 698 1452 698 1453 635 1453 689 1453 621 1454 91 1454 624 1454 624 1455 91 1455 89 1455 624 1456 89 1456 625 1456 629 1457 628 1457 627 1457 625 1458 89 1458 627 1458 627 1459 89 1459 87 1459 627 1460 87 1460 629 1460 580 1461 581 1461 644 1461 644 1462 581 1462 582 1462 644 1463 582 1463 645 1463 582 1464 167 1464 645 1464 645 1465 167 1465 769 1465 645 1466 769 1466 770 1466 771 1467 772 1467 773 1467 773 1468 772 1468 774 1468 773 1469 774 1469 775 1469 775 1470 774 1470 776 1470 775 1471 776 1471 777 1471 777 1472 776 1472 770 1472 777 1473 770 1473 778 1473 778 1474 770 1474 769 1474 779 1475 780 1475 781 1475 782 1476 783 1476 780 1476 780 1477 783 1477 784 1477 784 1478 785 1478 780 1478 780 1479 785 1479 786 1479 780 1480 786 1480 787 1480 787 1481 772 1481 780 1481 780 1482 772 1482 771 1482 780 1483 771 1483 788 1483 788 1484 771 1484 153 1484 781 1485 789 1485 779 1485 779 1486 789 1486 790 1486 779 1487 790 1487 780 1487 780 1488 790 1488 791 1488 780 1489 791 1489 782 1489 155 1490 153 1490 771 1490 167 1491 165 1491 769 1491 769 1492 165 1492 164 1492 769 1493 164 1493 778 1493 778 1494 164 1494 777 1494 777 1495 164 1495 162 1495 777 1496 162 1496 775 1496 775 1497 162 1497 160 1497 775 1498 160 1498 773 1498 773 1499 160 1499 158 1499 773 1500 158 1500 771 1500 771 1501 158 1501 157 1501 771 1502 157 1502 155 1502 256 1503 231 1503 792 1503 792 1504 231 1504 230 1504 792 1505 230 1505 762 1505 762 1506 230 1506 199 1506 762 1507 199 1507 749 1507 749 1508 199 1508 198 1508 749 1509 198 1509 218 1509 253 1510 256 1510 793 1510 794 1511 795 1511 796 1511 796 1512 795 1512 647 1512 796 1513 647 1513 663 1513 797 1514 798 1514 799 1514 799 1515 798 1515 794 1515 800 1516 801 1516 802 1516 802 1517 801 1517 797 1517 250 1518 253 1518 803 1518 803 1519 253 1519 793 1519 803 1520 793 1520 804 1520 248 1521 250 1521 805 1521 805 1522 250 1522 803 1522 805 1523 803 1523 806 1523 806 1524 803 1524 804 1524 806 1525 804 1525 807 1525 247 1526 248 1526 808 1526 808 1527 248 1527 805 1527 808 1528 805 1528 809 1528 809 1529 805 1529 806 1529 809 1530 806 1530 802 1530 802 1531 806 1531 807 1531 802 1532 807 1532 800 1532 797 1533 799 1533 802 1533 802 1534 799 1534 810 1534 802 1535 810 1535 809 1535 809 1536 810 1536 811 1536 809 1537 811 1537 808 1537 808 1538 811 1538 812 1538 808 1539 812 1539 247 1539 813 1540 814 1540 815 1540 815 1541 814 1541 816 1541 815 1542 816 1542 817 1542 817 1543 816 1543 818 1543 817 1544 818 1544 819 1544 819 1545 818 1545 820 1545 819 1546 820 1546 821 1546 821 1547 820 1547 796 1547 821 1548 796 1548 664 1548 664 1549 796 1549 663 1549 220 1550 219 1550 812 1550 812 1551 219 1551 245 1551 812 1552 245 1552 247 1552 822 1553 813 1553 823 1553 823 1554 813 1554 815 1554 823 1555 815 1555 824 1555 824 1556 815 1556 817 1556 824 1557 817 1557 825 1557 825 1558 817 1558 819 1558 825 1559 819 1559 826 1559 826 1560 819 1560 821 1560 826 1561 821 1561 662 1561 662 1562 821 1562 664 1562 827 1563 828 1563 651 1563 651 1564 828 1564 655 1564 656 1565 655 1565 829 1565 829 1566 655 1566 828 1566 829 1567 828 1567 830 1567 830 1568 828 1568 827 1568 830 1569 827 1569 831 1569 657 1570 656 1570 832 1570 832 1571 656 1571 829 1571 832 1572 829 1572 833 1572 833 1573 829 1573 830 1573 833 1574 830 1574 834 1574 834 1575 830 1575 831 1575 834 1576 831 1576 835 1576 661 1577 657 1577 836 1577 836 1578 657 1578 832 1578 836 1579 832 1579 837 1579 837 1580 832 1580 833 1580 837 1581 833 1581 838 1581 838 1582 833 1582 834 1582 838 1583 834 1583 839 1583 839 1584 834 1584 835 1584 839 1585 835 1585 840 1585 662 1586 661 1586 826 1586 826 1587 661 1587 836 1587 826 1588 836 1588 825 1588 825 1589 836 1589 837 1589 825 1590 837 1590 824 1590 824 1591 837 1591 838 1591 824 1592 838 1592 823 1592 823 1593 838 1593 839 1593 823 1594 839 1594 822 1594 822 1595 839 1595 840 1595 822 1596 840 1596 841 1596 794 1597 796 1597 799 1597 799 1598 796 1598 820 1598 799 1599 820 1599 810 1599 810 1600 820 1600 818 1600 810 1601 818 1601 811 1601 811 1602 818 1602 816 1602 811 1603 816 1603 812 1603 812 1604 816 1604 814 1604 812 1605 814 1605 220 1605 220 1606 814 1606 813 1606 220 1607 813 1607 242 1607 242 1608 813 1608 822 1608 242 1609 822 1609 241 1609 241 1610 822 1610 841 1610 241 1611 841 1611 134 1611 794 1612 842 1612 843 1612 844 1613 800 1613 845 1613 845 1614 800 1614 807 1614 845 1615 807 1615 804 1615 798 1616 797 1616 844 1616 844 1617 797 1617 801 1617 844 1618 801 1618 800 1618 794 1619 843 1619 795 1619 795 1620 843 1620 646 1620 795 1621 646 1621 647 1621 804 1622 793 1622 845 1622 845 1623 793 1623 256 1623 845 1624 256 1624 792 1624 846 1625 847 1625 844 1625 844 1626 847 1626 842 1626 844 1627 842 1627 798 1627 798 1628 842 1628 794 1628 637 1629 646 1629 848 1629 848 1630 646 1630 843 1630 848 1631 843 1631 849 1631 849 1632 843 1632 842 1632 849 1633 842 1633 850 1633 850 1634 842 1634 847 1634 792 1635 851 1635 845 1635 845 1636 851 1636 852 1636 845 1637 852 1637 844 1637 844 1638 852 1638 853 1638 844 1639 853 1639 846 1639 768 1640 638 1640 637 1640 637 1641 848 1641 768 1641 768 1642 848 1642 849 1642 768 1643 849 1643 767 1643 767 1644 849 1644 850 1644 767 1645 850 1645 766 1645 850 1646 847 1646 766 1646 766 1647 847 1647 846 1647 766 1648 846 1648 765 1648 792 1649 762 1649 851 1649 851 1650 762 1650 764 1650 851 1651 764 1651 852 1651 852 1652 764 1652 765 1652 852 1653 765 1653 853 1653 853 1654 765 1654 846 1654 781 1655 780 1655 788 1655 784 1656 783 1656 150 1656 150 1657 783 1657 782 1657 150 1658 782 1658 791 1658 788 1659 153 1659 781 1659 781 1660 153 1660 151 1660 781 1661 151 1661 789 1661 789 1662 151 1662 150 1662 789 1663 150 1663 790 1663 790 1664 150 1664 791 1664 784 1665 150 1665 785 1665 785 1666 150 1666 854 1666 785 1667 854 1667 786 1667 786 1668 854 1668 855 1668 786 1669 855 1669 787 1669 774 1670 856 1670 776 1670 776 1671 856 1671 857 1671 776 1672 857 1672 770 1672 787 1673 855 1673 772 1673 772 1674 855 1674 858 1674 772 1675 858 1675 774 1675 774 1676 858 1676 859 1676 774 1677 859 1677 856 1677 604 1678 603 1678 150 1678 606 1679 135 1679 596 1679 596 1680 135 1680 860 1680 596 1681 860 1681 597 1681 606 1682 607 1682 135 1682 135 1683 607 1683 608 1683 135 1684 608 1684 150 1684 150 1685 608 1685 605 1685 150 1686 605 1686 604 1686 603 1687 598 1687 150 1687 150 1688 598 1688 600 1688 150 1689 600 1689 854 1689 854 1690 600 1690 601 1690 854 1691 601 1691 855 1691 855 1692 601 1692 593 1692 855 1693 593 1693 858 1693 593 1694 592 1694 858 1694 858 1695 592 1695 591 1695 858 1696 591 1696 859 1696 859 1697 591 1697 590 1697 859 1698 590 1698 856 1698 856 1699 590 1699 588 1699 856 1700 588 1700 857 1700 857 1701 588 1701 585 1701 857 1702 585 1702 770 1702 770 1703 585 1703 584 1703 770 1704 584 1704 645 1704 597 1705 860 1705 602 1705 602 1706 860 1706 861 1706 602 1707 861 1707 594 1707 594 1708 831 1708 589 1708 589 1709 831 1709 827 1709 589 1710 827 1710 586 1710 586 1711 827 1711 651 1711 586 1712 651 1712 587 1712 135 1713 134 1713 860 1713 860 1714 134 1714 841 1714 860 1715 841 1715 861 1715 861 1716 841 1716 840 1716 861 1717 840 1717 594 1717 594 1718 840 1718 835 1718 594 1719 835 1719 831 1719</p>
        </triangles>
      </mesh>
    </geometry>
  </library_geometries>
  <library_visual_scenes>
    <visual_scene id="Scene" name="Scene">
      <node id="link_sensor" name="link_sensor" type="NODE">
        <matrix sid="transform">1 0 0 0 0 1 0 0 0 0 1 0 0 0 0 1</matrix>
        <instance_geometry url="#link_sensor-mesh" name="link_sensor">
          <bind_material>
            <technique_common>
              <instance_material symbol="black-material" target="#black-material"/>
            </technique_common>
          </bind_material>
        </instance_geometry>
      </node>
    </visual_scene>
  </library_visual_scenes>
  <scene>
    <instance_visual_scene url="#Scene"/>
  </scene>
</COLLADA>