<?xml version="1.0" encoding="utf-8"?>
<COLLADA xmlns="http://www.collada.org/2005/11/COLLADASchema" version="1.4.1" xmlns:xsi="http://www.w3.org/2001/XMLSchema-instance">
  <asset>
    <contributor>
      <author>Blender User</author>
      <authoring_tool>Blender 4.5.7 LTS commit date:2026-02-16, commit time:13:34, hash:a9874eeece8d</authoring_tool>
    </contributor>
    <created>2026-09-30T16:38:34</created>
    <modified>2026-09-30T16:38:34</modified>
    <unit name="meter" meter="1"/>
    <up_axis>Z_UP</up_axis>
  </asset>
  <library_effects>
    <effect id="base-effect">
      <profile_COMMON>
        <technique sid="common">
          <lambert>
            <emission>
              <color sid="emission">0 0 0 1</color>
            </emission>
            <diffuse>
              <color sid="diffuse">0.22 0.22 0.17 1</color>
            </diffuse>
            <index_of_refraction>
              <float sid="ior">1.5</float>
            </index_of_refraction>
          </lambert>
        </technique>
      </profile_COMMON>
    </effect>
  </library_effects>
  <library_images/>
  <library_materials>
    <material id="base-material" name="base">
      <instance_effect url="#base-effect"/>
    </material>
  </library_materials>
  <library_geometries>
    <geometry id="link_1-mesh" name="link_1">
      <mesh>
        <source id="link_1-mesh-positions">
          <float_array id="link_1-mesh-positions-array" count="5319">0.01099997 0.007421374 0.00577712 0.01099997 0.006509125 0.006181418 0.01099997 0.005905747 0.006976127 0.01099997 0.008800446 0.009451866 0.01099997 0.009191811 0.009136021 0.01099997 0.009375929 0.00862354 0.01099997 0.005761384 0.007963418 0.01099997 0.006111979 0.008897542 0.01099997 0.006870269 0.009546101 0.01099997 0.0084154 0.005863904 0.01099997 0.009243786 0.006420135 0.01099997 0.009499967 0.006781697 0.01099997 0.009499967 0.007699966 0.01099997 0.007847487 0.009747564 0.01099997 -0.009243786 0.006420135 0.01099997 -0.009499967 0.006781697 0.01099997 -0.009499967 0.007699966 0.01099997 -0.007421374 0.00577712 0.01099997 -0.0084154 0.005863904 0.01099997 -0.009375929 0.00862354 0.01099997 -0.005761384 0.007963418 0.01099997 -0.005905747 0.006976127 0.01099997 -0.006509125 0.006181418 0.01099997 -0.008800446 0.009451866 0.01099997 -0.007847487 0.009747564 0.01099997 -0.006870269 0.009546101 0.01099997 -0.009191811 0.009136021 0.01099997 -0.006111979 0.008897542 0.007123887 -0.003999948 0.01119995 0.007123887 -0.004499971 0.01106601 0.007463395 -0.004538893 0.01106601 0.008147239 -0.005209863 0.01090705 0.008311212 -0.005083322 0.01106601 0.008072912 -0.004838347 0.01106601 0.007123887 -0.004866003 0.01069998 0.007380545 -0.004895448 0.01069998 0.007123887 -0.004999995 0.01019996 0.007350206 -0.005025923 0.01019996 0.007564842 -0.005102455 0.01019996 0.00762391 -0.004982173 0.01069998 0.007756531 -0.005225539 0.01019996 0.007841289 -0.005121827 0.01069998 0.007915437 -0.005388855 0.01019996 0.008021473 -0.005306959 0.01069998 0.00778532 -0.004653692 0.01106601 0.007576584 -0.004051864 0.01119995 0.008005797 -0.004204928 0.01119995 0.008389234 -0.004451155 0.01119995 0.008706986 -0.004777729 0.01119995 0 -0.004999995 0.01019996 0 -0.004866003 0.01069998 0 -0.004499971 0.01106601 0 -0.003999948 0.01119995 0 -0.004866003 0.01069998 -7.61214e-4 -0.004806101 0.01069998 0 -0.004499971 0.01106601 -7.03955e-4 -0.004444539 0.01106601 -6.25738e-4 -0.003950715 0.01119995 -0.001236021 -0.003804206 0.01119995 -0.001390576 -0.004279732 0.01106601 -0.001815915 -0.003564 0.01119995 -0.002042949 -0.004009485 0.01106601 -0.002351105 -0.003236055 0.01119995 -0.002645015 -0.003640532 0.01106601 -0.002828419 -0.002828419 0.01119995 -0.003181934 -0.003181934 0.01106601 -0.003236055 -0.002351105 0.01119995 -0.003640532 -0.002645015 0.01106601 -0.003564 -0.001815915 0.01119995 -0.004009485 -0.002042949 0.01106601 -0.003804206 -0.001236021 0.01119995 -0.004279732 -0.001390576 0.01106601 -0.003950715 -6.25738e-4 0.01119995 -0.004444539 -7.03955e-4 0.01106601 -0.003999948 0 0.01119995 -0.004499971 0 0.01106601 -0.003950715 6.25738e-4 0.01119995 -0.004444539 7.03955e-4 0.01106601 -0.003804206 0.001236021 0.01119995 -0.004279732 0.001390576 0.01106601 -0.003564 0.001815915 0.01119995 -0.004009485 0.002042949 0.01106601 -0.003236055 0.002351105 0.01119995 -0.003640532 0.002645015 0.01106601 -0.002828419 0.002828419 0.01119995 -0.003181934 0.003181934 0.01106601 -0.002351105 0.003236055 0.01119995 -0.002645015 0.003640532 0.01106601 -0.001815915 0.003564 0.01119995 -0.002042949 0.004009485 0.01106601 -0.001236021 0.003804206 0.01119995 -0.001390576 0.004279732 0.01106601 -6.25738e-4 0.003950715 0.01119995 -7.03955e-4 0.004444539 0.01106601 0 0.003999948 0.01119995 0 0.004499971 0.01106601 -0.001503646 -0.004627823 0.01069998 -0.002209126 -0.004335641 0.01069998 -0.002860128 -0.003936648 0.01069998 -0.003440797 -0.003440797 0.01069998 -0.003936648 -0.002860128 0.01069998 -0.004335641 -0.002209126 0.01069998 -0.004627823 -0.001503646 0.01069998 -0.004806101 -7.61214e-4 0.01069998 -0.004866003 0 0.01069998 -0.004806101 7.61214e-4 0.01069998 -0.004627823 0.001503646 0.01069998 -0.004335641 0.002209126 0.01069998 -0.003936648 0.002860128 0.01069998 -0.003440797 0.003440797 0.01069998 -0.002860128 0.003936648 0.01069998 -0.002209126 0.004335641 0.01069998 -0.001503646 0.004627823 0.01069998 -7.61214e-4 0.004806101 0.01069998 0 0.004866003 0.01069998 -7.82172e-4 -0.004938423 0.01019996 -0.001545071 -0.004755258 0.01019996 -0.002269923 -0.004455029 0.01019996 -0.002938926 -0.004045069 0.01019996 -0.003535509 -0.003535509 0.01019996 -0.004045069 -0.002938926 0.01019996 -0.004455029 -0.002269923 0.01019996 -0.004755258 -0.001545071 0.01019996 -0.004938423 -7.82172e-4 0.01019996 -0.004999995 0 0.01019996 -0.004938423 7.82172e-4 0.01019996 -0.004755258 0.001545071 0.01019996 -0.004455029 0.002269923 0.01019996 -0.004045069 0.002938926 0.01019996 -0.003535509 0.003535509 0.01019996 -0.002938926 0.004045069 0.01019996 -0.002269923 0.004455029 0.01019996 -0.001545071 0.004755258 0.01019996 -7.82172e-4 0.004938423 0.01019996 0 0.004999995 0.01019996 0.007123887 0.004999995 0.01019996 0.007123887 0.004866003 0.01069998 0.007123887 0.004499971 0.01106601 0.007123887 0.003999948 0.01119995 0.008706986 0.004777729 0.01119995 0.008311212 0.005083322 0.01106601 0.008072912 0.004838347 0.01106601 0.008021473 0.005306959 0.01069998 0.007841289 0.005121827 0.01069998 0.007915437 0.005388855 0.01019996 0.007756531 0.005225539 0.01019996 0.007564842 0.005102455 0.01019996 0.00762391 0.004982173 0.01069998 0.007350206 0.005025923 0.01019996 0.007380545 0.004895448 0.01069998 0.00778532 0.004653692 0.01106601 0.007463395 0.004538893 0.01106601 0.008389234 0.004451155 0.01119995 0.008005797 0.004204928 0.01119995 0.007576584 0.004051864 0.01119995 0.00999999 -0.005905747 -0.006976127 0.00999999 -0.006509125 -0.006181418 0.00999999 0.006372451 0.006299972 0.00999999 0.007421374 -0.00577712 0.00999999 0.006509125 -0.006181418 0.00999999 0.007421374 0.00577712 0.00999999 0.006509125 0.006181418 0.00999999 -0.008499979 -0.005895912 0.00999999 -0.008499979 0.005895912 0.00999999 -0.0084154 0.005863904 0.00999999 0.008499979 0.005895912 0.00999999 0.008499979 -0.005895912 0.00999999 0.0084154 -0.005863904 0.00999999 0.00580126 -0.007299959 0.00999999 -0.00580126 -0.007299959 0.00999999 0.005905747 -0.006976127 0.00999999 -0.006372451 0.006299972 0.00999999 -0.006509125 0.006181418 0.00999999 -0.007421374 0.00577712 0.00999999 -0.007421374 -0.00577712 0.00999999 -0.0084154 -0.005863904 0.00999999 0.0084154 0.005863904 0.009526252 -0.005999982 0.01119995 0.009207487 -0.006184041 0.01112973 0.00919485 -0.006191313 0.01112383 0.008913874 -0.006353497 0.01090705 0.008726119 -0.006461918 0.01058268 0.008660197 -0.006499946 0.01019996 0.008660197 0.006499946 0.01019996 0.008776247 0.00643301 0.01069998 0.008913874 0.006353497 0.01090705 0.009093225 0.006249964 0.01106601 0.009526252 0.005999982 0.01119995 0.009207487 0.006184041 0.01112973 0.01399999 0.005999982 0.01119995 0.01399999 -0.005999982 0.01119995 -0.003999948 0 0.01119995 0.007123887 -0.004999995 0.006299972 0.007564842 -0.005102455 0.006299972 0.007915437 -0.005388855 0.006299972 0.007915437 0.005388855 0.006299972 0.007564842 0.005102455 0.006299972 0.007123887 0.004999995 0.006299972 0 -0.004999995 0.006299972 0 0.004999995 0.006299972 -0.001545071 0.004755258 0.006299972 -0.002938926 0.004045069 0.006299972 -0.004045069 0.002938926 0.006299972 -0.004755258 0.001545071 0.006299972 -0.004999995 0 0.006299972 -0.004999995 0 0.01019996 -0.004755258 -0.001545071 0.006299972 -0.004045069 -0.002938926 0.006299972 -0.002938926 -0.004045069 0.006299972 -0.001545071 -0.004755258 0.006299972 0.00907433 0.007154166 0.01044291 0.009280443 0.007139503 0.01075404 0.009576737 0.007902562 0.01037347 0.009511411 0.008273541 0.009680211 0.009290993 0.007801651 0.009749293 0.009360909 0.007826507 0.01010757 0.009248733 0.007697343 0.009824872 0.00901091 0.007163763 0.01009094 0.01033979 0.009160637 0.00916779 0.01012516 0.009045958 0.009273231 0.01015567 0.008936583 0.00951147 0.009922862 0.008865296 0.009409785 0.01008027 0.008641898 0.009918153 0.009865999 0.007906556 0.01057177 0.01017361 0.007843911 0.01067483 0.01022166 0.008010089 0.01056516 0.01051807 0.009191811 0.009136021 0.01046365 0.008949935 0.009583771 0.01044327 0.008862674 0.009713828 0.01036542 0.00854516 0.01010245 0.00998342 0.008293211 0.01027566 0.00981754 0.008743166 0.00948584 0.009789884 0.008566021 0.00976324 0.009570479 0.007058918 0.01097524 0.00975126 0.006573438 0.0111528 0.009876608 0.006920158 0.01107686 0.009881436 0.006933927 0.01107305 0.01010704 0.007622063 0.01080137 0.0096215 0.008463501 0.009618401 0.009483695 -0.008221566 0.009693622 0.009790003 -0.008566379 0.009762823 0.009578466 -0.007907509 0.01037007 0.009759366 -0.008667469 0.009527146 0.01008623 -0.009016513 0.009297847 0.01015573 -0.008936882 0.009510815 0.01033627 -0.009159386 0.009168982 0.01051807 -0.009191811 0.009136021 0.009362578 -0.007830858 0.01010459 0.009250342 -0.007701158 0.009822249 0.009290993 -0.007801651 0.009749293 0.009959816 -0.007163047 0.01100111 0.009883999 -0.006941378 0.01107102 0.009573101 -0.007065832 0.01097303 0.01017534 -0.007849812 0.01067119 0.009867727 -0.007912039 0.0105682 0.01047199 -0.008986055 0.009525775 0.01046371 -0.008950233 0.009583115 0.01008039 -0.008642315 0.009917736 0.01038783 -0.008634269 0.0100044 0.009984076 -0.008295476 0.01027363 0.01029133 -0.008261859 0.01037091 0.01027095 -0.008186995 0.01043254 0.009283125 -0.007145762 0.01075196 0.009076893 -0.007159709 0.01044112 0.009012281 -0.007166624 0.01008999 0.01399999 -0.008863508 0.009712517 0.01399999 -0.009166836 0.009190201 0.01399999 -0.009375929 0.00862354 0.01399999 -0.009499967 0.007699966 0.01399999 -0.008474826 0.01017487 0.01399999 -0.008012473 0.01056349 0.01399999 -0.006923556 0.01107591 0.01399999 0.008012473 0.01056349 0.01399999 0.006923556 0.01107591 0.01399999 0.009375929 0.00862354 0.01399999 0.009166836 0.009190201 0.01399999 0.008863508 0.009712517 0.01399999 0.009499967 0.007699966 0.01399999 0.009492158 0.007933437 0.01399999 0.009468793 0.008165895 0.01000154 0.008555829 -0.005919516 0.01004421 0.008794248 0.006044328 0.01008003 0.008891999 -0.006108105 0.01024132 0.009151458 -0.006323277 0.01021337 0.009117424 0.006290793 0.01029253 0.009206771 -0.006379663 0.01029264 0.009206831 0.006379723 0.01050502 0.009368896 -0.006575763 0.01048988 0.009360074 0.006563782 0.01076412 0.009471774 0.006732404 0.01077836 0.009475111 -0.006738066 0.01099997 0.009499967 -0.006781697 0.01024132 -0.009151458 0.006323277 0.01048988 -0.009360074 -0.006563782 0.01050502 -0.009368896 0.006575763 0.01076412 -0.009471774 -0.006732404 0.01077836 -0.009475111 0.006738066 0.01099997 -0.009499967 -0.006781697 0.01004421 -0.008794248 -0.006044328 0.01021337 -0.009117424 -0.006290793 0.01029264 -0.009206831 -0.006379723 0.01000154 -0.008555829 0.005919516 0.01008003 -0.008891999 0.006108105 0.01699995 0.009499967 0.007799983 0.01699995 0.009499967 -0.008985757 0.01399999 0.009499967 -0.007699966 0.01399999 0.009499967 -0.008985757 0.01099997 0.009499967 -0.007699966 0.01399999 0.009499967 0.007799983 0.01399999 -0.009499967 -0.007699966 0.01399999 -0.009499967 -0.008985757 0.01699995 -0.009499967 -0.008985757 0.01099997 -0.009499967 -0.007699966 0.01699995 -0.009499967 0.007799983 0.01399999 -0.009499967 0.007799983 0.008399367 0.006073176 0.008840382 0.008589863 0.006380021 0.009207189 0.008828043 0.006802618 0.00951147 0.008193135 0.00576657 0.007492423 0.008190751 0.005763113 0.007978796 0.008262097 0.005866408 0.008422672 0.008268654 0.005876004 0.007050812 0.008411586 0.006092131 0.006631016 0.008585333 0.006372451 0.006299972 0.009070158 0.007289052 0.009696185 0.008585333 -0.006372451 0.006299972 0.008384704 -0.006050586 0.006695389 0.008289277 -0.005906462 0.006974101 0.008246719 -0.005843877 0.007143914 0.008183598 -0.00575298 0.007638335 0.008189558 -0.005761444 0.007963776 0.008204102 -0.005782306 0.008108496 0.008298993 -0.005920886 0.008558988 0.008424758 -0.006112694 0.008898794 0.008465051 -0.006176173 0.008984208 0.008684217 -0.006541728 0.009343922 0.008904814 -0.006949841 0.009583055 0.009144723 -0.007453501 0.009727954 -0.004999995 0 0.006299972 0.008505284 0.006240665 -0.00906223 0.008424937 0.006112933 -0.008898973 0.01099997 0.006111979 -0.008897542 0.008224248 0.005811274 -0.008241415 0.008189558 0.005761444 -0.007964253 0.01099997 0.005761384 -0.007963418 0.01099997 0.0084154 -0.005863904 0.01099997 0.009243786 -0.006420135 0.008181571 0.005750119 -0.007772147 0.008217334 0.00580126 -0.007299959 0.01099997 0.005905747 -0.006976127 0.01099997 0.006509125 -0.006181418 0.01099997 0.007421374 -0.00577712 0.008342325 0.005985856 -0.008692324 0.009177863 0.007529258 -0.009737789 0.01099997 0.006870269 -0.009546101 0.009290993 0.007801651 -0.009749293 0.01099997 0.007847487 -0.009747564 0.009483277 0.008220851 -0.009693801 0.00894159 0.007022559 -0.009613037 0.008863747 0.006870329 -0.00954616 0.008697569 0.006565153 -0.009361267 0.01099997 0.008800446 -0.009451866 0.01099997 0.009191811 -0.009136021 0.01051807 0.009191811 -0.009136021 0.009759783 0.008667886 -0.009526908 0.01008582 0.009015917 -0.009298324 0.01033568 0.009159147 -0.00916928 0.007465541 0.004846751 -0.007299959 0.006285369 0.00372219 -0.007299959 0.005990147 -0.003557145 -0.007299959 0.005990147 0.003557145 -0.007299959 0.005656838 0.003499984 -0.007299959 0.005656838 -0.003499984 -0.007299959 -0.002474844 -0.002474844 -0.007299959 -0.001339375 -0.003233551 -0.007299959 0 -0.003499984 -0.007299959 0.008217334 -0.00580126 -0.007299959 0.007465541 -0.004846751 -0.007299959 0.006285369 -0.00372219 -0.007299959 0 0.003499984 -0.007299959 -0.001339375 0.003233551 -0.007299959 -0.002474844 0.002474844 -0.007299959 -0.003233551 0.001339375 -0.007299959 -0.003499984 0 -0.007299959 -0.003233551 -0.001339375 -0.007299959 0.01099997 -0.008800446 -0.009451866 0.00992465 -0.008866786 -0.009408771 0.01012575 -0.009046077 -0.009273171 0.01033985 -0.009160578 -0.00916779 0.01051807 -0.009191811 -0.009136021 0.01099997 -0.009191811 -0.009136021 0.009290993 -0.007801651 -0.009749293 0.009513199 -0.008276879 -0.009679317 0.01099997 -0.007847487 -0.009747564 0.0096215 -0.008463382 -0.009618461 0.009817183 -0.008742451 -0.009486258 0.009070336 -0.007289469 -0.009696245 0.01099997 -0.006870269 -0.009546101 0.00882852 -0.006803512 -0.009511888 0.008588492 -0.006377756 -0.009205043 0.01099997 -0.006111979 -0.008897542 0.008424818 -0.006112754 -0.008898735 0.008386909 -0.006053984 -0.008809983 0.01099997 -0.005761384 -0.007963418 0.008247852 -0.005845546 -0.008360922 0.008201003 -0.005777776 -0.007417321 0.008184969 -0.005754888 -0.007890164 0.01099997 -0.0084154 -0.005863904 0.01099997 -0.007421374 -0.00577712 0.01099997 -0.006509125 -0.006181418 0.01099997 -0.005905747 -0.006976127 0.01099997 -0.009243786 -0.006420135 0.01036363 -0.008538126 -0.0101099 0.01017516 -0.007849156 -0.01067161 0.01399999 -0.008012473 -0.01056349 0.01399999 -0.006923556 -0.01107591 0.01010453 -0.007613897 -0.0108056 0.00988388 -0.00694096 -0.01107108 0.01399999 -0.005999982 -0.01119995 0.009746432 -0.006560623 -0.01115465 0.009526252 -0.005999982 -0.01119995 0.01099997 -0.009375929 -0.00862354 0.01399999 -0.008863508 -0.009712517 0.01044315 -0.008862435 -0.009713709 0.01046383 -0.008950829 -0.009581685 0.01399999 -0.009375929 -0.00862354 0.01399999 0.009375929 -0.00862354 0.01099997 0.009375929 -0.00862354 0.01047229 0.008987545 -0.009522855 0.01399999 0.008863508 -0.009712517 0.01027095 0.008186995 -0.01043254 0.01029109 0.008261084 -0.01037156 0.01399999 0.008012473 -0.01056349 0.01038765 0.008633673 -0.01000511 0.01046383 0.008950829 -0.009581685 0.01017516 0.007849156 -0.01067161 0.01399999 0.006923556 -0.01107591 0.009959816 0.007163047 -0.01100111 0.00988388 0.00694096 -0.01107108 0.01399999 0.005999982 -0.01119995 0.009526252 0.005999982 -0.01119995 0.009362339 -0.007830321 -0.01010495 0.009250164 -0.007700741 -0.009822547 0.009012281 -0.007166624 -0.01008999 0.01015585 -0.008937418 -0.009509444 0.01008021 -0.008641719 -0.009918391 0.009789824 -0.008565843 -0.009763479 0.009983837 -0.008294761 -0.01027429 0.009578227 -0.007906913 -0.01037043 0.009867548 -0.007911384 -0.01056861 0.009207487 -0.006184041 -0.01112973 0.009572982 -0.007065474 -0.01097315 0.00919485 -0.006191313 -0.01112383 0.009283006 -0.007145404 -0.01075202 0.008913874 -0.006353497 -0.01090705 0.008726119 -0.006461918 -0.01058268 0.009076774 -0.007159411 -0.01044118 0.008660197 -0.006499946 -0.01019996 0.007632493 0.004119455 -0.01112383 0.007907569 0.00385344 -0.01119995 0.0069139 0.002944409 -0.01119995 0.008782744 0.00487709 -0.01119995 0.009207487 0.006184041 -0.01112973 0.00847721 0.005107462 -0.01112383 0.00919485 0.006191313 -0.01112383 0.008913874 0.006353497 -0.01090705 0.008218169 0.005302786 -0.01090705 0.008726119 0.006461918 -0.01058268 0.008045077 0.00543332 -0.01058268 0.008660197 0.006499946 -0.01019996 0.00739926 0.00434494 -0.01090705 0.007243454 0.00449568 -0.01058268 0.006673395 0.003242075 -0.01112383 0.006599605 0.00333333 -0.01106601 0.006469488 0.003494381 -0.01090705 0.00636959 0.003618001 -0.01069998 0.006333231 0.003663003 -0.01058268 0.00798434 0.005479156 -0.01019996 0.007188737 0.004548549 -0.01019996 0.006285369 0.00372219 -0.01019996 0.0069139 -0.002944409 -0.01119995 0.007907569 -0.00385344 -0.01119995 0.006673395 -0.003242075 -0.01112383 0.007632493 -0.004119455 -0.01112383 0.00847721 -0.005107462 -0.01112383 0.008782744 -0.00487709 -0.01119995 0.007243454 -0.00449568 -0.01058268 0.00636959 -0.003618001 -0.01069998 0.00739926 -0.00434494 -0.01090705 0.006469488 -0.003494381 -0.01090705 0.006599605 -0.00333333 -0.01106601 0.007188737 -0.004548549 -0.01019996 0.006285369 -0.00372219 -0.01019996 0.006333231 -0.003663003 -0.01058268 0.008218169 -0.005302786 -0.01090705 0.008045077 -0.00543332 -0.01058268 0.00798434 -0.005479156 -0.01019996 0.006323516 -0.002614378 -0.01119995 0.006156802 -0.003085732 -0.01106601 0.006034791 -0.003430843 -0.01069998 0.005656838 -0.002499997 -0.01119995 0.005656838 -0.002999961 -0.01106601 0.005656838 -0.003365993 -0.01069998 0.005656838 -0.003499984 -0.01019996 0.005990147 -0.003557145 -0.01019996 0 -0.003499984 -0.01019996 0 -0.003423869 -0.01058268 0 -0.003365993 -0.01069998 0 -0.003207087 -0.01090705 0 -0.002499997 -0.01119995 0 -0.002882659 -0.01112383 0 -0.002999961 -0.01106601 -9.64618e-4 -0.003285169 -0.01058268 -9.64618e-4 0.003285169 -0.01058268 -9.86064e-4 0.003358185 -0.01019996 0 0.003499984 -0.01019996 -0.002474844 -0.002474844 -0.01019996 -0.002587556 -0.002242147 -0.01058268 -0.001892209 -0.00294435 -0.01019996 -0.001851081 -0.002880334 -0.01058268 -0.001339375 -0.003233551 -0.01019996 -9.86064e-4 -0.003358185 -0.01019996 -0.002645075 -0.002291977 -0.01019996 -0.003183662 -0.001453936 -0.01019996 -0.003114461 -0.001422286 -0.01058268 -0.003233551 -0.001339375 -0.01019996 -0.003389 -4.87269e-4 -0.01058268 -0.003464341 -4.98102e-4 -0.01019996 -0.003499984 0 -0.01019996 -0.003389 4.87269e-4 -0.01058268 -0.003464341 4.98102e-4 -0.01019996 -0.003233551 0.001339375 -0.01019996 -0.003114461 0.001422286 -0.01058268 -0.003183662 0.001453936 -0.01019996 -0.002645075 0.002291977 -0.01019996 -0.002587556 0.002242147 -0.01058268 -0.002474844 0.002474844 -0.01019996 -0.001851081 0.002880334 -0.01058268 -0.001892209 0.00294435 -0.01019996 -0.001339375 0.003233551 -0.01019996 -9.03546e-4 -0.003077149 -0.01090705 -0.001733839 -0.002697944 -0.01090705 -0.002423763 -0.002100169 -0.01090705 -0.00291723 -0.001332223 -0.01090705 -0.003174424 -4.56419e-4 -0.01090705 -0.003174424 4.56419e-4 -0.01090705 -0.00291723 0.001332223 -0.01090705 -0.002423763 0.002100169 -0.01090705 -0.001733839 0.002697944 -0.01090705 -9.03546e-4 0.003077149 -0.01090705 -8.12146e-4 -0.002765893 -0.01112383 0 0.003423869 -0.01058268 0 0.003365993 -0.01069998 0 0.003207087 -0.01090705 0 0.002999961 -0.01106601 -0.001558482 -0.002425014 -0.01112383 -0.002178549 -0.001887738 -0.01112383 -0.002622127 -0.001197457 -0.01112383 -0.002853333 -4.10249e-4 -0.01112383 -0.002853333 4.10249e-4 -0.01112383 -0.002622127 0.001197457 -0.01112383 -0.002178549 0.001887738 -0.01112383 -0.001558482 0.002425014 -0.01112383 -8.12146e-4 0.002765893 -0.01112383 0 0.002882659 -0.01112383 -7.04331e-4 -0.002398729 -0.01119995 -0.001351594 -0.00210309 -0.01119995 -0.001889348 -0.001637101 -0.01119995 -0.002274036 -0.001038491 -0.01119995 -0.002474546 -3.55787e-4 -0.01119995 -0.002474546 3.55787e-4 -0.01119995 -0.002274036 0.001038491 -0.01119995 -0.001889348 0.001637101 -0.01119995 -0.001351594 0.00210309 -0.01119995 -7.04331e-4 0.002398729 -0.01119995 0 0.002499997 -0.01119995 0.005656838 0.003499984 -0.01019996 0.005656838 0.003365993 -0.01069998 0.005656838 0.002999961 -0.01106601 0.005656838 0.002499997 -0.01119995 0.006156802 0.003085732 -0.01106601 0.006323516 0.002614378 -0.01119995 0.006034791 0.003430843 -0.01069998 0.005990147 0.003557145 -0.01019996 0.009789824 0.008565843 -0.009763419 0.009578227 0.007906913 -0.01037043 0.01015585 0.008937418 -0.009509444 0.009362339 0.007830321 -0.01010495 0.009250164 0.007700741 -0.009822547 0.009572982 0.007065474 -0.01097315 0.009867548 0.007911384 -0.01056861 0.01008021 0.008641719 -0.009918391 0.009983837 0.008294761 -0.01027429 0.009283006 0.007145404 -0.01075202 0.009076774 0.007159411 -0.01044118 0.009012281 0.007166624 -0.01008999 -0.003499984 0 -0.007299959 0.01399999 -0.01119995 -0.01119995 0.01399999 -0.01119995 -0.01109999 0.01399999 -0.009792864 -0.009692847 0.01399999 -0.009576082 -0.009368419 0.01399999 0.01119995 -0.01119995 0.01399999 0.01119995 -0.01109999 0.01399999 0.009792864 -0.009692847 0.01399999 0.009576082 -0.009368419 0.01499998 -0.005035877 -0.01119995 0.01499998 0.005035877 -0.01119995 0.01399999 -0.005035877 -0.01119995 0.01399999 0.005035877 -0.01119995 0.01799994 -0.00577712 -0.03152137 0.01799994 -0.006181418 -0.03060913 0.01799994 -0.006976127 -0.03000575 0.01799994 -0.007699966 -0.03359997 0.01799994 -0.00862354 -0.03347593 0.01799994 -0.007963418 -0.02986139 0.01799994 -0.008897542 -0.03021198 0.01799994 -0.009546101 -0.03097027 0.01799994 -0.005863904 -0.0325154 0.01799994 -0.006420135 -0.03334379 0.01799994 -0.006781697 -0.03359997 0.01799994 -0.009136021 -0.03329181 0.01799994 -0.009451866 -0.03290045 0.01799994 -0.009747564 -0.03194749 0.01799994 -0.009546101 -0.01722967 0.01799994 -0.008897542 -0.01798796 0.01799994 -0.007963418 -0.01833856 0.01799994 -0.006420135 -0.01485615 0.01799994 -0.006781697 -0.01459997 0.01799994 -0.007699966 -0.01459997 0.01799994 -0.00577712 -0.01667857 0.01799994 -0.005863904 -0.01568454 0.01799994 -0.006181418 -0.01759082 0.01799994 -0.006976127 -0.01819419 0.01799994 -0.00862354 -0.01472401 0.01799994 -0.009747564 -0.01625245 0.01799994 -0.009451866 -0.01529949 0.01799994 -0.009136021 -0.01490813 0.02187609 -0.01119995 -0.02009999 0.02187609 -0.01106601 -0.01959997 0.02153652 -0.01106601 -0.01956105 0.02187609 -0.01069998 -0.01923394 0.02161937 -0.01069998 -0.01920449 0.02187609 -0.01019996 -0.01909995 0.02164971 -0.01019996 -0.01907402 0.02143514 -0.01019996 -0.01899749 0.02137601 -0.01069998 -0.01911777 0.02124339 -0.01019996 -0.0188744 0.02115863 -0.01069998 -0.01897811 0.02108454 -0.01019996 -0.01871109 0.02097851 -0.01069998 -0.01879298 0.02121466 -0.01106601 -0.01944625 0.02092707 -0.01106601 -0.01926159 0.02068877 -0.01106601 -0.01901662 0.02142333 -0.01119995 -0.02004808 0.02099412 -0.01119995 -0.01989501 0.02061074 -0.01119995 -0.01964879 0.02029299 -0.01119995 -0.01932221 0.02899998 -0.01019996 -0.01909995 0.02899998 -0.01069998 -0.01923394 0.02899998 -0.01106601 -0.01959997 0.02899998 -0.01119995 -0.02009999 0.02976119 -0.01069998 -0.01929384 0.02970391 -0.01106601 -0.0196554 0.02962571 -0.01119995 -0.02014923 0.03023606 -0.01119995 -0.02029573 0.03039056 -0.01106601 -0.01982021 0.03081595 -0.01119995 -0.02053594 0.03104293 -0.01106601 -0.02009046 0.03135108 -0.01119995 -0.02086389 0.03164499 -0.01106601 -0.02045941 0.0318284 -0.01119995 -0.02127152 0.03218197 -0.01106601 -0.02091801 0.03223603 -0.01119995 -0.02174884 0.03264057 -0.01106601 -0.02145493 0.03256398 -0.01119995 -0.02228403 0.03300952 -0.01106601 -0.02205699 0.03280419 -0.01119995 -0.02286392 0.03327971 -0.01106601 -0.02270942 0.03295075 -0.01119995 -0.02347421 0.03344458 -0.01106601 -0.02339601 0.03299999 -0.01119995 -0.0241 0.03349995 -0.01106601 -0.0241 0.03295075 -0.01119995 -0.02472573 0.03344458 -0.01106601 -0.02480393 0.03280419 -0.01119995 -0.02533602 0.03327971 -0.01106601 -0.02549058 0.03256398 -0.01119995 -0.02591592 0.03300952 -0.01106601 -0.02614295 0.03223603 -0.01119995 -0.02645111 0.03264057 -0.01106601 -0.02674502 0.0318284 -0.01119995 -0.02692842 0.03218197 -0.01106601 -0.02728193 0.03135108 -0.01119995 -0.02733606 0.03164499 -0.01106601 -0.02774053 0.03081595 -0.01119995 -0.027664 0.03104293 -0.01106601 -0.02810949 0.03023606 -0.01119995 -0.02790421 0.03039056 -0.01106601 -0.02837973 0.02962571 -0.01119995 -0.02805072 0.02970391 -0.01106601 -0.02854454 0.02899998 -0.01119995 -0.02809995 0.02899998 -0.01106601 -0.02859997 0.03050369 -0.01069998 -0.01947212 0.03120911 -0.01069998 -0.0197643 0.03186017 -0.01069998 -0.02016329 0.03244078 -0.01069998 -0.02065914 0.03293669 -0.01069998 -0.02123981 0.03333562 -0.01069998 -0.02189081 0.03362786 -0.01069998 -0.02259629 0.03380608 -0.01069998 -0.02333873 0.03386598 -0.01069998 -0.0241 0.03380608 -0.01069998 -0.02486121 0.03362786 -0.01069998 -0.02560365 0.03333562 -0.01069998 -0.02630913 0.03293669 -0.01069998 -0.02696013 0.03244078 -0.01069998 -0.0275408 0.03186017 -0.01069998 -0.02803665 0.03120911 -0.01069998 -0.02843564 0.03050369 -0.01069998 -0.02872782 0.02976119 -0.01069998 -0.0289061 0.02899998 -0.01069998 -0.028966 0.02978217 -0.01019996 -0.01916152 0.03054505 -0.01019996 -0.01934468 0.0312699 -0.01019996 -0.01964491 0.03193891 -0.01019996 -0.02005487 0.03253549 -0.01019996 -0.02056443 0.03304505 -0.01019996 -0.02116107 0.03345501 -0.01019996 -0.02183002 0.03375524 -0.01019996 -0.02255487 0.0339384 -0.01019996 -0.02331781 0.03399997 -0.01019996 -0.0241 0.0339384 -0.01019996 -0.02488213 0.03375524 -0.01019996 -0.02564507 0.03345501 -0.01019996 -0.02636992 0.03304505 -0.01019996 -0.02703893 0.03253549 -0.01019996 -0.02763551 0.03193891 -0.01019996 -0.02814507 0.0312699 -0.01019996 -0.02855503 0.03054505 -0.01019996 -0.02885526 0.02978217 -0.01019996 -0.02903842 0.02899998 -0.01019996 -0.0291 0.02187609 -0.01019996 -0.0291 0.02187609 -0.01058268 -0.02902388 0.02187609 -0.01069998 -0.028966 0.02187609 -0.01090705 -0.0288071 0.02187609 -0.01106601 -0.02859997 0.02187609 -0.01112383 -0.02848267 0.02187609 -0.01119995 -0.02809995 0.02139127 -0.01112383 -0.02855706 0.02155351 -0.01058268 -0.02907335 0.02157628 -0.01019996 -0.02914595 0.02143514 -0.01019996 -0.02920246 0.02108454 -0.01019996 -0.02948886 0.02130413 -0.01019996 -0.0292797 0.02102428 -0.01058268 -0.02944236 0.02126055 -0.01058268 -0.02921724 0.02097851 -0.01069998 -0.02940696 0.02113658 -0.01090705 -0.02903944 0.02148848 -0.01090705 -0.02886652 0.02095103 -0.01112383 -0.0287733 0.02068877 -0.01106601 -0.02918332 0.02085268 -0.01090705 -0.02930986 0.02073216 -0.01119995 -0.02845942 0.02029299 -0.01119995 -0.02887773 0.02127653 -0.01119995 -0.02819192 0.01899999 0.006976127 -0.03000575 0.01899999 0.007299959 -0.02990126 0.01899999 0.007299959 -0.01829868 0.01899999 0.005895912 -0.01559996 0.01899999 -0.005895912 -0.01559996 0.01899999 -0.005863904 -0.01568454 0.01899999 0.006976127 -0.01819419 0.01899999 0.006181418 -0.01759082 0.01899999 -0.00577712 -0.01667857 0.01899999 0.00577712 -0.01667857 0.01899999 0.005863904 -0.01568454 0.01899999 -0.006299972 -0.01772749 0.01899999 -0.006299972 -0.03047245 0.01899999 0.006181418 -0.03060913 0.01899999 -0.006181418 -0.03060913 0.01899999 -0.00577712 -0.03152137 0.01899999 -0.006181418 -0.01759082 0.01899999 -0.005895912 -0.03259998 0.01899999 0.005895912 -0.03259998 0.01899999 -0.005863904 -0.0325154 0.01899999 0.005863904 -0.0325154 0.01899999 0.00577712 -0.03152137 0.02033972 -0.01019996 -0.01759999 0.02022367 -0.01069998 -0.01766693 0.02008605 -0.01090705 -0.01774644 0.01947367 -0.01119995 -0.01809996 0.01979249 -0.01112973 -0.0179159 0.01990669 -0.01106601 -0.01784998 0.02022367 -0.01069998 -0.03053301 0.02033972 -0.01019996 -0.03059995 0.01947367 -0.01119995 -0.03009998 0.02008605 -0.01090705 -0.0304535 0.01990669 -0.01106601 -0.03034996 0.01979249 -0.01112973 -0.03028404 0.01699995 -0.01119995 -0.01109999 0.01699995 -0.01119995 -0.01449996 0.01499998 -0.01119995 -0.01449996 0.01158833 -0.01119995 -0.01119995 0.01499998 -0.01119995 -0.01809996 0.01158833 -0.01119995 -0.03009998 0.02187609 -0.006299972 -0.01909995 0.02143514 -0.006299972 -0.01899749 0.02108454 -0.006299972 -0.01871109 0.02108454 -0.006299972 -0.02948886 0.02143514 -0.006299972 -0.02920246 0.02187609 -0.006299972 -0.0291 0.02899998 -0.006299972 -0.01909995 0.02899998 -0.006299972 -0.0291 0.03054505 -0.006299972 -0.02885526 0.03193891 -0.006299972 -0.02814507 0.03304505 -0.006299972 -0.02703893 0.03375524 -0.006299972 -0.02564507 0.03399997 -0.006299972 -0.0241 0.03375524 -0.006299972 -0.02255487 0.03304505 -0.006299972 -0.02116107 0.03193891 -0.006299972 -0.02005487 0.03054505 -0.006299972 -0.01934468 0.01992565 -0.01044291 -0.03125417 0.01971948 -0.01075404 -0.0312395 0.01942324 -0.01037347 -0.03200256 0.01948857 -0.009680211 -0.03237354 0.01970899 -0.009749293 -0.03190165 0.01963907 -0.01010757 -0.03192651 0.01975119 -0.009824872 -0.03179734 0.01998901 -0.01009094 -0.03126376 0.01866012 -0.00916779 -0.03326064 0.01887476 -0.009273231 -0.03314596 0.0188443 -0.00951147 -0.03303658 0.01907712 -0.009409785 -0.0329653 0.01891964 -0.009918153 -0.0327419 0.01913392 -0.01057177 -0.03200656 0.0188263 -0.01067483 -0.03194391 0.01877832 -0.01056516 -0.03211009 0.01848185 -0.009136021 -0.03329181 0.01853626 -0.009583771 -0.03304994 0.01855671 -0.009713828 -0.03296267 0.01863449 -0.01010245 -0.03264516 0.01901656 -0.01027566 -0.03239321 0.01918244 -0.00948584 -0.03284317 0.01921004 -0.00976324 -0.03266602 0.0194295 -0.01097524 -0.03115892 0.01924866 -0.0111528 -0.03067344 0.01911854 -0.01107305 -0.03103393 0.01889294 -0.01080137 -0.03172206 0.01937842 -0.009618401 -0.0325635 0.01951622 -0.009693622 -0.01587837 0.01920998 -0.009762823 -0.01553356 0.01942151 -0.01037007 -0.01619243 0.01924055 -0.009527146 -0.01543247 0.01891368 -0.009297847 -0.01508343 0.01884424 -0.009510815 -0.01516306 0.01866364 -0.009168982 -0.01494055 0.01848185 -0.009136021 -0.01490813 0.0196374 -0.01010459 -0.01626908 0.01974964 -0.009822249 -0.01639878 0.01970899 -0.009749293 -0.01629829 0.01904016 -0.01100111 -0.01693689 0.01911592 -0.01107102 -0.01715856 0.01942682 -0.01097303 -0.01703411 0.01882457 -0.01067119 -0.01625013 0.01913219 -0.0105682 -0.0161879 0.01852798 -0.009525775 -0.01511389 0.01853621 -0.009583115 -0.01514971 0.01891958 -0.009917736 -0.01545763 0.01861214 -0.0100044 -0.01546567 0.0190159 -0.01027363 -0.01580446 0.01870864 -0.01037091 -0.01583808 0.01872897 -0.01043254 -0.01591295 0.01971679 -0.01075196 -0.01695418 0.01992309 -0.01044112 -0.01694023 0.01998764 -0.01008999 -0.01693332 0.01499998 -0.007699966 -0.01459997 0.01499998 -0.00862354 -0.01472401 0.01499998 -0.009712517 -0.01523643 0.01499998 -0.01056349 -0.01608747 0.01499998 -0.01107591 -0.01717644 0.01156967 -0.01108264 -0.03099846 0.01151388 -0.01074194 -0.03183102 0.0114836 -0.01056307 -0.03211277 0.01129686 -0.009538412 -0.03307825 0.01142209 -0.01021111 -0.03253805 0.01133155 -0.008659839 -0.0334658 0.01134335 -0.007699966 -0.03359997 0.01899844 0.005919516 -0.03265583 0.0189557 -0.006044328 -0.03289419 0.01891994 0.006108105 -0.032992 0.01875865 0.006323277 -0.03325146 0.0187866 -0.006290793 -0.03321743 0.01870739 0.006379663 -0.03330677 0.01870733 -0.006379723 -0.03330683 0.01849496 0.006575763 -0.0334689 0.01851004 -0.006563782 -0.03346008 0.0182358 -0.006732404 -0.03357177 0.01822161 0.006738066 -0.03357511 0.01799994 0.006781697 -0.03359997 0.01875865 -0.006323277 -0.01494848 0.01851004 0.006563782 -0.01473987 0.01849496 -0.006575763 -0.01473104 0.0182358 0.006732404 -0.01462817 0.01822161 -0.006738066 -0.01462483 0.01799994 0.006781697 -0.01459997 0.0189557 0.006044328 -0.01530575 0.0187866 0.006290793 -0.01498252 0.01870733 0.006379723 -0.01489311 0.01899844 -0.005919516 -0.01554411 0.01891994 -0.006108105 -0.01520794 0.01134335 0.007699966 -0.03359997 0.01799994 0.007699966 -0.03359997 0.01799994 0.007699966 -0.01459997 0.01499998 0.007699966 -0.01459997 0.02060055 -0.008840382 -0.03017318 0.02041012 -0.009207189 -0.03048002 0.02017188 -0.00951147 -0.03090262 0.02080678 -0.007492423 -0.02986657 0.02080923 -0.007978796 -0.02986311 0.02073782 -0.008422672 -0.02996641 0.02073127 -0.007050812 -0.02997601 0.02058833 -0.006631016 -0.03019213 0.02041459 -0.006299972 -0.03047245 0.01992976 -0.009696185 -0.03138905 0.02041459 -0.006299972 -0.01772749 0.02061522 -0.006695389 -0.01804935 0.02071064 -0.006974101 -0.01819348 0.0207532 -0.007143914 -0.01825606 0.02081632 -0.007638335 -0.01834696 0.02081042 -0.007963776 -0.0183385 0.02079582 -0.008108496 -0.01831763 0.02070093 -0.008558988 -0.01817905 0.02057516 -0.008898794 -0.01798725 0.02053493 -0.008984208 -0.01792377 0.02031576 -0.009343922 -0.01755821 0.0200951 -0.009583055 -0.0171501 0.01985526 -0.009727954 -0.01664644 0.02049469 0.00906223 -0.03034067 0.02057504 0.008898973 -0.03021293 0.01799994 0.008897542 -0.03021198 0.02077567 0.008241415 -0.02991127 0.02081042 0.007964253 -0.02986145 0.01799994 0.007963418 -0.02986139 0.01799994 0.005863904 -0.0325154 0.01799994 0.006420135 -0.03334379 0.02081835 0.007772147 -0.02985012 0.02078264 0.007299959 -0.02990126 0.01799994 0.006976127 -0.03000575 0.01799994 0.006181418 -0.03060913 0.01799994 0.00577712 -0.03152137 0.02065759 0.008692324 -0.03008586 0.01982212 0.009737789 -0.03162926 0.01799994 0.009546101 -0.03097027 0.01970899 0.009749293 -0.03190165 0.01799994 0.009747564 -0.03194749 0.01951664 0.009693801 -0.03232085 0.02005833 0.009613037 -0.03112256 0.02013617 0.00954616 -0.03097033 0.02030241 0.009361267 -0.03066515 0.01799994 0.009451866 -0.03290045 0.01799994 0.009136021 -0.03329181 0.01848185 0.009136021 -0.03329181 0.01924014 0.009526908 -0.03276789 0.01891416 0.009298324 -0.03311592 0.0186643 0.00916928 -0.03325915 0.02153438 0.007299959 -0.02894675 0.02271455 0.007299959 -0.02782219 0.02300977 0.007299959 -0.0205428 0.02300977 0.007299959 -0.02765715 0.02334314 0.007299959 -0.02759999 0.02334314 0.007299959 -0.02059996 0.02078264 0.007299959 -0.01829868 0.02153438 0.007299959 -0.01925319 0.02271455 0.007299959 -0.02037775 0.02899998 0.007299959 -0.02059996 0.02899998 0.007299959 -0.02759999 0.03033936 0.007299959 -0.02086639 0.03033936 0.007299959 -0.02733355 0.03147482 0.007299959 -0.02657485 0.03223353 0.007299959 -0.02276057 0.03147482 0.007299959 -0.0216251 0.03249996 0.007299959 -0.0241 0.03223353 0.007299959 -0.02543938 0.01799994 0.009451866 -0.01529949 0.01907533 0.009408771 -0.01523315 0.01887416 0.009273171 -0.01505386 0.01866006 0.00916779 -0.01493936 0.01848185 0.009136021 -0.01490813 0.01799994 0.009136021 -0.01490813 0.01970899 0.009749293 -0.01629829 0.01948678 0.009679317 -0.01582306 0.01799994 0.009747564 -0.01625245 0.01937848 0.009618461 -0.01563656 0.0191828 0.009486258 -0.01535749 0.01992958 0.009696245 -0.01681047 0.01799994 0.009546101 -0.01722967 0.0201714 0.009511888 -0.01729643 0.02041143 0.009205043 -0.01772218 0.01799994 0.008897542 -0.01798796 0.02057516 0.008898735 -0.01798719 0.02061301 0.008809983 -0.01804596 0.01799994 0.007963418 -0.01833856 0.02075207 0.008360922 -0.01825439 0.02079898 0.007417321 -0.01832216 0.02081501 0.007890164 -0.01834505 0.01799994 0.005863904 -0.01568454 0.01799994 0.00577712 -0.01667857 0.01799994 0.006181418 -0.01759082 0.01799994 0.006976127 -0.01819419 0.01799994 0.006420135 -0.01485615 0.01863628 0.0101099 -0.01556181 0.01877832 0.01056522 -0.01608985 0.01499998 0.01056349 -0.01608747 0.01499998 0.01107591 -0.01717644 0.01882475 0.01067161 -0.01625078 0.01889544 0.0108056 -0.01648604 0.01911604 0.01107108 -0.01715898 0.01912331 0.01107686 -0.01717978 0.01499998 0.01119995 -0.01809996 0.01925355 0.01115465 -0.01753932 0.01947367 0.01119995 -0.01809996 0.01799994 0.00862354 -0.01472401 0.01499998 0.009712517 -0.01523643 0.01855677 0.009713709 -0.01523751 0.01853609 0.009581685 -0.01514911 0.01499998 0.00862354 -0.01472401 0.01699995 0.01119995 -0.01109999 0.01699995 0.01119995 -0.01449996 0.01158833 0.01119995 -0.01119995 0.02334314 0.01119995 -0.0266 0.02267646 0.01119995 -0.02671438 0.02334314 0.01119995 -0.02159994 0.01499998 0.01119995 -0.01449996 0.01158833 0.01119995 -0.03009998 0.02021718 0.01119995 -0.01922285 0.02267646 0.01119995 -0.02148556 0.02208602 0.01119995 -0.02704441 0.02078783 0.01119995 -0.02828145 0.02109235 0.01119995 -0.0202465 0.02208602 0.01119995 -0.02115553 0.01947367 0.01119995 -0.03009998 0.02013403 0.01119995 -0.02908885 0.02899998 0.01119995 -0.0266 0.02899998 0.01119995 -0.02159994 0.02970433 0.01119995 -0.02170121 0.03035157 0.01119995 -0.02199685 0.03088933 0.01119995 -0.02246284 0.03127408 0.01119995 -0.02306145 0.03035157 0.01119995 -0.02620309 0.03147453 0.01119995 -0.02445578 0.03088933 0.01119995 -0.0257371 0.03127408 0.01119995 -0.02513849 0.03147453 0.01119995 -0.02374416 0.02970433 0.01119995 -0.02649873 0.01133167 0.008653938 -0.03346747 0.01129686 0.009538412 -0.03307825 0.01799994 0.00862354 -0.03347593 0.01148366 0.01056325 -0.03211289 0.01861226 0.01000511 -0.03273367 0.01142185 0.01020991 -0.03253924 0.01853609 0.009581685 -0.03305083 0.01852762 0.009522855 -0.03308755 0.01904016 0.01100111 -0.03126299 0.01882475 0.01067161 -0.03194916 0.01156967 0.01108276 -0.03099822 0.01151382 0.01074141 -0.03183186 0.01872897 0.01043254 -0.032287 0.01870882 0.01037156 -0.03236109 0.01911604 0.01107108 -0.03104096 0.019427 0.01097315 -0.01703447 0.01963758 0.01010495 -0.01626962 0.01974982 0.009822547 -0.0163992 0.01998764 0.01008999 -0.01693332 0.01884406 0.009509444 -0.01516252 0.0189197 0.009918391 -0.01545822 0.0192101 0.009763479 -0.0155341 0.01901608 0.01027429 -0.01580518 0.01942169 0.01037043 -0.01619303 0.01913243 0.01056861 -0.01618856 0.01979249 0.01112973 -0.0179159 0.01980513 0.01112383 -0.01790863 0.01971697 0.01075202 -0.01695454 0.02008605 0.01090705 -0.01774644 0.0202738 0.01058268 -0.01763802 0.01992321 0.01044118 -0.01694053 0.02033972 0.01019996 -0.01759999 0.01979249 0.01112973 -0.03028404 0.02053701 0.01106601 -0.02938485 0.01990669 0.01106601 -0.03034996 0.02094 0.01019996 -0.02968078 0.02033972 0.01019996 -0.03059995 0.020832 0.01069998 -0.02960151 0.02022367 0.01069998 -0.03053301 0.02008605 0.01090705 -0.0304535 0.02116113 0.01106601 -0.0286141 0.02143436 0.01069998 -0.02885764 0.02153438 0.01019996 -0.02894675 0.02240031 0.01106601 -0.02743333 0.02263039 0.01069998 -0.027718 0.02271455 0.01019996 -0.02782219 0.02052277 0.01112383 -0.01899248 0.02232658 0.01112383 -0.02085787 0.02136743 0.01112383 -0.01998049 0.02253049 0.01090705 -0.02060556 0.02160066 0.01090705 -0.019755 0.02266675 0.01058268 -0.02043694 0.02175652 0.01058268 -0.01960426 0.02271455 0.01019996 -0.02037775 0.02181124 0.01019996 -0.01955139 0.02078175 0.01090705 -0.01879715 0.02095484 0.01058268 -0.01866662 0.02101564 0.01019996 -0.01862078 0.02334314 0.01112383 -0.02121728 0.02280402 0.01112383 -0.02112478 0.02298444 0.01058268 -0.02061456 0.02334314 0.01069998 -0.02073395 0.02291214 0.01090705 -0.02081894 0.02334314 0.01090705 -0.02089285 0.02334314 0.01106601 -0.02109998 0.02300977 0.01019996 -0.0205428 0.02334314 0.01019996 -0.02059996 0.02334314 0.01058268 -0.02067607 0.02899998 0.01112383 -0.02121728 0.02899998 0.01106601 -0.02109998 0.02899998 0.01090705 -0.02089285 0.02899998 0.01069998 -0.02073395 0.02899998 0.01058268 -0.02067607 0.02899998 0.01019996 -0.02059996 0.02996456 0.01058268 -0.02081477 0.02996456 0.01058268 -0.02738517 0.02998602 0.01019996 -0.02745819 0.02899998 0.01019996 -0.02759999 0.03147482 0.01019996 -0.0216251 0.0315876 0.01058268 -0.02185779 0.03089219 0.01019996 -0.02115559 0.03085106 0.01058268 -0.02121961 0.03033936 0.01019996 -0.02086639 0.02998602 0.01019996 -0.02074176 0.03164511 0.01019996 -0.02180796 0.0321837 0.01019996 -0.022646 0.03211444 0.01058268 -0.02267765 0.03223353 0.01019996 -0.02276057 0.03238898 0.01058268 -0.02361273 0.03246432 0.01019996 -0.02360188 0.03238898 0.01058268 -0.02458727 0.03249996 0.01019996 -0.0241 0.03246432 0.01019996 -0.02459806 0.03223353 0.01019996 -0.02543938 0.03211444 0.01058268 -0.02552229 0.0321837 0.01019996 -0.02555394 0.03164511 0.01019996 -0.02639198 0.0315876 0.01058268 -0.02634215 0.03147482 0.01019996 -0.02657485 0.03085106 0.01058268 -0.02698034 0.03089219 0.01019996 -0.02704435 0.03033936 0.01019996 -0.02733355 0.02990353 0.01090705 -0.02102279 0.03073388 0.01090705 -0.021402 0.03142374 0.01090705 -0.02199977 0.03191727 0.01090705 -0.02276772 0.03217446 0.01090705 -0.02364355 0.03217446 0.01090705 -0.02455639 0.03191727 0.01090705 -0.02543222 0.03142374 0.01090705 -0.02620017 0.03073388 0.01090705 -0.02679795 0.02990353 0.01090705 -0.02717715 0.02981209 0.01112383 -0.02133405 0.02899998 0.01058268 -0.02752387 0.02899998 0.01069998 -0.02746599 0.02899998 0.01090705 -0.02730709 0.02899998 0.01106601 -0.02709996 0.03055846 0.01112383 -0.02167493 0.03117853 0.01112383 -0.0222122 0.03162217 0.01112383 -0.02290248 0.03185331 0.01112383 -0.02368974 0.03185331 0.01112383 -0.0245102 0.03162217 0.01112383 -0.02529746 0.03117853 0.01112383 -0.02598774 0.03055846 0.01112383 -0.02652502 0.02981209 0.01112383 -0.02686589 0.02899998 0.01112383 -0.02698266 0.02334314 0.01019996 -0.02759999 0.02334314 0.01069998 -0.02746599 0.02334314 0.01106601 -0.02709996 0.02284312 0.01106601 -0.02718573 0.02296513 0.01069998 -0.02753084 0.02300977 0.01019996 -0.02765715 0.0192101 0.009763419 -0.03266584 0.01942169 0.01037043 -0.03200691 0.01884406 0.009509444 -0.03303742 0.01963758 0.01010495 -0.03193032 0.01974982 0.009822547 -0.03180074 0.019427 0.01097315 -0.03116548 0.01913243 0.01056861 -0.03201138 0.0189197 0.009918391 -0.03274172 0.01901608 0.01027429 -0.03239476 0.01971697 0.01075202 -0.03124541 0.01992321 0.01044118 -0.03125941 0.01998764 0.01008999 -0.03126662 -0.001878142 -0.003812432 -0.01119995 0.01079839 -0.01103734 -0.01119995 0.0101369 -0.01057595 -0.01119995 0.009711444 -0.009890794 -0.01119995 0.01079839 0.01103734 -0.01119995 0.006082713 0.005459249 -0.01119995 0.004141867 0.004571497 -0.01119995 0.0101369 0.01057595 -0.01119995 0.009711444 0.009890794 -0.01119995 0.009047269 0.008485853 -0.01119995 0.007750928 0.006790399 -0.01119995 0.002043783 0.004180073 -0.01119995 0.006082713 -0.005459249 -0.01119995 0.007750928 -0.006790399 -0.01119995 0.009047269 -0.008485853 -0.01119995 0.004141867 -0.004571497 -0.01119995 0.002043783 -0.004180073 -0.01119995 4.90385e-4 -0.004221558 -0.01119995 -0.003132641 -0.002872049 -0.01119995 -0.003960788 -0.001540839 -0.01119995 -0.004249989 0 -0.01119995 -0.001878142 0.003812432 -0.01119995 -3.68142e-4 0.004234015 -0.01119995 4.90385e-4 0.004221558 -0.01119995 -0.003960788 0.001540839 -0.01119995 -0.003132641 0.002872049 -0.01119995 -3.68142e-4 -0.004234015 -0.01119995 0.01799994 -0.01019996 -0.01449996 0.01786601 -0.01069998 -0.01449996 0.01749998 -0.01106601 -0.01449996 0.01499998 -0.005599975 -0.01449996 0.01799994 -0.005599975 -0.01449996 0.01499998 0.005599975 -0.01449996 0.01738268 0.01112383 -0.01449996 0.0177071 0.01090705 -0.01449996 0.01799994 0.005599975 -0.01449996 0.01799994 0.01019996 -0.01449996 0.01792383 0.01058268 -0.01449996 0.01399999 0.004599988 -0.01109999 0.01799994 0.004599988 -0.01109999 0.01399999 -0.004599988 -0.01109999 0.01799994 -0.004599988 -0.01109999 0.01699995 0.009792864 -0.009692847 0.01709532 0.01119542 -0.01110184 0.01749998 0.009698152 -0.009787619 0.01738375 0.01112341 -0.0111317 0.01752227 0.01105272 -0.01116096 0.0177071 0.009585738 -0.009899973 0.01770877 0.01090538 -0.011222 0.01786267 0.01070564 -0.01130473 0.01786601 0.009439289 -0.01004642 0.0179243 0.01058155 -0.01135611 0.01799994 0.009085774 -0.01039999 0.01799994 0.01019996 -0.01151418 0.01699995 0.009633958 -0.009485781 0.01749998 0.009517908 -0.009552717 0.01786601 0.00920093 -0.009735763 0.01799994 0.008767902 -0.009985744 0.01699995 0.00953406 -0.009244561 0.01749998 0.009404659 -0.009279251 0.01786601 0.009051084 -0.009373962 0.01799994 0.008568108 -0.009503424 0.01749998 0.009365975 -0.008985757 0.01786601 0.008999943 -0.008985757 0.01799994 0.008499979 -0.008985757 0.01799994 0.008499979 0.007799983 0.01786601 0.008999943 0.007799983 0.01749998 0.009365975 0.007799983 0.01792383 0.005999982 0.01068264 0.01799994 0.005999982 0.01029998 0.01799994 0.006487667 0.01025193 0.0177071 0.005999982 0.01100707 0.01786601 0.005999982 0.0108 0.01786601 0.00658524 0.0107423 0.01799994 0.006956696 0.01010966 0.01786601 0.007148027 0.01057159 0.01799994 0.007388889 0.009878635 0.01786601 0.007666707 0.01029437 0.01799994 0.007767736 0.009567737 0.01786601 0.008121311 0.009921312 0.01799994 0.008078634 0.00918889 0.01786601 0.008494377 0.009466707 0.01799994 0.008309662 0.008756697 0.01786601 0.008771598 0.008948028 0.01799994 0.008451938 0.008287668 0.01786601 0.008942306 0.008385241 0.01738268 0.005999982 0.01122385 0.01749998 0.005999982 0.01116597 0.01749998 0.006656646 0.0111013 0.01749998 0.007288098 0.01090979 0.01749998 0.007870018 0.01059871 0.01749998 0.008380115 0.01018011 0.01749998 0.008798718 0.009670019 0.01749998 0.009109795 0.009088099 0.01749998 0.009301304 0.008456647 0.01699995 0.006682813 0.01123273 0.01699995 0.005999982 0.01129996 0.01699995 0.007339358 0.01103353 0.01699995 0.007944464 0.01071012 0.01699995 0.008474826 0.01027482 0.01699995 0.008910119 0.009744465 0.01699995 0.009233534 0.009139358 0.01699995 0.009432733 0.008482813 0.01799994 -0.005999982 0.01029998 0.01792383 -0.005999982 0.01068264 0.01786601 -0.005999982 0.0108 0.0177071 -0.005999982 0.01100707 0.01749998 -0.005999982 0.01116597 0.01738268 -0.005999982 0.01122385 0.01699995 -0.005999982 0.01129996 0.01749998 -0.009365975 0.007799983 0.01749998 -0.009301304 0.008456647 0.01786601 -0.008999943 0.007799983 0.01786601 -0.008942306 0.008385241 0.01799994 -0.006487667 0.01025193 0.01786601 -0.00658524 0.0107423 0.01786601 -0.007148027 0.01057159 0.01799994 -0.006956696 0.01010966 0.01786601 -0.007666707 0.01029437 0.01799994 -0.007388889 0.009878635 0.01786601 -0.008121311 0.009921312 0.01799994 -0.007767736 0.009567737 0.01786601 -0.008494377 0.009466707 0.01799994 -0.008078634 0.00918889 0.01786601 -0.008771598 0.008948028 0.01799994 -0.008309662 0.008756697 0.01799994 -0.008451938 0.008287668 0.01799994 -0.008499979 0.007799983 0.01749998 -0.009109795 0.009088099 0.01749998 -0.008798718 0.009670019 0.01749998 -0.008380115 0.01018011 0.01749998 -0.007870018 0.01059871 0.01749998 -0.007288098 0.01090979 0.01749998 -0.006656646 0.0111013 0.01699995 -0.009432733 0.008482813 0.01699995 -0.009233534 0.009139358 0.01699995 -0.008910119 0.009744465 0.01699995 -0.008474826 0.01027482 0.01699995 -0.007944464 0.01071012 0.01699995 -0.007339358 0.01103353 0.01699995 -0.006682813 0.01123273 0.01799994 -0.008499979 -0.008985757 0.01786601 -0.008999943 -0.008985757 0.01749998 -0.009365975 -0.008985757 0.01786601 -0.009028792 -0.009278416 0.01749998 -0.009387791 -0.00920701 0.01699995 -0.009519159 -0.009180843 0.01699995 -0.009576082 -0.009368419 0.01749998 -0.009452342 -0.009419739 0.01699995 -0.009668529 -0.009541332 0.01749998 -0.009557127 -0.009615778 0.01699995 -0.009792864 -0.009692847 0.01749998 -0.009698152 -0.009787619 0.01786601 -0.009114146 -0.00955981 0.01786601 -0.009252786 -0.00981909 0.01786601 -0.009439289 -0.01004642 0.01799994 -0.008538424 -0.009375929 0.01799994 -0.00865221 -0.009751141 0.01799994 -0.008837044 -0.0100969 0.01799994 -0.009085774 -0.01039999 0.01799994 -0.01019996 -0.01151418 0.01797389 -0.01042687 -0.01142019 0.01786684 -0.01069855 -0.01130765 0.0177626 -0.01084679 -0.01124626 0.01750153 -0.01106506 -0.01115584 0.01738125 -0.01112443 -0.01113128 0.01082479 0.0102598 -0.03234577 0.009498953 0.009366512 -0.03133183 0.009575903 0.009545445 -0.03114539 0.009823799 0.009894847 -0.03158539 0.009971201 0.01034134 -0.03064274 0.009696245 0.009849905 -0.03048491 0.009711444 0.009890794 -0.03009998 0.0109989 0.01111114 -0.03009998 0.01097965 0.0110104 -0.03092044 0.01079839 0.01103734 -0.03009998 0.01041841 0.01075506 -0.03079694 0.00998944 0.01040142 -0.03009998 0.0101369 0.01057595 -0.03009998 0.0104379 0.010836 -0.03009998 0.01092147 0.01071709 -0.03168636 0.01035928 0.01051968 -0.03144896 0.009916007 0.01016652 -0.03114932 0.009655416 0.009742856 -0.03081572 0.01026016 0.01015311 -0.03201323 0.009474217 0.009311199 -0.03137636 0.009695708 0.009551703 -0.03192818 0.01012206 0.009688556 -0.03246182 0.0106914 0.009679615 -0.03286403 0.00952512 0.009336233 -0.03175216 0.009353816 0.008911132 -0.03158909 0.01062756 0.009592771 -0.03290319 0.0106346 0.009415745 -0.03301966 0.009571731 0.009307622 -0.0319696 0.009333431 0.008700251 -0.03169214 0.009334325 0.008723258 -0.03168118 0.009571731 0.009081065 -0.0321961 0.009345114 0.008850693 -0.03161925 0.009340167 0.00848788 -0.03179013 0.009333312 0.008597016 -0.03174048 0.009560286 0.008834898 -0.03230583 0.01002258 0.009391546 -0.03262519 0.01001435 0.00916928 -0.0327515 0.009372889 0.008107185 -0.03194713 0.009601294 0.00828737 -0.03252995 0.0100575 0.008459687 -0.03304427 0.01067429 0.008588016 -0.03337025 0.01068753 0.007699966 -0.0334894 0.01046174 0.007699966 -0.03339517 0.009383738 0.007699966 -0.032 0.009614884 0.007699966 -0.03260618 0.009760677 0.007699966 -0.03282278 0.01007181 0.007699966 -0.03314375 0.009607374 -0.008294343 -0.0325393 0.00937277 -0.00810945 -0.03194648 0.009383738 -0.007699966 -0.032 0.0106914 -0.007699966 -0.03349071 0.01067805 -0.008594155 -0.03337001 0.01046174 -0.007699966 -0.03339517 0.01006394 -0.008466303 -0.03304821 0.009621143 -0.007699966 -0.03261685 0.009760677 -0.007699966 -0.03282278 0.01007843 -0.007699966 -0.03314918 0.009340167 -0.00848788 -0.03179013 0.009566485 -0.008841276 -0.03231483 0.01002103 -0.009172856 -0.03275585 0.01063859 -0.009416878 -0.03302061 0.009333312 -0.008597016 -0.03174048 0.01069134 -0.009679675 -0.03286397 0.01062756 -0.009592771 -0.03290319 0.010122 -0.009688556 -0.03246176 0.01002258 -0.009391546 -0.03262519 0.009334325 -0.008723258 -0.03168118 0.009401142 -0.009116172 -0.03148311 0.009353816 -0.008911132 -0.03158909 0.00952512 -0.009336233 -0.03175216 0.009345114 -0.008850693 -0.03161925 0.009571731 -0.009307622 -0.0319696 0.009571731 -0.009081065 -0.0321961 0.009695649 -0.009551644 -0.03192806 0.009474217 -0.009311199 -0.03137636 0.009823918 -0.009895384 -0.03158456 0.009576022 -0.009545683 -0.03114473 0.009916007 -0.0101667 -0.03114867 0.009641706 -0.009707748 -0.03088986 0.009971141 -0.01034122 -0.03064286 0.009696245 -0.009849846 -0.03048503 0.009709656 -0.009885907 -0.03023415 0.00998938 -0.01040136 -0.03009998 0.009711444 -0.009890794 -0.03009998 0.01026034 -0.01015388 -0.03201222 0.01082497 -0.01026082 -0.03234457 0.01092153 -0.01071757 -0.03168553 0.01035928 -0.01051998 -0.03144818 0.01097959 -0.01101034 -0.03092068 0.01041829 -0.010755 -0.03079712 0.01099884 -0.01111114 -0.03009998 0.01079839 -0.01103734 -0.03009998 0.01043784 -0.01083594 -0.03009998 0.0101369 -0.01057595 -0.03009998 0.008839607 -0.008099615 -0.02902352 0.008762776 -0.007840037 -0.02917152 0.007551908 -0.006593585 -0.02432256 0.007426798 -0.006476104 -0.02399879 0.007185757 -0.006185352 -0.02424383 0.008103787 -0.00710982 -0.02661514 0.007988452 -0.006797492 -0.02680695 -2.6963e-4 -0.003952324 -0.01397198 -5.09428e-4 -0.003694534 -0.01422476 6.31479e-4 -0.003844738 -0.014853 4.12086e-4 -0.00358498 -0.01509058 0.001504063 -0.003828823 -0.0157783 0.001304745 -0.0035699 -0.01600086 0.00234723 -0.003894925 -0.01674795 0.002167403 -0.00363934 -0.01695585 0.003159165 -0.004035949 -0.01776176 0.002998232 -0.003785848 -0.0179553 0.003785192 -0.003999769 -0.01898503 2.47244e-4 -0.004213511 -0.01338595 -3.39893e-5 -0.004114687 -0.01371085 0.001129209 -0.004133641 -0.01430928 8.76115e-4 -0.004029035 -0.01458644 0.001977026 -0.00414133 -0.01527535 0.001733124 -0.004020929 -0.0155313 0.002559304 -0.004092395 -0.01651978 0.004808664 -0.004704952 -0.01969432 0.005190789 -0.00497967 -0.01933372 0.004104375 -0.004443228 -0.01861208 0.004519164 -0.004700422 -0.01821821 0.003353416 -0.004236221 -0.01755154 0.004157066 -0.004576265 -0.0176559 0.005863428 -0.00496596 -0.02221369 0.006083607 -0.005367875 -0.02192467 0.004524111 -0.004272162 -0.020038 4.90385e-4 -0.004221558 -0.01309418 0.001375496 -0.004163861 -0.01403844 0.002158403 -0.004187941 -0.01494824 0.00302875 -0.004297733 -0.01605272 0.0037027 -0.004444956 -0.0169847 0.003797769 -0.004470229 -0.0171222 0.0070225 -0.005824685 -0.02448236 0.006682038 -0.005862712 -0.02223843 0.006953179 -0.005420207 -0.02469509 0.005764424 -0.004493415 -0.0224595 0.005811154 -0.004018008 -0.0226736 0.008745133 -0.007291436 -0.02944147 0.006979525 -0.005004763 -0.02486658 0.007303833 -0.005337476 -0.02556216 0.007941007 -0.006460011 -0.02698451 0.007962167 -0.006116271 -0.02713853 0.008417308 -0.006758153 -0.02840262 2.81822e-5 -0.002529859 -0.01549679 -9.68957e-4 -0.002611577 -0.0146268 -0.001017868 -0.002234935 -0.01463299 -3.21953e-4 -0.002174556 -0.01522862 2.63958e-6 -0.002164065 -0.01551914 9.85256e-4 -0.002551615 -0.0164079 0.001348674 -0.002239763 -0.01681888 0.001902461 -0.002664268 -0.01736021 0.001908719 -0.002328515 -0.0174095 0.002779424 -0.002858698 -0.01835346 0.002806007 -0.003182291 -0.0182566 0.00194168 -0.003006398 -0.017268 0.001040577 -0.002910852 -0.01632219 1.03868e-4 -0.002904117 -0.0154193 -8.56691e-4 -0.003031075 -0.0145502 0.00303936 -0.002614676 -0.01870548 0.003621757 -0.003427624 -0.01927405 0.002879023 -0.003496527 -0.01812261 0.002030253 -0.003337621 -0.01713198 0.001147627 -0.003257513 -0.01618528 2.32901e-4 -0.003264129 -0.01528286 -7.13109e-4 -0.003368198 -0.01442444 0.003757238 -0.002875328 -0.01961112 0.004269719 -0.003102183 -0.02030366 0.004385471 -0.003732562 -0.02031362 0.004401504 -0.003166258 -0.02048856 0.00579065 -0.004003226 -0.02263867 0.00895816 -0.008337318 -0.02887368 0.008698225 -0.007938444 -0.02785664 0.008279025 -0.007380843 -0.02641975 0.007757663 -0.006797254 -0.02487599 0.006395578 -0.005660891 -0.0216248 0.006096124 -0.005467414 -0.02101451 0.005310058 -0.005036234 -0.01954263 -0.001125812 0.003624558 -0.01383012 -5.09428e-4 0.003694534 -0.01422476 -7.13109e-4 0.003368198 -0.01442444 -0.001261532 -0.003311514 -0.0140357 -0.001121044 -0.00362575 -0.0138331 -0.001800537 -0.003152072 -0.01366668 -0.001719355 -0.003445684 -0.0134617 -0.002295255 -0.003152012 -0.01311534 -0.001404762 -0.002599596 -0.01427638 -0.001356601 -0.002961993 -0.01418471 -0.001839339 -0.002500057 -0.01393944 -0.001840174 -0.002831161 -0.01382744 -0.002310037 -0.002602517 -0.01349264 -0.001725792 0.003443121 -0.01345783 -0.001265883 0.003310441 -0.01403272 -0.00232923 0.00288248 -0.01331716 -0.00231713 0.002598166 -0.01348763 -0.002815365 0.002505421 -0.01300638 -0.002757608 0.002264678 -0.01318466 -0.003147661 0.00182563 -0.01292479 -0.002303957 0.003146529 -0.01311022 -0.002839803 0.00273168 -0.01279783 -0.003311634 0.00219506 -0.0125305 -0.003688275 0.001540958 -0.0123223 -0.003460347 0.001284599 -0.01272201 -0.003933608 7.90462e-4 -0.0121892 -0.003664493 6.59896e-4 -0.01259219 -0.004017174 -1.51229e-5 -0.01214426 -0.003734171 -1.26309e-5 -0.01254838 -0.003927946 -8.16463e-4 -0.01219224 -0.003659784 -6.81581e-4 -0.01259517 -0.003680229 -0.00155884 -0.01232671 -0.003453612 -0.00129944 -0.0127263 -0.003301918 -0.002208471 -0.01253592 -0.003139615 -0.001836657 -0.01293009 -0.002830326 -0.002740561 -0.01280325 -0.0027498 -0.00227189 -0.01318997 -0.00227046 0.002306222 -0.01361703 -0.002351582 0.001927018 -0.01358699 -0.002670288 0.002018511 -0.01332813 -0.002558708 0.001775324 -0.013435 -0.00296539 0.001328825 -0.01314425 -0.001806378 0.003149747 -0.01366281 -0.001360476 0.002961158 -0.01418185 -0.001845419 0.002829194 -0.01382362 -0.001408159 0.002599 -0.0142737 -0.001844048 0.002498507 -0.01393586 -0.001624107 0.002216637 -0.01414269 -0.001806855 0.002173662 -0.01399981 -0.003799557 0.001761138 -0.01185691 -0.003788948 0.00192517 -0.01137512 -0.003730654 0.002035737 -0.01139646 -0.003349363 0.002504408 -0.01205968 -0.00419265 -1.7307e-5 -0.01168316 -0.004249989 3.38072e-7 -0.01120781 -0.004092752 9.04321e-4 -0.01172703 -0.004151582 9.09063e-4 -0.01124322 -0.003959894 0.001542627 -0.01131266 -0.003263711 0.002722144 -0.01156967 -0.003131687 0.002873182 -0.01161926 -0.002785563 0.003109157 -0.0123192 4.90385e-4 0.004221558 -0.01309418 2.47244e-4 0.004213511 -0.01338595 -3.04083e-4 0.004239439 -0.01275092 -5.23126e-4 0.004191875 -0.0130282 -8.2223e-4 0.004169821 -0.01253324 -0.001282751 0.004027545 -0.01268523 -0.001097559 0.004105806 -0.01241952 -0.003016054 0.002994298 -0.01166296 -0.002610921 0.003353416 -0.01181763 -0.002145528 0.0035699 -0.01262128 -0.001971185 0.003765225 -0.01206737 -0.001877188 0.003812909 -0.01210463 -3.39893e-5 0.004114687 -0.01371085 -7.41923e-4 0.004074394 -0.01331138 -0.001455903 0.003890395 -0.01295566 -5.17119e-4 -0.004192888 -0.01303094 -1.39124e-4 -0.004248261 -0.01282125 -2.97856e-4 -0.004240155 -0.01275354 -3.66954e-4 -0.004234731 -0.01272428 -0.001274585 -0.004030108 -0.01268887 -0.001339673 -0.004033267 -0.01232057 -0.002010524 -0.003720939 -0.01236581 -0.0018754 -0.003813803 -0.01210534 -0.002698779 -0.003259301 -0.01207202 -0.002402842 -0.003505527 -0.0118981 -0.002597808 -0.003363549 -0.01182264 -0.003130793 -0.002874135 -0.01161962 -0.003326177 -0.002645432 -0.01154631 -0.002774178 -0.003119051 -0.01232445 -0.002135217 -0.003575861 -0.01262623 -0.001448214 -0.003893077 -0.01295948 -7.36244e-4 -0.004075586 -0.01331424 -0.003777623 -0.001947224 -0.01137924 -0.003789901 -0.001781523 -0.0118612 -0.00333774 -0.002519607 -0.01206493 -0.00281912 -0.002944648 -0.01257127 -0.002232074 -0.00338447 -0.01287984 -0.001599609 -0.003696441 -0.01322174 -9.42103e-4 -0.003884971 -0.01358741 -0.003939449 -0.001594901 -0.01132011 -0.003960788 -0.001541197 -0.01131236 -0.004086017 -9.34047e-4 -0.01173001 -0.004124641 -0.001024484 -0.01125299 -0.004234433 -3.64089e-4 -0.01121342 -8.56691e-4 0.003031075 -0.0145502 -9.68957e-4 0.002611577 -0.0146268 -0.001017868 0.002234935 -0.01463299 -0.003143966 0.001019179 -0.01301968 -0.003310739 5.42435e-4 -0.01290512 -0.003373026 -1.00619e-5 -0.01286274 -0.001409471 -0.00224477 -0.01431334 -0.001905739 -0.002142667 -0.01392346 -0.002188444 -0.00202161 -0.01370865 -0.002552211 -0.001780688 -0.01343971 -0.002876341 -0.001449644 -0.01320707 -0.003077387 -0.001148104 -0.01306593 -0.003310799 -5.42374e-4 -0.01290512 -0.0033468 -3.53866e-4 -0.01288056 -2.6963e-4 0.003952324 -0.01397198 -9.47365e-4 0.003883659 -0.01358449 -0.001606702 0.003693759 -0.01321786 0.009115457 0.007992208 -0.03080791 0.008772969 0.007340073 -0.02953606 0.008731186 0.007567346 -0.02931243 0.003570139 0.00438106 -0.01733511 0.003642857 0.004429578 -0.01689904 0.004157602 0.004576444 -0.01765674 0.002790868 0.004226267 -0.0162841 0.001977026 0.00414133 -0.01527535 0.002221345 0.004192948 -0.01502472 2.81822e-5 0.002529859 -0.01549679 1.03868e-4 0.002904117 -0.0154193 9.85256e-4 0.002551615 -0.0164079 0.001040577 0.002910852 -0.01632219 0.00194168 0.003006398 -0.017268 7.60611e-4 0.002183079 -0.01623135 2.63958e-6 0.002164065 -0.01551914 0.003785192 0.003999769 -0.01898503 0.003621757 0.003427624 -0.01927405 0.002806007 0.003182291 -0.0182566 2.32901e-4 0.003264129 -0.01528286 0.001147627 0.003257513 -0.01618528 0.002030253 0.003337621 -0.01713198 0.002879023 0.003496527 -0.01812261 0.004385471 0.003732562 -0.02031362 0.004524111 0.004272162 -0.020038 0.005764424 0.004493415 -0.0224595 0.003627121 0.002823233 -0.01944172 0.002416491 0.002438902 -0.01797336 0.001908719 0.002328515 -0.0174095 0.001321136 0.002236306 -0.01679068 0.007988452 0.006797492 -0.02680695 0.007941007 0.006460011 -0.02698451 0.0070225 0.005824685 -0.02448236 0.006953179 0.005420207 -0.02469509 0.005863428 0.00496596 -0.02221369 0.006995558 0.005020499 -0.02489984 0.005831897 0.004033088 -0.02270913 0.008167743 0.006393909 -0.02768796 0.007962167 0.006116271 -0.02713853 0.007512152 0.005567669 -0.02603471 0.006083607 0.005367875 -0.02192467 0.006395578 0.005660891 -0.0216248 0.006612598 0.005812168 -0.02208673 0.007185757 0.006185352 -0.02424383 0.007426798 0.006476104 -0.02399879 0.007757961 0.006797611 -0.02487689 0.008103787 0.00710982 -0.02661514 0.007957458 0.007008612 -0.0254414 0.008279025 0.007380843 -0.02641975 0.008608222 0.007810711 -0.02752959 0.001129209 0.004133641 -0.01430928 0.001375496 0.004163861 -0.01403844 0.002047896 0.004180312 -0.01481527 8.76115e-4 0.004029035 -0.01458644 0.001733124 0.004020929 -0.0155313 0.002559304 0.004092395 -0.01651978 0.003353416 0.004236221 -0.01755154 0.003159165 0.004035949 -0.01776176 0.00234723 0.003894925 -0.01674795 0.001504063 0.003828823 -0.0157783 6.31479e-4 0.003844738 -0.014853 0.004104375 0.004443228 -0.01861208 0.002998232 0.003785848 -0.0179553 0.002167403 0.00363934 -0.01695585 0.001304745 0.0035699 -0.01600086 4.12086e-4 0.00358498 -0.01509058 0.004519164 0.004700422 -0.01821821 0.004808664 0.004704952 -0.01969432 0.005183458 0.004976212 -0.0193209 0.006096482 0.005467653 -0.02101528 0.00579065 0.004003226 -0.02263867 0.005499303 0.003801345 -0.02215361 0.004401504 0.003166258 -0.02048856 0.003974735 0.002967298 -0.01990002 0.008762776 0.007840037 -0.02917152 0.00895816 0.008337318 -0.02887368 0.009059309 0.008506476 -0.02930432 0.01499998 -0.005099952 -0.01123392 0.01499998 -0.005465984 -0.01159995 0.01499998 -0.005599975 -0.01209998 0.01499998 0.005099952 -0.01123392 0.01499998 0.005465984 -0.01159995 0.01499998 0.005599975 -0.01209998 0.01399999 0.009483098 0.008143007 0.01399999 0.009432733 0.008482813 0.01399999 0.009233534 0.009139358 0.01399999 0.008910119 0.009744465 0.01399999 0.008474826 0.01027482 0.01399999 0.007339358 0.01103353 0.01399999 0.005999982 0.01129996 0.01399999 -0.005999982 0.01129996 0.01399999 -0.007339358 0.01103353 0.01399999 -0.008474826 0.01027482 0.01399999 -0.009432733 0.008482813 0.01399999 -0.009233534 0.009139358 0.01399999 -0.008910119 0.009744465 0.01799994 0.005599975 -0.01209998 0.01799994 -0.005599975 -0.01209998 0.01799994 0.005465984 -0.01159995 0.01799994 0.005099952 -0.01123392 0.01799994 -0.005099952 -0.01123392 0.01799994 -0.005465984 -0.01159995 0.009709596 -0.009885907 -0.03023415 0.009641706 -0.009707748 -0.03088986 -0.004249989 0 -0.01119995 -0.002474427 9.31467e-4 -0.01349651</float_array>
          <technique_common>
            <accessor source="#link_1-mesh-positions-array" count="1773" stride="3">
              <param name="X" type="float"/>
              <param name="Y" type="float"/>
              <param name="Z" type="float"/>
            </accessor>
          </technique_common>
        </source>
        <source id="link_1-mesh-normals">
          <float_array id="link_1-mesh-normals-array" count="10572">-1 0 0 -1 0 0 -1 0 0 -1 0 0 -1 0 0 -1 0 0 -1 0 0 -1 0 0 -1 0 0 -1 0 0 -1 0 0 -1 0 0 -1 0 0 -1 0 0 -1 0 0 -1 0 0 -1 0 0 -1 0 0 -1 0 0 -1 0 0 -1 0 0 -1 0 0 -1 0 0 -1 0 0 -0.02966451 -0.2587051 0.9655008 -0.4381372 -0.4262354 0.7914285 -0.08081483 -0.704793 0.7047948 -0.1100852 -0.9600552 0.2572457 -0.1100844 -0.9600551 0.2572461 -0.3245399 -0.9102188 0.2572461 -0.32454 -0.9102188 0.2572461 -0.522149 -0.8131327 0.2572461 -0.5221484 -0.813133 0.2572464 -0.6926521 -0.6738378 0.2572466 -0.6926528 -0.6738371 0.2572461 -0.08081549 -0.7047932 0.7047945 -0.2382505 -0.6682075 0.7047945 -0.2382512 -0.6682076 0.7047943 -0.3833186 -0.5969355 0.7047944 -0.3833183 -0.5969354 0.7047944 -0.5084886 -0.4946758 0.7047944 -0.6899774 -0.3970088 0.6052399 -0.02966427 -0.258705 0.9655008 -0.08745366 -0.2452755 0.9655008 -0.0874536 -0.2452755 0.9655008 -0.1407027 -0.2191141 0.9655008 -0.1407027 -0.219114 0.9655008 -0.1866484 -0.1815782 0.9655008 -0.1866481 -0.1815782 0.9655008 0 -0.9659259 0.2588188 0 -0.9659259 0.2588188 0 -0.7071059 0.7071077 0 -0.7071059 0.7071077 0 -0.258819 0.9659258 0 -0.258819 0.9659258 -0.07580113 -0.9631469 0.2580741 -0.05556404 -0.7060135 0.7060153 -0.02036535 -0.2587653 0.9657256 -0.02036505 -0.258765 0.9657256 -0.06059414 -0.2523933 0.9657256 -0.06059443 -0.2523936 0.9657255 -0.09933137 -0.2398072 0.9657256 -0.0993312 -0.2398071 0.9657256 -0.1356225 -0.2213158 0.9657256 -0.1356225 -0.2213158 0.9657256 -0.1685742 -0.1973749 0.9657256 -0.1685742 -0.197375 0.9657256 -0.197375 -0.1685742 0.9657256 -0.1973749 -0.1685742 0.9657256 -0.2213158 -0.1356225 0.9657256 -0.2213158 -0.1356225 0.9657256 -0.239807 -0.09933131 0.9657256 -0.2398072 -0.09933125 0.9657256 -0.2523937 -0.06059426 0.9657256 -0.2523933 -0.06059437 0.9657256 -0.2587649 -0.02036535 0.9657256 -0.2587653 -0.02036511 0.9657256 -0.2587653 0.02036535 0.9657256 -0.258765 0.02036505 0.9657256 -0.2523933 0.06059414 0.9657256 -0.2523936 0.06059443 0.9657255 -0.2398072 0.09933137 0.9657256 -0.2398071 0.0993312 0.9657256 -0.2213158 0.1356225 0.9657256 -0.2213158 0.1356225 0.9657256 -0.1973749 0.1685742 0.9657256 -0.197375 0.1685742 0.9657256 -0.1685742 0.197375 0.9657256 -0.1685742 0.1973749 0.9657256 -0.1356225 0.2213158 0.9657256 -0.1356225 0.2213158 0.9657256 -0.09933131 0.239807 0.9657256 -0.09933125 0.2398072 0.9657256 -0.06059426 0.2523937 0.9657256 -0.06059437 0.2523933 0.9657256 -0.02036535 0.2587649 0.9657256 -0.02036511 0.2587653 0.9657256 -0.05556434 -0.7060138 0.7060149 -0.1653257 -0.6886293 0.7060149 -0.1653252 -0.688629 0.7060154 -0.2710148 -0.6542884 0.7060154 -0.2710152 -0.6542886 0.7060151 -0.370032 -0.6038371 0.706015 -0.3700318 -0.603837 0.7060151 -0.4599371 -0.538517 0.7060151 -0.4599368 -0.5385169 0.7060153 -0.5385169 -0.459937 0.7060153 -0.5385171 -0.4599369 0.7060151 -0.603837 -0.370032 0.7060151 -0.6038371 -0.3700319 0.7060151 -0.6542887 -0.2710149 0.7060151 -0.6542882 -0.2710151 0.7060154 -0.6886289 -0.1653255 0.7060154 -0.6886293 -0.1653252 0.706015 -0.7060139 -0.05556404 0.7060149 -0.7060135 -0.05556434 0.7060153 -0.7060135 0.05556404 0.7060153 -0.7060138 0.05556434 0.7060149 -0.6886293 0.1653257 0.7060149 -0.688629 0.1653252 0.7060154 -0.6542884 0.2710148 0.7060154 -0.6542886 0.2710152 0.7060151 -0.6038371 0.370032 0.706015 -0.603837 0.3700318 0.7060151 -0.538517 0.4599371 0.7060151 -0.5385169 0.4599368 0.7060153 -0.459937 0.5385169 0.7060153 -0.4599369 0.5385171 0.7060151 -0.370032 0.603837 0.7060151 -0.3700319 0.6038371 0.7060151 -0.2710149 0.6542887 0.7060151 -0.2710151 0.6542882 0.7060154 -0.1653255 0.6886289 0.7060154 -0.1653252 0.6886293 0.706015 -0.05556404 0.7060139 0.7060149 -0.05556434 0.7060135 0.7060153 -0.07580101 -0.9631469 0.2580743 -0.2255374 -0.939431 0.2580743 -0.2255373 -0.939431 0.2580745 -0.3697201 -0.8925831 0.2580745 -0.3697201 -0.8925831 0.2580745 -0.504799 -0.823757 0.2580745 -0.504799 -0.823757 0.2580744 -0.6274479 -0.7346473 0.2580744 -0.6274483 -0.7346472 0.2580738 -0.7346475 -0.627448 0.2580738 -0.7346472 -0.6274482 0.2580744 -0.823757 -0.504799 0.2580744 -0.8237569 -0.504799 0.2580745 -0.8925831 -0.3697201 0.2580745 -0.8925831 -0.3697201 0.2580745 -0.9394309 -0.2255374 0.2580745 -0.939431 -0.2255373 0.2580743 -0.9631469 -0.07580113 0.2580743 -0.9631469 -0.07580101 0.2580742 -0.9631469 0.07580113 0.2580741 -0.9631469 0.07580101 0.2580743 -0.939431 0.2255374 0.2580743 -0.939431 0.2255373 0.2580745 -0.8925831 0.3697201 0.2580745 -0.8925831 0.3697201 0.2580745 -0.823757 0.504799 0.2580745 -0.823757 0.504799 0.2580744 -0.7346473 0.6274479 0.2580744 -0.7346473 0.6274482 0.2580741 -0.627448 0.7346474 0.2580741 -0.627448 0.7346473 0.2580744 -0.504799 0.823757 0.2580744 -0.504799 0.8237569 0.2580745 -0.3697201 0.8925831 0.2580745 -0.3697201 0.8925831 0.2580745 -0.2255374 0.9394309 0.2580745 -0.2255373 0.939431 0.2580743 -0.07580113 0.9631469 0.2580743 -0.07580101 0.9631469 0.2580742 0 0.9659259 0.2588188 0 0.9659259 0.2588188 0 0.7071059 0.7071077 0 0.7071059 0.7071077 0 0.258819 0.9659258 0 0.258819 0.9659258 -0.1866482 0.181578 0.9655008 -0.5084887 0.4946758 0.7047945 -0.6926522 0.6738379 0.2572461 -0.6926527 0.6738371 0.2572466 -0.522149 0.8131327 0.2572464 -0.5221485 0.8131331 0.2572461 -0.3245399 0.9102188 0.257246 -0.3245401 0.9102187 0.2572461 -0.1100852 0.9600551 0.2572461 -0.1100844 0.9600552 0.2572457 -0.5084887 0.4946758 0.7047944 -0.3833185 0.5969354 0.7047944 -0.3833183 0.5969355 0.7047943 -0.2382506 0.6682078 0.7047942 -0.2382511 0.6682074 0.7047945 -0.08081489 0.7047933 0.7047945 -0.08081537 0.704793 0.7047948 -0.1866482 0.1815783 0.9655008 -0.1407027 0.2191141 0.9655008 -0.1407027 0.219114 0.9655008 -0.08745366 0.2452755 0.9655008 -0.0874536 0.2452754 0.9655008 -0.02966451 0.2587049 0.9655008 -0.02966427 0.2587051 0.9655007 -1 0 0 -1 0 0 -1 0 0 -1 0 0 -1 0 0 -1 0 0 -1 0 0 -1 0 0 -1 0 0 -1 0 0 -1 0 0 -1 0 0 -1 0 0 -1 0 0 -1 0 0 -1 0 0 -1 0 0 -1 0 0 -1 0 0 -1 0 0 -0.1559706 -0.104551 0.9822129 -0.2271381 -0.1290347 0.9652763 -0.315872 -0.2035217 0.9267166 -0.4956646 -0.3538821 0.7931482 -0.4621971 -0.3098225 0.8308935 -0.659542 -0.4421078 0.6079022 -0.6842969 -0.4738292 0.5542775 -0.8128945 -0.5221891 0.2579168 -0.814754 -0.54615 0.1946694 -0.8024619 0.5379104 0.2582776 -0.8024619 0.5379101 0.2582783 -0.6595411 0.4421067 0.6079041 -0.6022626 0.373995 0.7052713 -0.5063771 0.3394374 0.7926945 -0.2154364 0.1444125 0.9657806 -0.1694943 0.08111745 0.9821872 -0.3621685 0.2427707 0.8999424 0 0 1 0 0 1 0 0 1 0 0 1 0 0 1 0 0 1 0 0 1 0 0 1 0 0 1 0 0 1 0 0 1 0 0 1 0 0 1 0 0 1 0 0 1 0 0 1 0 0 1 0 0 1 0 0 1 0 0 1 0 0 1 0 0 1 0 0 1 0 0 1 0 0 1 0 0 1 0 0 1 0 0 1 0 0 1 0 0 1 0 0 1 0 0 1 0 0 1 -0.113919 -0.9934901 0 -0.2263492 -0.9740235 0.006654918 -0.3358424 -0.9419182 0 -0.5403335 -0.8414509 0 -0.6326587 -0.7744022 0.006654918 -0.7167745 -0.697305 0 -0.7167745 0.697305 0 -0.6326587 0.7744022 0.006654918 -0.5403335 0.8414509 0 -0.3358424 0.9419182 0 -0.2263492 0.9740235 0.006654918 -0.113919 0.9934901 0 0 -1 0 0 -1 0 0 1 0 0 1 0 -0.07845884 0.9969174 0 -0.1564148 0.9875654 -0.01578217 -0.2334452 0.97237 0 -0.3826835 0.9238796 0 -0.453934 0.8908956 -0.01578217 -0.5224987 0.85264 0 -0.649448 0.760406 0 -0.7070187 0.7070187 -0.01578217 -0.760406 0.649448 0 -0.85264 0.5224987 0 -0.8908956 0.453934 -0.01578217 -0.9238796 0.3826835 0 -0.97237 0.2334452 0 -0.9875654 0.1564148 -0.01578217 -0.9969174 0.07845884 0 -0.9969174 -0.07845884 0 -0.9875654 -0.1564148 -0.01578217 -0.97237 -0.2334452 0 -0.9238796 -0.3826835 0 -0.8908956 -0.453934 -0.01578217 -0.85264 -0.5224987 0 -0.7604058 -0.6494482 0 -0.7070187 -0.7070187 -0.01578211 -0.6494482 -0.7604058 0 -0.5224987 -0.85264 0 -0.453934 -0.8908956 -0.01578217 -0.3826835 -0.9238796 0 -0.2334452 -0.97237 0 -0.1564148 -0.9875654 -0.01578217 -0.07845884 -0.9969174 0 -0.7021777 0.5168704 0.4896849 -0.8884978 0.4359747 0.1431702 -0.8785563 0.4567242 0.1397924 -0.877263 0.45978 0.1378836 -0.2516241 0.8669039 0.4303057 -0.4288262 0.7988911 0.4217594 -0.4400546 0.7639341 0.471971 -0.667324 0.4296912 0.6083126 -0.722115 0.477006 0.5010142 -0.8567376 0.4462414 0.258591 -0.1523688 0.5746229 0.8041096 -0.07077252 0.8811966 0.4674224 -0.1505131 0.8631373 0.4820165 -0.1609151 0.8311551 0.5322476 -0.1816329 0.8119898 0.554691 -0.1304311 0.7804055 0.6115186 -0.1803569 0.7280952 0.6613234 -0.4993408 0.7255857 0.4734809 -0.4430628 0.7748878 0.4508261 -0.4723364 0.6915252 0.5465265 -0.5081745 0.6657755 0.5463531 -0.3299857 0.2952925 0.8966113 -0.09285295 0.2104316 0.9731889 -0.3399367 0.2088168 0.9169725 -0.1884953 0.2746902 0.9428758 -0.1672796 0.3151406 0.9341863 -0.0957961 0.4548041 0.8854244 -0.2983754 0.4335007 0.850323 -0.171707 0.5265421 0.8326284 -0.6855788 0.6425802 0.3421587 -0.7106333 0.5534564 0.4343802 -0.7215923 0.5798061 0.3783245 -0.6934924 0.6059813 0.389686 -0.7266836 0.5285948 0.4387694 -0.8732124 0.456842 0.1696922 -0.8599573 0.4819258 0.1679902 -0.4817092 0.3785606 0.7903469 -0.4925069 0.3784999 0.783693 -0.4161458 0.530082 0.738807 -0.4918729 0.5080194 0.7070908 -0.4471006 0.6254959 0.6394185 -0.1697177 0.6311939 0.756829 -0.1049436 0.6665117 0.7380712 -0.7303108 -0.5747479 0.3692033 -0.734849 -0.5834869 0.3457456 -0.4920688 -0.7505266 0.44111 -0.2806444 -0.8654047 0.4151064 -0.05652719 -0.8501274 0.5235344 -0.6888704 -0.6157821 0.3824527 -0.8871426 -0.4355268 0.1526248 -0.9015028 -0.424747 0.08296203 -0.1538354 -0.344622 0.926051 -0.2153149 -0.2124202 0.9531617 -0.09235101 -0.2112514 0.9730591 -0.1921345 -0.4732803 0.8597036 -0.1819187 -0.4752061 0.8608629 -0.4917674 -0.5091623 0.7063418 -0.158037 -0.880829 0.4462786 -0.1557587 -0.8476669 0.5071489 -0.1661698 -0.813084 0.5579265 -0.1418763 -0.8040254 0.5774204 -0.1683067 -0.7283776 0.6641829 -0.1396349 -0.7126914 0.6874395 -0.1626431 -0.6531527 0.7395531 -0.4292998 -0.3621184 0.8273887 -0.7067844 -0.4381855 0.5553821 -0.726826 -0.4674186 0.5032336 -0.8598738 -0.471778 0.195045 -0.8600407 -0.4818746 0.167711 -0.2715116 -0.2764401 0.9218798 -0.5034962 -0.3537368 0.7882651 -0.4161846 -0.5312988 0.7379105 -0.7021608 -0.517438 0.4891096 -0.7266778 -0.5290477 0.4382328 -0.8732605 -0.4567672 0.169646 -0.8773722 -0.4596369 0.1376659 -0.5053766 -0.7673031 0.3947662 -0.4487525 -0.7612645 0.4680784 -0.4772354 -0.6734889 0.564499 -0.5241442 -0.6764938 0.5173287 -0.4472278 -0.6262214 0.638619 -0.178069 -0.6328342 0.7535332 -0.1429222 -0.5984441 0.7883133 -0.001884043 -0.8647115 0.5022653 0.001715242 -0.9411047 0.3381113 0 -0.9381912 0.3461174 0 -0.9910998 0.1331207 0 -0.9910998 0.1331207 0 -0.884347 0.4668302 0.005592644 -0.8811857 0.4727374 0.001409411 -0.8479968 0.5299994 -0.004766404 -0.7654744 0.6434487 0.006937861 -0.7993993 0.6007601 -0.007718384 -0.6434378 0.7654595 0.009992659 -0.7000635 0.7140108 0.002605259 -0.6352298 0.7723187 -0.001607954 -0.5779964 0.8160377 0.007365286 -0.4257677 0.9048026 0.008818447 -0.4307336 0.9024361 1.60566e-4 -0.3007046 0.9537174 -6.10127e-4 -0.1331207 0.9910997 0 -0.1357396 0.9907445 -7.59823e-5 0.6541491 0.7563655 1.35197e-4 0.4257792 0.9048271 0.04231458 0.5417358 0.8394831 0.02634131 0.4893632 0.8716822 2.80041e-4 0.3671128 0.9301764 -1.33251e-6 0.2648972 0.9642767 1.12133e-4 0.1331207 0.9910998 0.01721853 0.2080178 0.9779735 0 0.08197736 0.9966342 0 0.9381912 0.3461174 0.001715242 0.9411047 0.3381113 -0.001884043 0.8647115 0.5022653 0.03225934 0.7708079 0.6362504 1.06276e-4 0.7071072 0.7071064 2.04353e-5 0.8304767 0.5570535 0.004017949 0.8778026 0.4790058 0 0.8798301 0.4752883 0 0.9994429 0.03337186 -0.007784605 0.9910698 0.1331167 -0.01555871 0.9948698 0.09996008 0 0.9800118 0.1989393 -0.9996095 0.02794289 0 -0.9889122 0.1485003 5.7115e-4 -0.9739434 0.226789 -0.001042366 -0.848616 0.5290064 0.001758217 -0.8858115 0.4640446 -7.10905e-4 -0.7334545 0.6797385 2.09093e-4 -0.7483192 0.6633388 5.3241e-7 -0.6066342 0.7949812 -1.01429e-6 -0.6134168 0.7897594 -1.77514e-4 -0.37722 0.9261236 1.85269e-4 -0.362285 0.9320673 -1.51469e-4 -0.1187898 0.9929194 1.20974e-4 -0.1115044 0.993764 0 -0.6362919 -0.7714483 2.1606e-4 -0.37722 -0.9261236 -1.85269e-4 -0.362285 -0.9320673 1.51469e-4 -0.1187898 -0.9929194 -1.20974e-4 -0.1115044 -0.993764 0 -0.8858115 -0.4640447 7.10904e-4 -0.7483838 -0.6632659 -1.31532e-4 -0.6129562 -0.7901163 9.68398e-4 -0.9996095 -0.02794289 0 -0.9889122 -0.1485003 -5.7115e-4 -0.9739434 -0.226789 0.001042366 -0.848616 -0.5290064 -0.001758217 0 1 0 0 1 0 0 1 0 0 1 0 0 1 0 0 1 0 0 1 0 0 1 0 0 -1 0 0 -1 0 0 -1 0 0 -1 0 0 -1 0 0 -1 0 0 -1 0 0 -1 0 -0.8369803 0.5467609 -0.02272701 -0.8306158 0.5567827 -0.008397996 -0.871968 0.4895555 0.002658069 -0.8059497 0.591984 1.97315e-4 -0.8055275 0.5925584 0 -0.8154588 0.5788043 -0.003548383 -0.8247044 0.5654937 -0.008928179 -0.8133037 0.5818167 0.005130469 -0.8203334 0.5716885 0.0150091 -0.8257474 0.5624116 0.04283058 -0.9191198 0.3929064 0.02904272 -0.8921713 0.4512939 -0.01908624 -0.8829492 0.4691808 0.01643252 -0.9150552 0.403221 -0.009314358 -0.825881 -0.5625025 0.03888016 -0.8198515 -0.5723744 0.01520246 -0.8158614 -0.5781848 0.008528709 -0.8117557 -0.5839848 0.003789961 -0.8037301 -0.5949936 -8.13143e-4 -0.8054673 -0.5926404 0 -0.8120571 -0.5835734 -0.002318441 -0.817983 -0.5752231 -0.004707217 -0.8270549 -0.5620114 -0.01111149 -0.8329581 -0.5530295 -0.01841908 -0.8305525 -0.5567402 -0.01492846 -0.8580999 -0.5134817 0.001015484 -0.8793474 -0.4761788 -0.001400113 -0.8849769 -0.4654948 -0.01142418 -0.9037562 -0.4279612 0.008606076 -0.9169539 -0.3985136 -0.01955419 -0.922196 -0.3862823 0.01845383 0 0.3539456 0.9352661 -0.003451406 0.3893799 0.9210708 -0.0196079 0.4855993 0.8739616 -0.06827092 0.5561292 0.8282871 0 -0.7755067 0.6313393 0 0.08695417 0.9962123 0 0.08695417 0.9962123 0 -0.4051632 0.9142443 0 -0.4051632 0.9142443 0 -0.6552505 0.7554117 -0.03713512 -0.7958872 0.604305 -0.01802945 -0.8101753 0.5859104 1.06632e-5 -0.9996612 -0.02602881 -0.02348506 -0.9837597 0.1779472 -0.01341253 -0.9893888 0.1446717 -9.89824e-6 -0.9383402 0.3457134 -1.05443e-4 -0.888311 0.4592426 -6.2782e-5 -0.8026507 -0.5964494 7.06641e-6 -0.8708607 -0.49153 -0.02218252 -0.9360086 -0.3512774 -0.008027851 -0.9562305 -0.2925042 -4.78801e-6 -0.9897641 -0.142713 -0.006491303 -0.7032839 -0.7108794 -0.02583569 -0.6497545 -0.759705 0.003910481 -0.5040588 -0.8636605 -0.006396293 -0.2019224 -0.9793807 -0.06913685 -0.08989238 -0.9935489 -0.006334066 -0.2792701 -0.9601917 0 0.6280645 -0.7781613 -0.02349418 0.6452505 -0.7636097 -0.02408349 0.6458957 -0.7630457 0.009041011 0.5548865 -0.8318769 -0.02614164 0.296277 -0.9547442 -0.04635357 0.3241989 -0.9448526 0.00256437 0.1326026 -0.9911659 -0.02046811 0.8204054 0.5714157 -0.02440816 0.815734 0.5779119 0.01038944 0.7630699 0.6462326 -0.02240812 0.6299585 0.7763054 -0.003833353 -0.7034128 0.7107712 -0.004815399 -0.5994596 -0.8003906 -0.02692288 -0.649047 -0.7602717 -0.02325826 -0.6450813 -0.7637599 0 -0.6280645 -0.7781613 0.002930879 -0.1461969 -0.9892512 -0.03929477 -0.2885696 -0.9566522 -0.04289287 -0.2961055 -0.9541917 -0.005411088 -0.4251642 -0.9051001 0.001271188 -0.5294399 -0.8483465 -0.0038051 0.1047493 -0.9944914 -0.03231096 0.2018211 -0.9788893 0.003934204 0.353292 -0.9355049 -0.005316674 0.5861737 -0.810168 -0.02534645 0.6497626 -0.7597145 0.002698898 0.7663918 -0.6423677 -0.003634691 0.896657 -0.4427109 -0.02302438 0.9359908 -0.3512707 -6.4908e-4 0.9739948 -0.2265693 6.49627e-4 0.9999746 0.007100701 -0.02245086 0.9892284 0.1446483 -0.004009425 0.9707819 0.23993 0 0.8229739 0.5680792 -0.02942162 0.7704112 0.636868 0.002864003 0.8886571 0.4585634 -0.2007673 0.6419089 0.7400307 0 0.7964366 0.6047222 0 0.4051632 0.9142443 0 0.4051632 0.9142443 0 -0.08695417 0.9962123 0 -0.08695417 0.9962123 0 -0.3539456 0.9352661 -0.04687064 -0.5568171 0.8293117 -0.07632672 -0.5790989 0.8116765 -0.009392797 -0.4491546 0.8934047 -0.02329814 -0.8157557 0.5779273 -0.02319425 -0.8157209 0.5779804 0.003858923 -0.7705085 0.6374181 0 0 -1 0 0 -1 0 0 -1 0 0 -1 0 0 -1 0 0 -1 0 0 -1 0 0 -1 0 0 -1 0 0 -1 0 0 -1 0 0 -1 0 0 -1 0 0 -1 0 0 -1 0 0 -1 0 0 -1 0 0 -1 0 0 -1 -5.19302e-5 0.7875161 0.616294 -3.86676e-5 0.9842064 0.1770243 -0.003451406 -0.3893799 -0.9210708 -0.0196079 -0.4855993 -0.8739616 -0.0988202 -0.5981712 -0.795252 -0.03808736 -0.5570253 -0.8296217 0 0.9941811 -0.1077215 -3.19978e-6 0.9982631 0.05891293 -0.008982717 0.9972577 -0.07346028 -0.05645471 0.9878997 -0.144454 0 0.9516834 -0.3070807 0 0.7964366 -0.6047222 0 0.7964366 -0.6047222 0 0.4051632 -0.9142443 0 0.4051632 -0.9142443 0 -0.08695417 -0.9962123 0 -0.08695417 -0.9962123 0 -0.3539456 -0.9352661 1.4706e-4 0.936239 0.3513639 -0.06530368 0.8615549 0.5034467 -0.01893573 0.9340256 0.3567041 -0.0777145 0.07429623 0.9942035 -0.006396293 0.2019224 0.9793807 0.002559125 -0.1324092 0.9911918 -0.01338624 0.2449668 0.969439 -8.27816e-6 0.4021154 0.915589 6.7073e-6 0.6499714 0.7599586 -0.06218791 0.5417346 0.838246 -0.01310473 0.6818006 0.7314207 0 -0.6280645 0.7781613 -0.04628759 -0.3241658 0.9448671 -0.02608168 -0.2962775 0.9547458 0.008985221 -0.5547861 0.8319445 -0.02393037 -0.6455633 0.7633318 -0.02309417 -0.6467302 0.7623692 -0.02046811 -0.8204054 -0.5714157 -0.02440816 -0.815734 -0.5779119 0.004168391 -0.7729802 -0.6344164 -0.002845764 -0.7124714 -0.7016953 0 0 1 0 0 1 0 0 1 0 0 1 0 0 1 0 0 1 0 0 1 0 0 1 0 0 1 0 0 1 0 0 1 0 0 1 0 0 1 0 0 1 0 0 1 0 0 1 0 0 1 0 0 1 0 0 1 -0.00493294 0.5997477 0.8001739 -0.0269497 0.6490629 0.7602572 -0.02329397 0.6451069 0.7637372 0 0.6280645 0.7781613 0.002954006 0.1470546 0.989124 -0.03955763 0.2890719 0.9564898 -0.04291546 0.2961052 0.9541908 -0.005474507 0.4250034 0.9051753 0.001315057 0.5296383 0.8482227 -0.003802597 -0.1046568 0.9945011 -0.03231799 -0.201821 0.9788891 0.003893136 -0.3530097 0.9356116 -0.005269885 -0.5866361 0.8098334 -0.02525067 -0.6497642 0.7597163 -7.19103e-5 -0.7562427 0.6542913 -3.30082e-6 -0.8336621 0.5522747 -0.009013891 -0.9362009 0.3513496 -0.03176534 -0.9103419 0.412636 -0.03164029 -0.9809527 -0.1916524 -0.003568887 -0.998826 -0.04831039 0.002656817 -0.9818826 0.1894711 -0.009392797 0.4491546 -0.8934047 0 0.3539456 -0.9352661 0 0.08695417 -0.9962123 0 0.08695417 -0.9962123 0 -0.4051632 -0.9142443 0 -0.4051632 -0.9142443 0 -0.7964366 -0.6047222 0 -0.7964366 -0.6047222 0 -0.9894778 -0.1446847 -0.1635565 -0.9388681 -0.3029456 0 -0.9981998 -0.05997693 -0.02329701 0.8157557 -0.5779273 -0.02319455 0.8157215 -0.5779796 0.003858923 0.7705085 -0.6374181 -0.01827502 0.5573366 -0.8300855 -0.146964 0.6289228 -0.7634512 -0.07632672 0.5790989 -0.8116765 -0.005136668 -0.6327369 -0.7743499 0.007389545 -0.4257676 -0.9048023 0.02614039 -0.4888986 -0.8719489 4.65476e-4 -0.3668599 -0.930276 -5.9707e-4 -0.1331207 -0.9910997 0.01706612 -0.208568 -0.9778589 0 -0.08061492 -0.9967454 0.0379917 -0.9404266 -0.3378677 0.03188747 -0.7702682 -0.6369225 2.64655e-5 -0.7071072 -0.7071064 -6.28001e-5 -0.8308728 -0.5564624 0.003948032 -0.8776513 -0.4792833 0 -0.879653 -0.475616 0 -0.9048268 -0.4257797 0 -0.9910998 -0.1331207 0 -0.9910998 -0.1331207 0 0.9910998 -0.1331207 0 0.9910998 -0.1331207 0 0.8842951 -0.4669285 0 0.941106 -0.3381118 0.01720046 0.904693 -0.4257167 0.005565166 0.8811269 -0.4728469 0.002596378 0.6351147 -0.7724135 0.009948551 0.6998667 -0.7142043 0.01228988 0.7070538 -0.707053 -0.00239402 0.8005705 -0.5992338 0.001364588 0.8483015 -0.5295117 -0.001614987 0.5779052 -0.8161023 0.007389426 0.4257676 -0.9048023 0.008811116 0.4306301 -0.9024856 1.57135e-4 0.3006519 -0.9537339 -5.971e-4 0.1331207 -0.9910997 0 0.1356848 -0.9907521 -1 0 0 -1 0 0 -1 0 0 -1 0 0 -1 0 0 -1 0 0 -1 0 0 -1 0 0 -1 0 0 -1 0 0 -1 0 0 -1 0 0 -1 0 0 -1 0 0 -1 0 0 -1 0 0 -1 0 0 -1 0 0 -1 0 0 -1 0 0 -1 0 0 -1 0 0 -1 0 0 -1 0 0 -0.8882627 -0.4364594 -0.1431526 -0.8786428 -0.4566179 -0.1395953 -0.8773609 -0.4596501 -0.137694 -0.2516369 -0.86675 -0.4306082 -0.4279559 -0.7992223 -0.4220159 -0.4390489 -0.7646389 -0.4717664 -0.4990241 -0.7260844 -0.4730501 -0.4428818 -0.7752742 -0.4503394 -0.4722944 -0.691647 -0.5464088 -0.5075603 -0.6662619 -0.5463311 -0.4472358 -0.6260851 -0.6387469 -0.2715353 -0.2764032 -0.9218839 -0.5034908 -0.3537027 -0.7882838 -0.4293189 -0.3620892 -0.8273915 -0.7067934 -0.4381707 -0.5553824 -0.6855168 -0.6427413 -0.3419802 -0.7105767 -0.5540342 -0.4337359 -0.7211505 -0.5802416 -0.3784993 -0.6938794 -0.6056397 -0.3895277 -0.7266722 -0.5290126 -0.4382844 -0.8732609 -0.4567694 -0.1696382 -0.860037 -0.4818754 -0.1677275 -0.09237617 -0.2112103 -0.9730657 -0.3460347 -0.2098548 -0.9144511 -0.1871539 -0.2747449 -0.943127 -0.07080322 -0.881025 -0.4677414 -0.1506506 -0.8628655 -0.4824599 -0.1608298 -0.8315194 -0.5317041 -0.1816308 -0.8124814 -0.5539715 -0.1287709 -0.7798794 -0.6125408 -0.1804618 -0.7282482 -0.6611264 -0.08264631 -0.6432234 -0.7612051 -0.1296992 -0.6282782 -0.7671014 -0.1723384 -0.5261685 -0.8327342 -0.8598734 -0.4717789 -0.1950451 -0.7268198 -0.4674034 -0.5032564 -0.7021703 -0.5173887 -0.4891483 -0.416206 -0.5311999 -0.7379697 -0.491767 -0.5090681 -0.7064099 -0.09593707 -0.4564331 -0.8845705 -0.3034022 -0.4341167 -0.8482275 -0.1319175 0.1442049 -0.9807155 -0.1565067 0.1036273 -0.9822255 -0.1643191 0.1060834 -0.9806863 -0.3134912 0.2075707 -0.926627 -0.4638323 0.3071155 -0.8309872 -0.4638317 0.3071154 -0.8309875 -0.6936746 0.4593005 -0.5548502 -0.6936755 0.4593005 -0.5548489 -0.8178309 0.5415071 -0.1947376 -0.1485509 0.1270036 -0.9807155 -0.1485509 0.1270035 -0.9807154 -0.4228255 0.3614946 -0.8309875 -0.4228255 0.3614945 -0.8309876 -0.6323492 0.5406268 -0.5548489 -0.6323491 0.5406267 -0.554849 -0.1319174 0.1442049 -0.9807154 -0.2989861 0.326835 -0.8965412 -0.366039 0.419788 -0.8305382 -0.4113821 0.4496999 -0.7928018 -0.5615444 0.6138489 -0.554849 -0.5201752 0.5992624 -0.6085248 -0.6055873 0.6619942 -0.4416193 -0.8178306 0.5415072 -0.1947385 -0.7455281 0.6373891 -0.1947385 -0.7455279 0.6373891 -0.1947389 -0.6620505 0.7237166 -0.1947389 -0.6620506 0.7237166 -0.1947388 -0.1319174 -0.1442049 -0.9807155 -0.1319174 -0.1442049 -0.9807154 -0.1629576 -0.1078985 -0.9807153 -0.5515339 -0.6232513 -0.5544079 -0.5358638 -0.5857764 -0.6080428 -0.3754813 -0.4104551 -0.8309875 -0.3963094 -0.4623034 -0.7932304 -0.2989861 -0.326835 -0.8965413 -0.6620506 -0.7237166 -0.1947388 -0.6620506 -0.7237167 -0.1947387 -0.6055873 -0.6619942 -0.4416193 -0.1485509 -0.1270035 -0.9807155 -0.1485509 -0.1270036 -0.9807154 -0.4228255 -0.3614945 -0.8309875 -0.4228255 -0.3614946 -0.8309876 -0.6323491 -0.5406267 -0.5548491 -0.6323491 -0.5406268 -0.5548489 -0.7455279 -0.637389 -0.1947389 -0.7455279 -0.6373892 -0.1947385 -0.1576937 -0.1015805 -0.9822495 -0.3134915 -0.2075709 -0.926627 -0.4638319 -0.3071152 -0.8309875 -0.4638322 -0.3071157 -0.8309872 -0.6936753 -0.4593009 -0.554849 -0.6936748 -0.4593001 -0.5548502 -0.8178308 -0.541507 -0.1947385 -0.8178308 -0.5415073 -0.1947376 -0.09653311 -0.1726773 -0.9802367 -0.1720468 -0.212543 -0.9618864 -0.2183483 -0.3905789 -0.8942999 -0.2997629 -0.5362123 -0.7890619 -0.4163504 -0.5881782 -0.6933245 -0.04436254 -0.2585639 -0.9649749 -0.04436254 -0.258564 -0.9649749 -0.1204371 -0.7019591 -0.7019605 -0.1204371 -0.701959 -0.7019604 -0.1634966 -0.9529282 -0.2553365 -0.1634964 -0.9529283 -0.2553364 -0.4788483 -0.8565582 -0.1923859 -0.5306144 -0.8093329 -0.2518503 -0.4388713 -0.7850472 -0.4371417 -0.3891953 -0.6961875 -0.6031997 0 -0.9807853 -0.1950904 0.004511117 -0.965916 -0.2588166 0 -0.8968729 -0.4422884 0 -0.7933532 -0.6087617 0.006023406 -0.7070932 -0.7070947 0 -0.1950886 -0.9807856 0.004511177 -0.2588161 -0.9659161 0 -0.442292 -0.896871 0 -0.6087601 -0.7933544 -0.1278918 -0.8895078 -0.4386564 -0.1396343 0.9711768 -0.1931787 -0.6028539 -0.7480964 -0.2773429 -0.6425255 -0.7415139 -0.1931789 -0.4546697 -0.8691987 -0.1943431 -0.399596 -0.8749929 -0.2733319 -0.3263103 -0.9249684 -0.194821 -0.1396341 -0.9711768 -0.1931787 -0.1396343 -0.9711767 -0.1931791 -0.717849 -0.6683406 -0.1949709 -0.8254072 -0.530457 -0.1931792 -0.8254072 -0.530457 -0.1931793 -0.8992894 -0.3914458 -0.1950607 -0.9335097 -0.2741032 -0.2311432 -0.9461182 -0.2595551 -0.1936271 -0.978381 -0.06997519 -0.1946126 -0.960434 0 -0.2785075 -0.978381 0.06997519 -0.1946126 -0.9461182 0.2595551 -0.1936271 -0.9335096 0.2741032 -0.2311432 -0.8992894 0.3914458 -0.1950607 -0.8254072 0.530457 -0.1931793 -0.8254073 0.530457 -0.1931792 -0.717849 0.6683406 -0.1949709 -0.6327475 0.7302296 -0.2576727 -0.6155461 0.7638464 -0.1940146 -0.4075902 0.8924977 -0.193179 -0.4395772 0.8403462 -0.3171593 -0.3263103 0.9249684 -0.194821 -0.08719313 -0.6064416 -0.7903329 -0.1133321 -0.7882418 -0.6048395 -0.1361222 -0.8221694 -0.5527281 -0.3464897 -0.7587065 -0.5516424 -0.3464897 -0.7587065 -0.5516423 -0.5462068 -0.6303563 -0.5516423 -0.5462068 -0.6303563 -0.5516421 -0.7016735 -0.4509381 -0.5516422 -0.7016736 -0.4509383 -0.5516421 -0.8002948 -0.2349877 -0.5516421 -0.8002948 -0.2349877 -0.5516421 -0.8340809 0 -0.5516421 -0.8340809 0 -0.5516421 -0.8002948 0.2349877 -0.5516421 -0.8002949 0.2349877 -0.5516421 -0.7016736 0.4509382 -0.5516421 -0.7016735 0.4509382 -0.5516422 -0.5462068 0.6303563 -0.5516422 -0.5462067 0.6303563 -0.5516423 -0.3464898 0.7587065 -0.5516424 -0.3464897 0.7587065 -0.5516424 -0.0280385 -0.1950119 -0.9804 -0.0634638 -0.4414004 -0.8950632 -0.1396341 0.9711767 -0.1931792 -0.1278918 0.8895078 -0.4386564 -0.1361222 0.8221694 -0.5527281 -0.1133321 0.7882418 -0.6048395 -0.08719313 0.6064416 -0.7903329 -0.09908467 -0.5489025 -0.829993 -0.2324252 -0.5089401 -0.8288296 -0.2324252 -0.5089403 -0.8288295 -0.3663953 -0.4228428 -0.8288295 -0.3663954 -0.4228428 -0.8288295 -0.4706823 -0.3024892 -0.8288295 -0.4706823 -0.3024892 -0.8288296 -0.5368375 -0.1576297 -0.8288296 -0.5368374 -0.1576297 -0.8288295 -0.5595012 0 -0.8288296 -0.5595012 0 -0.8288295 -0.5368375 0.1576297 -0.8288295 -0.5368375 0.1576297 -0.8288295 -0.4706823 0.3024892 -0.8288296 -0.4706824 0.3024892 -0.8288295 -0.3663953 0.4228428 -0.8288295 -0.3663953 0.4228428 -0.8288296 -0.2324252 0.5089402 -0.8288295 -0.2324251 0.5089401 -0.8288296 -0.09908467 0.5489025 -0.829993 -0.0634638 0.4414004 -0.8950632 -0.02803844 -0.1950119 -0.9804001 -0.08184391 -0.1792132 -0.9804 -0.08184391 -0.1792132 -0.9804001 -0.1290189 -0.1488958 -0.9804 -0.1290189 -0.1488958 -0.9804001 -0.1657415 -0.1065156 -0.9804 -0.1657415 -0.1065155 -0.9804001 -0.1890367 -0.05550616 -0.9804 -0.1890367 -0.05550622 -0.9804001 -0.1970173 0 -0.9804 -0.1970173 0 -0.9804 -0.1890367 0.05550616 -0.9804 -0.1890367 0.05550616 -0.9804 -0.1657415 0.1065156 -0.9804 -0.1657415 0.1065156 -0.9804 -0.1290189 0.1488958 -0.9804 -0.1290189 0.1488958 -0.9804 -0.08184391 0.1792132 -0.9804 -0.08184391 0.1792132 -0.9804001 -0.0280385 0.1950119 -0.9804 -0.02803844 0.1950119 -0.9804001 0 0.9807853 -0.1950904 0.004511117 0.965916 -0.2588166 0 0.8968729 -0.4422884 0 0.7933532 -0.6087617 0.006023406 0.7070932 -0.7070947 0 0.6087601 -0.7933544 0 0.442292 -0.896871 0.004511177 0.2588161 -0.9659161 0 0.1950886 -0.9807856 -0.1280134 0.2289889 -0.9649749 -0.3358376 0.2956457 -0.8943191 -0.09653311 0.1726773 -0.9802367 -0.471789 0.8439304 -0.2553364 -0.5535309 0.809801 -0.1944892 -0.4388713 0.7850472 -0.4371417 -0.3475359 0.6216676 -0.7019604 -0.4978855 0.6176723 -0.6087619 -0.299763 0.5362123 -0.7890619 -0.0443626 0.258564 -0.9649749 -0.04436254 0.2585639 -0.9649749 -0.1204371 0.7019591 -0.7019604 -0.1204371 0.7019591 -0.7019604 -0.1634966 0.9529282 -0.2553364 -0.1634963 0.9529283 -0.2553365 -0.7304956 0.5745809 -0.3690973 -0.7351151 0.5835289 -0.3451083 -0.4913392 0.7505057 -0.4419582 -0.2816025 0.8651616 -0.4149646 -0.05672007 0.8499081 -0.5238694 -0.6887769 0.615908 -0.3824183 -0.8871561 0.4354791 -0.1526824 -0.9015777 0.4246303 -0.08274501 -0.1538165 0.3445673 -0.9260745 -0.2153025 0.2123666 -0.9531764 -0.09237611 0.2112104 -0.9730657 -0.1921103 0.4731822 -0.8597629 -0.1820094 0.4750893 -0.8609081 -0.491767 0.5090678 -0.70641 -0.1583234 0.8807538 -0.4463254 -0.1556831 0.8479507 -0.5066975 -0.166088 0.8133925 -0.5575011 -0.1416817 0.804355 -0.5770089 -0.1683111 0.7282048 -0.6643713 -0.1396254 0.7125039 -0.6876357 -0.1626094 0.653043 -0.7396572 -0.4293195 0.3620883 -0.8273916 -0.706794 0.4381698 -0.5553823 -0.7268213 0.467404 -0.5032538 -0.8598732 0.4717792 -0.1950451 -0.8600368 0.4818751 -0.1677288 -0.2715348 0.2764033 -0.921884 -0.5034883 0.3537022 -0.7882857 -0.416203 0.5312005 -0.737971 -0.7021717 0.5173891 -0.4891457 -0.7266723 0.5290123 -0.4382846 -0.8732606 0.4567697 -0.1696394 -0.8773608 0.4596504 -0.1376938 -0.5048976 0.7674027 -0.3951855 -0.448593 0.7615512 -0.467765 -0.4772402 0.673379 -0.564626 -0.5240858 0.676398 -0.517513 -0.4472359 0.6260839 -0.6387479 -0.1780049 0.6326479 -0.7537047 -0.1428818 0.5983545 -0.7883886 -0.8608048 0.5089337 -0.001262724 -0.8777394 0.479135 0.001807093 -0.8874566 0.4606369 0.01531136 -0.8848651 0.4657502 0.009516477 -0.9069876 0.421095 -0.007249236 -0.9173144 0.3975648 0.02182894 -0.9236604 0.3829891 -0.01306873 -0.7855741 0.6187207 -0.007614791 -0.7825523 0.6225697 0.004331588 -0.7804278 0.6251624 0.01021718 -0.689819 0.723931 -0.008588731 -0.6749729 0.7378426 0 -0.7834386 0.6213193 0.01364976 -0.793518 0.6079198 0.02761775 -0.8019089 0.5956966 0.04569071 -0.8416125 0.5400159 0.00843507 -0.8337181 0.5520268 0.01343625 -0.7587535 0.6486964 -0.05904358 -0.8719477 -0.4895914 -0.00271368 -0.785515 -0.6186742 -0.0144428 -0.6749287 -0.7377943 -0.01143574 -0.6898444 -0.7239577 0 -0.8337686 -0.5520602 0.007710218 -0.8399457 -0.5422912 0.02028501 -0.758755 -0.6486977 -0.05900973 -0.8034386 -0.5932802 0.05005115 -0.7967339 -0.6034122 0.03329819 -0.7817615 -0.6234887 0.01051658 -0.7783646 -0.6275857 0.01687818 -0.7849166 -0.6195922 -0.003407597 -0.9191287 -0.3928729 -0.02921158 -0.8921941 -0.4512457 0.01915466 -0.883039 -0.4690213 -0.0161584 -0.9151795 -0.4029416 0.009191751 -0.4879639 0.8728639 0 -0.4879639 0.8728639 0 -0.1691017 0.9855986 0 -0.1691017 0.9855986 0 0 1 0 0 1 0 -0.142315 -0.9898214 0 -0.1950575 -0.9806195 0.01838344 -0.3326849 -0.9430381 0 -0.463507 -0.8860933 0 -0.5554233 -0.8312498 0.02299177 -0.6274689 -0.7786418 0 -0.8314453 -0.5555539 0.007649421 -0.8411551 -0.5405776 0.01529502 -0.7318947 -0.6814177 0 -0.9805595 -0.1950455 0.02145522 -0.9643688 -0.2645619 0 -0.9169021 -0.3991122 0 -0.9805595 0.1950455 0.02145522 -0.9974521 0.07133913 0 -0.9974521 -0.07133913 0 -0.7318947 0.6814177 0 -0.8411551 0.5405776 0.01529508 -0.8314453 0.5555539 0.007649421 -0.9169021 0.3991122 0 -0.9643688 0.2645619 0 -0.6274689 0.7786418 0 -0.5554233 0.8312498 0.02299177 -0.463507 0.8860933 0 -0.3326849 0.9430381 0 -0.1950575 0.9806195 0.01838344 -0.142315 0.9898214 0 0 -1 0 0 -1 0 -0.1691017 -0.9855986 0 -0.1691017 -0.9855986 0 -0.4879639 -0.8728639 0 -0.4879639 -0.8728639 0 -1 0 0 -1 0 0 -1 0 0 -1 0 0 -1 0 0 -1 0 0 -1 0 0 -1 0 0 -1 0 0 -1 0 0 -1 0 0 -1 0 0 -1 0 0 -1 0 0 -1 0 0 -1 0 0 -1 0 0 -1 0 0 0 0 1 0 0 1 1 0 0 1 0 0 1 0 0 1 0 0 1 0 0 1 0 0 1 0 0 1 0 0 1 0 0 1 0 0 1 0 0 1 0 0 1 0 0 1 0 0 1 0 0 1 0 0 1 0 0 1 0 0 1 0 0 1 0 0 1 0 0 1 0 0 1 0 0 1 0 0 0.02966481 -0.9655007 0.2587053 0.08081346 -0.7047958 0.7047922 0.1100813 -0.2572458 0.9600556 0.1100827 -0.2572453 0.9600555 0.3245394 -0.2572453 0.9102192 0.3245412 -0.2572445 0.9102188 0.5221469 -0.2572448 0.8131345 0.5221497 -0.2572434 0.8131331 0.6926586 -0.2572434 0.6738324 0.6926499 -0.2572484 0.6738394 0.0808162 -0.7047947 0.704793 0.2382512 -0.7047948 0.6682071 0.2382504 -0.7047951 0.668207 0.3833187 -0.704795 0.5969345 0.3833203 -0.7047944 0.5969341 0.5084869 -0.7047942 0.4946778 0.5084882 -0.7047937 0.4946773 0.02966457 -0.9655007 0.2587051 0.08745354 -0.9655007 0.2452759 0.08745324 -0.9655008 0.2452758 0.1407035 -0.9655007 0.2191137 0.1407026 -0.965501 0.2191137 0.1866477 -0.965501 0.1815782 0.186648 -0.9655008 0.1815781 0 -0.2588188 0.9659259 0 -0.2588188 0.9659259 0 -0.7071086 0.707105 0 -0.7071086 0.707105 0 -0.9659258 0.2588192 0 -0.9659258 0.2588192 0.0758028 -0.2580741 0.9631468 0.0555644 -0.7060162 0.7060126 0.02036517 -0.9657255 0.2587655 0.02036529 -0.9657255 0.2587657 0.06059509 -0.9657254 0.252394 0.06059366 -0.9657258 0.2523929 0.09933054 -0.9657258 0.2398064 0.09933137 -0.9657256 0.2398068 0.1356223 -0.9657256 0.2213158 0.1356226 -0.9657256 0.2213158 0.1685749 -0.9657255 0.1973746 0.1685732 -0.9657258 0.1973743 0.1973734 -0.9657259 0.1685739 0.1973754 -0.9657256 0.168574 0.2213165 -0.9657254 0.135622 0.2213158 -0.9657256 0.1356222 0.239807 -0.9657256 0.09933108 0.2398065 -0.9657257 0.0993312 0.2523925 -0.9657257 0.06059533 0.2523938 -0.9657254 0.06059467 0.2587658 -0.9657254 0.02036446 0.2587646 -0.9657257 0.02036523 0.2587647 -0.9657257 -0.0203644 0.2587656 -0.9657255 -0.02036529 0.2523937 -0.9657254 -0.06059557 0.2523928 -0.9657257 -0.06059449 0.2398066 -0.9657257 -0.0993309 0.2398068 -0.9657256 -0.09933137 0.221316 -0.9657256 -0.1356217 0.2213162 -0.9657255 -0.1356224 0.1973747 -0.9657254 -0.168575 0.1973743 -0.9657259 -0.1685731 0.1685739 -0.9657258 -0.1973735 0.168574 -0.9657256 -0.1973752 0.1356225 -0.9657256 -0.2213159 0.1356225 -0.9657256 -0.2213156 0.09933084 -0.9657256 -0.2398071 0.09933108 -0.9657258 -0.2398062 0.06059473 -0.9657258 -0.2523925 0.06059396 -0.9657254 -0.2523941 0.02036517 -0.9657254 -0.2587657 0.02036529 -0.9657255 -0.2587656 0.05556559 -0.7060151 0.7060136 0.1653239 -0.7060152 0.6886295 0.1653255 -0.7060139 0.6886305 0.271016 -0.7060138 0.6542897 0.2710148 -0.7060146 0.6542891 0.3700321 -0.7060147 0.6038372 0.3700339 -0.7060134 0.6038377 0.4599375 -0.7060134 0.5385189 0.4599367 -0.706014 0.5385189 0.5385186 -0.706014 0.459937 0.5385193 -0.7060134 0.4599369 0.6038389 -0.7060134 0.370032 0.6038371 -0.7060148 0.3700324 0.6542888 -0.7060147 0.2710156 0.654289 -0.7060145 0.2710155 0.6886298 -0.7060143 0.1653262 0.6886309 -0.7060133 0.1653256 0.7060155 -0.7060132 0.05556464 0.7060143 -0.7060143 0.05556565 0.7060143 -0.7060143 -0.05556458 0.7060154 -0.7060133 -0.05556571 0.6886307 -0.7060133 -0.1653265 0.6886304 -0.7060139 -0.1653258 0.6542897 -0.7060138 -0.271016 0.6542891 -0.7060146 -0.2710148 0.6038378 -0.7060148 -0.3700313 0.6038382 -0.7060135 -0.3700332 0.538519 -0.7060134 -0.4599373 0.5385189 -0.7060139 -0.4599366 0.4599371 -0.706014 -0.5385184 0.459937 -0.7060134 -0.5385192 0.3700328 -0.7060135 -0.6038383 0.3700332 -0.7060147 -0.6038367 0.2710156 -0.7060147 -0.6542888 0.2710151 -0.7060137 -0.6542899 0.1653242 -0.7060138 -0.6886308 0.1653251 -0.7060151 -0.6886292 0.05556452 -0.706015 -0.7060137 0.05556392 -0.7060144 -0.7060144 0.07580149 -0.258076 0.9631464 0.2255373 -0.258076 0.9394306 0.2255375 -0.2580756 0.9394306 0.3697192 -0.2580757 0.8925831 0.3697214 -0.2580726 0.8925831 0.5048009 -0.2580726 0.8237564 0.5047996 -0.2580743 0.8237566 0.6274465 -0.2580745 0.7346484 0.6274471 -0.2580738 0.7346482 0.7346488 -0.2580738 0.6274465 0.7346482 -0.2580746 0.6274468 0.8237566 -0.2580744 0.5047996 0.823756 -0.2580754 0.5048001 0.8925828 -0.2580757 0.3697201 0.8925819 -0.2580775 0.369721 0.9394301 -0.2580781 0.2255371 0.9394308 -0.2580761 0.2255359 0.9631463 -0.258076 0.0758028 0.9631459 -0.2580775 0.07580375 0.9631459 -0.2580775 -0.07580274 0.9631462 -0.258076 -0.07580375 0.9394304 -0.258076 -0.2255377 0.9394301 -0.2580788 -0.2255356 0.8925824 -0.2580788 -0.3697189 0.8925824 -0.2580757 -0.3697212 0.8237565 -0.2580755 -0.5047994 0.8237562 -0.2580744 -0.5048002 0.7346486 -0.2580746 -0.6274464 0.7346484 -0.2580738 -0.627447 0.6274467 -0.2580738 -0.7346486 0.627447 -0.2580746 -0.7346481 0.5048006 -0.2580744 -0.823756 0.5047999 -0.2580726 -0.8237571 0.3697195 -0.2580726 -0.8925839 0.3697212 -0.2580757 -0.8925823 0.2255373 -0.2580756 -0.9394307 0.2255375 -0.258076 -0.9394305 0.07580041 -0.258076 -0.9631465 0.07580143 -0.2580775 -0.963146 0 -0.195091 -0.9807851 0.003582239 -0.2588205 -0.9659188 0 -0.4422971 -0.8968687 0 -0.6087583 -0.7933558 0.004783093 -0.7070987 -0.7070987 0 -0.7933554 -0.6087588 0 -0.8968715 -0.4422913 0.003582179 -0.9659196 -0.2588176 0 -0.9807856 -0.1950892 0.06769675 -0.894814 -0.4412766 0.1487823 -0.1929167 -0.9698696 0.3643403 -0.1945457 -0.9107185 0.6767715 -0.1929218 -0.7104657 0.6767705 -0.1929205 -0.710467 0.6199933 -0.4381618 -0.6508629 0.4982247 -0.1945491 -0.8449395 0.4349759 -0.1641391 -0.8853555 0.3679502 -0.5511043 -0.7489304 0.3679503 -0.5511044 -0.7489302 0.1208165 -0.604299 -0.7875443 0.07841032 -0.5469929 -0.8334571 0.1363029 -0.4381691 -0.8884983 0.1487858 -0.1929195 -0.9698684 0.4565788 -0.7926948 -0.4039438 0.6013976 -0.6082108 -0.5180739 0.5755321 -0.5511038 -0.6041915 0.3862736 -0.8284657 -0.4055087 0.2469536 -0.8284652 -0.5026523 0.246954 -0.8284658 -0.5026513 0.08492165 -0.8284661 -0.5535632 0.04072093 -0.7926973 -0.6082538 0.18046 -0.9651654 -0.1894461 0.07429212 -0.979778 -0.1857846 0.08699327 -0.9803467 -0.1770665 0.08699333 -0.9803467 -0.1770662 0.02991527 -0.9803467 -0.1950008 0.02991473 -0.9803466 -0.1950019 1 0 0 1 0 0 1 0 0 1 0 0 1 0 0 1 0 0 1 0 0 1 0 0 1 0 0 1 0 0 1 0 0 1 0 0 1 0 0 1 0 0 1 0 0 1 0 0 1 0 0 1 0 0 1 0 0 1 0 0 0.8024608 -0.2582806 0.5379105 0.8024612 -0.25828 0.5379104 0.5880126 -0.7063137 0.39416 0.6845731 -0.6087525 0.4009739 0.1559708 -0.9822129 0.1045513 0.2271379 -0.9652764 0.1290348 0.3621667 -0.8999434 0.2427697 0.5063766 -0.7926949 0.3394373 0.802461 -0.25828 -0.5379106 0.2154363 -0.9657806 -0.1444125 0.8005522 -0.1949312 -0.5666728 0.7453081 -0.4414936 -0.4995992 0.6595427 -0.6079009 -0.4421085 0.6595414 -0.6079034 -0.4421069 0.5063768 -0.7926949 -0.3394368 0.5063784 -0.7926931 -0.3394386 0.3621667 -0.8999434 -0.2427697 0.1694945 -0.9821871 -0.0811178 0 -1 0 0 -1 0 0 -1 0 0 -1 0 0 -1 0 0 -1 0 0 -1 0 0 -1 0 0 -1 0 0 -1 0 0 -1 0 0 -1 0 0 -1 0 0 -1 0 0 -1 0 0 -1 0 0 -1 0 0 -1 0 0 -1 0 0 -1 0 0 -1 0 0 -1 0 0 -1 0 0 -1 0 0 -1 0 0 -1 0 0 -1 0 0 -1 0 0 -1 0 0 -1 0 0 -1 0 0 -1 0 0 -1 0 0 -1 0 0 -1 0 0 -1 0 0 -1 0 0 -1 0 0.113915 0 0.9934905 0.226347 -0.006655037 0.9740239 0.3358418 0 0.9419184 0.5403311 0 0.8414525 0.6326608 -0.006655275 0.7744004 0.7167806 0 0.6972988 0.6897286 0 -0.724068 0.6326637 -0.005912721 -0.774404 0.5079298 0 -0.8613985 0.3714371 0 -0.9284581 0.2263481 -0.00591284 -0.9740285 0.1516307 0 -0.9884372 0 0 1 0 0 1 0 0 -1 0 0 -1 0.07845932 0 -0.9969173 0.1564152 0.01578217 -0.9875653 0.2334456 0 -0.9723699 0.3826847 0 -0.923879 0.4539349 0.01578211 -0.8908951 0.5224992 0 -0.8526397 0.649447 0 -0.7604068 0.7070187 0.01578247 -0.7070187 0.760407 0 -0.6494468 0.8526394 0 -0.5224999 0.8908948 0.01578223 -0.4539353 0.923879 0 -0.3826847 0.9723703 0 -0.2334439 0.9875653 0.01578176 -0.1564154 0.9969171 0 -0.0784617 0.9969171 0 0.0784617 0.9875653 0.01578176 0.1564154 0.9723703 0 0.2334439 0.923879 0 0.3826847 0.8908948 0.01578223 0.4539353 0.8526394 0 0.5224999 0.760407 0 0.6494468 0.7070187 0.01578247 0.7070187 0.649447 0 0.7604068 0.5224992 0 0.8526397 0.4539349 0.01578211 0.8908951 0.3826847 0 0.923879 0.2334456 0 0.9723699 0.1564152 0.01578217 0.9875653 0.07845932 0 0.9969173 0.7021753 -0.4896892 -0.5168698 0.8884973 -0.1431719 -0.4359751 0.8785592 -0.1397951 -0.4567177 0.8772631 -0.1378822 -0.4597802 0.2516094 -0.4303132 -0.8669044 0.4288225 -0.4217659 -0.7988898 0.4400496 -0.4719697 -0.7639379 0.6673262 -0.6083095 -0.4296921 0.7221134 -0.5010188 -0.4770036 0.8567382 -0.2585933 -0.4462388 0.1523711 -0.8041074 -0.5746253 0.07078665 -0.4674206 -0.8811964 0.1505197 -0.4820131 -0.863138 0.1609241 -0.5322575 -0.8311471 0.1816295 -0.5546874 -0.811993 0.1304237 -0.6115193 -0.7804061 0.1803507 -0.6613249 -0.7280955 0.4993392 -0.4734799 -0.7255875 0.4430671 -0.4508274 -0.7748846 0.4723389 -0.5465244 -0.6915252 0.5081756 -0.5463511 -0.6657763 0.3299841 -0.8966122 -0.2952914 0.09285306 -0.9731891 -0.2104313 0.3399369 -0.9169725 -0.2088165 0.1859241 -0.9430847 -0.2757239 0.09579658 -0.8854242 -0.4548044 0.2983734 -0.8503234 -0.4335014 0.1717116 -0.8326301 -0.526538 0.6855775 -0.3421609 -0.6425803 0.7106328 -0.4343836 -0.5534545 0.7215927 -0.3783231 -0.5798065 0.693496 -0.3896834 -0.6059788 0.7266854 -0.4387648 -0.5285961 0.8732131 -0.1696871 -0.4568425 0.8599583 -0.1679849 -0.4819261 0.4817085 -0.7903472 -0.3785607 0.4925081 -0.7836923 -0.3785001 0.4161483 -0.7388064 -0.5300807 0.4918706 -0.7070923 -0.5080196 0.4470985 -0.6394213 -0.6254944 0.1697188 -0.7568302 -0.6311922 0.1049392 -0.7380709 -0.6665127 0.7303096 -0.3692046 0.5747485 0.734848 -0.3457459 0.583488 0.4920694 -0.4411082 0.7505273 0.2806459 -0.4151056 0.8654047 0.05652719 -0.5235343 0.8501273 0.6888723 -0.382453 0.6157798 0.8871423 -0.1526277 0.4355266 0.9015012 -0.08297342 0.4247483 0.1538342 -0.9260506 0.3446236 0.2153144 -0.9531618 0.2124199 0.09235113 -0.9730591 0.2112511 0.1921354 -0.8597036 0.47328 0.1819166 -0.8608632 0.4752062 0.4917659 -0.7063423 0.5091629 0.158037 -0.4462786 0.880829 0.1557588 -0.507147 0.847668 0.1661704 -0.5579264 0.813084 0.1418764 -0.5774206 0.8040253 0.1683067 -0.6641829 0.7283776 0.1396349 -0.6874395 0.7126914 0.1626448 -0.7395568 0.6531481 0.4813476 -0.7903013 0.3791152 0.6671026 -0.6082995 0.4300534 0.7222765 -0.5006555 0.4771381 0.8566091 -0.2585963 0.4464849 0.8600414 -0.1677076 0.4818745 0.3295391 -0.8965436 0.295996 0.4927218 -0.7832841 0.3790661 0.4161866 -0.7379097 0.5312984 0.7021582 -0.489113 0.5174383 0.7266777 -0.4382311 0.5290493 0.8732607 -0.1696425 0.456768 0.8773716 -0.1376686 0.4596372 0.5053766 -0.3947662 0.7673031 0.4487525 -0.4680784 0.7612645 0.4772354 -0.5644989 0.673489 0.5241438 -0.517329 0.6764939 0.4472263 -0.6386207 0.6262207 0.1780679 -0.7535343 0.6328332 0.1429231 -0.7883124 0.598445 0 -0.1331207 0.9910998 0 -0.1331207 0.9910998 0 -0.4668302 0.8843469 0 -0.3381118 0.941106 -0.01720046 -0.4257167 0.904693 -0.005592644 -0.4727374 0.8811856 -0.002604782 -0.7723225 0.6352253 -0.009992659 -0.7140107 0.7000636 -0.01227295 -0.7070531 0.707054 0.002313435 -0.5997065 0.8002167 -0.001409411 -0.5299996 0.8479968 0.001608073 -0.8160369 0.5779975 -0.007365286 -0.9048025 0.4257678 -0.008818268 -0.9024363 0.4307332 -1.60574e-4 -0.9537167 0.3007063 6.10128e-4 -0.9910997 0.1331204 0 -0.9907446 0.1357394 6.54676e-4 -0.9915843 -0.1294608 -0.009894788 -0.9770999 -0.212551 0 -0.9966342 -0.08197724 -0.02403265 -0.8375902 -0.5457701 -0.015181 -0.8704577 -0.4920091 -5.38444e-4 -0.9302049 -0.3670403 0.007942557 -0.9252676 -0.3792316 -4.57606e-5 -0.844298 -0.535874 2.30994e-5 -0.7563715 -0.6541424 -0.01664263 -0.6346216 -0.7726438 -0.009683787 -0.3380929 -0.9410629 0.01558381 -0.7691544 -0.638873 -0.002729237 -0.6264463 -0.7794598 -2.41095e-4 -0.5570896 -0.8304524 4.68656e-4 -0.4748536 -0.8800647 0 -0.4752883 -0.8798302 8.06633e-4 -0.4035989 -0.9149357 -7.53148e-4 -0.138451 -0.990369 0 -0.1331207 -0.9910998 0.9996105 0 -0.02790957 0.9889131 -5.71278e-4 -0.1484946 0.973943 0.001042366 -0.226791 0.8486148 -0.001758217 -0.5290083 0.8858126 7.11016e-4 -0.4640427 0.7334543 -2.08945e-4 -0.6797388 0.7483186 -3.8678e-7 -0.6633394 0.6066343 1.18836e-6 -0.794981 0.6134093 1.77489e-4 -0.7897651 0.377219 -1.85309e-4 -0.926124 0.362285 1.51405e-4 -0.9320673 0.1187932 -1.21039e-4 -0.992919 0.111504 0 -0.993764 0.6362906 -2.16103e-4 0.7714495 0.3772189 1.85243e-4 0.926124 0.3622877 -1.51408e-4 0.9320663 0.1187894 1.21043e-4 0.9929195 0.1114999 0 0.9937645 0.8858115 -7.10904e-4 0.4640447 0.74838 1.31552e-4 0.6632702 0.612958 -9.68339e-4 0.7901149 0.9996105 0 0.02790957 0.9889131 5.71276e-4 0.1484941 0.9739428 -0.001042366 0.2267916 0.8486174 0.001758098 0.5290041 0 0 -1 0 0 -1 0 0 -1 0 0 -1 0 0 1 0 0 1 0 0 1 0 0 1 0.8369787 0.0227251 -0.5467635 0.8306154 0.00839889 -0.5567833 0.8719698 -0.002657771 -0.4895524 0.8059429 -1.94724e-4 -0.5919933 0.8055262 0 -0.5925602 0.8154575 0.003548383 -0.5788061 0.8247057 0.008929729 -0.5654916 0.813304 -0.005132615 -0.5818163 0.8203325 -0.01500952 -0.5716899 0.8257468 -0.04283303 -0.5624123 0.9191194 -0.02905786 -0.3929061 0.8921715 0.01908499 -0.4512935 0.8829486 -0.01643669 -0.4691817 0.9150541 0.009309709 -0.4032237 0.8258804 -0.03888422 0.5625032 0.8198496 -0.01520168 0.572377 0.8158597 -0.008528351 0.5781871 0.8117555 -0.003791153 0.5839852 0.8037291 8.1234e-4 0.5949947 0.8054645 0 0.5926439 0.8120614 0.002320885 0.5835673 0.8179845 0.004708528 0.575221 0.8270519 0.0111097 0.5620157 0.8329585 0.01842141 0.5530288 0.8305521 0.01492953 0.5567408 0.8581008 -0.001015126 0.5134804 0.8793467 0.001400291 0.47618 0.8849769 0.01142573 0.4654946 0.9037567 -0.008605003 0.42796 0.9169544 0.01955509 0.3985127 0.9221971 -0.0184586 0.3862794 0 -0.9352661 -0.3539456 0.003451406 -0.9210707 -0.38938 0.0196079 -0.8739616 -0.4855993 0.06827086 -0.8282871 -0.5561291 0 -0.6313404 0.7755059 0 -0.9962124 -0.08695423 0 -0.9962124 -0.08695423 0 -0.9142443 0.4051632 0 -0.9142443 0.4051632 0 -0.7554128 0.6552492 0.03713548 -0.604305 0.7958872 0.01802986 -0.5859104 0.8101753 -1.04977e-5 0.02602738 0.9996612 0.02348524 -0.177949 0.9837594 0.01341235 -0.1446722 0.9893887 9.89644e-6 -0.3457111 0.938341 1.0544e-4 -0.4592391 0.8883128 6.2929e-5 0.5964521 0.8026486 -6.91128e-6 0.4915263 0.8708627 0.0221821 0.3512771 0.9360088 0.008027732 0.2925052 0.9562303 4.95337e-6 0.1427192 0.9897632 0.006491303 0.7108795 0.703284 0.02583563 0.7597048 0.6497547 -0.00391072 0.8636608 0.5040583 0.006396234 0.9793807 0.2019222 0.06913685 0.9935489 0.08989208 0.006333947 0.9601917 0.2792701 0 0.7781613 -0.6280645 0.02349412 0.7636097 -0.6452506 0.02408349 0.7630456 -0.6458957 -0.009041011 0.8318769 -0.5548865 0.02614158 0.9547442 -0.2962769 0.04635351 0.9448526 -0.3241989 -0.002564311 0.9911659 -0.1326027 0.02047431 -0.5714262 -0.820398 0.0244081 -0.577912 -0.815734 -0.01038938 -0.6462326 -0.7630698 0.02240806 -0.7763054 -0.6299585 0.003834724 -0.7107755 0.7034084 0.004814922 0.8003903 0.59946 0.02692514 0.7602663 0.6490535 0.02324986 0.7637645 0.6450762 0 0.7781605 0.6280654 -0.002930998 0.9892512 0.1461964 0.03929442 0.9566526 0.2885686 0.04289275 0.9541918 0.2961049 0.00541073 0.9051001 0.4251644 -0.001271665 0.8483464 0.5294401 0.00380516 0.9944913 -0.1047496 0.03231084 0.9788894 -0.2018209 -0.003934383 0.9355049 -0.3532919 0.005316257 0.8101684 -0.5861731 0.02534627 0.7597143 -0.6497628 -0.002699196 0.6423673 -0.7663922 0.003634333 0.4427127 -0.8966562 0.02302443 0.3512704 -0.9359909 6.49074e-4 0.2265684 -0.973995 -6.49616e-4 -0.007098793 -0.9999746 0.02245128 -0.1446487 -0.9892283 0.004009723 -0.2399309 -0.9707817 0 -0.5680788 -0.8229742 0.02942222 -0.6368691 -0.7704103 -0.002863645 -0.4585626 -0.8886575 0.2007689 -0.7400315 -0.6419075 0 -0.6047222 -0.7964366 0 -0.9142441 -0.405164 0 -0.9142441 -0.405164 0 -0.9962124 0.08695423 0 -0.9962124 0.08695423 0 -0.9352686 0.3539387 0.04687088 -0.8293126 0.5568158 0.07632613 -0.8116779 0.579097 0.009393751 -0.8934041 0.4491556 0.02329403 -0.5779245 0.8157578 0.02319115 -0.5779771 0.8157234 -0.003858804 -0.6374089 0.7705161 0 1 0 0 1 0 0 1 0 0 1 0 0 1 0 0 1 0 0 1 0 0 1 0 0 1 0 0 1 0 0 1 0 0 1 0 0 1 0 0 1 0 0 1 0 0 1 0 0 1 0 0 1 0 0 1 0 5.15031e-5 -0.6162942 -0.787516 3.8505e-5 -0.1770259 -0.9842062 0.003452122 0.9210707 0.38938 0.01960855 0.8739622 0.4855981 0.09882384 0.7952497 0.5981737 0.03808546 0.8296227 0.557024 0 0.1077225 -0.994181 3.03515e-6 -0.05891537 -0.998263 0.008982777 0.07346105 -0.9972577 0.05645459 0.1444544 -0.9878997 0 0.3070807 -0.9516834 0 0.6047222 -0.7964366 0 0.6047222 -0.7964366 0 0.9142441 -0.405164 0 0.9142441 -0.405164 0 0.9962124 0.08695423 0 0.9962124 0.08695423 0 0.9352686 0.3539387 -1.47569e-4 -0.3513635 -0.9362391 0.06530451 -0.5034493 -0.8615533 0.01893526 -0.3567025 -0.9340262 0.07771444 -0.9942035 -0.07429623 0.006396412 -0.9793807 -0.2019222 -0.002559244 -0.9911919 0.1324086 0.01338618 -0.969439 -0.2449668 8.0156e-6 -0.9155882 -0.4021173 -7.13236e-6 -0.7599585 -0.6499717 0.06218737 -0.8382458 -0.541735 0.01310431 -0.7314209 -0.6818005 0 -0.7781605 0.6280654 0.04628783 -0.944867 0.3241661 0.02608132 -0.9547459 0.2962769 -0.008986175 -0.8319441 0.5547867 0.02392899 -0.7633318 0.6455633 0.02308928 -0.7623652 0.6467351 0.02046799 0.5714156 0.8204055 0.02440637 0.5779092 0.8157361 -0.004170596 0.634415 0.7729814 0.002844452 0.7017009 0.7124661 0 -1 0 0 -1 0 0 -1 0 0 -1 0 0 -1 0 0 -1 0 0 -1 0 0 -1 0 0 -1 0 0 -1 0 0 -1 0 0 -1 0 0 -1 0 0 -1 0 0 -1 0 0 -1 0 0 -1 0 0 -1 0 0 -1 0 0.00493294 -0.8001739 -0.5997477 0.0269497 -0.7602571 -0.6490629 0.02329397 -0.7637372 -0.6451069 0 -0.7781613 -0.6280645 -0.002954006 -0.989124 -0.1470544 0.03955805 -0.9564895 -0.2890728 0.04291546 -0.9541908 -0.2961052 0.005474507 -0.9051752 -0.4250034 -0.001315057 -0.8482226 -0.5296383 0.003802537 -0.9945012 0.1046567 0.03231793 -0.9788891 0.2018209 -0.003893256 -0.9356117 0.3530094 0.005269825 -0.8098328 0.586637 0.02525037 -0.7597162 0.6497644 7.14996e-5 -0.6542908 0.7562432 2.85062e-6 -0.5522779 0.8336601 0.009013593 -0.3513492 0.9362011 0.03176546 -0.4126368 0.9103416 0.03164106 0.1916563 0.980952 0.003568708 0.04830944 0.998826 -0.002656996 -0.1894702 0.9818829 0.009392797 0.8934047 -0.4491547 0 0.9352661 -0.3539456 0 0.9962124 -0.08695423 0 0.9962124 -0.08695423 0 0.9142443 0.4051632 0 0.9142443 0.4051632 0 0.6047222 0.7964366 0 0.6047222 0.7964366 0 0.1446852 0.9894777 0.1635561 0.3029456 0.9388681 0 0.05997765 0.9981997 0.02329695 0.5779272 -0.8157557 0.02319449 0.5779796 -0.8157215 -0.003858923 0.6374181 -0.7705085 0.01827496 0.8300855 -0.5573367 0.1469631 0.7634516 -0.6289225 0.0763266 0.8116765 -0.579099 7.46322e-5 0.7573125 0.6530526 -1.36259e-4 0.904827 0.4257794 -0.04256969 0.8390346 0.5424101 -0.02614051 0.8719485 0.4888992 -4.65392e-4 0.9302763 0.3668595 2.51077e-6 0.9640153 0.2658469 -1.1173e-4 0.9910999 0.1331205 -0.01667523 0.978483 0.2056527 0 0.9967454 0.08061486 -0.0379917 0.3378677 0.9404265 -0.03188747 0.6369225 0.7702682 -2.64655e-5 0.7071064 0.7071072 6.28001e-5 0.5564624 0.8308728 -0.003948032 0.4792833 0.8776513 0 0.4756159 0.879653 0 0.4257797 0.9048269 0 0.1331207 0.9910998 0 0.1331207 0.9910998 0 1 0 0 1 0 0 1 0 0 1 0 0 1 0 0 1 0 0 1 0 0 1 0 0 1 0 0 1 0 0 1 0 0 1 0 0 1 0 0 1 0 0 1 0 0 1 0 0 1 0 0 1 0 0 1 0 0 1 0 0 1 0 0 1 0 0 1 0 0 1 0 0 1 0 0 1 0 0 1 0 0 1 0 0 1 0 0 1 0 0 0.1375896 -0.9904893 -0.004993259 0.402595 -0.9153646 3.4684e-4 0.3381087 -0.941107 -6.51454e-4 0.1331207 -0.9910996 0.004662752 0.7696678 -0.6384276 -0.004536449 0.600028 -0.799966 -7.88775e-4 0.6260384 -0.7797918 4.90008e-5 0.5293561 -0.8483997 -1.30845e-4 0.4670714 -0.8842196 0 0.4669318 -0.8842933 -0.005435049 0.902096 -0.4315013 0.002759456 0.9253741 -0.3790452 -0.001460373 0.8165144 -0.5773231 0.002354681 0.8443744 -0.5357484 -0.001339077 0.7722439 -0.6353248 -0.005134224 0.7136064 -0.7005281 -2.31795e-4 0.9537405 -0.300631 7.96774e-4 0.9915888 -0.1294254 0 0.9907521 -0.1356846 1 0 0 1 0 0 1 0 0 1 0 0 1 0 0 1 0 0 1 0 0 1 0 0 1 0 0 1 0 0 1 0 0 1 0 0 1 0 0 1 0 0 1 0 0 1 0 0 1 0 0 1 0 0 1 0 0 1 0 0 1 0 0 1 0 0 1 0 0 1 0 0 0.1676412 0.9337916 0.3161167 0.888262 0.143153 0.4364605 0.8786426 0.1395959 0.4566182 0.8773612 0.1376954 0.459649 0.2516382 0.4306062 0.8667505 0.4279568 0.4220146 0.7992225 0.43905 0.4717664 0.7646381 0.4990241 0.4730501 0.7260844 0.4428818 0.4503394 0.7752742 0.4722944 0.5464088 0.691647 0.5075603 0.5463311 0.6662619 0.4472365 0.6387459 0.6260856 0.2715349 0.9218842 0.2764025 0.5034909 0.7882842 0.3537017 0.429318 0.8273923 0.3620885 0.7067942 0.5553818 0.4381702 0.6855187 0.341979 0.6427399 0.7105774 0.4337291 0.5540387 0.7211495 0.3785004 0.5802422 0.6938782 0.3895288 0.6056405 0.7266715 0.4382867 0.5290117 0.8732612 0.1696394 0.4567683 0.8600367 0.1677288 0.4818754 0.09237635 0.9730657 0.21121 0.3460357 0.9144509 0.2098544 0.1912418 0.942754 0.2732061 0.07080322 0.4677414 0.881025 0.1506484 0.4824596 0.8628661 0.1608278 0.5317044 0.8315196 0.1816297 0.5539727 0.8124807 0.1287709 0.6125408 0.7798794 0.1804618 0.6611264 0.7282482 0.1067845 0.7386082 0.6656239 0.1688646 0.756395 0.6319426 0.1526274 0.8035688 0.5753105 0.172337 0.8327338 0.5261695 0.859873 0.195046 0.471779 0.7268213 0.5032539 0.467404 0.7021719 0.4891456 0.5173889 0.416206 0.7379694 0.5312003 0.491768 0.7064092 0.5090681 0.09593486 0.8845708 0.4564329 0.303403 0.8482276 0.434116 0.1571043 0.9822382 -0.1025976 0.2308067 0.9652372 -0.1226602 0.3648403 0.9000687 -0.2382601 0.8088263 0.2584548 -0.5282056 0.8088254 0.2584567 -0.5282061 0.5924881 0.7065734 -0.3869263 0.6945301 0.6086908 -0.3835669 0.5101826 0.7929107 -0.3331763 0.2013497 0.9658535 -0.1630498 0.201349 0.9658536 -0.1630496 0.549831 0.7067123 -0.4452455 0.5498304 0.7067127 -0.4452455 0.7507204 0.2585495 -0.6079236 0.7507206 0.2585491 -0.6079235 0.1791001 0.9657098 -0.1879571 0.1791008 0.9657095 -0.1879575 0.4886053 0.7059283 -0.5127673 0.4886055 0.7059279 -0.5127673 0.666487 0.2580146 -0.6994453 0.666487 0.2580146 -0.6994452 0.1629582 0.9807153 0.1078991 0.1319179 0.9807153 0.1442054 0.1319177 0.9807153 0.144205 0.3754807 0.8309883 0.4104543 0.3754811 0.8309876 0.4104554 0.5615437 0.5548498 0.6138489 0.5615436 0.5548502 0.6138485 0.6620508 0.1947359 0.7237174 0.6620509 0.1947373 0.7237169 0.1485511 0.9807153 0.1270037 0.1485515 0.9807152 0.1270042 0.4228253 0.8309876 0.3614947 0.4228253 0.8309875 0.3614948 0.6323482 0.5548502 0.5406265 0.6323482 0.5548499 0.5406267 0.7455278 0.1947373 0.6373897 0.7455279 0.1947395 0.6373888 0.1576939 0.9822494 0.1015806 0.3134915 0.926627 0.2075709 0.4638319 0.8309875 0.3071152 0.4638314 0.8309881 0.3071147 0.6936751 0.5548499 0.4593 0.6936752 0.5548496 0.4593001 0.8178307 0.1947398 0.5415067 0.8178306 0.1947383 0.5415072 0.03345346 0.9802367 0.1949791 0.03345304 0.9802365 0.19498 0.09835338 0.5460217 0.8319777 0.1348768 0.6032001 0.786103 0.09489232 0.827719 0.5530613 0.0570178 0.7920621 0.6077718 0.07566708 0.8943003 0.4410233 0.1659423 0.1923823 0.9671878 0.1659463 0.192386 0.9671863 0.1520922 0.4371402 0.8864403 0.09653335 0.9802366 0.1726777 0.09653329 0.9802365 0.1726781 0.273817 0.8277189 0.4898018 0.273817 0.8277187 0.4898018 0.4075289 0.5500014 0.7289847 0.4075294 0.5500022 0.7289838 0.4788487 0.1923823 0.8565589 0.4788495 0.1923832 0.8565582 0 0.9807857 0.1950883 0 0.9807857 0.1950883 0 0.8968715 0.4422913 0 0.8968715 0.4422913 0 0.7933527 0.6087623 0 0.7933527 0.6087623 0 0.6087628 0.7933523 0 0.6087628 0.7933523 0 0.4422855 0.8968743 0 0.4422855 0.8968743 0 0.195091 0.9807851 0 0.195091 0.9807851 0.1278916 0.4386536 0.8895093 0.1396326 0.1931818 -0.9711764 0.602855 0.2773398 0.7480966 0.6425246 0.1931799 0.7415145 0.4546684 0.1943432 0.8691992 0.3995954 0.2733311 0.8749935 0.3263136 0.1948243 0.9249665 0.1396334 0.1931818 0.9711763 0.1396327 0.1931797 0.9711768 0.7178505 0.1949667 0.6683403 0.8254084 0.1931746 0.530457 0.8254087 0.1931807 0.5304542 0.8992875 0.1950619 0.3914497 0.9335086 0.2311449 0.274105 0.9461193 0.1936228 0.2595546 0.9811643 0.193175 0 0.9323793 0.3552774 0.06668514 0.9783819 0.194608 -0.06997531 0.9461193 0.1936228 -0.2595546 0.9335086 0.2311449 -0.274105 0.8992875 0.1950619 -0.3914497 0.8254074 0.1931806 -0.5304563 0.8254098 0.1931744 -0.5304548 0.7178505 0.1949667 -0.6683403 0.6327472 0.2576704 -0.7302308 0.6155465 0.1940154 -0.7638459 0.4075894 0.1931788 -0.892498 0.4395763 0.3171581 -0.8403473 0.3263136 0.1948243 -0.9249665 0.08719325 0.7903312 0.6064437 0.1133317 0.6048406 0.7882409 0.1361221 0.5527286 0.822169 0.346489 0.5516431 0.7587063 0.3464891 0.5516442 0.7587054 0.5462055 0.5516437 0.6303561 0.5462055 0.5516434 0.6303563 0.7016741 0.5516438 0.4509353 0.7016748 0.5516411 0.4509374 0.8002946 0.5516417 0.2349895 0.8002953 0.5516403 0.2349904 0.8340817 0.5516408 0 0.8340818 0.5516409 0 0.8002954 0.5516403 -0.2349897 0.8002943 0.5516417 -0.2349901 0.7016754 0.5516412 -0.4509362 0.7016733 0.5516439 -0.4509364 0.5462056 0.5516435 -0.6303563 0.5462054 0.5516437 -0.6303562 0.3464887 0.5516442 -0.7587056 0.3464894 0.5516431 -0.7587061 0.02803844 0.9804001 0.1950116 0.06346374 0.8950635 0.4413997 0.1396335 0.1931797 -0.9711766 0.1278916 0.4386536 -0.8895093 0.1361221 0.5527286 -0.822169 0.1133317 0.6048406 -0.7882409 0.08719325 0.7903312 -0.6064437 0.09908503 0.8299925 0.5489032 0.2324255 0.8288291 0.5089409 0.2324255 0.8288294 0.5089404 0.3663951 0.8288293 0.4228435 0.3663945 0.8288308 0.422841 0.4706816 0.8288307 0.3024875 0.4706838 0.8288278 0.3024916 0.53684 0.8288275 0.1576321 0.5368352 0.8288314 0.1576274 0.5594981 0.8288316 0 0.5594981 0.8288316 0 0.5368347 0.8288312 -0.1576305 0.5368412 0.8288272 -0.1576291 0.4706848 0.828828 -0.3024896 0.4706801 0.8288308 -0.3024893 0.3663937 0.8288307 -0.4228419 0.3663961 0.8288293 -0.4228428 0.2324253 0.8288294 -0.5089405 0.2324257 0.8288291 -0.5089408 0.09908503 0.8299925 -0.5489032 0.06346374 0.8950635 -0.4413997 0.0280382 0.9803999 0.1950123 0.08184403 0.9804 0.1792132 0.08184403 0.9804 0.1792128 0.1290188 0.9804 0.1488953 0.1290189 0.9804 0.1488958 0.1657412 0.9804 0.106516 0.1657412 0.9804001 0.1065158 0.1890366 0.9804001 0.05550551 0.189037 0.9804 0.05550599 0.1970176 0.9803999 0 0.1970176 0.9804 0 0.189037 0.9804 -0.05550569 0.1890364 0.9804001 -0.05550581 0.1657412 0.9804 -0.1065159 0.1657413 0.9804 -0.1065159 0.129019 0.9804 -0.1488956 0.1290186 0.9804001 -0.1488955 0.08184385 0.9804 -0.1792129 0.08184421 0.9804 -0.1792132 0.0280385 0.9804 -0.1950122 0.02803808 0.9804001 -0.1950116 0 0.195091 -0.9807851 -0.004510998 0.2588161 -0.9659161 0 0.4422855 -0.8968743 0 0.6087628 -0.7933523 -0.006023287 0.707094 -0.707094 0 0.7933527 -0.6087623 0 0.8968715 -0.4422913 -0.004511177 0.9659162 -0.2588157 0 0.9807857 -0.1950883 0.1280136 0.9649748 -0.2289891 0.128014 0.9649748 -0.2289893 0.3475364 0.7019605 -0.621667 0.3475359 0.7019608 -0.621667 0.4717897 0.2553356 -0.8439302 0.47179 0.2553353 -0.8439301 0.04436308 0.9649748 -0.2585642 0.04436212 0.9649751 -0.2585635 0.1204362 0.7019606 -0.701959 0.1204379 0.7019597 -0.7019597 0.1634976 0.2553349 -0.9529284 0.1634958 0.2553361 -0.9529284 0.7304931 0.3691009 -0.5745819 0.7351132 0.3451095 -0.5835309 0.4913427 0.4419548 -0.7505054 0.2816049 0.4149596 -0.8651631 0.05672603 0.5238637 -0.8499112 0.6887736 0.3824219 -0.6159094 0.8871571 0.1526815 -0.4354774 0.9015792 0.0827412 -0.424628 0.1538161 0.9260737 -0.3445692 0.2153026 0.9531764 -0.2123665 0.09237611 0.9730657 -0.2112103 0.1921139 0.8597626 -0.4731813 0.1820083 0.8609084 -0.4750893 0.491768 0.7064092 -0.5090681 0.1583161 0.4463297 -0.880753 0.1556767 0.506689 -0.847957 0.1660843 0.5575047 -0.8133907 0.1416818 0.5770093 -0.8043548 0.1683116 0.6643729 -0.7282032 0.139631 0.6876333 -0.7125052 0.1626132 0.7396521 -0.6530481 0.4813662 0.7903037 -0.3790867 0.6671144 0.6083 -0.4300343 0.7222695 0.5006723 -0.477131 0.8566156 0.2585961 -0.4464726 0.8600372 0.1677289 -0.4818744 0.3295611 0.896547 -0.2959612 0.4927079 0.783307 -0.379037 0.4162012 0.7379711 -0.5312015 0.7021702 0.4891463 -0.5173904 0.7266694 0.4382883 -0.5290131 0.8732607 0.1696394 -0.4567694 0.8773611 0.1376917 -0.4596504 0.5049005 0.3951843 -0.7674013 0.448592 0.4677684 -0.7615496 0.477239 0.564628 -0.6733782 0.5240848 0.517515 -0.6763974 0.447237 0.6387465 -0.6260847 0.1780112 0.7537021 -0.6326494 0.1428858 0.7883882 -0.5983542 0.860804 0.001263439 -0.508935 0.8777393 -0.001806557 -0.4791353 0.8874558 -0.01530987 -0.4606387 0.8848656 -0.009517967 -0.4657492 0.9069874 0.007247447 -0.4210953 0.9173148 -0.02183228 -0.3975639 0.9236611 0.01306641 -0.3829876 0.7855747 0.007618308 -0.6187199 0.7825507 -0.004337072 -0.6225718 0.7840933 0 -0.620643 0.6898444 0 -0.7239576 0.6898444 0 -0.7239576 0.7951968 -0.009472727 -0.6062774 0.8044525 -0.01924937 -0.5937049 0.8126077 -0.03292602 -0.5818802 0.8416174 -0.008431553 -0.5400083 0.8372213 -0.01123207 -0.5467489 0.7765427 0.03936451 -0.6288338 0.8719458 0.002714157 0.4895948 0.7855156 0.01445126 0.6186732 0.6749288 0.01143568 0.7377942 0.6898444 0 0.7239576 0.8337687 -0.007709145 0.5520602 0.8399458 -0.02028405 0.5422911 0.7587551 0.05901062 0.6486974 0.8034415 -0.05005836 0.5932756 0.7967337 -0.03329735 0.6034125 0.781762 -0.0105167 0.6234883 0.7783636 -0.01688098 0.6275869 0.7849168 0.003408491 0.6195919 0.91913 0.02920717 0.3928703 0.8921941 -0.01915609 0.4512457 0.8830392 0.01615613 0.469021 0.9151808 -0.009195029 0.4029386 0.4879648 0 -0.8728634 0.4879648 0 -0.8728634 0.1691011 0 -0.9855987 0.1691011 0 -0.9855987 0 0 -1 0 0 -1 0.1423134 0 0.9898216 0.1950572 -0.01838392 0.9806195 0.3326885 0 0.9430367 0.4635058 0 0.8860939 0.555423 -0.02299201 0.8312501 0.6274694 0 0.7786413 0.8314455 -0.007649242 0.5555536 0.8411555 -0.01529502 0.5405769 0.7318956 0 0.6814168 0.9805595 -0.0214551 0.1950452 0.9643689 0 0.2645611 0.9169003 0 0.3991163 0.9805595 -0.0214551 -0.1950452 0.997452 0 -0.07133924 0.997452 0 0.07133924 0.7318956 0 -0.6814168 0.8411555 -0.01529502 -0.5405769 0.8314455 -0.007649242 -0.5555536 0.9169003 0 -0.3991163 0.9643689 0 -0.2645611 0.6274694 0 -0.7786413 0.555423 -0.02299201 -0.8312501 0.4635058 0 -0.8860939 0.3326885 0 -0.9430367 0.1950572 -0.01838392 -0.9806195 0.1423134 0 -0.9898216 0 0 1 0 0 1 0.1691011 0 0.9855987 0.1691011 0 0.9855987 0.4879648 0 0.8728634 0.4879648 0 0.8728634 0 0 1 0 0 1 0 0 1 0 0 1 0 0 1 0 0 1 0 0 1 0 0 1 0 0 1 0 0 1 0 0 1 0 0 1 0 0 1 0 0 1 0 0 1 0 0 1 0 0 1 0 0 1 0 0 1 0 0 1 0 0 1 0 0 1 0 0 1 0 0 1 0 0 1 0 0 1 0 0 1 0 0 1 0 0 1 0 0 1 0 0 1 0 0 1 0 0 1 0 0 1 0 0 1 0 0 1 0 0 1 0 0 1 0 0 1 0 0 1 0 0 1 0 0 1 0 0 1 0 0 1 0 0 1 0 0 1 0 0 1 0 0 1 0 0 1 0 0 1 0 0 1 0 0 1 0 0 1 0 0 1 0 0 1 0 0 -1 0 0 -1 0 0 -1 0 0 -1 0 0 -1 0 0 -1 0 0 -1 0 0 -1 0 0 -1 0 0 -1 0 0 -1 0 0 -1 0 0 -1 0.04771572 0.7063013 0.7063013 0.2588055 0.6757668 0.6901876 0.2408327 0.6762127 0.6962299 0.4545491 0.63045 0.6292201 0.6087594 0.5598673 0.5621039 0.6199572 0.5549269 0.5547154 0.7920448 0.4315484 0.4317765 0.7933562 0.4301257 0.4307875 0.8957158 0.3145703 0.3142272 0.96582 0.1725232 0.1934618 0.9809005 0.1375396 0.1375396 0.2567512 0.7667571 0.5883555 0.2567512 0.7667573 0.5883554 0.6054666 0.631406 0.4844964 0.6940447 0.5053991 0.5127121 0.9653657 0.2069863 0.1588262 0.9653656 0.2069867 0.1588261 0.7908206 0.4855707 0.3725908 0.2567512 0.8929091 0.3698543 0.256751 0.8929093 0.369854 0.7040627 0.6560821 0.2717573 0.7040632 0.6560813 0.271758 0.9653657 0.2410407 0.09984236 0.9653657 0.2410407 0.09984236 0.256751 0.9582092 0.126151 0.2567515 0.958209 0.1261519 0.7040633 0.7040618 0.09269243 0.7040634 0.7040616 0.09269267 0.9653657 0.2586684 0.03405475 0.9653656 0.2586691 0.0340541 0.9659258 0.2588192 0 0.9659258 0.2588192 0 0.7071077 0.7071059 0 0.7071077 0.7071059 0 0.2588192 0.9659258 0 0.2588192 0.9659258 0 0.9806051 0.01921075 0.1950504 0.7919337 0.05984997 0.607667 0.8960188 0.04352116 0.4418779 0.965735 0.06998467 0.2499164 0.9656122 0.0754705 0.2487916 0.9656123 0.07546997 0.2487913 0.9656122 0.1225567 0.2292874 0.9656123 0.1225571 0.2292876 0.9656122 0.1649334 0.2009726 0.9656122 0.1649338 0.2009726 0.9656121 0.2009727 0.1649338 0.9656122 0.2009725 0.1649338 0.9656122 0.2292879 0.1225568 0.9656122 0.2292877 0.1225568 0.9656122 0.2487917 0.07547008 0.9656122 0.2487918 0.07547003 0.9656122 0.2587347 0.02548354 0.9656121 0.2587352 0.02548319 0.4405758 0.0879907 0.8933928 0.6069089 0.07790052 0.7909445 0.7070259 0.1230441 0.6964011 0.7053987 0.2057567 0.6782896 0.7053987 0.2057567 0.6782896 0.7053987 0.3341317 0.6251149 0.7053992 0.3341311 0.6251148 0.705399 0.4496643 0.5479181 0.7053984 0.4496652 0.5479182 0.7053985 0.5479184 0.4496648 0.7053995 0.5479169 0.449665 0.7053995 0.6251146 0.3341307 0.7053987 0.6251156 0.3341303 0.7053987 0.6782897 0.2057566 0.7053996 0.6782885 0.2057574 0.7053997 0.7053967 0.06947553 0.7053992 0.7053973 0.06947487 0.1941875 0.09615164 0.9762408 0.258401 0.1323908 0.956923 0.257656 0.2804835 0.9246309 0.2576562 0.2804833 0.9246309 0.2576562 0.4554811 0.8521445 0.2576556 0.4554817 0.8521444 0.2576556 0.6129745 0.7469109 0.2576568 0.6129736 0.7469113 0.2576567 0.7469102 0.6129751 0.2576556 0.7469109 0.6129745 0.2576555 0.8521454 0.4554799 0.2576558 0.8521452 0.4554801 0.257656 0.9246306 0.2804847 0.2576558 0.9246307 0.2804846 0.257656 0.9615841 0.09470683 0.2576559 0.9615841 0.09470677 0.980786 0 0.1950864 0.980786 0 0.1950864 0.8968687 0 0.4422971 0.8968687 0 0.4422971 0.7933558 0 0.6087583 0.7933558 0 0.6087583 0.6087588 0 0.7933554 0.6087588 0 0.7933554 0.4422913 0 0.8968715 0.4422913 0 0.8968715 0.1950914 0 0.9807851 0.1950914 0 0.9807851 0.2576559 -0.9615841 0.09470683 0.705399 -0.7053973 0.06947559 0.9806051 -0.01921075 0.1950504 0.965735 -0.06998467 0.2499164 0.9656122 -0.07547008 0.2487918 0.9656124 -0.07547038 0.2487912 0.9656124 -0.1225569 0.2292873 0.9656123 -0.1225568 0.2292877 0.9656122 -0.1649336 0.2009724 0.9656122 -0.1649336 0.2009729 0.9656122 -0.2009726 0.1649339 0.9656121 -0.2009726 0.1649336 0.9656121 -0.2292878 0.1225569 0.9656122 -0.2292878 0.1225567 0.9656122 -0.2487918 0.07546997 0.9656122 -0.2487918 0.07547014 0.9656122 -0.2587348 0.02548313 0.9656121 -0.2587352 0.02548354 0.7053997 -0.7053967 0.06947481 0.7053997 -0.6782887 0.2057562 0.7053987 -0.6782893 0.2057576 0.7053987 -0.6251152 0.3341311 0.7053995 -0.625115 0.33413 0.7053996 -0.5479176 0.4496641 0.7053986 -0.5479176 0.4496656 0.7053984 -0.4496647 0.5479186 0.705399 -0.4496648 0.5479177 0.7053991 -0.3341315 0.6251146 0.7053987 -0.3341313 0.6251151 0.7053987 -0.2057567 0.6782897 0.7053987 -0.2057567 0.6782896 0.8960188 -0.04352116 0.4418779 0.7919337 -0.05984997 0.607667 0.7070259 -0.1230441 0.6964011 0.6069089 -0.07790052 0.7909445 0.4405758 -0.0879907 0.8933928 0.2576559 -0.9615841 0.09470677 0.2576557 -0.9246307 0.2804847 0.257656 -0.9246307 0.2804846 0.2576558 -0.8521453 0.4554798 0.2576555 -0.8521453 0.4554801 0.2576556 -0.7469103 0.6129752 0.2576566 -0.7469107 0.6129744 0.2576568 -0.6129743 0.7469106 0.2576556 -0.6129738 0.7469115 0.2576555 -0.4554812 0.8521446 0.2576562 -0.4554815 0.8521443 0.2576562 -0.2804835 0.9246309 0.257656 -0.2804834 0.9246309 0.258401 -0.1323908 0.956923 0.1941875 -0.09615164 0.9762408 0.9659258 -0.2588192 0 0.9659258 -0.2588192 0 0.7071077 -0.7071059 0 0.7071077 -0.7071059 0 0.2588192 -0.9659258 0 0.2588192 -0.9659258 0 0.9656121 -0.2587352 0.0254836 0.705399 -0.7053973 0.0694763 0.2576558 -0.9615839 0.09470963 0.2576562 -0.9615839 0.09470868 0.2576563 -0.9246311 0.2804828 0.2576565 -0.9246312 0.2804824 0.2576566 -0.8521456 0.455479 0.2576556 -0.8521445 0.4554815 0.2576555 -0.74691 0.6129756 0.2576556 -0.7469101 0.6129755 0.7053989 -0.7053973 0.06947672 0.7053989 -0.6782897 0.2057559 0.7053987 -0.6782897 0.2057565 0.7053987 -0.625115 0.3341315 0.7053983 -0.6251149 0.3341326 0.7053982 -0.5479177 0.4496661 0.705399 -0.5479185 0.4496638 0.9656122 -0.2587349 0.02548295 0.9656122 -0.2487918 0.07547003 0.9656122 -0.2487918 0.07547008 0.9656122 -0.2292877 0.1225575 0.9656122 -0.2292876 0.1225568 0.9656123 -0.2009724 0.1649333 0.9656122 -0.2009724 0.1649338 0.9934592 -0.08074337 0.08074337 0.9657312 -0.1687775 0.1971738 0.9303382 -0.2592009 0.2593953 0.8181229 -0.4066764 0.4065578 0.7070096 -0.4881508 0.511709 0.641421 -0.5423711 0.5425981 0.4424304 -0.6341791 0.6340917 0.2587966 -0.6736711 0.6922366 0.1943491 -0.693624 0.693624 -0.1365123 0.7724294 -0.6202558 -0.8689098 0.4836144 -0.1054174 -0.8748877 0.4840292 -0.01694869 -0.1478511 0.9810823 -0.1249705 -0.1360715 0.9836983 -0.1175679 -0.3433741 0.9331418 -0.1064921 -0.433526 0.8924195 -0.1250702 -0.8780347 0.4780226 -0.02344131 -0.7630282 0.6447426 -0.04577201 -0.6937112 0.7137254 -0.09675228 -0.6521278 0.7549288 -0.06936752 -0.48583 0.8696781 -0.08734536 -0.1604919 0.9171721 -0.3647432 -0.1233735 0.9298192 -0.346721 -0.4484391 0.8455388 -0.2897699 -0.4196766 0.8652219 -0.2743403 -0.7010249 0.6886999 -0.1850854 -0.6820727 0.7110035 -0.1710293 -0.8797266 0.4707902 -0.06661659 -0.8685101 0.492897 -0.05236977 -0.1613615 0.8411647 -0.5161439 -0.1862826 0.8199191 -0.5413239 -0.4606438 0.7595527 -0.4592245 -0.4120274 0.7954549 -0.4443928 -0.7089644 0.6417689 -0.2924075 -0.6774112 0.6800517 -0.2804352 -0.8810739 0.4619661 -0.1014694 -0.8624093 0.4981011 -0.09025228 -0.8610644 0.4911899 -0.1315316 -0.8722339 0.467883 -0.1424549 -0.6768214 0.6311467 -0.3789019 -0.7183052 0.5818569 -0.3814188 -0.4081351 0.6940289 -0.5930849 -0.4747455 0.6445482 -0.5993117 -0.1008182 0.6756061 -0.730337 -0.1894016 0.6358162 -0.7482412 -0.9356591 0.3371224 -0.1043571 -0.8095059 0.5828161 -0.07089024 -0.4464969 0.6194071 -0.6457362 -0.1784959 0.5106082 -0.8410817 -0.1724393 0.536631 -0.8260095 -0.7907717 0.1391567 -0.5960834 -0.6875289 0.686171 -0.2376415 -0.9292455 0.2838291 -0.2365242 -0.9349143 0.1815052 -0.3049443 -0.9350711 0.2159415 -0.2810896 -0.9369662 0.0945447 -0.3363863 -0.9377487 0.1479148 -0.3142428 -0.9348374 0.1798515 -0.3061577 -0.7574291 0.2947914 -0.5825797 -0.7739632 0.3341675 -0.5378783 -0.500264 0.4619289 -0.7323644 -0.4918552 0.4437564 -0.7491052 -0.4930689 0.5402707 -0.6819022 -0.7536084 0.4921222 -0.4357638 -0.7465034 0.4704939 -0.4704977 -0.9294348 0.2609117 -0.2609138 -0.929545 0.2624769 -0.2589438 -0.9356853 0.06264984 -0.3472292 -0.9340669 0.07319629 -0.349516 -0.7652413 0.1940169 -0.6138104 -0.152985 0.3929725 -0.9067348 -0.480724 0.3223396 -0.8154763 -0.1723618 0.3771466 -0.9099736 -0.1580875 0.1339659 -0.9782952 -0.1648915 0.1287313 -0.9778748 -0.3824133 0.1172667 -0.9165198 -0.4852873 0.1403845 -0.8630113 -0.4938157 0.3058913 -0.813988 -0.7589397 0.2084426 -0.6168972 -0.9341726 0.02137434 -0.3561806 -0.9333833 0.024823 -0.3580216 -0.8283724 0.05314892 -0.5576508 -0.7616718 0.1114596 -0.6383047 -0.715886 0.07735794 -0.6939186 -0.5392542 0.09931659 -0.8362662 -0.9319769 -0.02229481 -0.3618314 -0.1637479 -0.1346175 -0.9772742 -0.1565694 -0.1298776 -0.9790903 -0.3814267 -0.1181089 -0.9168227 -0.4823938 -0.1410582 -0.8645223 -0.9329781 -0.02519506 -0.3590502 -0.8266024 -0.05392611 -0.5601968 -0.7580679 -0.1109475 -0.6426692 -0.7143566 -0.07813984 -0.6954056 -0.5374176 -0.1001877 -0.8373439 -0.9317982 -0.06704038 -0.3567318 -0.9349354 -0.07261383 -0.3473083 -0.7536017 -0.2005208 -0.626 -0.7619351 -0.2075254 -0.6135048 -0.4757412 -0.3114269 -0.8226077 -0.4911621 -0.3203837 -0.8100087 -0.1500946 -0.3803147 -0.9125965 -0.1718816 -0.391881 -0.9038175 -0.9358611 -0.09584134 -0.3390848 -0.1784793 -0.510681 -0.8410412 -0.1717466 -0.5395319 -0.8242623 -0.4465422 -0.6193684 -0.6457421 -0.493068 -0.5403062 -0.6818748 -0.4925787 -0.4616552 -0.7377268 -0.4959512 -0.4480117 -0.7438534 -0.9366106 -0.1548826 -0.3142802 -0.9344212 -0.3081274 -0.1786463 -0.9241773 -0.2681979 -0.2719674 -0.9303867 -0.2802694 -0.2362834 -0.9255294 -0.2261402 -0.3037364 -0.9333102 -0.2539007 -0.2539027 -0.9346669 -0.1740732 -0.3099942 -0.7677087 -0.2978398 -0.5673754 -0.760415 -0.337127 -0.5550806 -0.7536142 -0.4920824 -0.4357987 -0.746516 -0.4704839 -0.4704878 -0.7472564 -0.4608613 -0.4787638 -0.847423 -0.4716835 -0.2436988 -0.80954 -0.5827692 -0.07088673 -0.9132769 -0.3955147 -0.0974335 -0.8708551 -0.4697352 -0.1447767 -0.8693877 -0.4825515 -0.1063438 -0.8718868 -0.4766172 -0.1124702 -0.8746365 -0.4783381 -0.07876241 -0.8733473 -0.4818783 -0.07111746 -0.8782632 -0.4756913 -0.04869794 -0.8755693 -0.4825632 -0.02260804 -0.8760333 -0.4816574 -0.02391403 -0.8782758 -0.478121 -0.005657017 -0.1217309 -0.6351569 -0.7627303 -0.6951389 -0.5955727 -0.4025856 -0.4293024 -0.654725 -0.622121 -0.1748247 -0.6781601 -0.7138173 -0.1111966 -0.8243853 -0.5549992 -0.2439548 -0.7641326 -0.5971494 -0.4621167 -0.6833809 -0.5651891 -0.4245654 -0.7721068 -0.4728585 -0.4548909 -0.7813079 -0.4273548 -0.4252319 -0.8555634 -0.2952783 -0.4471938 -0.8534912 -0.2675268 -0.1614764 -0.8409711 -0.5164231 -0.1283798 -0.9208117 -0.3682722 -0.1586543 -0.9260307 -0.342485 -0.136974 -0.982601 -0.1254321 -0.1480042 -0.9820275 -0.1171183 -0.3433809 -0.9331357 -0.1065238 -0.4335459 -0.8924071 -0.1250904 -0.4858466 -0.8696665 -0.08736872 -0.6521421 -0.7549149 -0.06938505 -0.7071538 -0.6141328 -0.3503917 -0.6889122 -0.6572098 -0.3057374 -0.70361 -0.6603524 -0.2624269 -0.6873742 -0.7008355 -0.190647 -0.6998214 -0.6953222 -0.163637 -0.6937444 -0.7136913 -0.0967651 -0.7630483 -0.6447182 -0.04577833 -0.9246518 -0.376764 -0.05539119 -0.9670979 -0.2102173 -0.1432837 -0.9543778 -0.2774487 -0.1103868 -0.7482698 -0.6615744 -0.0491082 -0.9080097 -0.4038606 -0.1114232 -0.365403 -0.8024607 -0.4717388 -0.3784567 -0.7781448 -0.5012597 -0.4492263 -0.7792097 -0.4370674 -0.4615896 -0.7553582 -0.4651547 -0.5233796 -0.7502843 -0.403915 -0.535166 -0.7267647 -0.430593 -0.5891727 -0.7172098 -0.3721365 -0.6004307 -0.6939103 -0.3974563 -0.6419375 -0.6828842 -0.3486909 -0.1163857 -0.9737975 -0.1953791 -0.1377381 -0.9616297 -0.2372689 -0.2071986 -0.9626606 -0.1742221 -0.234967 -0.9464922 -0.2212307 -0.2859991 -0.9428673 -0.1708974 -0.5024209 -0.8562717 -0.1198837 -0.4779452 -0.875708 -0.06858491 -0.4302458 -0.8932617 -0.1302763 -0.3949077 -0.9172612 -0.05176836 -0.7500018 -0.6042695 -0.26899 -0.7252569 -0.652132 -0.22074 -0.672661 -0.6778629 -0.296697 -0.664364 -0.6995432 -0.2631723 -0.6097118 -0.7191536 -0.333271 -0.5584109 -0.7939642 -0.2404121 -0.5107027 -0.8068971 -0.2968162 -0.4911511 -0.8306621 -0.2622426 -0.4360705 -0.8403877 -0.3218557 -0.4162482 -0.8632599 -0.2855167 -0.3531786 -0.8684155 -0.3480219 -0.333213 -0.8904795 -0.3098636 -0.2608974 -0.8893612 -0.3754587 -0.2447246 -0.906852 -0.3431173 0.01886206 -0.9988813 -0.04336273 -0.01338666 -0.9950141 -0.09883141 -0.07767719 -0.9961561 -0.04048919 -0.1041448 -0.991046 -0.08355718 -0.1772215 -0.9832779 -0.04191708 -0.2589478 -0.9527765 -0.1586285 -0.3255786 -0.94153 -0.0867179 -0.3409215 -0.9306823 -0.132676 -0.3871282 -0.9166896 -0.09905475 -0.3977627 -0.9134235 -0.0862683 -0.8804536 -0.4374936 -0.1827584 -0.8620988 -0.4857353 -0.1443844 -0.8237927 -0.5208744 -0.2237309 -0.8021091 -0.5692247 -0.1805669 -0.7220183 -0.6843239 -0.1019334 -0.6376382 -0.7703348 -0.001333296 -0.8955502 -0.1066232 -0.4319969 -0.9422878 -0.3248939 -0.08085519 -0.9231166 -0.355992 -0.145346 -0.9571642 -0.1520177 -0.2464288 -0.8974713 -0.1184698 -0.4248648 -0.9191917 -0.09904497 -0.3811518 -0.9245898 -0.04555195 -0.378231 -0.9344777 -0.09602034 -0.3428288 -0.9499117 -0.07714992 -0.3028459 -0.6498236 -0.09695619 -0.7538759 -0.6458484 -0.06220006 -0.7609277 -0.6624426 -0.09172624 -0.7434757 -0.6876812 -0.09206217 -0.7201522 -0.6926071 -0.1282361 -0.7098246 -0.7225405 -0.06494069 -0.6882717 -0.7293264 -0.08593964 -0.6787469 -0.7549994 -0.08134293 -0.6506606 -0.750027 -0.2455838 -0.6141238 -0.7504326 -0.2508223 -0.6115056 -0.7109465 -0.2578306 -0.6542772 -0.7113617 -0.2649585 -0.6509696 -0.6673699 -0.2685981 -0.6946024 -0.6676563 -0.277951 -0.6906363 -0.6186677 -0.2772492 -0.7351076 -0.6184357 -0.2981564 -0.7270764 -0.760912 -0.1114298 -0.6392154 -0.7646913 -0.1029401 -0.6361214 -0.7851381 -0.236029 -0.5725806 -0.7606583 -0.3959915 -0.5143827 -0.7224792 -0.4063154 -0.559403 -0.7215611 -0.4192602 -0.5509724 -0.6757282 -0.4273909 -0.6006067 -0.674484 -0.4418804 -0.59145 -0.6227264 -0.4461574 -0.6427717 -0.6209776 -0.4624475 -0.6328737 -0.5608702 -0.4615401 -0.6873176 -0.5565234 -0.487942 -0.6724539 -0.7954885 -0.1614018 -0.5840783 -0.8173026 -0.1406175 -0.5587872 -0.8171521 -0.1411718 -0.5588677 -0.8287216 -0.1435782 -0.5409306 -0.8544949 -0.1310241 -0.502664 -0.8554865 -0.13688 -0.4994066 -0.8776086 -0.1225526 -0.4634479 -0.8926299 -0.4507066 -0.008680343 -0.883112 -0.4672385 -0.04244482 -0.8283713 -0.5597055 -0.02303951 -0.8306356 -0.5561868 -0.02647221 -0.8075841 -0.583575 -0.08513695 -0.7209333 -0.6927605 0.01838701 -0.7472707 -0.66367 -0.03359705 -0.653773 -0.7545399 -0.05701249 -0.6436855 -0.7616586 -0.07446759 -0.5685975 -0.8185464 -0.08172428 -0.541599 -0.8395221 -0.04328072 -0.5334547 -0.8423701 -0.07641184 -0.9733885 -0.04174548 -0.2253265 -0.9760212 -0.1205496 -0.1812469 -0.9773096 -0.09620809 -0.1887059 -0.9729276 -0.162433 -0.1644004 -0.9419783 0.06315505 -0.3296792 -0.942019 -0.2501312 -0.2236838 -0.9221156 -0.2735877 -0.2735921 -0.9199792 -0.2940016 -0.2592321 -0.8838216 -0.3272789 -0.3342873 -0.8812361 -0.3499035 -0.3177903 -0.8330401 -0.3824339 -0.3997356 -0.829873 -0.4077891 -0.3808132 -0.7830215 -0.4305311 -0.4489101 -0.7835366 -0.4435586 -0.4351163 -0.7324959 -0.4618368 -0.5001566 -0.7164149 -0.5462567 -0.4339969 -0.6721551 -0.5582848 -0.4863391 -0.6673135 -0.5776728 -0.4700922 -0.616485 -0.58668 -0.5251216 -0.6111201 -0.6070957 -0.5079045 -0.5532253 -0.6118678 -0.5652961 -0.5471845 -0.6334827 -0.5470728 -0.4811845 -0.6325132 -0.6069501 -0.4742139 -0.6555619 -0.5876731 -0.4590816 0.654263 -0.600986 -0.4804024 -0.65602 -0.5821095 -0.4724195 -0.6170095 -0.6293799 -0.5622846 -0.6108163 -0.5574401 -0.5493403 -0.5751267 -0.6061804 -0.6177828 -0.5578066 -0.5542531 -0.6033598 -0.296532 -0.7402876 -0.5922466 -0.2705552 -0.7589755 -0.6278768 -0.2681273 -0.7306699 -0.6182398 -0.2504335 -0.7450253 -0.6388849 -0.2450377 -0.7292342 -0.5421357 0.612678 -0.575078 -0.6830458 0.3540477 -0.638826 -0.6887437 0.3175671 -0.651754 -0.7319409 0.2834133 -0.6196284 -0.6894627 0.4865601 -0.5365637 -0.7006763 0.4411021 -0.5607867 -0.7521823 0.4007709 -0.5230721 -0.7510485 0.2963061 -0.5900245 -0.7765238 0.2652623 -0.5715301 -0.7757278 0.2277536 -0.588536 -0.8080525 0.1637234 -0.5659025 -0.8015732 0.1412774 -0.5809656 -0.8223346 0.05372303 -0.5664625 -0.8183342 0.04744017 -0.5727815 -0.8176345 -0.05674999 -0.5729339 -0.8232729 -0.05199062 -0.56526 -0.7962512 -0.159985 -0.5834286 -0.8138772 -0.1526011 -0.5606397 -0.7623979 -0.2520461 -0.5960053 -0.7898712 -0.2491701 -0.5603728 -0.7199338 -0.331845 -0.6095688 -0.753023 -0.3369395 -0.5651798 -0.671369 -0.3996261 -0.6241495 -0.7063317 -0.413478 -0.5745708 -0.6714214 -0.4316424 -0.6023938 -0.6530073 -0.4020881 -0.6417995 -0.5941376 -0.4176677 -0.6874259 -0.6068491 -0.4456986 -0.6580935 -0.546936 -0.4498482 -0.7060437 -0.5580464 -0.4880814 -0.6710892 -0.6167112 0.06985074 -0.7840843 -0.6188138 0.06011879 -0.7832338 -0.6218142 0.05777376 -0.7810309 -0.5728049 0.5694149 -0.5896281 -0.5919264 0.4467713 -0.6708343 -0.6111243 0.4131966 -0.6751264 -0.618535 0.2686808 -0.7383936 -0.628549 0.2475619 -0.737319 -0.6225721 0.08508723 -0.777923 -0.6256726 0.08114969 -0.7758534 -0.88727 0.4422807 -0.1309188 -0.8631132 0.4799794 -0.15702 -0.9872587 0.1011329 -0.1228506 -0.9873688 0.102151 -0.1211113 -0.944886 0.3054204 -0.117936 -0.9479976 0.2680355 -0.1716318 -0.9138661 0.3900987 -0.1125689 -0.834111 0.5432417 -0.09564107 -0.7677881 0.6244665 -0.1433281 -0.7552346 0.6358589 -0.1590729 0.007707238 0.9993894 -0.0340802 -0.0781598 0.9910418 -0.1082918 -0.1529979 0.9870367 -0.04847937 -0.2587524 0.9592373 -0.1136266 -0.2637724 0.959524 -0.09868067 -0.7414873 0.654924 -0.1458464 -0.6829202 0.7216047 -0.1136075 -0.6243973 0.7654999 -0.1553639 -0.5677651 0.8159443 -0.1089844 -0.471848 0.8675233 -0.1573617 -0.5077139 0.8352849 -0.2110111 -0.3599608 0.9326654 -0.02373582 -0.117628 0.9738595 -0.1943227 -0.1925065 0.9501434 -0.245293 -0.2822683 0.9435682 -0.1732156 -0.3508049 0.9064328 -0.2351926 -0.4720788 0.8704758 -0.1393329 -0.02872616 -0.9995803 -0.003721594 -0.03976398 -0.9814192 -0.1877102 -0.09179919 -0.9910939 -0.0964663 -0.1119357 -0.9904545 -0.08043885 -0.2207809 -0.9750021 -0.02503269 -0.2214356 -0.9740166 -0.04751735 -0.4161391 -0.905656 -0.08133578 -0.4136299 -0.9040659 -0.1075884 -0.5587378 -0.8293251 -0.005643188 -0.5524973 -0.8081322 -0.2041301 -0.6076661 -0.7897179 -0.08418905 -0.6821337 -0.7306388 -0.02933728 -0.7746121 -0.5841488 -0.2423761 -0.7488545 -0.648536 -0.1364478 -0.609125 -0.7564721 -0.2381528 -0.617809 -0.7745212 -0.1357532 -0.4661322 -0.8487489 -0.2496921 -0.4701259 -0.8714842 -0.1396309 -0.3139298 -0.9129133 -0.2608395 -0.3133082 -0.9383545 -0.146044 -0.1531251 -0.9493234 -0.2744773 -0.1488648 -0.9745678 -0.1675022 -0.8461386 -0.5102854 -0.1538123 -0.8605424 -0.4990861 -0.1018814 -0.7509222 -0.6454217 -0.1398101 -0.7569831 -0.590645 -0.2794907 -0.6489115 -0.6720699 -0.3567017 -0.6644061 -0.6962658 -0.271622 -0.5316172 -0.7612251 -0.3713751 -0.542317 -0.7919122 -0.2806549 -0.4051815 -0.8282596 -0.3870581 -0.4105622 -0.8634116 -0.2931878 -0.275561 -0.873282 -0.4018017 -0.272953 -0.9078559 -0.3182674 -0.9099177 -0.3988494 -0.1138814 -0.9273398 -0.3486251 -0.1360201 -0.9393926 -0.3034551 -0.1595516 -0.9492402 -0.2859238 -0.1311128 -0.9888085 -0.1098577 -0.10094 -0.9690747 -0.149326 -0.1964582 -0.9921651 -0.04050743 -0.1181849 -0.497348 0.6158859 -0.611007 -0.5385127 0.4861561 -0.688227 -0.5672599 0.4485558 -0.6906619 -0.5903063 0.2950516 -0.7513209 -0.6080374 0.2694277 -0.7467927 -0.6253757 0.09412384 -0.7746263 -0.6279575 0.0897991 -0.7730495 -0.6585098 0.2143456 -0.7214019 -0.6607789 0.189023 -0.7263893 -0.6760234 0.1771376 -0.7152724 -0.6629902 0.08533263 -0.7437489 -0.6510002 0.09392726 -0.753244 -0.6510541 0.07159191 -0.7556475 -0.6575132 0.05883973 -0.7511419 -0.6530557 0.04676347 -0.7558647 -0.6588217 0.01924401 -0.7520529 -0.6565265 0.0161584 -0.75413 -0.6563307 -0.02021986 -0.7542024 -0.628105 -0.09444111 -0.7723761 -0.6255925 -0.08914726 -0.7750398 -0.626625 -0.08907508 -0.7742136 -0.6222006 -0.08077418 -0.7786797 -0.6248841 -0.08137142 -0.7764654 -0.6669645 -0.1329739 -0.7331278 -0.647715 -0.1426848 -0.7484025 -0.6290857 -0.1361064 -0.7653275 -0.6548389 -0.1163082 -0.7467653 -0.635924 -0.1137412 -0.7633241 -0.6575506 -0.0882247 -0.748227 -0.6468845 -0.09094756 -0.7571454 -0.6571469 -0.05357629 -0.751856 -0.6502964 -0.05622458 -0.7575972 -0.6575419 -0.02762597 -0.7529113 -0.6666706 -0.0122379 -0.745252 -0.3557612 0.8017797 -0.4801909 -0.4093661 0.7601574 -0.5045593 -0.4708198 0.7557162 -0.4552161 -0.514437 0.7078398 -0.4840633 -0.600356 0.683211 -0.4156867 -0.6187537 0.5570742 -0.5539063 -0.6403142 0.510875 -0.5735892 -0.6392353 0.4056732 -0.6533051 -0.6523022 0.3692191 -0.661951 -0.639158 0.2447288 -0.7290987 -0.6459164 0.2205483 -0.730856 -0.6203852 0.08256024 -0.7799398 -0.6228243 0.07155448 -0.7790826 -0.2450744 0.9068721 -0.3428142 -0.3056173 0.8731016 -0.3798575 -0.3821996 0.8675137 -0.3183449 -0.4389377 0.821599 -0.3637427 -0.5182603 0.8001217 -0.3020124 -0.6029792 0.6893384 -0.4015328 -0.6512457 0.6652858 -0.3650669 -0.6951866 0.6006576 -0.3948748 -0.7552676 0.5535585 -0.3509185 -0.7795711 0.492946 -0.3863588 -0.8422871 0.4170385 -0.3415132 -0.8493075 0.3689092 -0.3776013 -0.9048156 0.258274 -0.338531 -0.9014602 0.2295299 -0.3669953 -0.9354417 0.08503836 -0.3430997 -0.9319707 0.07692247 -0.3542789 -0.9306722 -0.09013909 -0.3545761 -0.9361645 -0.08380055 -0.3414285 -0.8933162 -0.2547399 -0.3702618 -0.9113531 -0.2440225 -0.3314945 -0.8298459 -0.4014207 -0.3875786 -0.8587642 -0.3950336 -0.3263012 -0.7801172 -0.4930799 -0.3850836 -0.7770543 -0.4906289 -0.3942969 -0.6740436 -0.5703601 -0.4694194 -0.693929 -0.5967419 -0.4029413 -0.5835736 -0.6506996 -0.4858312 -0.5990644 -0.6841349 -0.4160305 -0.4852352 -0.7142839 -0.5043267 -0.4955176 -0.7528025 -0.4333022 -0.3778872 -0.7608776 -0.5275097 -0.3825705 -0.8033518 -0.4563614 -0.9706903 0.05228668 -0.234577 -0.3388687 0.9396036 -0.0480948 -0.1605719 0.9859274 -0.04651886 -0.6136756 0.2976537 -0.7313033 -0.6241748 0.2773855 -0.7303856 -0.6656498 0.2779459 -0.6925723 -0.6694935 0.2684504 -0.692613 -0.7113617 0.2649585 -0.6509696 -0.6885035 0.07401055 -0.7214469 -0.6830745 0.09200823 -0.7245301 -0.6504149 0.0915327 -0.7540439 -0.6487138 0.09682816 -0.7548475 -0.7441585 0.4581055 -0.4861765 -0.5495874 0.4872838 -0.6786076 -0.5676576 0.4617885 -0.6815544 -0.6170088 0.4624824 -0.6367184 -0.6269618 0.4459046 -0.6388177 -0.6712593 0.4422268 -0.59485 -0.679169 0.4268661 -0.5970886 -0.7189751 0.4197885 -0.5539425 -0.7252416 0.4056389 -0.5563108 -0.7384518 0.4022578 -0.5411817 -0.7788825 0.4454505 -0.4414929 -0.7880131 0.4283787 -0.4421846 -0.8266004 0.4095827 -0.3859713 -0.788644 0.157853 -0.5942417 -0.7815317 0.1821626 -0.5966783 -0.7572268 0.1550206 -0.6344889 -0.7486097 0.1700993 -0.6408196 -0.7033947 0.1777918 -0.6882048 -0.7280933 0.05381625 -0.6833623 -0.7076137 0.09590715 -0.7000605 -0.9236653 0.2719186 -0.2700051 -0.9186947 0.2953574 -0.2622287 -0.886283 0.3252818 -0.329688 -0.8982372 0.1212576 -0.4224529 -0.8953538 0.1036436 -0.4331276 -0.8791501 0.351527 -0.3217512 -0.8368368 0.3801936 -0.3938999 -0.951521 0.008094966 -0.3074771 -0.9463144 0.08179998 -0.3127267 -0.9293937 0.1016998 -0.354802 -0.9217662 -0.02267122 -0.3870826 -0.9224355 0.0941298 -0.3745028 -0.6525753 0.7554146 -0.05911368 -0.6500062 0.7587971 -0.04145914 -0.7341012 0.6745004 -0.07838785 -0.7514083 0.6584773 -0.04234486 -0.744795 0.6666875 -0.02842766 -0.7819557 0.6217872 -0.04388535 -0.8206046 0.5690097 -0.05325543 -0.8293885 0.5578702 -0.0299257 0.03280889 0.9979494 -0.05496031 -0.02720427 0.9958922 -0.08636283 -0.06662046 0.9964954 -0.05058264 -0.1030313 0.9923364 -0.06821316 -0.14582 0.9874161 -0.06120514 -0.1053501 0.9731329 -0.2047284 -0.1499281 0.9624184 -0.2264339 -0.1952219 0.9630909 -0.1853226 -0.2471557 0.9460747 -0.2094197 -0.285999 0.9428672 -0.1708974 -0.3360147 0.9217714 -0.1934725 -0.3697462 0.9157829 -0.1569379 -0.519058 0.8050089 -0.2872968 -0.4831731 0.8324586 -0.2712126 -0.4456642 0.8391272 -0.3118477 -0.4070512 0.8644622 -0.2949819 -0.3640471 0.8680262 -0.337639 -0.3227553 0.8908482 -0.3197162 -0.2698865 0.8899538 -0.3676187 -0.2352482 0.9062328 -0.3512841 -0.5584109 0.7939642 -0.2404121 -0.6265983 0.6873825 -0.3672599 -0.6070899 0.6923791 -0.3899399 -0.5829019 0.7185977 -0.3792663 -0.5429248 0.7257095 -0.4225853 -0.5160537 0.7512086 -0.4115511 -0.4705181 0.7549902 -0.4567304 -0.4407778 0.7794618 -0.4451453 -0.3885776 0.7787221 -0.4925438 -0.3558114 0.8017836 -0.4801472 -0.3078739 0.9445457 -0.114224 -0.2733472 0.9599608 -0.06129121 -0.4174939 0.8910101 -0.1783253 -0.4036937 0.8940508 -0.1941765 -0.3991288 0.9108857 -0.1048023 -0.4556157 0.8847643 -0.0980122 -0.4631797 0.881869 -0.08815664 -0.517022 0.8502495 -0.09881275 -0.5438694 0.8368657 -0.06214386 -0.5839425 0.807807 -0.08036839 -0.6436915 0.7616544 -0.07445722 -0.9777907 0.03311127 -0.2069518 -0.9809997 0.08292585 -0.1753939 -0.9669907 -0.01962286 -0.2540551 -0.9743055 0.1265398 -0.1863239 -0.8779458 0.1223232 -0.4628697 -0.8726937 0.1258571 -0.4717687 -0.8528164 0.1002421 -0.5124995 -0.8500358 0.1332879 -0.5095816 -0.8172678 0.1487815 -0.5567202 -0.8227173 0.1237146 -0.5548252 -0.8099123 0.1501116 -0.5670171 -0.9556255 0.09768837 -0.2779152 -0.9480036 0.2420238 -0.2066732 -0.9514819 0.2209184 -0.2141895 -0.9009379 0.4197865 -0.1099556 -0.9163827 0.3958126 -0.05979204 -0.9721458 0.1638948 -0.1675442 -0.9697913 0.1908546 -0.1519191 -0.9670981 0.2102171 -0.1432834 -0.9160981 0.3981231 -0.04756337 -0.9454049 0.3192883 -0.06530398 -0.7889765 0.6134285 0.03495168 -0.9048989 0.4082368 -0.1204194 -0.8844153 0.4332595 -0.1734815 -0.8587563 0.4893002 -0.1520623 -0.8297635 0.5161051 -0.2124334 -0.7969602 0.5733134 -0.1901744 -0.758638 0.5993142 -0.255521 -0.7176703 0.6564422 -0.2324501 -0.6834965 0.6732941 -0.2819709 -0.6541527 0.7038169 -0.2769947 -0.6179209 0.7166885 -0.3233131 -0.7164149 0.5462567 -0.4339969 -0.6768743 0.5571684 -0.4810453 -0.6629003 0.5786169 -0.475148 -0.6221009 0.5858744 -0.5193666 -0.6058597 0.6077157 -0.513435 -0.5598327 0.6115395 -0.5591125 -0.5409905 0.6336088 -0.5530544 -0.4888658 0.632876 -0.6003984 -0.4670152 0.6549752 -0.5940575 1 0 0 1 0 0 1 0 0 1 0 0 1 0 0 1 0 0 1 0 0 1 0 0 1 0 0 1 0 0 1 0 0 1 0 0 1 0 0 1 0 0 1 0 0 1 0 0 1 0 0 1 0 0 1 0 0 1 0 0 1 0 0 1 0 0 0 0.9987955 0.0490669 0.005617678 0.9951692 0.09801459 0 0.9891767 0.1467292 0 0.95694 0.2902855 0 0.95694 0.2902855 0 0.8819217 0.4713959 0 0.8819217 0.4713959 0 0.7730101 0.6343936 0 0.7730101 0.6343936 0 0.6343929 0.7730109 -0.02241134 0.5554308 0.8312606 0 0.4713975 0.8819208 0 0.2902843 0.9569404 -0.0224114 0.1950413 0.980539 0 0.09801745 0.9951847 0 -0.09801745 0.9951847 -0.0224114 -0.1950413 0.980539 -0.02241134 -0.5554308 0.8312606 0 -0.4713975 0.8819208 0 -0.2902843 0.9569404 0 -0.9951849 0.09801614 0 -0.9951849 0.09801614 0 -0.95694 0.2902855 0 -0.95694 0.2902855 0 -0.8819217 0.4713959 0 -0.8819217 0.4713959 0 -0.7730101 0.6343936 0 -0.7730101 0.6343936 0 -0.6343929 0.7730109 0 0.7933524 0.6087628 0.00569123 0.8314562 0.5555612 -0.002851545 0.9238761 0.3826812 0.005691111 0.9807693 0.1950879 0 0.9914448 0.1305266 0 -0.7730092 0.6343948 0.006404876 -0.8314526 0.5555589 0 -0.9951845 0.09801906 0.006404638 -0.9807651 0.195087 0 -0.9569406 0.2902837 0 -0.8819223 0.4713949 0 0.7071068 0.7071068 0 0.7071068 0.7071068 0 -0.7071068 0.7071068 0 -0.7071068 0.7071068 0 0 1 0 0 1 0 -1 0 0 -1 0 0 1 0 0 1 0 0.980786 0.1950864 0 0.9808947 0.1945396 -7.28618e-5 0.8956798 0.4446997 2.57139e-5 0.8314573 0.5555619 -0.005470633 0.7920592 0.6104444 -9.19085e-5 0.619943 0.7846469 8.52516e-5 0.5555607 0.8314577 -0.005520403 0.4544001 0.8907977 -2.70148e-5 0.2422413 0.970216 5.13381e-5 0.1950875 0.980777 -0.004158556 0.04771023 0.9988612 0 0.1943478 -0.9809327 0 0.2588117 -0.9658977 -0.007633447 0.4424303 -0.896803 3.57714e-5 0.6414336 -0.7671785 -9.28663e-5 0.7070752 -0.7070752 -0.009440004 0.8181161 -0.5750532 4.68278e-5 0.9303469 -0.3666809 -7.67302e-5 0.9658687 -0.2588034 -0.01088756 0.9934591 -0.1141885 0 1 0 0 1 0 0 1 0 0 1 0 0 1 0 0 1 0 0 1 0 0 1 0 0 1 0 0 1 0 0 1 0 0 1 0 0 1 0 0 1 0 0 1 0 0 1 0 0 1 0 0 1 0 0 1 0 0 1 0 0 1 0 0 1 0 0 1 0 0 1 0 0 1 0 0 1 0 0 1 0 0 1 0 0 1 0 0 1 0 0 1 0 0 1 0 0 1 0 0 1 0 0 1 0 0 1 0 0 1 0 0 1 0 0 1 0 0 -0.8782761 0.478154 0 -0.849532 0.5275343 0.001756966 -0.7638286 0.6454191 0 -0.6537024 0.7567518 0 -0.5720946 0.8201847 0.002172529 -0.4876939 0.8730148 0 -0.3453379 0.9384784 0 -0.2016276 0.9794608 0.001684665 -0.1490194 0.9888343 0 -0.1490298 -0.9888327 0 -0.2016276 -0.9794608 0.001684486 -0.3453459 -0.9384755 0 -0.4877116 -0.8730049 0 -0.5720946 -0.8201847 0.002172529 -0.6537176 -0.7567386 0 -0.7638491 -0.6453949 0 -0.849532 -0.5275343 0.001757502 -0.8782898 -0.4781286 0 -0.9009369 -0.4339345 -0.003709793 -0.9040714 -0.4273815 0 -0.886019 -0.4636369 0.003329396 -0.9216756 -0.3780136 -0.08729177 -0.907947 -0.4183729 -0.02442055 -0.9103338 -0.4129288 -0.02796673 -0.9083648 -0.4174774 -0.02420741 -0.9040777 -0.4271661 -0.01314896 -0.6395286 -0.7687627 -0.002680957 -0.6852428 -0.7283145 -5.29897e-4 -0.7034573 -0.7107375 9.98168e-6 -0.7944023 -0.607392 -8.62003e-5 -0.7575881 -0.6526688 -0.00914818 -0.8027607 -0.5962949 -0.002775013 -0.4360755 -0.8998948 -0.005239844 -0.4808552 -0.8768 7.83789e-5 -0.6237256 -0.7816433 -1.96079e-4 -0.5651422 -0.8248403 -0.01589667 -0.5909735 -0.8066219 -0.01056432 -0.2591257 -0.9658425 -0.001459538 -0.2830299 -0.959111 4.42784e-5 -0.4159407 -0.9093917 -3.05652e-4 -0.3547141 -0.9347152 -0.02203154 -0.3984848 -0.9171162 -0.01037734 0.02672177 -0.9996429 0 0.04718667 -0.9987448 -0.01680284 -0.02932792 -0.9995692 0.001207351 -0.1834089 -0.9830303 -0.003539204 -0.151352 -0.9882561 -0.02103692 -0.2195621 -0.9755873 -0.004676401 -0.9070453 0.4206368 -0.01826316 0.06505531 0.9978817 0 0.02671986 0.9995711 -0.01198875 -0.2742624 0.9616549 6.94762e-5 -0.1759017 0.9843656 -0.009107708 -0.1834076 0.9830232 -0.005205988 -0.07266682 0.9973563 -1.70146e-5 -0.02436268 0.9997032 3.75722e-5 -0.3244721 0.9458953 -6.51594e-5 -0.4159341 0.9093772 -0.005653142 -0.3981735 0.9172505 -0.01046121 -0.6359654 0.7717124 -0.002843618 -0.5878744 0.8088746 -0.01121133 -0.6237215 0.7816383 -0.003599822 -0.5426278 0.8399733 -3.753e-5 -0.4738184 0.8806225 9.37877e-5 -0.8334292 0.552626 -4.41934e-4 -0.85822 0.5132821 1.3768e-5 -0.798215 0.6023628 -0.003445029 -0.7668401 0.6417896 -0.007891297 -0.7944003 0.6073905 -0.002214014 -0.7267142 0.68694 -1.38658e-5 -0.6964677 0.7175882 1.7792e-5 -0.9040713 0.4273815 -1.145e-4 -0.9046495 0.4261564 0 -0.906617 0.4218566 -0.00909388 -0.9105007 0.4129578 -0.02131533 -0.9121046 0.4091929 -0.02502787 -0.9100006 0.4140384 -0.021703 -0.5046517 -0.8633229 -2.45616e-4 0.04238045 -0.9991016 0 -0.2688881 -0.9631712 6.32086e-4 -0.3338857 -0.9346764 0.1220668 -0.2026672 -0.9792476 3.22438e-4 0.01445496 -0.9998954 5.01845e-4 -0.06030213 -0.9972738 0.04252672 -0.03779572 -0.9988006 0.03112602 -0.9293381 -0.3692284 0.001057088 -0.9065302 -0.4211798 0.02847123 -0.806366 -0.5016553 0.3132343 -0.8250824 -0.556649 0.09685492 -0.7603065 -0.6495645 -1.60542e-4 -0.5998028 -0.8001469 0.001273453 -0.6275647 -0.7576875 0.1790874 -0.5698904 -0.8188752 0.06832516 -0.2464071 -0.04624217 0.9680626 -0.7230625 -0.1604549 0.6718891 -0.9531983 -0.3023445 8.53738e-4 -0.5114396 0.09597969 0.8539423 -0.9941637 0.1077845 0.004579842 -0.9990912 -0.04258358 -0.00189203 -0.7527038 0.6583593 -1.86391e-5 -0.8184989 0.5715193 0.05852627 -0.7988005 0.4887707 0.3507433 -0.8073233 0.502251 0.3097952 -0.9130091 0.4079383 -8.85373e-4 -0.9572333 0.2893005 -0.003118097 -0.4526866 0.8916698 -1.43786e-5 -0.5379638 0.8428856 0.01178491 -0.595746 0.794735 0.1161164 -0.6555522 0.7543775 0.03414666 -0.7234835 0.6903417 1.31625e-4 -0.3516317 0.9361384 1.1594e-4 -0.2684122 0.9614664 0.05947554 -0.2158933 0.9760565 0.02652758 -0.1340295 0.9909752 -0.002071917 0.01445484 0.9998872 0.004091978 0.02244019 0.9997482 0 0 0.9659259 -0.2588188 0 0.9659259 -0.2588188 0 0.7071072 -0.7071064 0 0.7071072 -0.7071064 0 0.2588188 -0.9659259 -0.03855359 0.467904 -0.8829379 0 0.2236065 -0.9746795 0 0.2236065 -0.9746795 0 -0.2236065 -0.9746795 0 -0.9659259 -0.2588188 0 -0.9659259 -0.2588188 0 -0.7071072 -0.7071064 0 -0.7071072 -0.7071064 0 -0.4682521 -0.8835949 -0.005407929 -0.258815 -0.9659118 0 -0.2236065 -0.9746795 -0.9332744 0 -0.3591642 -0.9343861 -1.33398e-4 -0.356262 -0.8278068 5.26552e-5 -0.5610132 -0.8295449 0 -0.55844 -0.7165475 0 -0.6975383 -0.7180377 -6.32563e-5 -0.6960042 -0.5401352 6.44252e-5 -0.8415783 -0.5419336 0 -0.8404213 -0.3841152 0 -0.9232851 -0.38507 -1.67071e-5 -0.9228873 -0.165252 4.47982e-5 -0.9862514 -0.166275 0 -0.9860794 -1 0 0 -1 0 0 -1 0 0 -1 0 0 -1 0 0 -1 0 0 -1 0 0 -1 0 0 -1 0 0 -1 0 0 -1 0 0 -1 0 0 -1 0 0 -1 0 0 -1 0 0 -1 0 0 -1 0 0 -1 0 0 -1 0 0 -1 0 0 -1 0 0 -1 0 0 -1 0 0 -1 0 0 -1 0 0 -1 0 0 -1 0 0 -1 0 0 -1 0 0 -1 0 0 -0.9506331 0.001992285 -0.3103107 -0.9702341 0 -0.2421689 -0.9704263 -0.005530238 -0.2413338 -0.9710387 -0.01478725 -0.2384642 -0.9755273 0.0066697 -0.2197774 -0.9754579 0.002617061 -0.2201707 -0.9753849 0.003921866 -0.2204742 -0.9656241 1.568e-4 -0.2599426 -0.9536613 -1.30587e-4 -0.3008824 -0.9414081 -0.003363728 -0.3372528 -0.865401 -0.01748913 -0.5007746 -0.8354444 0.00322771 -0.5495654 -0.8572692 4.99247e-5 -0.5148684 -0.8626656 -3.48609e-6 -0.5057748 -0.88251 2.04095e-4 -0.4702937 -0.883121 -1.4761e-4 -0.4691454 -0.9063391 4.39648e-5 -0.4225511 -0.910039 -5.79542e-4 -0.4145224 -0.9226006 9.06982e-4 -0.3857557 -0.9259938 0 -0.3775387 -0.9365925 0 -0.3504205 -0.8399565 0 -0.5426538 -0.8143 0 -0.5804443 -0.8094739 -2.9943e-4 -0.5871558 -0.8037421 4.9931e-4 -0.5949776 -0.7967675 -2.20642e-4 -0.6042861 -0.7835974 5.84843e-4 -0.6212688 -0.7712028 -0.002828121 -0.6365834 -0.7532763 0.002440512 -0.6576997 -0.6848188 0.005743265 -0.7286908 -0.7063264 1.19866e-4 -0.7078863 -0.7256068 -1.23261e-4 -0.6881096 -0.7251529 0 -0.6885879 -0.743105 0 -0.6691749 -0.6321144 -0.01269018 -0.7747712 -0.6184781 -0.005286157 -0.7857843 -0.6054245 -0.001466333 -0.7959015 -0.5943455 2.03375e-4 -0.8042098 -0.5833381 -2.80241e-4 -0.8122294 -0.5765479 -0.002013683 -0.8170608 -0.6946178 0 -0.7193791 -0.6669069 0 -0.7451411 -0.6556967 -0.001500308 -0.7550229 -0.6502274 0 -0.7597398 -0.6288605 0 -0.7775182 -0.6092218 0.004378557 -0.7929878 -0.6178336 0.0134921 -0.7861932 -0.5823892 0.00110352 -0.8129094 -0.5915045 -2.88576e-4 -0.8063017 -0.6046341 0.002222299 -0.7965003 -0.5733731 -0.003395259 -0.8192874 -0.573817 -0.003019273 -0.8189781 -0.5753082 -0.001507401 -0.8179353 -0.5781741 0.002591669 -0.8159093 -0.5794716 0.006818115 -0.8149639 -0.579503 0.006472945 -0.8149445 1 0 0 1 0 0</float_array>
          <technique_common>
            <accessor source="#link_1-mesh-normals-array" count="3524" stride="3">
              <param name="X" type="float"/>
              <param name="Y" type="float"/>
              <param name="Z" type="float"/>
            </accessor>
          </technique_common>
        </source>
        <vertices id="link_1-mesh-vertices">
          <input semantic="POSITION" source="#link_1-mesh-positions"/>
        </vertices>
        <triangles material="base-material" count="3524">
          <input semantic="VERTEX" source="#link_1-mesh-vertices" offset="0"/>
          <input semantic="NORMAL" source="#link_1-mesh-normals" offset="1"/>
          <p>0 0 1 0 2 0 3 1 4 1 5 1 6 2 7 2 8 2 9 3 0 3 10 3 10 4 0 4 2 4 10 5 2 5 11 5 11 6 2 6 12 6 12 7 2 7 5 7 5 8 2 8 6 8 5 9 6 9 3 9 3 10 6 10 8 10 3 11 8 11 13 11 14 12 15 12 16 12 17 13 18 13 14 13 19 14 20 14 16 14 16 15 20 15 21 15 16 16 21 16 14 16 14 17 21 17 22 17 14 18 22 18 17 18 23 19 24 19 25 19 19 20 26 20 20 20 20 21 26 21 23 21 20 22 23 22 27 22 27 23 23 23 25 23 28 24 29 24 30 24 31 25 32 25 33 25 29 26 34 26 35 26 34 27 36 27 37 27 34 28 37 28 35 28 35 29 37 29 38 29 35 30 38 30 39 30 39 31 38 31 40 31 39 32 40 32 41 32 41 33 40 33 42 33 41 34 42 34 43 34 29 35 35 35 30 35 30 36 35 36 39 36 30 37 39 37 44 37 44 38 39 38 41 38 44 39 41 39 33 39 33 40 41 40 43 40 33 41 43 41 31 41 28 42 30 42 45 42 45 43 30 43 44 43 45 44 44 44 46 44 46 45 44 45 33 45 46 46 33 46 47 46 47 47 33 47 32 47 47 48 32 48 48 48 49 49 36 49 34 49 49 50 34 50 50 50 50 51 34 51 29 51 50 52 29 52 51 52 51 53 29 53 28 53 51 54 28 54 52 54 49 55 53 55 54 55 53 56 55 56 56 56 55 57 52 57 57 57 55 58 57 58 56 58 56 59 57 59 58 59 56 60 58 60 59 60 59 61 58 61 60 61 59 62 60 62 61 62 61 63 60 63 62 63 61 64 62 64 63 64 63 65 62 65 64 65 63 66 64 66 65 66 65 67 64 67 66 67 65 68 66 68 67 68 67 69 66 69 68 69 67 70 68 70 69 70 69 71 68 71 70 71 69 72 70 72 71 72 71 73 70 73 72 73 71 74 72 74 73 74 73 75 72 75 74 75 73 76 74 76 75 76 75 77 74 77 76 77 75 78 76 78 77 78 77 79 76 79 78 79 77 80 78 80 79 80 79 81 78 81 80 81 79 82 80 82 81 82 81 83 80 83 82 83 81 84 82 84 83 84 83 85 82 85 84 85 83 86 84 86 85 86 85 87 84 87 86 87 85 88 86 88 87 88 87 89 86 89 88 89 87 90 88 90 89 90 89 91 88 91 90 91 89 92 90 92 91 92 91 93 90 93 92 93 91 94 92 94 93 94 93 95 92 95 94 95 93 96 94 96 95 96 53 97 56 97 54 97 54 98 56 98 59 98 54 99 59 99 96 99 96 100 59 100 61 100 96 101 61 101 97 101 97 102 61 102 63 102 97 103 63 103 98 103 98 104 63 104 65 104 98 105 65 105 99 105 99 106 65 106 67 106 99 107 67 107 100 107 100 108 67 108 69 108 100 109 69 109 101 109 101 110 69 110 71 110 101 111 71 111 102 111 102 112 71 112 73 112 102 113 73 113 103 113 103 114 73 114 75 114 103 115 75 115 104 115 104 116 75 116 77 116 104 117 77 117 105 117 105 118 77 118 79 118 105 119 79 119 106 119 106 120 79 120 81 120 106 121 81 121 107 121 107 122 81 122 83 122 107 123 83 123 108 123 108 124 83 124 85 124 108 125 85 125 109 125 109 126 85 126 87 126 109 127 87 127 110 127 110 128 87 128 89 128 110 129 89 129 111 129 111 130 89 130 91 130 111 131 91 131 112 131 112 132 91 132 93 132 112 133 93 133 113 133 113 134 93 134 95 134 113 135 95 135 114 135 49 136 54 136 115 136 115 137 54 137 96 137 115 138 96 138 116 138 116 139 96 139 97 139 116 140 97 140 117 140 117 141 97 141 98 141 117 142 98 142 118 142 118 143 98 143 99 143 118 144 99 144 119 144 119 145 99 145 100 145 119 146 100 146 120 146 120 147 100 147 101 147 120 148 101 148 121 148 121 149 101 149 102 149 121 150 102 150 122 150 122 151 102 151 103 151 122 152 103 152 123 152 123 153 103 153 104 153 123 154 104 154 124 154 124 155 104 155 105 155 124 156 105 156 125 156 125 157 105 157 106 157 125 158 106 158 126 158 126 159 106 159 107 159 126 160 107 160 127 160 127 161 107 161 108 161 127 162 108 162 128 162 128 163 108 163 109 163 128 164 109 164 129 164 129 165 109 165 110 165 129 166 110 166 130 166 130 167 110 167 111 167 130 168 111 168 131 168 131 169 111 169 112 169 131 170 112 170 132 170 132 171 112 171 113 171 132 172 113 172 133 172 133 173 113 173 114 173 133 174 114 174 134 174 135 175 134 175 114 175 135 176 114 176 136 176 136 177 114 177 95 177 136 178 95 178 137 178 137 179 95 179 94 179 137 180 94 180 138 180 139 181 140 181 141 181 140 182 142 182 143 182 142 183 144 183 145 183 142 184 145 184 143 184 143 185 145 185 146 185 143 186 146 186 147 186 147 187 146 187 148 187 147 188 148 188 149 188 149 189 148 189 135 189 149 190 135 190 136 190 140 191 143 191 141 191 141 192 143 192 147 192 141 193 147 193 150 193 150 194 147 194 149 194 150 195 149 195 151 195 151 196 149 196 136 196 151 197 136 197 137 197 139 198 141 198 152 198 152 199 141 199 150 199 152 200 150 200 153 200 153 201 150 201 151 201 153 202 151 202 154 202 154 203 151 203 137 203 154 204 137 204 138 204 155 205 156 205 157 205 158 206 159 206 160 206 160 207 159 207 161 207 162 208 163 208 164 208 165 209 166 209 167 209 168 210 169 210 170 210 170 211 169 211 155 211 170 212 155 212 159 212 159 213 155 213 157 213 159 214 157 214 161 214 171 215 157 215 172 215 172 216 157 216 156 216 172 217 156 217 173 217 173 218 156 218 174 218 173 219 174 219 164 219 164 220 174 220 175 220 164 221 175 221 162 221 158 222 160 222 167 222 167 223 160 223 176 223 167 224 176 224 165 224 177 225 48 225 178 225 178 226 48 226 32 226 178 227 32 227 179 227 179 228 32 228 31 228 179 229 31 229 180 229 180 230 31 230 43 230 180 231 43 231 181 231 181 232 43 232 42 232 181 233 42 233 182 233 183 234 144 234 184 234 184 235 144 235 142 235 184 236 142 236 185 236 185 237 142 237 140 237 185 238 140 238 186 238 139 239 187 239 140 239 140 240 187 240 188 240 140 241 188 241 186 241 28 242 45 242 138 242 138 243 45 243 154 243 154 244 45 244 46 244 154 245 46 245 47 245 189 246 187 246 190 246 190 247 187 247 139 247 139 248 152 248 190 248 190 249 152 249 153 249 190 250 153 250 177 250 177 251 153 251 154 251 177 252 154 252 48 252 48 253 154 253 47 253 28 254 138 254 52 254 52 255 138 255 94 255 52 256 94 256 92 256 92 257 90 257 52 257 52 258 90 258 88 258 52 259 88 259 86 259 86 260 84 260 52 260 52 261 84 261 82 261 52 262 82 262 80 262 80 263 78 263 52 263 52 264 78 264 76 264 52 265 76 265 191 265 191 266 72 266 52 266 52 267 72 267 70 267 52 268 70 268 68 268 58 269 64 269 60 269 60 270 64 270 62 270 68 271 66 271 52 271 52 272 66 272 64 272 52 273 64 273 57 273 57 274 64 274 58 274 36 275 192 275 37 275 37 276 192 276 193 276 37 277 193 277 38 277 38 278 193 278 40 278 40 279 193 279 194 279 40 280 194 280 42 280 144 281 195 281 145 281 145 282 195 282 196 282 145 283 196 283 146 283 146 284 196 284 148 284 148 285 196 285 197 285 148 286 197 286 135 286 36 287 49 287 192 287 192 288 49 288 198 288 134 289 135 289 199 289 199 290 135 290 197 290 134 291 199 291 133 291 133 292 199 292 200 292 133 293 200 293 132 293 132 294 200 294 131 294 131 295 200 295 201 295 131 296 201 296 130 296 130 297 201 297 129 297 129 298 201 298 202 298 129 299 202 299 128 299 128 300 202 300 127 300 127 301 202 301 203 301 127 302 203 302 126 302 126 303 203 303 125 303 125 304 203 304 204 304 125 305 204 305 205 305 205 306 204 306 123 306 123 307 204 307 206 307 123 308 206 308 122 308 122 309 206 309 121 309 121 310 206 310 207 310 121 311 207 311 120 311 120 312 207 312 119 312 119 313 207 313 208 313 119 314 208 314 118 314 118 315 208 315 117 315 117 316 208 316 209 316 117 317 209 317 116 317 116 318 209 318 115 318 115 319 209 319 198 319 115 320 198 320 49 320 210 321 211 321 212 321 213 322 214 322 215 322 215 323 214 323 216 323 215 324 216 324 217 324 218 325 219 325 220 325 220 326 219 326 221 326 220 327 221 327 222 327 185 328 211 328 184 328 184 329 211 329 210 329 184 330 210 330 183 330 223 331 224 331 225 331 226 332 218 332 227 332 227 333 218 333 220 333 227 334 220 334 228 334 228 335 220 335 222 335 228 336 222 336 229 336 229 337 222 337 230 337 221 338 231 338 222 338 222 339 231 339 232 339 222 340 232 340 230 340 230 341 232 341 212 341 186 342 188 342 233 342 233 343 188 343 187 343 233 344 187 344 234 344 234 345 235 345 233 345 233 346 235 346 236 346 233 347 236 347 223 347 223 348 236 348 237 348 223 349 237 349 224 349 231 350 238 350 232 350 232 351 238 351 213 351 232 352 213 352 212 352 212 353 213 353 215 353 212 354 215 354 210 354 210 355 215 355 217 355 210 356 217 356 183 356 185 357 186 357 211 357 211 358 186 358 233 358 211 359 233 359 212 359 212 360 233 360 223 360 212 361 223 361 230 361 230 362 223 362 225 362 230 363 225 363 229 363 239 364 240 364 241 364 240 365 239 365 242 365 242 366 243 366 244 366 244 367 243 367 245 367 244 368 245 368 246 368 241 369 247 369 239 369 239 370 247 370 248 370 239 371 248 371 249 371 250 372 251 372 252 372 252 373 251 373 177 373 252 374 177 374 178 374 253 375 250 375 254 375 254 376 250 376 252 376 254 377 252 377 241 377 246 378 255 378 244 378 244 379 255 379 256 379 244 380 256 380 257 380 257 381 256 381 258 381 257 382 258 382 259 382 259 383 258 383 260 383 259 384 260 384 261 384 179 385 180 385 262 385 262 386 180 386 181 386 262 387 181 387 263 387 263 388 181 388 182 388 263 389 182 389 264 389 178 390 179 390 252 390 252 391 179 391 262 391 252 392 262 392 241 392 241 393 262 393 263 393 241 394 263 394 247 394 247 395 263 395 264 395 247 396 264 396 248 396 242 397 244 397 240 397 240 398 244 398 257 398 240 399 257 399 241 399 241 400 257 400 259 400 241 401 259 401 254 401 254 402 259 402 261 402 254 403 261 403 253 403 265 404 26 404 266 404 266 405 26 405 19 405 266 406 19 406 267 406 267 407 19 407 16 407 267 408 16 408 268 408 246 409 26 409 255 409 255 410 26 410 265 410 255 411 265 411 256 411 256 412 265 412 269 412 256 413 269 413 258 413 258 414 269 414 270 414 258 415 270 415 260 415 260 416 270 416 261 416 261 417 270 417 253 417 253 418 270 418 271 418 253 419 271 419 250 419 250 420 271 420 251 420 251 421 271 421 190 421 251 422 190 422 177 422 229 423 225 423 272 423 272 424 225 424 273 424 273 425 225 425 224 425 273 426 224 426 237 426 237 427 236 427 273 427 273 428 236 428 235 428 273 429 235 429 189 429 189 430 235 430 234 430 189 431 234 431 187 431 274 432 5 432 275 432 275 433 5 433 4 433 275 434 4 434 276 434 229 435 272 435 228 435 228 436 272 436 276 436 228 437 276 437 227 437 227 438 276 438 4 438 227 439 4 439 226 439 277 440 12 440 278 440 278 441 12 441 5 441 278 442 5 442 279 442 279 443 5 443 274 443 166 444 165 444 280 444 280 445 165 445 281 445 280 446 281 446 282 446 282 447 281 447 283 447 283 448 281 448 284 448 283 449 284 449 285 449 285 450 284 450 286 450 285 451 286 451 287 451 286 452 288 452 287 452 287 453 288 453 289 453 287 454 289 454 290 454 290 455 289 455 11 455 290 456 11 456 291 456 292 457 293 457 294 457 294 458 293 458 295 458 294 459 295 459 296 459 296 460 295 460 297 460 296 461 297 461 15 461 298 462 299 462 292 462 292 463 299 463 300 463 292 464 300 464 293 464 163 465 162 465 301 465 301 466 162 466 298 466 301 467 298 467 302 467 302 468 298 468 292 468 303 469 304 469 305 469 305 470 304 470 306 470 11 471 12 471 277 471 305 472 307 472 291 472 291 473 11 473 305 473 305 474 11 474 277 474 305 475 277 475 303 475 303 476 277 476 308 476 309 477 310 477 311 477 297 478 312 478 309 478 313 479 314 479 268 479 268 480 16 480 15 480 15 481 297 481 268 481 268 482 297 482 309 482 268 483 309 483 313 483 313 484 309 484 311 484 315 485 144 485 316 485 316 486 144 486 183 486 316 487 183 487 317 487 318 488 195 488 319 488 319 489 195 489 144 489 319 490 144 490 320 490 320 491 144 491 315 491 318 492 321 492 195 492 195 493 321 493 322 493 195 494 322 494 323 494 216 495 214 495 324 495 317 496 183 496 324 496 324 497 183 497 217 497 324 498 217 498 216 498 325 499 326 499 194 499 194 500 326 500 327 500 194 501 327 501 328 501 328 502 329 502 194 502 194 503 329 503 330 503 194 504 330 504 42 504 42 505 330 505 331 505 42 506 331 506 332 506 332 507 333 507 42 507 42 508 333 508 334 508 42 509 334 509 182 509 334 510 335 510 182 510 182 511 335 511 336 511 182 512 336 512 264 512 264 513 336 513 337 513 264 514 337 514 248 514 248 515 337 515 249 515 18 516 164 516 163 516 163 517 301 517 18 517 18 518 301 518 302 518 18 519 302 519 14 519 326 520 325 520 171 520 164 521 18 521 173 521 173 522 18 522 17 522 173 523 17 523 172 523 172 524 17 524 22 524 172 525 22 525 171 525 171 526 22 526 21 526 171 527 21 527 326 527 330 528 329 528 20 528 20 529 329 529 328 529 20 530 328 530 21 530 21 531 328 531 327 531 21 532 327 532 326 532 334 533 333 533 27 533 27 534 333 534 332 534 27 535 332 535 20 535 20 536 332 536 331 536 20 537 331 537 330 537 334 538 27 538 335 538 335 539 27 539 25 539 335 540 25 540 336 540 24 541 249 541 25 541 25 542 249 542 337 542 25 543 337 543 336 543 26 544 246 544 23 544 23 545 246 545 245 545 245 546 243 546 23 546 23 547 243 547 242 547 23 548 242 548 24 548 24 549 242 549 239 549 24 550 239 550 249 550 296 551 15 551 294 551 294 552 15 552 14 552 294 553 14 553 292 553 292 554 14 554 302 554 286 555 284 555 10 555 3 556 221 556 219 556 219 557 218 557 3 557 3 558 218 558 226 558 3 559 226 559 4 559 214 560 213 560 13 560 13 561 213 561 238 561 13 562 238 562 3 562 3 563 238 563 231 563 3 564 231 564 221 564 214 565 13 565 324 565 324 566 13 566 8 566 324 567 8 567 317 567 317 568 8 568 316 568 316 569 8 569 7 569 316 570 7 570 315 570 315 571 7 571 320 571 320 572 7 572 6 572 320 573 6 573 319 573 319 574 6 574 318 574 318 575 6 575 2 575 318 576 2 576 321 576 157 577 323 577 2 577 2 578 323 578 322 578 2 579 322 579 321 579 157 580 2 580 161 580 161 581 2 581 1 581 161 582 1 582 160 582 160 583 1 583 0 583 160 584 0 584 176 584 176 585 0 585 9 585 176 586 9 586 165 586 10 587 284 587 9 587 9 588 284 588 281 588 9 589 281 589 165 589 11 590 289 590 10 590 10 591 289 591 288 591 10 592 288 592 286 592 194 593 193 593 196 593 196 594 193 594 192 594 323 595 157 595 195 595 195 596 157 596 171 596 195 597 171 597 196 597 196 598 171 598 325 598 196 599 325 599 194 599 198 600 199 600 192 600 192 601 199 601 197 601 192 602 197 602 196 602 202 603 201 603 198 603 198 604 201 604 200 604 198 605 200 605 199 605 209 606 208 606 198 606 198 607 208 607 207 607 198 608 207 608 206 608 206 609 338 609 198 609 198 610 338 610 203 610 198 611 203 611 202 611 339 612 340 612 341 612 342 613 343 613 344 613 345 614 166 614 280 614 280 615 282 615 345 615 345 616 282 616 283 616 345 617 283 617 346 617 347 618 348 618 168 618 343 619 347 619 344 619 344 620 347 620 168 620 344 621 168 621 349 621 349 622 168 622 170 622 349 623 170 623 350 623 350 624 170 624 159 624 350 625 159 625 351 625 351 626 159 626 158 626 351 627 158 627 345 627 345 628 158 628 167 628 345 629 167 629 166 629 341 630 340 630 344 630 344 631 340 631 352 631 344 632 352 632 342 632 353 633 354 633 355 633 355 634 354 634 356 634 355 635 356 635 357 635 353 636 358 636 354 636 354 637 358 637 359 637 354 638 359 638 341 638 341 639 359 639 360 639 341 640 360 640 339 640 361 641 362 641 363 641 357 642 356 642 364 642 364 643 356 643 361 643 364 644 361 644 365 644 365 645 361 645 363 645 365 646 363 646 366 646 290 647 291 647 287 647 287 648 291 648 346 648 287 649 346 649 285 649 285 650 346 650 283 650 367 651 368 651 369 651 368 652 370 652 369 652 369 653 370 653 371 653 369 654 371 654 372 654 373 655 374 655 375 655 376 656 169 656 377 656 377 657 169 657 168 657 377 658 168 658 378 658 378 659 168 659 369 659 369 660 168 660 348 660 369 661 348 661 367 661 372 662 371 662 375 662 375 663 371 663 379 663 375 664 379 664 373 664 373 665 379 665 380 665 373 666 380 666 381 666 381 667 382 667 373 667 373 668 382 668 383 668 373 669 383 669 384 669 385 670 386 670 387 670 387 671 388 671 385 671 385 672 388 672 389 672 385 673 389 673 390 673 391 674 392 674 393 674 393 675 392 675 394 675 393 676 394 676 385 676 385 677 394 677 395 677 385 678 395 678 386 678 391 679 393 679 396 679 396 680 393 680 397 680 396 681 397 681 398 681 398 682 397 682 399 682 399 683 397 683 400 683 399 684 400 684 401 684 401 685 400 685 402 685 402 686 400 686 403 686 402 687 403 687 404 687 376 688 405 688 403 688 403 689 405 689 406 689 403 690 406 690 404 690 298 691 162 691 407 691 407 692 162 692 175 692 407 693 175 693 408 693 408 694 175 694 174 694 408 695 174 695 409 695 409 696 174 696 156 696 409 697 156 697 410 697 410 698 156 698 155 698 410 699 155 699 403 699 403 700 155 700 169 700 403 701 169 701 376 701 411 702 297 702 295 702 295 703 293 703 411 703 411 704 293 704 300 704 411 705 300 705 407 705 407 706 300 706 299 706 407 707 299 707 298 707 412 708 413 708 414 708 414 709 413 709 415 709 413 710 416 710 415 710 415 711 416 711 417 711 415 712 417 712 418 712 418 713 417 713 419 713 418 714 419 714 420 714 421 715 390 715 422 715 412 716 414 716 423 716 423 717 414 717 422 717 423 718 422 718 424 718 424 719 422 719 390 719 424 720 390 720 389 720 422 721 425 721 421 721 421 722 425 722 309 722 421 723 309 723 312 723 305 724 426 724 307 724 307 725 426 725 427 725 428 726 363 726 362 726 427 727 426 727 362 727 362 728 426 728 429 728 362 729 429 729 428 729 430 730 431 730 432 730 432 731 431 731 433 731 432 732 433 732 429 732 429 733 433 733 434 733 429 734 434 734 428 734 430 735 432 735 435 735 435 736 432 736 436 736 435 737 436 737 437 737 437 738 436 738 438 738 438 739 436 739 439 739 438 740 439 740 440 740 408 741 409 741 410 741 385 742 390 742 421 742 397 743 393 743 385 743 407 744 408 744 411 744 411 745 408 745 410 745 411 746 410 746 297 746 297 747 410 747 312 747 312 748 410 748 421 748 421 749 410 749 403 749 421 750 403 750 385 750 385 751 403 751 400 751 385 752 400 752 397 752 346 753 291 753 307 753 351 754 345 754 346 754 344 755 427 755 362 755 427 756 344 756 307 756 307 757 344 757 349 757 307 758 349 758 346 758 346 759 349 759 350 759 346 760 350 760 351 760 354 761 341 761 356 761 356 762 341 762 344 762 356 763 344 763 361 763 361 764 344 764 362 764 392 765 391 765 441 765 441 766 391 766 442 766 441 767 442 767 443 767 388 768 387 768 444 768 444 769 387 769 386 769 444 770 386 770 445 770 386 771 395 771 445 771 445 772 395 772 446 772 445 773 446 773 447 773 447 774 446 774 448 774 447 775 448 775 449 775 450 776 451 776 452 776 452 777 451 777 453 777 452 778 453 778 454 778 454 779 453 779 455 779 395 780 394 780 446 780 446 781 394 781 392 781 446 782 392 782 448 782 448 783 392 783 441 783 448 784 441 784 456 784 456 785 441 785 443 785 456 786 443 786 457 786 450 787 420 787 451 787 451 788 420 788 419 788 451 789 419 789 417 789 389 790 388 790 424 790 424 791 388 791 444 791 424 792 444 792 423 792 423 793 444 793 445 793 423 794 445 794 412 794 412 795 445 795 447 795 412 796 447 796 413 796 413 797 447 797 449 797 413 798 449 798 416 798 457 799 455 799 456 799 456 800 455 800 453 800 456 801 453 801 448 801 448 802 453 802 451 802 448 803 451 803 449 803 449 804 451 804 417 804 449 805 417 805 416 805 458 806 459 806 460 806 440 807 461 807 462 807 462 808 461 808 463 808 462 809 463 809 464 809 464 810 463 810 465 810 465 811 463 811 466 811 465 812 466 812 467 812 467 813 466 813 468 813 467 814 468 814 469 814 461 815 459 815 463 815 463 816 459 816 458 816 463 817 458 817 466 817 466 818 458 818 470 818 466 819 470 819 468 819 468 820 470 820 471 820 460 821 472 821 458 821 458 822 472 822 473 822 458 823 473 823 470 823 470 824 473 824 474 824 470 825 474 825 471 825 471 826 474 826 475 826 471 827 475 827 476 827 469 828 468 828 477 828 477 829 468 829 471 829 477 830 471 830 478 830 478 831 471 831 476 831 478 832 476 832 479 832 480 833 481 833 482 833 482 834 481 834 483 834 484 835 485 835 420 835 486 836 487 836 488 836 488 837 487 837 489 837 488 838 489 838 483 838 483 839 489 839 490 839 483 840 490 840 482 840 491 841 492 841 486 841 486 842 492 842 493 842 486 843 493 843 487 843 481 844 485 844 483 844 483 845 485 845 484 845 483 846 484 846 488 846 488 847 484 847 494 847 488 848 494 848 486 848 486 849 494 849 495 849 486 850 495 850 491 850 491 851 495 851 496 851 420 852 450 852 484 852 484 853 450 853 452 853 484 854 452 854 494 854 494 855 452 855 454 855 494 856 454 856 495 856 495 857 454 857 455 857 495 858 455 858 496 858 496 859 455 859 457 859 497 860 480 860 482 860 497 861 482 861 498 861 482 862 490 862 498 862 498 863 490 863 489 863 498 864 489 864 499 864 500 865 497 865 501 865 501 866 497 866 498 866 501 867 498 867 502 867 502 868 498 868 499 868 502 869 499 869 503 869 503 870 499 870 504 870 492 871 504 871 493 871 493 872 504 872 499 872 493 873 499 873 487 873 487 874 499 874 489 874 505 875 506 875 503 875 503 876 506 876 502 876 506 877 507 877 502 877 502 878 507 878 508 878 502 879 508 879 501 879 509 880 500 880 510 880 510 881 500 881 501 881 510 882 501 882 511 882 511 883 501 883 508 883 507 884 506 884 512 884 513 885 514 885 515 885 516 886 517 886 518 886 518 887 517 887 519 887 518 888 519 888 520 888 520 889 519 889 512 889 520 890 512 890 521 890 521 891 512 891 506 891 521 892 506 892 505 892 516 893 522 893 517 893 517 894 522 894 523 894 517 895 523 895 524 895 524 896 523 896 525 896 524 897 525 897 526 897 525 898 527 898 526 898 526 899 527 899 528 899 526 900 528 900 529 900 528 901 530 901 529 901 529 902 530 902 531 902 529 903 531 903 532 903 531 904 533 904 532 904 532 905 533 905 534 905 532 906 534 906 535 906 535 907 534 907 536 907 535 908 536 908 537 908 537 909 536 909 538 909 537 910 538 910 513 910 513 911 538 911 539 911 513 912 539 912 514 912 511 913 508 913 540 913 540 914 508 914 507 914 507 915 512 915 540 915 540 916 512 916 519 916 540 917 519 917 541 917 541 918 519 918 517 918 541 919 517 919 542 919 542 920 517 920 524 920 542 921 524 921 543 921 543 922 524 922 526 922 543 923 526 923 544 923 544 924 526 924 529 924 544 925 529 925 545 925 545 926 529 926 532 926 545 927 532 927 546 927 546 928 532 928 535 928 546 929 535 929 547 929 547 930 535 930 537 930 547 931 537 931 548 931 548 932 537 932 513 932 548 933 513 933 549 933 509 934 510 934 550 934 550 935 510 935 511 935 515 936 551 936 513 936 513 937 551 937 552 937 513 938 552 938 549 938 549 939 552 939 553 939 549 940 553 940 554 940 511 941 540 941 550 941 550 942 540 942 541 942 550 943 541 943 555 943 555 944 541 944 542 944 555 945 542 945 556 945 556 946 542 946 543 946 556 947 543 947 557 947 557 948 543 948 544 948 557 949 544 949 558 949 558 950 544 950 545 950 558 951 545 951 559 951 559 952 545 952 546 952 559 953 546 953 560 953 560 954 546 954 547 954 560 955 547 955 561 955 561 956 547 956 548 956 561 957 548 957 562 957 562 958 548 958 549 958 562 959 549 959 563 959 563 960 549 960 554 960 563 961 554 961 564 961 509 962 550 962 565 962 565 963 550 963 555 963 565 964 555 964 566 964 566 965 555 965 556 965 566 966 556 966 567 966 567 967 556 967 557 967 567 968 557 968 568 968 568 969 557 969 558 969 568 970 558 970 569 970 569 971 558 971 559 971 569 972 559 972 570 972 570 973 559 973 560 973 570 974 560 974 571 974 571 975 560 975 561 975 571 976 561 976 572 976 572 977 561 977 562 977 572 978 562 978 573 978 573 979 562 979 563 979 573 980 563 980 574 980 574 981 563 981 564 981 574 982 564 982 575 982 515 983 576 983 551 983 551 984 576 984 577 984 551 985 577 985 552 985 552 986 577 986 553 986 553 987 577 987 578 987 553 988 578 988 554 988 554 989 578 989 564 989 564 990 578 990 579 990 564 991 579 991 575 991 580 992 473 992 581 992 581 993 473 993 472 993 581 994 472 994 460 994 582 995 583 995 479 995 479 996 476 996 582 996 582 997 476 997 475 997 582 998 475 998 580 998 580 999 475 999 474 999 580 1000 474 1000 473 1000 581 1001 579 1001 580 1001 580 1002 579 1002 578 1002 580 1003 578 1003 582 1003 582 1004 578 1004 577 1004 582 1005 577 1005 583 1005 583 1006 577 1006 576 1006 357 1007 584 1007 585 1007 584 1008 357 1008 364 1008 364 1009 365 1009 586 1009 586 1010 365 1010 366 1010 586 1011 366 1011 363 1011 585 1012 587 1012 357 1012 357 1013 587 1013 588 1013 357 1014 588 1014 355 1014 437 1015 438 1015 589 1015 589 1016 438 1016 440 1016 589 1017 440 1017 462 1017 435 1018 437 1018 590 1018 590 1019 437 1019 589 1019 590 1020 589 1020 585 1020 363 1021 428 1021 586 1021 586 1022 428 1022 434 1022 586 1023 434 1023 591 1023 591 1024 434 1024 433 1024 591 1025 433 1025 592 1025 592 1026 433 1026 431 1026 592 1027 431 1027 430 1027 464 1028 465 1028 593 1028 593 1029 465 1029 467 1029 593 1030 467 1030 594 1030 594 1031 467 1031 469 1031 594 1032 469 1032 595 1032 462 1033 464 1033 589 1033 589 1034 464 1034 593 1034 589 1035 593 1035 585 1035 585 1036 593 1036 594 1036 585 1037 594 1037 587 1037 587 1038 594 1038 595 1038 587 1039 595 1039 588 1039 364 1040 586 1040 584 1040 584 1041 586 1041 591 1041 584 1042 591 1042 585 1042 585 1043 591 1043 592 1043 585 1044 592 1044 590 1044 590 1045 592 1045 430 1045 590 1046 430 1046 435 1046 469 1047 339 1047 360 1047 360 1048 359 1048 469 1048 469 1049 359 1049 358 1049 469 1050 358 1050 595 1050 595 1051 358 1051 353 1051 595 1052 353 1052 588 1052 588 1053 353 1053 355 1053 367 1054 348 1054 347 1054 347 1055 343 1055 367 1055 367 1056 343 1056 478 1056 367 1057 478 1057 368 1057 368 1058 478 1058 479 1058 343 1059 342 1059 478 1059 478 1060 342 1060 352 1060 478 1061 352 1061 340 1061 339 1062 469 1062 340 1062 340 1063 469 1063 477 1063 340 1064 477 1064 478 1064 398 1065 399 1065 457 1065 405 1066 376 1066 377 1066 491 1067 377 1067 492 1067 492 1068 377 1068 378 1068 457 1069 399 1069 496 1069 496 1070 399 1070 401 1070 496 1071 401 1071 491 1071 401 1072 402 1072 491 1072 491 1073 402 1073 404 1073 491 1074 404 1074 377 1074 377 1075 404 1075 406 1075 377 1076 406 1076 405 1076 442 1077 391 1077 396 1077 398 1078 457 1078 396 1078 396 1079 457 1079 443 1079 396 1080 443 1080 442 1080 368 1081 479 1081 370 1081 370 1082 479 1082 583 1082 370 1083 583 1083 371 1083 371 1084 583 1084 576 1084 576 1085 515 1085 371 1085 371 1086 515 1086 379 1086 505 1087 375 1087 521 1087 521 1088 375 1088 374 1088 521 1089 374 1089 520 1089 520 1090 374 1090 518 1090 518 1091 374 1091 373 1091 518 1092 373 1092 516 1092 384 1093 523 1093 373 1093 373 1094 523 1094 522 1094 373 1095 522 1095 516 1095 596 1096 527 1096 384 1096 384 1097 527 1097 525 1097 384 1098 525 1098 523 1098 382 1099 530 1099 596 1099 596 1100 530 1100 528 1100 596 1101 528 1101 527 1101 536 1102 534 1102 381 1102 381 1103 534 1103 533 1103 381 1104 533 1104 382 1104 382 1105 533 1105 531 1105 382 1106 531 1106 530 1106 536 1107 381 1107 538 1107 538 1108 381 1108 380 1108 538 1109 380 1109 539 1109 539 1110 380 1110 514 1110 514 1111 380 1111 379 1111 514 1112 379 1112 515 1112 505 1113 503 1113 375 1113 375 1114 503 1114 372 1114 372 1115 503 1115 369 1115 369 1116 503 1116 504 1116 369 1117 504 1117 378 1117 378 1118 504 1118 492 1118 422 1119 310 1119 425 1119 425 1120 310 1120 309 1120 418 1121 597 1121 415 1121 415 1122 597 1122 414 1122 597 1123 598 1123 414 1123 414 1124 598 1124 599 1124 414 1125 599 1125 422 1125 422 1126 599 1126 600 1126 422 1127 600 1127 310 1127 432 1128 601 1128 436 1128 436 1129 601 1129 439 1129 602 1130 601 1130 603 1130 603 1131 601 1131 432 1131 603 1132 432 1132 604 1132 604 1133 432 1133 429 1133 604 1134 429 1134 306 1134 306 1135 429 1135 426 1135 306 1136 426 1136 305 1136 605 1137 606 1137 607 1137 607 1138 606 1138 608 1138 609 1139 610 1139 611 1139 612 1140 611 1140 613 1140 613 1141 611 1141 614 1141 614 1142 615 1142 616 1142 617 1143 609 1143 618 1143 618 1144 609 1144 611 1144 618 1145 611 1145 619 1145 619 1146 611 1146 612 1146 620 1147 613 1147 621 1147 621 1148 613 1148 614 1148 621 1149 614 1149 622 1149 622 1150 614 1150 616 1150 623 1151 624 1151 625 1151 626 1152 627 1152 628 1152 629 1153 630 1153 631 1153 631 1154 630 1154 626 1154 631 1155 626 1155 632 1155 632 1156 626 1156 628 1156 632 1157 628 1157 625 1157 625 1158 628 1158 633 1158 634 1159 623 1159 635 1159 635 1160 623 1160 625 1160 635 1161 625 1161 636 1161 636 1162 625 1162 633 1162 637 1163 638 1163 639 1163 638 1164 640 1164 641 1164 640 1165 642 1165 643 1165 640 1166 643 1166 641 1166 641 1167 643 1167 644 1167 641 1168 644 1168 645 1168 645 1169 644 1169 646 1169 645 1170 646 1170 647 1170 647 1171 646 1171 648 1171 647 1172 648 1172 649 1172 638 1173 641 1173 639 1173 639 1174 641 1174 645 1174 639 1175 645 1175 650 1175 650 1176 645 1176 647 1176 650 1177 647 1177 651 1177 651 1178 647 1178 649 1178 651 1179 649 1179 652 1179 637 1180 639 1180 653 1180 653 1181 639 1181 650 1181 653 1182 650 1182 654 1182 654 1183 650 1183 651 1183 654 1184 651 1184 655 1184 655 1185 651 1185 652 1185 655 1186 652 1186 656 1186 657 1187 642 1187 640 1187 657 1188 640 1188 658 1188 658 1189 640 1189 638 1189 658 1190 638 1190 659 1190 659 1191 638 1191 637 1191 659 1192 637 1192 660 1192 657 1193 658 1193 661 1193 658 1194 659 1194 662 1194 659 1195 660 1195 663 1195 659 1196 663 1196 662 1196 662 1197 663 1197 664 1197 662 1198 664 1198 665 1198 665 1199 664 1199 666 1199 665 1200 666 1200 667 1200 667 1201 666 1201 668 1201 667 1202 668 1202 669 1202 669 1203 668 1203 670 1203 669 1204 670 1204 671 1204 671 1205 670 1205 672 1205 671 1206 672 1206 673 1206 673 1207 672 1207 674 1207 673 1208 674 1208 675 1208 675 1209 674 1209 676 1209 675 1210 676 1210 677 1210 677 1211 676 1211 678 1211 677 1212 678 1212 679 1212 679 1213 678 1213 680 1213 679 1214 680 1214 681 1214 681 1215 680 1215 682 1215 681 1216 682 1216 683 1216 683 1217 682 1217 684 1217 683 1218 684 1218 685 1218 685 1219 684 1219 686 1219 685 1220 686 1220 687 1220 687 1221 686 1221 688 1221 687 1222 688 1222 689 1222 689 1223 688 1223 690 1223 689 1224 690 1224 691 1224 691 1225 690 1225 692 1225 691 1226 692 1226 693 1226 693 1227 692 1227 694 1227 693 1228 694 1228 695 1228 695 1229 694 1229 696 1229 695 1230 696 1230 697 1230 697 1231 696 1231 698 1231 697 1232 698 1232 699 1232 699 1233 698 1233 700 1233 699 1234 700 1234 701 1234 658 1235 662 1235 661 1235 661 1236 662 1236 665 1236 661 1237 665 1237 702 1237 702 1238 665 1238 667 1238 702 1239 667 1239 703 1239 703 1240 667 1240 669 1240 703 1241 669 1241 704 1241 704 1242 669 1242 671 1242 704 1243 671 1243 705 1243 705 1244 671 1244 673 1244 705 1245 673 1245 706 1245 706 1246 673 1246 675 1246 706 1247 675 1247 707 1247 707 1248 675 1248 677 1248 707 1249 677 1249 708 1249 708 1250 677 1250 679 1250 708 1251 679 1251 709 1251 709 1252 679 1252 681 1252 709 1253 681 1253 710 1253 710 1254 681 1254 683 1254 710 1255 683 1255 711 1255 711 1256 683 1256 685 1256 711 1257 685 1257 712 1257 712 1258 685 1258 687 1258 712 1259 687 1259 713 1259 713 1260 687 1260 689 1260 713 1261 689 1261 714 1261 714 1262 689 1262 691 1262 714 1263 691 1263 715 1263 715 1264 691 1264 693 1264 715 1265 693 1265 716 1265 716 1266 693 1266 695 1266 716 1267 695 1267 717 1267 717 1268 695 1268 697 1268 717 1269 697 1269 718 1269 718 1270 697 1270 699 1270 718 1271 699 1271 719 1271 719 1272 699 1272 701 1272 719 1273 701 1273 720 1273 657 1274 661 1274 721 1274 721 1275 661 1275 702 1275 721 1276 702 1276 722 1276 722 1277 702 1277 703 1277 722 1278 703 1278 723 1278 723 1279 703 1279 704 1279 723 1280 704 1280 724 1280 724 1281 704 1281 705 1281 724 1282 705 1282 725 1282 725 1283 705 1283 706 1283 725 1284 706 1284 726 1284 726 1285 706 1285 707 1285 726 1286 707 1286 727 1286 727 1287 707 1287 708 1287 727 1288 708 1288 728 1288 728 1289 708 1289 709 1289 728 1290 709 1290 729 1290 729 1291 709 1291 710 1291 729 1292 710 1292 730 1292 730 1293 710 1293 711 1293 730 1294 711 1294 731 1294 731 1295 711 1295 712 1295 731 1296 712 1296 732 1296 732 1297 712 1297 713 1297 732 1298 713 1298 733 1298 733 1299 713 1299 714 1299 733 1300 714 1300 734 1300 734 1301 714 1301 715 1301 734 1302 715 1302 735 1302 735 1303 715 1303 716 1303 735 1304 716 1304 736 1304 736 1305 716 1305 717 1305 736 1306 717 1306 737 1306 737 1307 717 1307 718 1307 737 1308 718 1308 738 1308 738 1309 718 1309 719 1309 738 1310 719 1310 739 1310 739 1311 719 1311 720 1311 739 1312 720 1312 740 1312 741 1313 740 1313 742 1313 742 1314 740 1314 720 1314 742 1315 720 1315 743 1315 743 1316 720 1316 744 1316 744 1317 720 1317 701 1317 744 1318 701 1318 745 1318 745 1319 701 1319 746 1319 746 1320 701 1320 700 1320 746 1321 700 1321 747 1321 745 1322 746 1322 748 1322 749 1323 750 1323 741 1323 750 1324 749 1324 751 1324 752 1325 753 1325 754 1325 754 1326 753 1326 755 1326 754 1327 755 1327 756 1327 753 1328 751 1328 755 1328 755 1329 751 1329 749 1329 755 1330 749 1330 757 1330 757 1331 749 1331 758 1331 744 1332 758 1332 743 1332 743 1333 758 1333 749 1333 743 1334 749 1334 742 1334 742 1335 749 1335 741 1335 759 1336 760 1336 761 1336 756 1337 755 1337 761 1337 761 1338 755 1338 757 1338 761 1339 757 1339 759 1339 759 1340 757 1340 758 1340 759 1341 758 1341 748 1341 748 1342 758 1342 744 1342 748 1343 744 1343 745 1343 762 1344 763 1344 760 1344 760 1345 759 1345 762 1345 762 1346 759 1346 748 1346 762 1347 748 1347 764 1347 764 1348 748 1348 746 1348 764 1349 746 1349 747 1349 765 1350 766 1350 767 1350 768 1351 769 1351 770 1351 771 1352 772 1352 773 1352 773 1353 772 1353 774 1353 773 1354 774 1354 770 1354 770 1355 774 1355 775 1355 770 1356 775 1356 768 1356 776 1357 777 1357 778 1357 778 1358 777 1358 779 1358 778 1359 779 1359 780 1359 776 1360 778 1360 781 1360 781 1361 778 1361 765 1361 781 1362 765 1362 773 1362 773 1363 765 1363 767 1363 773 1364 767 1364 771 1364 782 1365 783 1365 784 1365 784 1366 783 1366 785 1366 784 1367 785 1367 780 1367 780 1368 785 1368 786 1368 780 1369 786 1369 778 1369 648 1370 787 1370 649 1370 649 1371 787 1371 788 1371 649 1372 788 1372 652 1372 652 1373 788 1373 789 1373 790 1374 656 1374 791 1374 791 1375 656 1375 652 1375 791 1376 652 1376 792 1376 792 1377 652 1377 789 1377 793 1378 794 1378 752 1378 760 1379 763 1379 795 1379 752 1380 754 1380 793 1380 793 1381 754 1381 756 1381 793 1382 756 1382 796 1382 796 1383 756 1383 761 1383 796 1384 761 1384 797 1384 797 1385 761 1385 760 1385 797 1386 760 1386 798 1386 798 1387 760 1387 795 1387 637 1388 653 1388 747 1388 799 1389 598 1389 800 1389 800 1390 598 1390 597 1390 800 1391 597 1391 801 1391 801 1392 597 1392 802 1392 801 1393 802 1393 803 1393 803 1394 802 1394 804 1394 803 1395 804 1395 795 1395 747 1396 653 1396 764 1396 764 1397 653 1397 654 1397 764 1398 654 1398 655 1398 795 1399 763 1399 803 1399 803 1400 763 1400 762 1400 803 1401 762 1401 790 1401 790 1402 762 1402 764 1402 790 1403 764 1403 656 1403 656 1404 764 1404 655 1404 637 1405 747 1405 660 1405 660 1406 747 1406 700 1406 660 1407 700 1407 698 1407 690 1408 688 1408 674 1408 668 1409 666 1409 698 1409 668 1410 698 1410 670 1410 688 1411 686 1411 674 1411 674 1412 686 1412 684 1412 674 1413 684 1413 682 1413 666 1414 664 1414 698 1414 698 1415 664 1415 663 1415 698 1416 663 1416 660 1416 696 1417 694 1417 674 1417 674 1418 694 1418 692 1418 674 1419 692 1419 690 1419 696 1420 674 1420 698 1420 698 1421 674 1421 672 1421 698 1422 672 1422 670 1422 682 1423 680 1423 674 1423 674 1424 680 1424 678 1424 674 1425 678 1425 676 1425 642 1426 805 1426 643 1426 643 1427 805 1427 806 1427 643 1428 806 1428 644 1428 644 1429 806 1429 646 1429 646 1430 806 1430 807 1430 646 1431 807 1431 648 1431 752 1432 808 1432 753 1432 753 1433 808 1433 809 1433 753 1434 809 1434 751 1434 751 1435 809 1435 750 1435 750 1436 809 1436 810 1436 750 1437 810 1437 741 1437 642 1438 657 1438 805 1438 805 1439 657 1439 811 1439 740 1440 741 1440 812 1440 812 1441 741 1441 810 1441 740 1442 812 1442 739 1442 739 1443 812 1443 813 1443 739 1444 813 1444 738 1444 738 1445 813 1445 737 1445 737 1446 813 1446 814 1446 737 1447 814 1447 736 1447 736 1448 814 1448 735 1448 735 1449 814 1449 815 1449 735 1450 815 1450 734 1450 734 1451 815 1451 733 1451 733 1452 815 1452 816 1452 733 1453 816 1453 732 1453 732 1454 816 1454 731 1454 731 1455 816 1455 817 1455 731 1456 817 1456 730 1456 730 1457 817 1457 729 1457 729 1458 817 1458 818 1458 729 1459 818 1459 728 1459 728 1460 818 1460 727 1460 727 1461 818 1461 819 1461 727 1462 819 1462 726 1462 726 1463 819 1463 725 1463 725 1464 819 1464 820 1464 725 1465 820 1465 724 1465 724 1466 820 1466 723 1466 723 1467 820 1467 821 1467 723 1468 821 1468 722 1468 722 1469 821 1469 721 1469 721 1470 821 1470 811 1470 721 1471 811 1471 657 1471 822 1472 823 1472 824 1472 825 1473 826 1473 827 1473 827 1474 826 1474 828 1474 827 1475 828 1475 829 1475 830 1476 831 1476 832 1476 832 1477 831 1477 833 1477 832 1478 833 1478 834 1478 796 1479 823 1479 793 1479 793 1480 823 1480 822 1480 793 1481 822 1481 794 1481 835 1482 836 1482 837 1482 838 1483 830 1483 839 1483 839 1484 830 1484 832 1484 839 1485 832 1485 840 1485 840 1486 832 1486 834 1486 840 1487 834 1487 841 1487 841 1488 834 1488 842 1488 833 1489 843 1489 834 1489 834 1490 843 1490 844 1490 834 1491 844 1491 842 1491 842 1492 844 1492 824 1492 797 1493 798 1493 845 1493 845 1494 798 1494 795 1494 795 1495 846 1495 845 1495 845 1496 846 1496 847 1496 845 1497 847 1497 835 1497 835 1498 847 1498 848 1498 835 1499 848 1499 836 1499 843 1500 849 1500 844 1500 844 1501 849 1501 825 1501 844 1502 825 1502 824 1502 824 1503 825 1503 827 1503 824 1504 827 1504 822 1504 822 1505 827 1505 829 1505 822 1506 829 1506 794 1506 796 1507 797 1507 823 1507 823 1508 797 1508 845 1508 823 1509 845 1509 824 1509 824 1510 845 1510 835 1510 824 1511 835 1511 842 1511 842 1512 835 1512 837 1512 842 1513 837 1513 841 1513 850 1514 851 1514 852 1514 851 1515 850 1515 853 1515 853 1516 854 1516 855 1516 855 1517 854 1517 856 1517 855 1518 856 1518 857 1518 852 1519 858 1519 850 1519 850 1520 858 1520 859 1520 850 1521 859 1521 860 1521 861 1522 862 1522 863 1522 863 1523 862 1523 790 1523 863 1524 790 1524 791 1524 864 1525 861 1525 865 1525 865 1526 861 1526 863 1526 865 1527 863 1527 852 1527 857 1528 866 1528 855 1528 855 1529 866 1529 867 1529 855 1530 867 1530 868 1530 868 1531 867 1531 869 1531 868 1532 869 1532 870 1532 870 1533 869 1533 871 1533 870 1534 871 1534 872 1534 792 1535 789 1535 873 1535 873 1536 789 1536 788 1536 873 1537 788 1537 874 1537 874 1538 788 1538 787 1538 874 1539 787 1539 875 1539 791 1540 792 1540 863 1540 863 1541 792 1541 873 1541 863 1542 873 1542 852 1542 852 1543 873 1543 874 1543 852 1544 874 1544 858 1544 858 1545 874 1545 875 1545 858 1546 875 1546 859 1546 853 1547 855 1547 851 1547 851 1548 855 1548 868 1548 851 1549 868 1549 852 1549 852 1550 868 1550 870 1550 852 1551 870 1551 865 1551 865 1552 870 1552 872 1552 865 1553 872 1553 864 1553 876 1554 877 1554 628 1554 628 1555 877 1555 633 1555 866 1556 857 1556 636 1556 633 1557 877 1557 636 1557 636 1558 877 1558 878 1558 636 1559 878 1559 866 1559 872 1560 871 1560 879 1560 879 1561 871 1561 869 1561 879 1562 869 1562 878 1562 878 1563 869 1563 867 1563 878 1564 867 1564 866 1564 872 1565 879 1565 864 1565 864 1566 879 1566 880 1566 864 1567 880 1567 861 1567 861 1568 880 1568 862 1568 862 1569 880 1569 803 1569 862 1570 803 1570 790 1570 881 1571 847 1571 804 1571 804 1572 847 1572 846 1572 804 1573 846 1573 795 1573 837 1574 836 1574 881 1574 881 1575 836 1575 848 1575 881 1576 848 1576 847 1576 881 1577 882 1577 837 1577 837 1578 882 1578 883 1578 837 1579 883 1579 841 1579 841 1580 883 1580 840 1580 613 1581 620 1581 884 1581 883 1582 885 1582 840 1582 840 1583 885 1583 884 1583 840 1584 884 1584 839 1584 839 1585 884 1585 620 1585 839 1586 620 1586 838 1586 884 1587 886 1587 613 1587 613 1588 886 1588 887 1588 613 1589 887 1589 612 1589 783 1590 782 1590 888 1590 888 1591 782 1591 889 1591 888 1592 889 1592 890 1592 890 1593 889 1593 891 1593 891 1594 889 1594 892 1594 891 1595 892 1595 893 1595 893 1596 892 1596 894 1596 893 1597 894 1597 895 1597 894 1598 896 1598 895 1598 895 1599 896 1599 897 1599 895 1600 897 1600 898 1600 898 1601 897 1601 619 1601 898 1602 619 1602 899 1602 900 1603 901 1603 902 1603 902 1604 901 1604 903 1604 902 1605 903 1605 904 1605 904 1606 903 1606 905 1606 904 1607 905 1607 627 1607 906 1608 907 1608 900 1608 900 1609 907 1609 908 1609 900 1610 908 1610 901 1610 769 1611 768 1611 909 1611 909 1612 768 1612 906 1612 909 1613 906 1613 910 1613 910 1614 906 1614 900 1614 612 1615 887 1615 619 1615 619 1616 887 1616 911 1616 619 1617 911 1617 899 1617 899 1618 911 1618 912 1618 905 1619 913 1619 914 1619 905 1620 914 1620 627 1620 627 1621 914 1621 876 1621 627 1622 876 1622 628 1622 915 1623 752 1623 916 1623 916 1624 752 1624 794 1624 916 1625 794 1625 917 1625 918 1626 808 1626 919 1626 919 1627 808 1627 752 1627 919 1628 752 1628 920 1628 920 1629 752 1629 915 1629 918 1630 921 1630 808 1630 808 1631 921 1631 922 1631 808 1632 922 1632 923 1632 828 1633 826 1633 924 1633 917 1634 794 1634 924 1634 924 1635 794 1635 829 1635 924 1636 829 1636 828 1636 925 1637 926 1637 807 1637 807 1638 926 1638 927 1638 807 1639 927 1639 928 1639 928 1640 929 1640 807 1640 807 1641 929 1641 930 1641 807 1642 930 1642 648 1642 648 1643 930 1643 931 1643 648 1644 931 1644 932 1644 932 1645 933 1645 648 1645 648 1646 933 1646 934 1646 648 1647 934 1647 787 1647 934 1648 935 1648 787 1648 787 1649 935 1649 936 1649 787 1650 936 1650 875 1650 875 1651 936 1651 937 1651 875 1652 937 1652 859 1652 859 1653 937 1653 860 1653 630 1654 770 1654 769 1654 769 1655 909 1655 630 1655 630 1656 909 1656 910 1656 630 1657 910 1657 626 1657 926 1658 925 1658 776 1658 770 1659 630 1659 773 1659 773 1660 630 1660 629 1660 773 1661 629 1661 781 1661 781 1662 629 1662 631 1662 781 1663 631 1663 776 1663 776 1664 631 1664 632 1664 776 1665 632 1665 926 1665 930 1666 929 1666 625 1666 625 1667 929 1667 928 1667 625 1668 928 1668 632 1668 632 1669 928 1669 927 1669 632 1670 927 1670 926 1670 934 1671 933 1671 624 1671 624 1672 933 1672 932 1672 624 1673 932 1673 625 1673 625 1674 932 1674 931 1674 625 1675 931 1675 930 1675 934 1676 624 1676 935 1676 935 1677 624 1677 623 1677 935 1678 623 1678 936 1678 634 1679 860 1679 623 1679 623 1680 860 1680 937 1680 623 1681 937 1681 936 1681 636 1682 857 1682 635 1682 635 1683 857 1683 856 1683 856 1684 854 1684 635 1684 635 1685 854 1685 853 1685 635 1686 853 1686 634 1686 634 1687 853 1687 850 1687 634 1688 850 1688 860 1688 904 1689 627 1689 902 1689 902 1690 627 1690 626 1690 902 1691 626 1691 900 1691 900 1692 626 1692 910 1692 894 1693 892 1693 618 1693 621 1694 833 1694 831 1694 831 1695 830 1695 621 1695 621 1696 830 1696 838 1696 621 1697 838 1697 620 1697 826 1698 825 1698 622 1698 622 1699 825 1699 849 1699 622 1700 849 1700 621 1700 621 1701 849 1701 843 1701 621 1702 843 1702 833 1702 826 1703 622 1703 924 1703 924 1704 622 1704 616 1704 924 1705 616 1705 917 1705 917 1706 616 1706 916 1706 916 1707 616 1707 615 1707 916 1708 615 1708 915 1708 915 1709 615 1709 920 1709 920 1710 615 1710 614 1710 920 1711 614 1711 919 1711 919 1712 614 1712 918 1712 918 1713 614 1713 611 1713 918 1714 611 1714 921 1714 777 1715 923 1715 611 1715 611 1716 923 1716 922 1716 611 1717 922 1717 921 1717 777 1718 611 1718 779 1718 779 1719 611 1719 610 1719 779 1720 610 1720 780 1720 780 1721 610 1721 609 1721 780 1722 609 1722 784 1722 784 1723 609 1723 617 1723 784 1724 617 1724 782 1724 618 1725 892 1725 617 1725 617 1726 892 1726 889 1726 617 1727 889 1727 782 1727 619 1728 897 1728 618 1728 618 1729 897 1729 896 1729 618 1730 896 1730 894 1730 807 1731 806 1731 809 1731 809 1732 806 1732 805 1732 809 1733 805 1733 810 1733 923 1734 777 1734 808 1734 808 1735 777 1735 776 1735 808 1736 776 1736 809 1736 809 1737 776 1737 925 1737 809 1738 925 1738 807 1738 810 1739 805 1739 812 1739 812 1740 805 1740 811 1740 812 1741 811 1741 813 1741 813 1742 811 1742 821 1742 813 1743 821 1743 820 1743 820 1744 819 1744 813 1744 813 1745 819 1745 818 1745 813 1746 818 1746 817 1746 817 1747 816 1747 813 1747 813 1748 816 1748 815 1748 813 1749 815 1749 814 1749 938 1750 939 1750 940 1750 941 1751 942 1751 943 1751 944 1752 783 1752 888 1752 888 1753 890 1753 944 1753 944 1754 890 1754 891 1754 944 1755 891 1755 945 1755 946 1756 947 1756 766 1756 942 1757 946 1757 943 1757 943 1758 946 1758 766 1758 943 1759 766 1759 948 1759 948 1760 766 1760 765 1760 948 1761 765 1761 949 1761 949 1762 765 1762 778 1762 949 1763 778 1763 950 1763 950 1764 778 1764 786 1764 950 1765 786 1765 944 1765 944 1766 786 1766 785 1766 944 1767 785 1767 783 1767 940 1768 939 1768 943 1768 943 1769 939 1769 951 1769 943 1770 951 1770 941 1770 952 1771 953 1771 954 1771 954 1772 953 1772 955 1772 954 1773 955 1773 956 1773 952 1774 957 1774 953 1774 953 1775 957 1775 958 1775 953 1776 958 1776 940 1776 940 1777 958 1777 959 1777 940 1778 959 1778 938 1778 960 1779 961 1779 962 1779 956 1780 955 1780 963 1780 963 1781 955 1781 960 1781 963 1782 960 1782 964 1782 964 1783 960 1783 962 1783 964 1784 962 1784 965 1784 898 1785 899 1785 895 1785 895 1786 899 1786 945 1786 895 1787 945 1787 893 1787 893 1788 945 1788 891 1788 966 1789 967 1789 968 1789 967 1790 969 1790 968 1790 968 1791 969 1791 970 1791 968 1792 970 1792 971 1792 972 1793 767 1793 973 1793 973 1794 767 1794 766 1794 973 1795 766 1795 974 1795 974 1796 766 1796 968 1796 968 1797 766 1797 947 1797 968 1798 947 1798 966 1798 971 1799 970 1799 975 1799 975 1800 970 1800 976 1800 975 1801 976 1801 977 1801 977 1802 976 1802 978 1802 977 1803 978 1803 979 1803 980 1804 981 1804 982 1804 982 1805 981 1805 977 1805 982 1806 977 1806 983 1806 983 1807 977 1807 979 1807 984 1808 985 1808 986 1808 986 1809 987 1809 984 1809 984 1810 987 1810 988 1810 984 1811 988 1811 989 1811 990 1812 991 1812 992 1812 992 1813 991 1813 993 1813 992 1814 993 1814 984 1814 984 1815 993 1815 994 1815 984 1816 994 1816 985 1816 990 1817 992 1817 995 1817 995 1818 992 1818 996 1818 995 1819 996 1819 997 1819 997 1820 996 1820 998 1820 998 1821 996 1821 999 1821 998 1822 999 1822 1000 1822 1000 1823 999 1823 1001 1823 1001 1824 999 1824 1002 1824 1001 1825 1002 1825 1003 1825 972 1826 1004 1826 1002 1826 1002 1827 1004 1827 1005 1827 1002 1828 1005 1828 1003 1828 906 1829 768 1829 1006 1829 1006 1830 768 1830 775 1830 1006 1831 775 1831 1007 1831 1007 1832 775 1832 774 1832 1007 1833 774 1833 1008 1833 1008 1834 774 1834 772 1834 1008 1835 772 1835 1009 1835 1009 1836 772 1836 771 1836 1009 1837 771 1837 1002 1837 1002 1838 771 1838 767 1838 1002 1839 767 1839 972 1839 1010 1840 905 1840 903 1840 903 1841 901 1841 1010 1841 1010 1842 901 1842 908 1842 1010 1843 908 1843 1006 1843 1006 1844 908 1844 907 1844 1006 1845 907 1845 906 1845 1011 1846 1012 1846 1013 1846 1013 1847 1012 1847 1014 1847 1014 1848 1012 1848 1015 1848 1014 1849 1015 1849 1016 1849 1016 1850 1017 1850 1014 1850 1014 1851 1017 1851 1018 1851 1014 1852 1018 1852 1019 1852 1019 1853 1018 1853 1020 1853 1019 1854 1020 1854 1021 1854 1022 1855 989 1855 1023 1855 1011 1856 1013 1856 1024 1856 1024 1857 1013 1857 1023 1857 1024 1858 1023 1858 1025 1858 1025 1859 1023 1859 989 1859 1025 1860 989 1860 988 1860 1023 1861 1026 1861 1022 1861 1022 1862 1026 1862 914 1862 1022 1863 914 1863 913 1863 602 1864 1027 1864 601 1864 601 1865 1027 1865 1028 1865 601 1866 1028 1866 1029 1866 1030 1867 1031 1867 1032 1867 1028 1868 1033 1868 1029 1868 1029 1869 1033 1869 1019 1869 1029 1870 1019 1870 1034 1870 1034 1871 1019 1871 1021 1871 1034 1872 1021 1872 1035 1872 1032 1873 1031 1873 1036 1873 1036 1874 1031 1874 1037 1874 1036 1875 1037 1875 1038 1875 1035 1876 1039 1876 1034 1876 1034 1877 1039 1877 1040 1877 1034 1878 1040 1878 1041 1878 1041 1879 1040 1879 1036 1879 1041 1880 1036 1880 1042 1880 1042 1881 1036 1881 1038 1881 1030 1882 1032 1882 1043 1882 1043 1883 1032 1883 1044 1883 1043 1884 1044 1884 1045 1884 1045 1885 1046 1885 1043 1885 1043 1886 1046 1886 1047 1886 1043 1887 1047 1887 1048 1887 1049 1888 1050 1888 1051 1888 1051 1889 1050 1889 1052 1889 1048 1890 1053 1890 1043 1890 1043 1891 1053 1891 1050 1891 1043 1892 1050 1892 1054 1892 1054 1893 1050 1893 1049 1893 912 1894 911 1894 1055 1894 1056 1895 961 1895 1055 1895 1055 1896 961 1896 1057 1896 1055 1897 1057 1897 912 1897 1058 1898 1059 1898 1060 1898 1060 1899 1059 1899 1061 1899 1060 1900 1061 1900 1056 1900 1056 1901 1061 1901 1062 1901 1056 1902 1062 1902 961 1902 961 1903 1062 1903 962 1903 1063 1904 1064 1904 1065 1904 1065 1905 1064 1905 1066 1905 1066 1906 1064 1906 1067 1906 1066 1907 1067 1907 1058 1907 1058 1908 1067 1908 1068 1908 1058 1909 1068 1909 1059 1909 1063 1910 1065 1910 1069 1910 1069 1911 1065 1911 1034 1911 1069 1912 1034 1912 1041 1912 984 1913 989 1913 1022 1913 905 1914 1010 1914 1009 1914 1006 1915 1007 1915 1010 1915 1010 1916 1007 1916 1008 1916 1010 1917 1008 1917 1009 1917 996 1918 992 1918 999 1918 999 1919 992 1919 984 1919 999 1920 984 1920 1002 1920 1002 1921 984 1921 1022 1921 1002 1922 1022 1922 1009 1922 1009 1923 1022 1923 913 1923 1009 1924 913 1924 905 1924 945 1925 899 1925 912 1925 950 1926 944 1926 945 1926 1057 1927 943 1927 912 1927 912 1928 943 1928 948 1928 912 1929 948 1929 945 1929 945 1930 948 1930 949 1930 945 1931 949 1931 950 1931 960 1932 955 1932 953 1932 1057 1933 961 1933 943 1933 943 1934 961 1934 960 1934 943 1935 960 1935 940 1935 940 1936 960 1936 953 1936 1018 1937 1017 1937 1070 1937 991 1938 990 1938 1071 1938 1071 1939 990 1939 1072 1939 1071 1940 1072 1940 1073 1940 987 1941 986 1941 1074 1941 1074 1942 986 1942 985 1942 1074 1943 985 1943 1075 1943 985 1944 994 1944 1075 1944 1075 1945 994 1945 1076 1945 1075 1946 1076 1946 1077 1946 1077 1947 1076 1947 1078 1947 1077 1948 1078 1948 1079 1948 1080 1949 1070 1949 1081 1949 1081 1950 1070 1950 1082 1950 1081 1951 1082 1951 1083 1951 1083 1952 1082 1952 1084 1952 994 1953 993 1953 1076 1953 1076 1954 993 1954 991 1954 1076 1955 991 1955 1078 1955 1078 1956 991 1956 1071 1956 1078 1957 1071 1957 1085 1957 1085 1958 1071 1958 1073 1958 1085 1959 1073 1959 1086 1959 1080 1960 1021 1960 1070 1960 1070 1961 1021 1961 1020 1961 1070 1962 1020 1962 1018 1962 988 1963 987 1963 1025 1963 1025 1964 987 1964 1074 1964 1025 1965 1074 1965 1024 1965 1024 1966 1074 1966 1075 1966 1024 1967 1075 1967 1011 1967 1011 1968 1075 1968 1077 1968 1011 1969 1077 1969 1012 1969 1012 1970 1077 1970 1079 1970 1012 1971 1079 1971 1015 1971 1015 1972 1079 1972 1016 1972 1086 1973 1084 1973 1085 1973 1085 1974 1084 1974 1082 1974 1085 1975 1082 1975 1078 1975 1078 1976 1082 1976 1070 1976 1078 1977 1070 1977 1079 1977 1079 1978 1070 1978 1017 1978 1079 1979 1017 1979 1016 1979 1041 1980 1042 1980 1087 1980 1087 1981 1042 1981 1088 1981 1087 1982 1088 1982 1089 1982 1090 1983 1091 1983 1092 1983 1092 1984 1091 1984 1093 1984 1092 1985 1093 1985 1088 1985 1088 1986 1093 1986 1094 1986 1088 1987 1094 1987 1089 1987 1042 1988 1038 1988 1088 1988 1088 1989 1038 1989 1095 1989 1088 1990 1095 1990 1092 1990 1092 1991 1095 1991 1096 1991 1092 1992 1096 1992 1090 1992 1090 1993 1096 1993 1097 1993 1038 1994 1037 1994 1095 1994 1095 1995 1037 1995 1098 1995 1095 1996 1098 1996 1096 1996 1096 1997 1098 1997 1099 1997 1096 1998 1099 1998 1097 1998 1097 1999 1099 1999 1100 1999 1101 2000 1035 2000 1021 2000 1040 2001 1039 2001 1102 2001 1102 2002 1039 2002 1103 2002 1102 2003 1103 2003 1104 2003 1104 2004 1103 2004 1105 2004 1104 2005 1105 2005 1106 2005 1106 2006 1105 2006 1107 2006 1106 2007 1107 2007 1108 2007 1108 2008 1107 2008 1109 2008 1039 2009 1035 2009 1103 2009 1103 2010 1035 2010 1101 2010 1103 2011 1101 2011 1105 2011 1105 2012 1101 2012 1110 2012 1105 2013 1110 2013 1107 2013 1107 2014 1110 2014 1111 2014 1107 2015 1111 2015 1109 2015 1109 2016 1111 2016 1112 2016 1021 2017 1080 2017 1101 2017 1101 2018 1080 2018 1081 2018 1101 2019 1081 2019 1110 2019 1110 2020 1081 2020 1083 2020 1110 2021 1083 2021 1111 2021 1111 2022 1083 2022 1084 2022 1111 2023 1084 2023 1112 2023 1112 2024 1084 2024 1086 2024 1032 2025 1036 2025 1113 2025 1113 2026 1036 2026 1114 2026 1115 2027 1116 2027 1117 2027 1117 2028 1116 2028 1118 2028 1117 2029 1118 2029 1114 2029 1114 2030 1118 2030 1119 2030 1114 2031 1119 2031 1113 2031 1120 2032 1121 2032 1115 2032 1115 2033 1121 2033 1122 2033 1115 2034 1122 2034 1116 2034 1036 2035 1040 2035 1114 2035 1114 2036 1040 2036 1102 2036 1114 2037 1102 2037 1117 2037 1117 2038 1102 2038 1104 2038 1117 2039 1104 2039 1115 2039 1115 2040 1104 2040 1106 2040 1115 2041 1106 2041 1120 2041 1120 2042 1106 2042 1108 2042 1044 2043 1032 2043 1123 2043 1123 2044 1032 2044 1113 2044 1123 2045 1113 2045 1124 2045 1124 2046 1113 2046 1119 2046 1124 2047 1119 2047 1125 2047 1125 2048 1119 2048 1118 2048 1125 2049 1118 2049 1126 2049 1126 2050 1118 2050 1116 2050 1126 2051 1116 2051 1127 2051 1127 2052 1116 2052 1122 2052 1127 2053 1122 2053 1128 2053 1128 2054 1122 2054 1121 2054 1126 2055 1127 2055 1129 2055 1130 2056 1131 2056 1132 2056 1133 2057 1134 2057 1135 2057 1135 2058 1134 2058 1136 2058 1135 2059 1136 2059 1137 2059 1137 2060 1136 2060 1129 2060 1137 2061 1129 2061 1138 2061 1138 2062 1129 2062 1127 2062 1138 2063 1127 2063 1128 2063 1133 2064 1139 2064 1134 2064 1134 2065 1139 2065 1140 2065 1134 2066 1140 2066 1141 2066 1141 2067 1140 2067 1142 2067 1141 2068 1142 2068 1143 2068 1143 2069 1142 2069 1144 2069 1143 2070 1144 2070 1145 2070 1145 2071 1144 2071 1146 2071 1146 2072 1147 2072 1145 2072 1145 2073 1147 2073 1148 2073 1145 2074 1148 2074 1149 2074 1148 2075 1150 2075 1149 2075 1149 2076 1150 2076 1151 2076 1149 2077 1151 2077 1152 2077 1152 2078 1151 2078 1153 2078 1152 2079 1153 2079 1154 2079 1154 2080 1153 2080 1155 2080 1154 2081 1155 2081 1130 2081 1130 2082 1155 2082 1156 2082 1130 2083 1156 2083 1131 2083 1124 2084 1125 2084 1157 2084 1157 2085 1125 2085 1126 2085 1126 2086 1129 2086 1157 2086 1157 2087 1129 2087 1136 2087 1157 2088 1136 2088 1158 2088 1158 2089 1136 2089 1134 2089 1158 2090 1134 2090 1159 2090 1159 2091 1134 2091 1141 2091 1159 2092 1141 2092 1160 2092 1160 2093 1141 2093 1143 2093 1160 2094 1143 2094 1161 2094 1161 2095 1143 2095 1145 2095 1161 2096 1145 2096 1162 2096 1162 2097 1145 2097 1149 2097 1162 2098 1149 2098 1163 2098 1163 2099 1149 2099 1152 2099 1163 2100 1152 2100 1164 2100 1164 2101 1152 2101 1154 2101 1164 2102 1154 2102 1165 2102 1165 2103 1154 2103 1130 2103 1165 2104 1130 2104 1166 2104 1044 2105 1123 2105 1167 2105 1167 2106 1123 2106 1124 2106 1132 2107 1168 2107 1130 2107 1130 2108 1168 2108 1169 2108 1130 2109 1169 2109 1166 2109 1166 2110 1169 2110 1170 2110 1166 2111 1170 2111 1171 2111 1124 2112 1157 2112 1167 2112 1167 2113 1157 2113 1158 2113 1167 2114 1158 2114 1172 2114 1172 2115 1158 2115 1159 2115 1172 2116 1159 2116 1173 2116 1173 2117 1159 2117 1160 2117 1173 2118 1160 2118 1174 2118 1174 2119 1160 2119 1161 2119 1174 2120 1161 2120 1175 2120 1175 2121 1161 2121 1162 2121 1175 2122 1162 2122 1176 2122 1176 2123 1162 2123 1163 2123 1176 2124 1163 2124 1177 2124 1177 2125 1163 2125 1164 2125 1177 2126 1164 2126 1178 2126 1178 2127 1164 2127 1165 2127 1178 2128 1165 2128 1179 2128 1179 2129 1165 2129 1166 2129 1179 2130 1166 2130 1180 2130 1180 2131 1166 2131 1171 2131 1180 2132 1171 2132 1181 2132 1044 2133 1167 2133 1045 2133 1045 2134 1167 2134 1172 2134 1045 2135 1172 2135 1046 2135 1046 2136 1172 2136 1173 2136 1046 2137 1173 2137 1047 2137 1047 2138 1173 2138 1174 2138 1047 2139 1174 2139 1048 2139 1048 2140 1174 2140 1175 2140 1048 2141 1175 2141 1053 2141 1053 2142 1175 2142 1176 2142 1053 2143 1176 2143 1050 2143 1050 2144 1176 2144 1177 2144 1050 2145 1177 2145 1052 2145 1052 2146 1177 2146 1178 2146 1052 2147 1178 2147 1051 2147 1051 2148 1178 2148 1179 2148 1051 2149 1179 2149 1049 2149 1049 2150 1179 2150 1180 2150 1049 2151 1180 2151 1054 2151 1054 2152 1180 2152 1181 2152 1054 2153 1181 2153 1043 2153 1132 2154 1182 2154 1168 2154 1168 2155 1182 2155 1183 2155 1168 2156 1183 2156 1169 2156 1169 2157 1183 2157 1170 2157 1170 2158 1183 2158 1184 2158 1170 2159 1184 2159 1171 2159 1171 2160 1184 2160 1181 2160 1181 2161 1184 2161 1030 2161 1181 2162 1030 2162 1043 2162 1037 2163 1031 2163 1098 2163 1098 2164 1031 2164 1185 2164 1098 2165 1185 2165 1099 2165 1099 2166 1185 2166 1186 2166 1099 2167 1186 2167 1100 2167 1100 2168 1186 2168 1187 2168 1031 2169 1030 2169 1185 2169 1185 2170 1030 2170 1184 2170 1185 2171 1184 2171 1186 2171 1186 2172 1184 2172 1183 2172 1186 2173 1183 2173 1187 2173 1187 2174 1183 2174 1182 2174 956 2175 1188 2175 1189 2175 1188 2176 956 2176 963 2176 963 2177 964 2177 1190 2177 1190 2178 964 2178 965 2178 1190 2179 965 2179 962 2179 1189 2180 1191 2180 956 2180 956 2181 1191 2181 1192 2181 956 2182 1192 2182 954 2182 1063 2183 1069 2183 1193 2183 1193 2184 1069 2184 1041 2184 1193 2185 1041 2185 1087 2185 1064 2186 1063 2186 1194 2186 1194 2187 1063 2187 1193 2187 1194 2188 1193 2188 1189 2188 962 2189 1062 2189 1190 2189 1190 2190 1062 2190 1061 2190 1190 2191 1061 2191 1195 2191 1195 2192 1061 2192 1059 2192 1195 2193 1059 2193 1196 2193 1196 2194 1059 2194 1068 2194 1196 2195 1068 2195 1067 2195 1089 2196 1094 2196 1197 2196 1197 2197 1094 2197 1093 2197 1197 2198 1093 2198 1198 2198 1198 2199 1093 2199 1091 2199 1198 2200 1091 2200 1199 2200 1087 2201 1089 2201 1193 2201 1193 2202 1089 2202 1197 2202 1193 2203 1197 2203 1189 2203 1189 2204 1197 2204 1198 2204 1189 2205 1198 2205 1191 2205 1191 2206 1198 2206 1199 2206 1191 2207 1199 2207 1192 2207 963 2208 1190 2208 1188 2208 1188 2209 1190 2209 1195 2209 1188 2210 1195 2210 1189 2210 1189 2211 1195 2211 1196 2211 1189 2212 1196 2212 1194 2212 1194 2213 1196 2213 1067 2213 1194 2214 1067 2214 1064 2214 1091 2215 938 2215 959 2215 959 2216 958 2216 1091 2216 1091 2217 958 2217 957 2217 1091 2218 957 2218 1199 2218 1199 2219 957 2219 952 2219 1199 2220 952 2220 1192 2220 1192 2221 952 2221 954 2221 966 2222 947 2222 946 2222 946 2223 942 2223 966 2223 966 2224 942 2224 1097 2224 966 2225 1097 2225 967 2225 967 2226 1097 2226 1100 2226 942 2227 941 2227 1097 2227 1097 2228 941 2228 951 2228 1097 2229 951 2229 939 2229 938 2230 1091 2230 939 2230 939 2231 1091 2231 1090 2231 939 2232 1090 2232 1097 2232 997 2233 998 2233 1086 2233 1004 2234 972 2234 973 2234 1109 2235 973 2235 1108 2235 1108 2236 973 2236 974 2236 1086 2237 998 2237 1112 2237 1112 2238 998 2238 1000 2238 1112 2239 1000 2239 1109 2239 1000 2240 1001 2240 1109 2240 1109 2241 1001 2241 1003 2241 1109 2242 1003 2242 973 2242 973 2243 1003 2243 1005 2243 973 2244 1005 2244 1004 2244 1072 2245 990 2245 995 2245 997 2246 1086 2246 995 2246 995 2247 1086 2247 1073 2247 995 2248 1073 2248 1072 2248 967 2249 1100 2249 969 2249 969 2250 1100 2250 1187 2250 969 2251 1187 2251 970 2251 970 2252 1187 2252 1182 2252 1182 2253 1132 2253 970 2253 970 2254 1132 2254 976 2254 1128 2255 975 2255 1138 2255 1138 2256 975 2256 977 2256 1138 2257 977 2257 1137 2257 1137 2258 977 2258 1135 2258 1135 2259 977 2259 981 2259 1135 2260 981 2260 1133 2260 980 2261 1140 2261 981 2261 981 2262 1140 2262 1139 2262 981 2263 1139 2263 1133 2263 982 2264 1144 2264 980 2264 980 2265 1144 2265 1142 2265 980 2266 1142 2266 1140 2266 983 2267 1147 2267 982 2267 982 2268 1147 2268 1146 2268 982 2269 1146 2269 1144 2269 1153 2270 1151 2270 979 2270 979 2271 1151 2271 1150 2271 979 2272 1150 2272 983 2272 983 2273 1150 2273 1148 2273 983 2274 1148 2274 1147 2274 1153 2275 979 2275 1155 2275 1155 2276 979 2276 978 2276 1155 2277 978 2277 1156 2277 1156 2278 978 2278 1131 2278 1131 2279 978 2279 976 2279 1131 2280 976 2280 1132 2280 1128 2281 1121 2281 975 2281 975 2282 1121 2282 971 2282 971 2283 1121 2283 968 2283 968 2284 1121 2284 1120 2284 968 2285 1120 2285 974 2285 974 2286 1120 2286 1108 2286 802 2287 597 2287 418 2287 565 2288 566 2288 1200 2288 1201 2289 802 2289 1202 2289 1202 2290 802 2290 418 2290 1202 2291 418 2291 1203 2291 601 2292 1029 2292 439 2292 439 2293 1029 2293 1204 2293 581 2294 1205 2294 1206 2294 1204 2295 1207 2295 439 2295 439 2296 1207 2296 1208 2296 439 2297 1208 2297 440 2297 440 2298 1208 2298 1209 2298 440 2299 1209 2299 461 2299 461 2300 1209 2300 1210 2300 461 2301 1210 2301 459 2301 459 2302 1210 2302 1205 2302 459 2303 1205 2303 460 2303 460 2304 1205 2304 581 2304 1211 2305 575 2305 1206 2305 1206 2306 575 2306 579 2306 1206 2307 579 2307 581 2307 481 2308 1212 2308 1213 2308 1203 2309 418 2309 1214 2309 1214 2310 418 2310 420 2310 1214 2311 420 2311 1213 2311 1213 2312 420 2312 485 2312 1213 2313 485 2313 481 2313 481 2314 480 2314 1212 2314 1212 2315 480 2315 497 2315 1212 2316 497 2316 1215 2316 1215 2317 497 2317 500 2317 1215 2318 500 2318 1216 2318 1216 2319 500 2319 509 2319 1216 2320 509 2320 1217 2320 1200 2321 566 2321 1218 2321 1218 2322 566 2322 567 2322 1218 2323 567 2323 1219 2323 1219 2324 567 2324 568 2324 1219 2325 568 2325 1220 2325 1221 2326 574 2326 1222 2326 1222 2327 574 2327 575 2327 1222 2328 575 2328 1223 2328 1223 2329 575 2329 1211 2329 568 2330 569 2330 1220 2330 1220 2331 569 2331 570 2331 1220 2332 570 2332 1224 2332 1224 2333 570 2333 571 2333 1224 2334 571 2334 1225 2334 1225 2335 571 2335 572 2335 1225 2336 572 2336 1221 2336 1221 2337 572 2337 573 2337 1221 2338 573 2338 574 2338 565 2339 1200 2339 509 2339 509 2340 1200 2340 1226 2340 509 2341 1226 2341 1217 2341 1227 2342 1228 2342 1229 2342 1230 2343 1231 2343 801 2343 801 2344 1231 2344 1227 2344 801 2345 1227 2345 800 2345 800 2346 1227 2346 1229 2346 1232 2347 1033 2347 1028 2347 1028 2348 1233 2348 1234 2348 1235 2349 1232 2349 1236 2349 1236 2350 1232 2350 1028 2350 1236 2351 1028 2351 1237 2351 1237 2352 1028 2352 1234 2352 1238 2353 1239 2353 1240 2353 1240 2354 1239 2354 1241 2354 1027 2355 1242 2355 1243 2355 1243 2356 1242 2356 1244 2356 1243 2357 1244 2357 1245 2357 1245 2358 1244 2358 1246 2358 1246 2359 1244 2359 1247 2359 1246 2360 1247 2360 1248 2360 1248 2361 1247 2361 1249 2361 1249 2362 1247 2362 1250 2362 1249 2363 1250 2363 1251 2363 1251 2364 1250 2364 1252 2364 1251 2365 1252 2365 1253 2365 1242 2366 1254 2366 1244 2366 1244 2367 1254 2367 1255 2367 1244 2368 1255 2368 1247 2368 1247 2369 1255 2369 1256 2369 1257 2370 1252 2370 1256 2370 1256 2371 1252 2371 1250 2371 1256 2372 1250 2372 1247 2372 1254 2373 1258 2373 1255 2373 1255 2374 1258 2374 1259 2374 1255 2375 1259 2375 1256 2375 1256 2376 1259 2376 1260 2376 1256 2377 1260 2377 1257 2377 1257 2378 1260 2378 1261 2378 1258 2379 304 2379 1259 2379 1259 2380 304 2380 1262 2380 1259 2381 1262 2381 1260 2381 1260 2382 1262 2382 1263 2382 1260 2383 1263 2383 1261 2383 1261 2384 1263 2384 1264 2384 1265 2385 1264 2385 1263 2385 1265 2386 1263 2386 1266 2386 1266 2387 1263 2387 1262 2387 1266 2388 1262 2388 1267 2388 1267 2389 1262 2389 304 2389 1267 2390 304 2390 303 2390 1268 2391 1269 2391 1270 2391 1271 2392 1272 2392 1273 2392 1273 2393 1272 2393 1268 2393 1268 2394 1270 2394 1273 2394 1273 2395 1270 2395 1274 2395 1273 2396 1274 2396 1275 2396 1275 2397 1274 2397 1276 2397 1275 2398 1276 2398 1277 2398 1277 2399 1276 2399 1278 2399 1277 2400 1278 2400 1279 2400 1279 2401 1278 2401 1280 2401 1279 2402 1280 2402 1281 2402 1281 2403 1280 2403 1282 2403 1281 2404 1282 2404 1283 2404 1283 2405 1282 2405 1284 2405 1283 2406 1284 2406 1285 2406 1285 2407 1284 2407 1265 2407 1285 2408 1265 2408 1266 2408 1286 2409 1287 2409 1288 2409 1288 2410 1287 2410 1271 2410 1271 2411 1273 2411 1288 2411 1288 2412 1273 2412 1275 2412 1288 2413 1275 2413 1289 2413 1289 2414 1275 2414 1277 2414 1289 2415 1277 2415 1290 2415 1290 2416 1277 2416 1279 2416 1290 2417 1279 2417 1291 2417 1291 2418 1279 2418 1281 2418 1291 2419 1281 2419 1292 2419 1292 2420 1281 2420 1283 2420 1292 2421 1283 2421 1293 2421 1293 2422 1283 2422 1285 2422 1293 2423 1285 2423 1294 2423 1294 2424 1285 2424 1266 2424 1294 2425 1266 2425 1267 2425 1295 2426 1296 2426 1286 2426 1286 2427 1288 2427 1295 2427 1295 2428 1288 2428 1289 2428 1295 2429 1289 2429 1297 2429 1297 2430 1289 2430 1290 2430 1297 2431 1290 2431 1298 2431 1298 2432 1290 2432 1291 2432 1298 2433 1291 2433 1299 2433 1299 2434 1291 2434 1292 2434 1299 2435 1292 2435 1300 2435 1300 2436 1292 2436 1293 2436 1300 2437 1293 2437 1301 2437 1301 2438 1293 2438 1294 2438 1301 2439 1294 2439 1302 2439 1302 2440 1294 2440 1267 2440 1302 2441 1267 2441 303 2441 1269 2442 1268 2442 1303 2442 1303 2443 1268 2443 1304 2443 1304 2444 1268 2444 1305 2444 1305 2445 1268 2445 1272 2445 1305 2446 1272 2446 1306 2446 1306 2447 1272 2447 1271 2447 1306 2448 1271 2448 1307 2448 1307 2449 1271 2449 1287 2449 1307 2450 1287 2450 1308 2450 1287 2451 1286 2451 1308 2451 1308 2452 1286 2452 1296 2452 1308 2453 1296 2453 1309 2453 313 2454 1310 2454 1311 2454 1310 2455 1312 2455 1313 2455 1314 2456 1303 2456 1304 2456 1304 2457 1315 2457 1314 2457 1314 2458 1315 2458 1316 2458 1314 2459 1316 2459 1317 2459 1317 2460 1316 2460 1318 2460 1317 2461 1318 2461 1319 2461 1319 2462 1318 2462 1320 2462 1319 2463 1320 2463 1321 2463 1321 2464 1320 2464 1322 2464 1321 2465 1322 2465 1323 2465 1323 2466 1322 2466 1324 2466 1323 2467 1324 2467 1325 2467 1325 2468 1324 2468 1313 2468 1325 2469 1313 2469 1326 2469 1326 2470 1313 2470 1312 2470 1326 2471 1312 2471 1327 2471 1310 2472 1313 2472 1311 2472 1311 2473 1313 2473 1324 2473 1311 2474 1324 2474 1328 2474 1328 2475 1324 2475 1322 2475 1328 2476 1322 2476 1329 2476 1329 2477 1322 2477 1320 2477 1329 2478 1320 2478 1330 2478 1330 2479 1320 2479 1318 2479 1330 2480 1318 2480 1331 2480 1331 2481 1318 2481 1316 2481 1331 2482 1316 2482 1332 2482 1332 2483 1316 2483 1315 2483 1332 2484 1315 2484 1333 2484 1304 2485 1305 2485 1315 2485 1315 2486 1305 2486 1306 2486 1315 2487 1306 2487 1333 2487 1333 2488 1306 2488 1307 2488 1333 2489 1307 2489 1308 2489 313 2490 1311 2490 1334 2490 1334 2491 1311 2491 1328 2491 1334 2492 1328 2492 1335 2492 1335 2493 1328 2493 1329 2493 1335 2494 1329 2494 1336 2494 1336 2495 1329 2495 1330 2495 1336 2496 1330 2496 1337 2496 1337 2497 1330 2497 1331 2497 1337 2498 1331 2498 1338 2498 1338 2499 1331 2499 1332 2499 1338 2500 1332 2500 1339 2500 1339 2501 1332 2501 1333 2501 1339 2502 1333 2502 1340 2502 1340 2503 1333 2503 1308 2503 1340 2504 1308 2504 1309 2504 1341 2505 1327 2505 1312 2505 1341 2506 1312 2506 1342 2506 1342 2507 1312 2507 1310 2507 1342 2508 1310 2508 1343 2508 1343 2509 1310 2509 313 2509 1343 2510 313 2510 311 2510 1341 2511 1342 2511 1344 2511 1342 2512 1343 2512 1345 2512 1343 2513 311 2513 1346 2513 1343 2514 1346 2514 1345 2514 1345 2515 1346 2515 1347 2515 1345 2516 1347 2516 1348 2516 1348 2517 1347 2517 1349 2517 1348 2518 1349 2518 1350 2518 1350 2519 1349 2519 1351 2519 1350 2520 1351 2520 1352 2520 1342 2521 1345 2521 1344 2521 1344 2522 1345 2522 1348 2522 1344 2523 1348 2523 1353 2523 1353 2524 1348 2524 1350 2524 1353 2525 1350 2525 1354 2525 1354 2526 1350 2526 1352 2526 1354 2527 1352 2527 1355 2527 1341 2528 1344 2528 1356 2528 1356 2529 1344 2529 1353 2529 1356 2530 1353 2530 1357 2530 1357 2531 1353 2531 1354 2531 1357 2532 1354 2532 1358 2532 1358 2533 1354 2533 1355 2533 1358 2534 1355 2534 1359 2534 1360 2535 1359 2535 1361 2535 1361 2536 1359 2536 1355 2536 1361 2537 1355 2537 1362 2537 1362 2538 1355 2538 1363 2538 1363 2539 1355 2539 1352 2539 1363 2540 1352 2540 1364 2540 1364 2541 1352 2541 1365 2541 1365 2542 1352 2542 1351 2542 1365 2543 1351 2543 799 2543 1058 2544 1060 2544 1366 2544 1367 2545 1368 2545 1369 2545 1370 2546 1371 2546 1372 2546 1034 2547 1065 2547 1373 2547 1373 2548 1065 2548 1374 2548 1373 2549 1374 2549 1375 2549 1375 2550 1374 2550 1376 2550 1372 2551 1377 2551 1370 2551 1370 2552 1377 2552 1378 2552 1370 2553 1378 2553 1376 2553 1376 2554 1378 2554 1379 2554 1376 2555 1379 2555 1375 2555 1065 2556 1066 2556 1374 2556 1374 2557 1066 2557 1380 2557 1374 2558 1380 2558 1376 2558 1376 2559 1380 2559 1381 2559 1376 2560 1381 2560 1370 2560 1370 2561 1381 2561 1382 2561 1370 2562 1382 2562 1371 2562 1371 2563 1382 2563 1383 2563 1066 2564 1058 2564 1380 2564 1380 2565 1058 2565 1366 2565 1380 2566 1366 2566 1381 2566 1381 2567 1366 2567 1384 2567 1381 2568 1384 2568 1382 2568 1382 2569 1384 2569 1369 2569 1382 2570 1369 2570 1383 2570 1383 2571 1369 2571 1368 2571 1385 2572 1367 2572 1386 2572 1386 2573 1367 2573 1369 2573 1386 2574 1369 2574 1387 2574 1387 2575 1369 2575 1384 2575 1387 2576 1384 2576 1388 2576 1388 2577 1384 2577 1366 2577 1388 2578 1366 2578 1056 2578 1056 2579 1366 2579 1060 2579 1385 2580 1389 2580 1390 2580 1389 2581 1385 2581 1386 2581 1387 2582 1388 2582 1391 2582 1391 2583 1388 2583 1056 2583 1391 2584 1056 2584 1392 2584 1386 2585 1387 2585 1389 2585 1389 2586 1387 2586 1393 2586 1389 2587 1393 2587 1390 2587 1394 2588 1395 2588 1396 2588 1396 2589 1395 2589 1397 2589 1398 2590 1399 2590 1400 2590 1400 2591 1399 2591 1394 2591 1394 2592 1396 2592 1400 2592 1400 2593 1396 2593 1401 2593 1400 2594 1401 2594 1402 2594 1392 2595 1402 2595 1391 2595 1391 2596 1402 2596 1401 2596 1391 2597 1401 2597 1387 2597 1387 2598 1401 2598 1396 2598 1387 2599 1396 2599 1393 2599 1393 2600 1396 2600 1397 2600 1393 2601 1397 2601 1390 2601 1403 2602 1398 2602 1404 2602 1404 2603 1398 2603 1400 2603 1404 2604 1400 2604 1405 2604 1392 2605 1056 2605 1055 2605 1402 2606 1392 2606 1406 2606 1392 2607 1055 2607 1406 2607 1406 2608 1055 2608 911 2608 1406 2609 911 2609 1407 2609 1407 2610 1408 2610 1406 2610 1406 2611 1408 2611 1405 2611 1406 2612 1405 2612 1402 2612 1402 2613 1405 2613 1400 2613 1409 2614 1403 2614 1410 2614 1410 2615 1403 2615 1404 2615 1410 2616 1404 2616 1411 2616 1411 2617 1404 2617 1405 2617 1411 2618 1405 2618 1412 2618 1412 2619 1405 2619 1408 2619 1413 2620 1414 2620 1415 2620 887 2621 886 2621 1416 2621 1416 2622 886 2622 1417 2622 1416 2623 1417 2623 1418 2623 1418 2624 1417 2624 1419 2624 1415 2625 1420 2625 1413 2625 1413 2626 1420 2626 1421 2626 1413 2627 1421 2627 1419 2627 1419 2628 1421 2628 1422 2628 1419 2629 1422 2629 1418 2629 1423 2630 1414 2630 1424 2630 1424 2631 1414 2631 1413 2631 1424 2632 1413 2632 1425 2632 1425 2633 1413 2633 1419 2633 1425 2634 1419 2634 1426 2634 1426 2635 1419 2635 1417 2635 1426 2636 1417 2636 884 2636 884 2637 1417 2637 886 2637 1424 2638 1427 2638 1423 2638 1428 2639 1429 2639 884 2639 884 2640 1429 2640 1426 2640 1428 2641 1430 2641 1429 2641 1429 2642 1430 2642 1431 2642 1429 2643 1431 2643 1426 2643 1426 2644 1431 2644 1425 2644 1427 2645 1424 2645 1432 2645 1433 2646 1434 2646 1435 2646 1435 2647 1434 2647 1436 2647 1435 2648 1436 2648 1437 2648 1437 2649 1436 2649 1432 2649 1437 2650 1432 2650 1438 2650 1438 2651 1432 2651 1424 2651 1438 2652 1424 2652 1425 2652 1425 2653 1431 2653 1438 2653 1438 2654 1431 2654 1430 2654 1438 2655 1430 2655 1437 2655 1437 2656 1430 2656 1439 2656 1437 2657 1439 2657 1435 2657 1435 2658 1439 2658 1440 2658 1435 2659 1440 2659 1433 2659 1440 2660 1439 2660 1441 2660 1440 2661 1441 2661 1442 2661 1442 2662 1441 2662 1443 2662 1442 2663 1443 2663 1444 2663 1444 2664 1443 2664 1445 2664 1444 2665 1445 2665 1446 2665 1446 2666 1445 2666 1447 2666 1447 2667 1445 2667 1448 2667 1447 2668 1448 2668 1449 2668 1428 2669 884 2669 885 2669 1439 2670 1430 2670 1450 2670 1430 2671 1428 2671 1451 2671 1451 2672 1428 2672 885 2672 1451 2673 885 2673 1452 2673 1452 2674 885 2674 883 2674 1430 2675 1451 2675 1450 2675 1450 2676 1451 2676 1452 2676 1450 2677 1452 2677 1453 2677 1453 2678 1452 2678 1454 2678 1453 2679 1454 2679 1455 2679 883 2680 882 2680 1452 2680 1452 2681 882 2681 881 2681 1452 2682 881 2682 1454 2682 1454 2683 881 2683 804 2683 804 2684 1456 2684 1454 2684 1454 2685 1456 2685 1457 2685 1454 2686 1457 2686 1455 2686 1455 2687 1457 2687 1458 2687 1455 2688 1458 2688 1459 2688 1439 2689 1450 2689 1441 2689 1441 2690 1450 2690 1453 2690 1441 2691 1453 2691 1443 2691 1443 2692 1453 2692 1455 2692 1443 2693 1455 2693 1445 2693 1445 2694 1455 2694 1459 2694 1445 2695 1459 2695 1448 2695 1460 2696 1433 2696 1440 2696 1436 2697 1434 2697 1461 2697 1461 2698 1434 2698 1433 2698 1462 2699 1463 2699 1464 2699 1460 2700 1465 2700 1466 2700 1467 2701 1468 2701 1469 2701 1469 2702 1468 2702 1470 2702 1469 2703 1470 2703 1471 2703 1471 2704 1470 2704 1472 2704 1471 2705 1472 2705 1473 2705 1473 2706 1472 2706 1474 2706 1473 2707 1474 2707 1475 2707 1475 2708 1474 2708 1476 2708 1475 2709 1476 2709 1477 2709 1478 2710 1479 2710 1480 2710 1480 2711 1479 2711 1481 2711 1480 2712 1481 2712 1482 2712 1482 2713 1481 2713 1483 2713 1482 2714 1483 2714 1484 2714 1485 2715 1486 2715 1487 2715 1487 2716 1486 2716 1488 2716 1487 2717 1488 2717 1489 2717 1489 2718 1488 2718 1490 2718 1491 2719 1492 2719 1493 2719 1493 2720 1492 2720 1485 2720 1493 2721 1485 2721 1477 2721 1477 2722 1485 2722 1487 2722 1477 2723 1487 2723 1475 2723 1475 2724 1487 2724 1489 2724 1475 2725 1489 2725 1473 2725 1473 2726 1489 2726 1484 2726 1473 2727 1484 2727 1471 2727 1471 2728 1484 2728 1483 2728 1471 2729 1483 2729 1469 2729 1469 2730 1483 2730 1481 2730 1469 2731 1481 2731 1467 2731 1467 2732 1481 2732 1479 2732 1494 2733 1478 2733 1495 2733 1495 2734 1478 2734 1480 2734 1495 2735 1480 2735 1496 2735 1496 2736 1480 2736 1482 2736 1496 2737 1482 2737 1497 2737 1497 2738 1482 2738 1484 2738 1497 2739 1484 2739 1498 2739 1498 2740 1484 2740 1489 2740 1498 2741 1489 2741 1499 2741 1499 2742 1489 2742 1490 2742 1466 2743 1465 2743 1500 2743 1500 2744 1465 2744 1464 2744 1500 2745 1464 2745 1491 2745 1491 2746 1464 2746 1492 2746 1492 2747 1464 2747 1463 2747 1492 2748 1463 2748 1501 2748 1502 2749 1503 2749 1504 2749 1433 2750 1460 2750 1461 2750 1461 2751 1460 2751 1466 2751 1461 2752 1466 2752 1505 2752 1504 2753 1506 2753 1502 2753 1502 2754 1506 2754 1507 2754 1502 2755 1507 2755 1508 2755 1508 2756 1507 2756 1509 2756 1508 2757 1509 2757 1510 2757 1511 2758 1512 2758 1513 2758 1513 2759 1514 2759 1511 2759 1511 2760 1514 2760 1515 2760 1511 2761 1515 2761 1516 2761 1516 2762 1515 2762 1517 2762 1516 2763 1517 2763 1518 2763 1518 2764 1517 2764 1519 2764 1518 2765 1519 2765 1520 2765 1520 2766 1521 2766 1518 2766 1518 2767 1521 2767 1522 2767 1518 2768 1522 2768 1516 2768 1516 2769 1522 2769 1523 2769 1516 2770 1523 2770 1511 2770 1511 2771 1523 2771 1524 2771 1511 2772 1524 2772 1512 2772 1512 2773 1524 2773 1525 2773 1519 2774 1526 2774 1520 2774 1520 2775 1526 2775 1527 2775 1520 2776 1527 2776 1521 2776 1521 2777 1527 2777 1528 2777 1521 2778 1528 2778 1522 2778 1522 2779 1528 2779 1529 2779 1522 2780 1529 2780 1523 2780 1523 2781 1529 2781 1530 2781 1523 2782 1530 2782 1524 2782 1524 2783 1530 2783 1531 2783 1524 2784 1531 2784 1525 2784 1525 2785 1531 2785 1532 2785 1526 2786 1533 2786 1527 2786 1527 2787 1533 2787 1534 2787 1527 2788 1534 2788 1535 2788 1535 2789 1534 2789 1536 2789 1535 2790 1536 2790 1503 2790 1503 2791 1536 2791 1537 2791 1503 2792 1537 2792 1504 2792 1440 2793 1538 2793 1460 2793 1460 2794 1538 2794 1539 2794 1460 2795 1539 2795 1465 2795 1465 2796 1539 2796 1540 2796 1465 2797 1540 2797 1464 2797 1464 2798 1540 2798 1541 2798 1464 2799 1541 2799 1462 2799 1501 2800 1542 2800 1492 2800 1492 2801 1542 2801 1543 2801 1492 2802 1543 2802 1485 2802 1485 2803 1543 2803 1544 2803 1485 2804 1544 2804 1486 2804 1505 2805 1423 2805 1427 2805 1505 2806 1427 2806 1461 2806 1461 2807 1427 2807 1432 2807 1461 2808 1432 2808 1436 2808 1510 2809 1505 2809 1508 2809 1508 2810 1505 2810 1466 2810 1508 2811 1466 2811 1502 2811 1502 2812 1466 2812 1500 2812 1502 2813 1500 2813 1503 2813 1503 2814 1500 2814 1491 2814 1503 2815 1491 2815 1535 2815 1535 2816 1491 2816 1493 2816 1535 2817 1493 2817 1527 2817 1527 2818 1493 2818 1477 2818 1527 2819 1477 2819 1528 2819 1528 2820 1477 2820 1476 2820 1528 2821 1476 2821 1529 2821 1529 2822 1476 2822 1474 2822 1529 2823 1474 2823 1530 2823 1530 2824 1474 2824 1472 2824 1530 2825 1472 2825 1531 2825 1531 2826 1472 2826 1470 2826 1531 2827 1470 2827 1532 2827 1532 2828 1470 2828 1468 2828 1545 2829 1546 2829 1547 2829 1532 2830 1468 2830 1548 2830 1548 2831 1468 2831 1549 2831 1548 2832 1549 2832 1550 2832 1550 2833 1549 2833 1551 2833 1550 2834 1551 2834 1552 2834 1512 2835 1525 2835 1553 2835 1553 2836 1525 2836 1554 2836 1553 2837 1554 2837 1555 2837 1555 2838 1554 2838 1556 2838 1555 2839 1556 2839 1557 2839 1558 2840 1545 2840 1559 2840 1560 2841 1561 2841 1562 2841 1562 2842 1561 2842 1563 2842 1562 2843 1563 2843 1564 2843 1565 2844 1560 2844 1566 2844 1566 2845 1560 2845 1562 2845 1566 2846 1562 2846 1567 2846 1567 2847 1562 2847 1564 2847 1567 2848 1564 2848 1568 2848 1568 2849 1564 2849 1569 2849 1568 2850 1569 2850 1570 2850 1570 2851 1569 2851 1571 2851 1570 2852 1571 2852 1572 2852 1572 2853 1571 2853 1573 2853 1572 2854 1573 2854 1574 2854 1574 2855 1573 2855 1575 2855 1574 2856 1575 2856 1576 2856 1576 2857 1575 2857 1577 2857 1576 2858 1577 2858 1578 2858 1578 2859 1577 2859 1579 2859 1578 2860 1579 2860 1580 2860 1580 2861 1579 2861 1581 2861 1580 2862 1581 2862 1552 2862 1552 2863 1581 2863 1557 2863 1552 2864 1557 2864 1550 2864 1550 2865 1557 2865 1556 2865 1550 2866 1556 2866 1548 2866 1548 2867 1556 2867 1554 2867 1548 2868 1554 2868 1532 2868 1532 2869 1554 2869 1525 2869 1582 2870 1583 2870 1584 2870 1584 2871 1583 2871 1585 2871 1584 2872 1585 2872 1586 2872 1558 2873 1559 2873 1587 2873 1587 2874 1559 2874 1588 2874 1587 2875 1588 2875 1589 2875 1589 2876 1588 2876 1590 2876 1589 2877 1590 2877 1591 2877 1591 2878 1590 2878 1592 2878 1591 2879 1592 2879 1593 2879 1594 2880 1595 2880 1596 2880 1594 2881 1596 2881 1597 2881 1598 2882 1599 2882 1600 2882 1600 2883 1599 2883 1601 2883 1600 2884 1601 2884 1594 2884 1594 2885 1601 2885 1602 2885 1594 2886 1602 2886 1595 2886 1596 2887 1603 2887 1597 2887 1597 2888 1603 2888 1604 2888 1597 2889 1604 2889 1605 2889 1606 2890 1607 2890 1608 2890 1608 2891 1607 2891 1609 2891 1608 2892 1609 2892 1610 2892 1610 2893 1609 2893 1611 2893 1610 2894 1611 2894 1612 2894 1604 2895 1613 2895 1605 2895 1605 2896 1613 2896 1614 2896 1605 2897 1614 2897 1615 2897 1615 2898 1614 2898 1616 2898 1615 2899 1616 2899 1611 2899 1611 2900 1616 2900 1617 2900 1611 2901 1617 2901 1612 2901 1607 2902 1618 2902 1609 2902 1609 2903 1618 2903 1619 2903 1609 2904 1619 2904 1611 2904 1611 2905 1619 2905 1620 2905 1611 2906 1620 2906 1615 2906 1478 2907 1494 2907 1621 2907 1621 2908 1494 2908 1622 2908 1622 2909 1623 2909 1621 2909 1621 2910 1623 2910 1624 2910 1621 2911 1624 2911 1625 2911 1625 2912 1624 2912 1626 2912 1625 2913 1626 2913 1627 2913 1627 2914 1626 2914 1628 2914 1627 2915 1628 2915 1629 2915 1628 2916 1630 2916 1629 2916 1629 2917 1630 2917 1631 2917 1629 2918 1631 2918 1632 2918 1632 2919 1633 2919 1629 2919 1629 2920 1633 2920 1634 2920 1629 2921 1634 2921 1627 2921 1627 2922 1634 2922 1635 2922 1627 2923 1635 2923 1625 2923 1625 2924 1635 2924 1636 2924 1625 2925 1636 2925 1621 2925 1621 2926 1636 2926 1637 2926 1621 2927 1637 2927 1478 2927 1478 2928 1637 2928 1479 2928 1638 2929 1639 2929 1633 2929 1633 2930 1639 2930 1640 2930 1633 2931 1640 2931 1634 2931 1634 2932 1640 2932 1641 2932 1634 2933 1641 2933 1635 2933 1635 2934 1641 2934 1642 2934 1635 2935 1642 2935 1636 2935 1636 2936 1642 2936 1643 2936 1636 2937 1643 2937 1637 2937 1637 2938 1643 2938 1644 2938 1637 2939 1644 2939 1479 2939 1479 2940 1644 2940 1467 2940 1638 2941 1645 2941 1639 2941 1639 2942 1645 2942 1646 2942 1639 2943 1646 2943 1647 2943 1647 2944 1646 2944 1648 2944 1647 2945 1648 2945 1598 2945 1598 2946 1648 2946 1649 2946 1598 2947 1649 2947 1599 2947 1545 2948 1547 2948 1559 2948 1559 2949 1547 2949 1650 2949 1559 2950 1650 2950 1588 2950 1588 2951 1650 2951 1651 2951 1588 2952 1651 2952 1590 2952 1590 2953 1651 2953 1652 2953 1590 2954 1652 2954 1592 2954 1561 2955 1582 2955 1563 2955 1563 2956 1582 2956 1584 2956 1563 2957 1584 2957 1564 2957 1564 2958 1584 2958 1586 2958 1564 2959 1586 2959 1569 2959 1569 2960 1586 2960 1653 2960 1569 2961 1653 2961 1571 2961 1571 2962 1653 2962 1654 2962 1571 2963 1654 2963 1573 2963 1573 2964 1654 2964 1655 2964 1573 2965 1655 2965 1575 2965 1513 2966 1512 2966 1656 2966 1656 2967 1512 2967 1553 2967 1656 2968 1553 2968 1657 2968 1657 2969 1553 2969 1555 2969 1657 2970 1555 2970 1658 2970 1658 2971 1555 2971 1557 2971 1658 2972 1557 2972 1659 2972 1659 2973 1557 2973 1581 2973 1659 2974 1581 2974 1660 2974 1660 2975 1581 2975 1579 2975 1660 2976 1579 2976 1661 2976 1661 2977 1579 2977 1577 2977 1661 2978 1577 2978 1662 2978 1662 2979 1577 2979 1575 2979 1662 2980 1575 2980 1663 2980 1663 2981 1575 2981 1655 2981 1664 2982 1546 2982 1665 2982 1665 2983 1546 2983 1545 2983 1665 2984 1545 2984 1666 2984 1666 2985 1545 2985 1558 2985 1666 2986 1558 2986 1565 2986 1565 2987 1558 2987 1587 2987 1565 2988 1587 2988 1560 2988 1560 2989 1587 2989 1589 2989 1560 2990 1589 2990 1561 2990 1561 2991 1589 2991 1591 2991 1561 2992 1591 2992 1582 2992 1582 2993 1591 2993 1593 2993 1582 2994 1593 2994 1583 2994 1618 2995 1664 2995 1619 2995 1619 2996 1664 2996 1665 2996 1619 2997 1665 2997 1620 2997 1620 2998 1665 2998 1666 2998 1620 2999 1666 2999 1615 2999 1615 3000 1666 3000 1565 3000 1615 3001 1565 3001 1605 3001 1605 3002 1565 3002 1566 3002 1605 3003 1566 3003 1597 3003 1597 3004 1566 3004 1567 3004 1597 3005 1567 3005 1594 3005 1594 3006 1567 3006 1568 3006 1594 3007 1568 3007 1600 3007 1600 3008 1568 3008 1570 3008 1600 3009 1570 3009 1598 3009 1598 3010 1570 3010 1572 3010 1598 3011 1572 3011 1647 3011 1647 3012 1572 3012 1574 3012 1647 3013 1574 3013 1639 3013 1639 3014 1574 3014 1576 3014 1639 3015 1576 3015 1640 3015 1640 3016 1576 3016 1578 3016 1640 3017 1578 3017 1641 3017 1641 3018 1578 3018 1580 3018 1641 3019 1580 3019 1642 3019 1642 3020 1580 3020 1552 3020 1642 3021 1552 3021 1643 3021 1643 3022 1552 3022 1551 3022 1643 3023 1551 3023 1644 3023 1644 3024 1551 3024 1549 3024 1644 3025 1549 3025 1467 3025 1467 3026 1549 3026 1468 3026 1667 3027 1668 3027 1669 3027 1670 3028 1671 3028 1672 3028 1673 3029 1674 3029 1675 3029 1651 3030 1650 3030 1676 3030 1676 3031 1650 3031 1677 3031 1676 3032 1677 3032 1678 3032 1678 3033 1677 3033 1679 3033 1678 3034 1679 3034 1680 3034 1678 3035 1681 3035 1676 3035 1676 3036 1681 3036 1682 3036 1676 3037 1682 3037 1651 3037 1651 3038 1682 3038 1652 3038 1683 3039 1684 3039 1685 3039 1650 3040 1547 3040 1677 3040 1677 3041 1547 3041 1686 3041 1677 3042 1686 3042 1679 3042 1679 3043 1686 3043 1687 3043 1679 3044 1687 3044 1680 3044 1680 3045 1687 3045 1688 3045 1680 3046 1688 3046 1685 3046 1685 3047 1688 3047 1689 3047 1685 3048 1689 3048 1683 3048 1684 3049 1683 3049 1690 3049 1690 3050 1683 3050 1691 3050 1690 3051 1691 3051 1692 3051 1684 3052 1693 3052 1685 3052 1685 3053 1693 3053 1694 3053 1685 3054 1694 3054 1680 3054 1680 3055 1694 3055 1695 3055 1680 3056 1695 3056 1678 3056 1678 3057 1695 3057 1696 3057 1678 3058 1696 3058 1681 3058 1697 3059 1698 3059 1699 3059 1699 3060 1698 3060 1700 3060 1699 3061 1700 3061 1701 3061 1702 3062 1703 3062 1700 3062 1700 3063 1703 3063 1692 3063 1700 3064 1692 3064 1701 3064 1701 3065 1692 3065 1691 3065 1668 3066 1704 3066 1698 3066 1698 3067 1704 3067 1705 3067 1698 3068 1705 3068 1700 3068 1700 3069 1705 3069 1706 3069 1700 3070 1706 3070 1702 3070 1707 3071 1708 3071 1709 3071 1707 3072 1709 3072 1710 3072 1709 3073 1711 3073 1710 3073 1710 3074 1711 3074 1712 3074 1710 3075 1712 3075 1713 3075 1712 3076 1714 3076 1713 3076 1713 3077 1714 3077 1715 3077 1713 3078 1715 3078 1716 3078 1607 3079 1606 3079 1717 3079 1717 3080 1606 3080 1718 3080 1717 3081 1718 3081 1674 3081 1674 3082 1718 3082 1719 3082 1674 3083 1719 3083 1675 3083 1618 3084 1607 3084 1720 3084 1720 3085 1607 3085 1717 3085 1720 3086 1717 3086 1721 3086 1721 3087 1717 3087 1674 3087 1721 3088 1674 3088 1722 3088 1722 3089 1674 3089 1673 3089 1722 3090 1673 3090 1723 3090 1723 3091 1724 3091 1722 3091 1722 3092 1724 3092 1725 3092 1722 3093 1725 3093 1721 3093 1721 3094 1725 3094 1726 3094 1721 3095 1726 3095 1720 3095 1720 3096 1726 3096 1727 3096 1720 3097 1727 3097 1618 3097 1618 3098 1727 3098 1664 3098 1723 3099 1728 3099 1724 3099 1724 3100 1728 3100 1729 3100 1724 3101 1729 3101 1725 3101 1725 3102 1729 3102 1730 3102 1725 3103 1730 3103 1726 3103 1726 3104 1730 3104 1731 3104 1726 3105 1731 3105 1727 3105 1727 3106 1731 3106 1732 3106 1727 3107 1732 3107 1664 3107 1664 3108 1732 3108 1546 3108 1675 3109 1671 3109 1673 3109 1673 3110 1671 3110 1670 3110 1673 3111 1670 3111 1723 3111 1723 3112 1670 3112 1672 3112 1723 3113 1672 3113 1728 3113 1728 3114 1672 3114 1733 3114 1728 3115 1733 3115 1734 3115 1734 3116 1733 3116 1735 3116 1734 3117 1735 3117 1707 3117 1707 3118 1735 3118 1736 3118 1707 3119 1736 3119 1708 3119 1399 3120 1398 3120 1667 3120 1399 3121 1667 3121 1394 3121 1394 3122 1667 3122 1669 3122 1394 3123 1669 3123 1395 3123 1703 3124 1737 3124 1692 3124 1692 3125 1737 3125 1738 3125 1692 3126 1738 3126 1690 3126 1690 3127 1738 3127 1739 3127 1690 3128 1739 3128 1684 3128 1684 3129 1739 3129 1740 3129 1684 3130 1740 3130 1693 3130 1668 3131 1698 3131 1669 3131 1669 3132 1698 3132 1697 3132 1669 3133 1697 3133 1741 3133 1741 3134 1697 3134 1742 3134 1741 3135 1742 3135 1743 3135 1395 3136 1669 3136 1397 3136 1397 3137 1669 3137 1741 3137 1397 3138 1741 3138 1390 3138 1390 3139 1741 3139 1743 3139 1390 3140 1743 3140 1385 3140 1716 3141 1742 3141 1713 3141 1713 3142 1742 3142 1697 3142 1713 3143 1697 3143 1710 3143 1710 3144 1697 3144 1699 3144 1710 3145 1699 3145 1707 3145 1707 3146 1699 3146 1701 3146 1707 3147 1701 3147 1734 3147 1734 3148 1701 3148 1691 3148 1734 3149 1691 3149 1728 3149 1728 3150 1691 3150 1683 3150 1728 3151 1683 3151 1729 3151 1729 3152 1683 3152 1689 3152 1729 3153 1689 3153 1730 3153 1730 3154 1689 3154 1688 3154 1730 3155 1688 3155 1731 3155 1731 3156 1688 3156 1687 3156 1731 3157 1687 3157 1732 3157 1732 3158 1687 3158 1686 3158 1732 3159 1686 3159 1546 3159 1546 3160 1686 3160 1547 3160 1744 3161 1745 3161 1746 3161 803 3162 880 3162 801 3162 801 3163 880 3163 879 3163 801 3164 879 3164 878 3164 1023 3165 1013 3165 1033 3165 1033 3166 1013 3166 1014 3166 1033 3167 1014 3167 1019 3167 606 3168 605 3168 1747 3168 1747 3169 605 3169 1744 3169 1747 3170 1744 3170 1748 3170 1748 3171 1744 3171 1749 3171 878 3172 877 3172 801 3172 801 3173 877 3173 876 3173 801 3174 876 3174 1230 3174 1230 3175 876 3175 914 3175 1744 3176 1746 3176 1749 3176 1749 3177 1746 3177 1230 3177 1749 3178 1230 3178 1232 3178 1232 3179 1230 3179 914 3179 1232 3180 914 3180 1033 3180 1033 3181 914 3181 1026 3181 1033 3182 1026 3182 1023 3182 303 3183 308 3183 1750 3183 303 3184 1750 3184 1302 3184 1302 3185 1750 3185 1751 3185 1302 3186 1751 3186 1301 3186 1301 3187 1751 3187 1752 3187 1301 3188 1752 3188 1300 3188 1300 3189 1752 3189 1753 3189 1300 3190 1753 3190 1299 3190 1299 3191 1753 3191 1754 3191 1299 3192 1754 3192 1298 3192 1298 3193 1754 3193 1755 3193 1298 3194 1755 3194 1297 3194 1297 3195 1755 3195 1295 3195 1295 3196 1755 3196 1756 3196 1295 3197 1756 3197 1296 3197 1309 3198 1757 3198 1340 3198 1340 3199 1757 3199 1758 3199 1759 3200 1338 3200 1758 3200 1758 3201 1338 3201 1339 3201 1758 3202 1339 3202 1340 3202 314 3203 313 3203 1760 3203 1760 3204 313 3204 1334 3204 1760 3205 1334 3205 1761 3205 1761 3206 1334 3206 1335 3206 1761 3207 1335 3207 1762 3207 1762 3208 1335 3208 1336 3208 1762 3209 1336 3209 1759 3209 1759 3210 1336 3210 1337 3210 1759 3211 1337 3211 1338 3211 1242 3212 603 3212 1254 3212 1254 3213 603 3213 604 3213 1254 3214 604 3214 1258 3214 1258 3215 604 3215 306 3215 1258 3216 306 3216 304 3216 599 3217 1351 3217 1349 3217 599 3218 1349 3218 600 3218 311 3219 310 3219 1346 3219 1346 3220 310 3220 600 3220 1346 3221 600 3221 1347 3221 1347 3222 600 3222 1349 3222 1027 3223 602 3223 1242 3223 1242 3224 602 3224 603 3224 1351 3225 599 3225 799 3225 799 3226 599 3226 598 3226 1296 3227 1756 3227 1309 3227 1309 3228 1756 3228 1757 3228 1235 3229 1763 3229 1232 3229 1232 3230 1763 3230 1749 3230 1746 3231 1764 3231 1230 3231 1230 3232 1764 3232 1231 3232 1236 3233 1237 3233 1253 3233 1253 3234 1237 3234 1251 3234 1251 3235 1237 3235 1249 3235 1249 3236 1237 3236 1234 3236 1249 3237 1234 3237 1248 3237 1248 3238 1234 3238 1246 3238 1246 3239 1234 3239 1233 3239 1246 3240 1233 3240 1245 3240 1245 3241 1233 3241 1243 3241 1243 3242 1233 3242 1028 3242 1243 3243 1028 3243 1027 3243 799 3244 800 3244 1365 3244 1365 3245 800 3245 1229 3245 1365 3246 1229 3246 1364 3246 1364 3247 1229 3247 1363 3247 1363 3248 1229 3248 1228 3248 1363 3249 1228 3249 1362 3249 1362 3250 1228 3250 1361 3250 1361 3251 1228 3251 1227 3251 1361 3252 1227 3252 1360 3252 1763 3253 1235 3253 1236 3253 1227 3254 1231 3254 1360 3254 1360 3255 1231 3255 1764 3255 1360 3256 1764 3256 1359 3256 1265 3257 1284 3257 1276 3257 1236 3258 1253 3258 1763 3258 1763 3259 1253 3259 1252 3259 1763 3260 1252 3260 1765 3260 1765 3261 1252 3261 1257 3261 1765 3262 1257 3262 1766 3262 1766 3263 1257 3263 1261 3263 1766 3264 1261 3264 1264 3264 1767 3265 1356 3265 1768 3265 1768 3266 1356 3266 1357 3266 1768 3267 1357 3267 1764 3267 1764 3268 1357 3268 1358 3268 1764 3269 1358 3269 1359 3269 1325 3270 1241 3270 1323 3270 1323 3271 1241 3271 1321 3271 1270 3272 1269 3272 1239 3272 1314 3273 1317 3273 1241 3273 1241 3274 1317 3274 1319 3274 1241 3275 1319 3275 1321 3275 1325 3276 1326 3276 1241 3276 1241 3277 1326 3277 1327 3277 1241 3278 1327 3278 1767 3278 1767 3279 1327 3279 1341 3279 1767 3280 1341 3280 1356 3280 1239 3281 1269 3281 1241 3281 1241 3282 1269 3282 1303 3282 1241 3283 1303 3283 1314 3283 1284 3284 1282 3284 1276 3284 1276 3285 1282 3285 1280 3285 1276 3286 1280 3286 1278 3286 1264 3287 1265 3287 1766 3287 1766 3288 1265 3288 1276 3288 1766 3289 1276 3289 1239 3289 1239 3290 1276 3290 1274 3290 1239 3291 1274 3291 1270 3291 1372 3292 1208 3292 1377 3292 1377 3293 1208 3293 1207 3293 1377 3294 1207 3294 1378 3294 1378 3295 1207 3295 1379 3295 1379 3296 1207 3296 1204 3296 1379 3297 1204 3297 1375 3297 1375 3298 1204 3298 1373 3298 1373 3299 1204 3299 1029 3299 1373 3300 1029 3300 1034 3300 804 3301 802 3301 1456 3301 1456 3302 802 3302 1201 3302 1456 3303 1201 3303 1457 3303 1457 3304 1201 3304 1458 3304 1458 3305 1201 3305 1202 3305 1458 3306 1202 3306 1459 3306 1459 3307 1202 3307 1448 3307 1448 3308 1202 3308 1203 3308 1448 3309 1203 3309 1449 3309 1769 3310 1449 3310 1538 3310 1203 3311 1214 3311 1449 3311 1449 3312 1214 3312 1539 3312 1449 3313 1539 3313 1538 3313 1538 3314 1440 3314 1442 3314 1442 3315 1770 3315 1538 3315 1538 3316 1770 3316 1446 3316 1538 3317 1446 3317 1769 3317 1213 3318 1501 3318 1463 3318 1463 3319 1462 3319 1213 3319 1213 3320 1462 3320 1541 3320 1213 3321 1541 3321 1214 3321 1214 3322 1541 3322 1540 3322 1214 3323 1540 3323 1539 3323 1486 3324 1544 3324 1212 3324 1212 3325 1544 3325 1543 3325 1212 3326 1543 3326 1213 3326 1213 3327 1543 3327 1542 3327 1213 3328 1542 3328 1501 3328 1498 3329 1499 3329 1215 3329 1215 3330 1499 3330 1490 3330 1215 3331 1490 3331 1212 3331 1212 3332 1490 3332 1488 3332 1212 3333 1488 3333 1486 3333 1216 3334 1217 3334 1494 3334 1494 3335 1495 3335 1216 3335 1216 3336 1495 3336 1496 3336 1216 3337 1496 3337 1215 3337 1215 3338 1496 3338 1497 3338 1215 3339 1497 3339 1498 3339 1367 3340 1385 3340 1743 3340 1606 3341 1223 3341 1718 3341 1718 3342 1223 3342 1211 3342 1672 3343 1671 3343 1206 3343 1206 3344 1671 3344 1675 3344 1206 3345 1675 3345 1211 3345 1211 3346 1675 3346 1719 3346 1211 3347 1719 3347 1718 3347 1672 3348 1206 3348 1733 3348 1733 3349 1206 3349 1205 3349 1733 3350 1205 3350 1735 3350 1711 3351 1709 3351 1210 3351 1210 3352 1709 3352 1708 3352 1210 3353 1708 3353 1205 3353 1205 3354 1708 3354 1736 3354 1205 3355 1736 3355 1735 3355 1716 3356 1209 3356 1742 3356 1742 3357 1209 3357 1743 3357 1716 3358 1715 3358 1209 3358 1209 3359 1715 3359 1714 3359 1209 3360 1714 3360 1210 3360 1210 3361 1714 3361 1712 3361 1210 3362 1712 3362 1711 3362 1209 3363 1208 3363 1743 3363 1743 3364 1208 3364 1372 3364 1743 3365 1372 3365 1371 3365 1371 3366 1383 3366 1743 3366 1743 3367 1383 3367 1368 3367 1743 3368 1368 3368 1367 3368 1630 3369 1628 3369 1200 3369 1622 3370 1494 3370 1217 3370 1200 3371 1628 3371 1226 3371 1628 3372 1626 3372 1226 3372 1226 3373 1626 3373 1624 3373 1226 3374 1624 3374 1217 3374 1217 3375 1624 3375 1623 3375 1217 3376 1623 3376 1622 3376 1646 3377 1645 3377 1219 3377 1219 3378 1645 3378 1638 3378 1219 3379 1638 3379 1218 3379 1638 3380 1633 3380 1218 3380 1218 3381 1633 3381 1632 3381 1218 3382 1632 3382 1200 3382 1200 3383 1632 3383 1631 3383 1200 3384 1631 3384 1630 3384 1771 3385 1649 3385 1219 3385 1219 3386 1649 3386 1648 3386 1219 3387 1648 3387 1646 3387 1224 3388 1601 3388 1771 3388 1771 3389 1601 3389 1599 3389 1771 3390 1599 3390 1649 3390 1225 3391 1604 3391 1603 3391 1603 3392 1596 3392 1225 3392 1225 3393 1596 3393 1595 3393 1225 3394 1595 3394 1224 3394 1224 3395 1595 3395 1602 3395 1224 3396 1602 3396 1601 3396 1617 3397 1616 3397 1221 3397 1221 3398 1616 3398 1614 3398 1221 3399 1614 3399 1225 3399 1225 3400 1614 3400 1613 3400 1225 3401 1613 3401 1604 3401 1617 3402 1221 3402 1612 3402 1612 3403 1221 3403 1222 3403 1612 3404 1222 3404 1610 3404 1610 3405 1222 3405 1608 3405 1608 3406 1222 3406 1223 3406 1608 3407 1223 3407 1606 3407 1764 3408 1746 3408 1768 3408 1768 3409 1746 3409 1745 3409 1768 3410 1745 3410 1767 3410 1767 3411 1745 3411 1744 3411 1767 3412 1744 3412 1241 3412 1241 3413 1744 3413 605 3413 1241 3414 605 3414 1240 3414 1240 3415 605 3415 607 3415 1238 3416 608 3416 606 3416 1749 3417 1763 3417 1748 3417 1748 3418 1763 3418 1765 3418 1748 3419 1765 3419 1747 3419 1747 3420 1765 3420 1766 3420 1747 3421 1766 3421 606 3421 606 3422 1766 3422 1239 3422 606 3423 1239 3423 1238 3423 1415 3424 1409 3424 1420 3424 1420 3425 1409 3425 1410 3425 1420 3426 1410 3426 1421 3426 1421 3427 1410 3427 1411 3427 1421 3428 1411 3428 1422 3428 1422 3429 1411 3429 1412 3429 1422 3430 1412 3430 1418 3430 1418 3431 1412 3431 1408 3431 1418 3432 1408 3432 1416 3432 1416 3433 1408 3433 1407 3433 1416 3434 1407 3434 887 3434 887 3435 1407 3435 911 3435 1757 3436 1756 3436 189 3436 268 3437 314 3437 267 3437 267 3438 314 3438 1760 3438 267 3439 1760 3439 1761 3439 189 3440 1756 3440 273 3440 273 3441 1756 3441 1755 3441 273 3442 1755 3442 272 3442 272 3443 1755 3443 1754 3443 272 3444 1754 3444 276 3444 276 3445 1754 3445 1753 3445 276 3446 1753 3446 275 3446 275 3447 1753 3447 1752 3447 275 3448 1752 3448 274 3448 274 3449 1752 3449 1751 3449 274 3450 1751 3450 279 3450 279 3451 1751 3451 1750 3451 279 3452 1750 3452 278 3452 278 3453 1750 3453 308 3453 278 3454 308 3454 277 3454 189 3455 190 3455 1757 3455 1757 3456 190 3456 271 3456 1757 3457 271 3457 1758 3457 1758 3458 271 3458 270 3458 1758 3459 270 3459 1759 3459 1759 3460 270 3460 269 3460 1759 3461 269 3461 1762 3461 1762 3462 269 3462 265 3462 1762 3463 265 3463 1761 3463 1761 3464 265 3464 266 3464 1761 3465 266 3465 267 3465 1704 3466 1668 3466 1509 3466 1409 3467 1415 3467 1505 3467 1505 3468 1415 3468 1414 3468 1505 3469 1414 3469 1423 3469 1667 3470 1398 3470 1403 3470 1403 3471 1409 3471 1667 3471 1667 3472 1409 3472 1505 3472 1667 3473 1505 3473 1668 3473 1668 3474 1505 3474 1510 3474 1668 3475 1510 3475 1509 3475 1537 3476 1739 3476 1504 3476 1504 3477 1739 3477 1738 3477 1738 3478 1737 3478 1504 3478 1504 3479 1737 3479 1703 3479 1504 3480 1703 3480 1506 3480 1506 3481 1703 3481 1702 3481 1506 3482 1702 3482 1507 3482 1507 3483 1702 3483 1706 3483 1507 3484 1706 3484 1509 3484 1509 3485 1706 3485 1705 3485 1509 3486 1705 3486 1704 3486 1537 3487 1536 3487 1739 3487 1739 3488 1536 3488 1534 3488 1739 3489 1534 3489 1740 3489 1740 3490 1534 3490 1533 3490 1740 3491 1533 3491 1693 3491 1693 3492 1533 3492 1526 3492 1693 3493 1526 3493 1694 3493 1694 3494 1526 3494 1519 3494 1682 3495 1681 3495 1517 3495 1517 3496 1681 3496 1696 3496 1517 3497 1696 3497 1519 3497 1519 3498 1696 3498 1695 3498 1519 3499 1695 3499 1694 3499 1513 3500 1656 3500 1772 3500 1772 3501 1656 3501 1657 3501 1772 3502 1657 3502 1658 3502 1658 3503 1659 3503 1772 3503 1772 3504 1659 3504 1660 3504 1772 3505 1660 3505 1661 3505 1517 3506 1515 3506 1682 3506 1682 3507 1515 3507 1514 3507 1682 3508 1514 3508 1652 3508 1652 3509 1514 3509 1513 3509 1652 3510 1513 3510 1592 3510 1592 3511 1513 3511 1772 3511 1592 3512 1772 3512 1593 3512 1586 3513 1585 3513 1772 3513 1772 3514 1585 3514 1583 3514 1772 3515 1583 3515 1593 3515 1661 3516 1662 3516 1772 3516 1772 3517 1662 3517 1663 3517 1772 3518 1663 3518 1655 3518 1655 3519 1654 3519 1772 3519 1772 3520 1654 3520 1653 3520 1772 3521 1653 3521 1586 3521 607 3522 608 3522 1240 3522 1240 3523 608 3523 1238 3523</p>
        </triangles>
      </mesh>
    </geometry>
  </library_geometries>
  <library_visual_scenes>
    <visual_scene id="Scene" name="Scene">
      <node id="link_1" name="link_1" type="NODE">
        <matrix sid="transform">1 0 0 0 0 1 0 0 0 0 1 0 0 0 0 1</matrix>
        <instance_geometry url="#link_1-mesh" name="link_1">
          <bind_material>
            <technique_common>
              <instance_material symbol="base-material" target="#base-material"/>
            </technique_common>
          </bind_material>
        </instance_geometry>
      </node>
    </visual_scene>
  </library_visual_scenes>
  <scene>
    <instance_visual_scene url="#Scene"/>
  </scene>
</COLLADA>