<?xml version="1.0" encoding="utf-8"?>
<COLLADA xmlns="http://www.collada.org/2005/11/COLLADASchema" version="1.4.1" xmlns:xsi="http://www.w3.org/2001/XMLSchema-instance">
  <asset>
    <contributor>
      <author>Blender User</author>
      <authoring_tool>Blender 4.5.7 LTS commit date:2026-02-16, commit time:13:34, hash:a9874eeece8d</authoring_tool>
    </contributor>
    <created>2026-09-30T16:45:38</created>
    <modified>2026-09-30T16:45:38</modified>
    <unit name="meter" meter="1"/>
    <up_axis>Z_UP</up_axis>
  </asset>
  <library_effects>
    <effect id="base-effect">
      <profile_COMMON>
        <technique sid="common">
          <lambert>
            <emission>
              <color sid="emission">0 0 0 1</color>
            </emission>
            <diffuse>
              <color sid="diffuse">0.22 0.22 0.17 1</color>
            </diffuse>
            <index_of_refraction>
              <float sid="ior">1.5</float>
            </index_of_refraction>
          </lambert>
        </technique>
      </profile_COMMON>
    </effect>
    <effect id="silver-effect">
      <profile_COMMON>
        <technique sid="common">
          <lambert>
            <emission>
              <color sid="emission">0 0 0 1</color>
            </emission>
            <diffuse>
              <color sid="diffuse">0.3 0.3 0.3 1</color>
            </diffuse>
            <index_of_refraction>
              <float sid="ior">1.5</float>
            </index_of_refraction>
          </lambert>
        </technique>
      </profile_COMMON>
    </effect>
    <effect id="logo-effect">
      <profile_COMMON>
        <technique sid="common">
          <lambert>
            <emission>
              <color sid="emission">0 0 0 1</color>
            </emission>
            <diffuse>
              <color sid="diffuse">1 1 1 1</color>
            </diffuse>
            <index_of_refraction>
              <float sid="ior">1.5</float>
            </index_of_refraction>
          </lambert>
        </technique>
      </profile_COMMON>
    </effect>
    <effect id="black-effect">
      <profile_COMMON>
        <technique sid="common">
          <lambert>
            <emission>
              <color sid="emission">0 0 0 1</color>
            </emission>
            <diffuse>
              <color sid="diffuse">0 0 0 1</color>
            </diffuse>
            <index_of_refraction>
              <float sid="ior">1.5</float>
            </index_of_refraction>
          </lambert>
        </technique>
      </profile_COMMON>
    </effect>
  </library_effects>
  <library_images/>
  <library_materials>
    <material id="base-material" name="base">
      <instance_effect url="#base-effect"/>
    </material>
    <material id="silver-material" name="silver">
      <instance_effect url="#silver-effect"/>
    </material>
    <material id="logo-material" name="logo">
      <instance_effect url="#logo-effect"/>
    </material>
    <material id="black-material" name="black">
      <instance_effect url="#black-effect"/>
    </material>
  </library_materials>
  <library_geometries>
    <geometry id="link_base-mesh" name="link_base">
      <mesh>
        <source id="link_base-mesh-positions">
          <float_array id="link_base-mesh-positions-array" count="10623">0.03171849 0.01479643 0.01376914 0.03188425 0.01443576 0.01399999 0.03247606 0.01304996 0.01399999 0.03125232 0.01575726 0.03118187 0.03114032 0.01597738 0.03094398 0.02980351 0.01835072 0.0478 0.03131741 0.01562744 0.03126782 0.03188425 0.01443576 0.03109997 0.03169906 0.01483798 0.03134536 0.03247606 0.01304996 0.0478 0.03154212 0.01516878 0.03139257 0.03147095 0.01531594 0.03137791 0.03110557 0.01604497 0.03082442 0.03105747 0.01613789 0.0304926 0.03105491 0.01614278 0.03039962 0.03117996 0.01589995 0.02973955 0.03117996 0.01589995 0.01536035 0.03109914 0.01605737 0.02998805 0.03108102 0.01609241 0.01502066 0.0310567 0.01613932 0.0146228 0.03111457 0.01602751 0.0142408 0.0311402 0.01597762 0.01415628 0.02980351 0.01835072 5e-4 0.03127151 0.01571905 0.01388972 0.03131723 0.0156278 0.0138325 0.0314902 0.01527625 0.01371598 0.03247606 0.01304996 5e-4 0.03154206 0.0151689 0.01370739 0.03247606 0.01304996 0.03109997 0.03421443 0.00737375 0.0478 0.03421443 0.00737375 0.03109997 0.03496843 0.001485407 0.0478 0.03496843 0.001485407 0.03109997 0.03499931 -2.1591e-4 0.01388728 0.03499639 -5.01465e-4 0.01419407 0.03493589 -0.002117216 0.01421856 0.03499591 -5.32408e-4 0.01424998 0.0349428 -0.001999974 0.01479995 0.03499376 6.58476e-4 0.01375347 0.03499859 3.12253e-4 0.01370805 0.03496843 0.001485407 5e-4 0.03499948 1.83488e-4 0.01372206 0.03482455 -0.003499984 0.0133 0.03471648 -0.004445612 5e-4 0.03487747 -0.002925992 0.01341414 0.03491479 -0.002440035 0.01373857 0.0349996 -1.55856e-4 0.01384848 0.03499406 -6.42861e-4 0.01471573 0.03499609 -5.22349e-4 0.01518261 0.03499823 -3.5e-4 0.01541417 0.03482455 -0.003499984 0.03529995 0.03499996 0 0.0478 0.03471648 -0.004445612 0.03529995 0.03471648 -0.004445612 0.0478 0.03449654 -0.005914986 0.03529995 0.03487807 -0.002918779 0.03518283 0.03491479 -0.00244081 0.03486216 0.03493601 -0.002115011 0.03437614 0.03499823 -3.5e-4 0.02968573 0.0349949 -5.96428e-4 0.03009128 0.0349428 -0.001999974 0.03379994 0.03499406 -6.41936e-4 0.0304377 0.03499436 -6.27808e-4 0.0305671 0.03499639 -5.01495e-4 0.03090584 0.03498381 0.001064181 0.03109997 0.03499007 8.32575e-4 0.03127235 0.03499805 3.65191e-4 0.03139281 0.03499984 -1.00415e-4 0.03128212 0.0349996 -1.55901e-4 0.03125143 0.03499692 -4.6296e-4 0.03096544 0.03421443 0.00737375 0.01399999 0.03421443 0.00737375 5e-4 0.03496843 0.001485407 0.01399999 0.03498381 0.001064181 0.01399999 0.03125238 -0.01575708 0.0133 0.03031086 -0.01749998 0.0133 0.02813988 -0.02081215 5e-4 0.02996695 -0.01808255 0.01341772 0.02969968 -0.01851826 0.01369857 0.02948659 -0.01885569 0.01415812 0.02939629 -0.01899617 0.01469182 0.02939385 -0.01899999 0.01479995 0.02939385 -0.01899999 0.03379994 0.02813988 -0.02081215 0.0478 0.02944153 -0.01892596 0.03426593 0.02960973 -0.01866173 0.0347492 0.02988266 -0.01822149 0.0351153 0.03021907 -0.01765805 0.03529179 0.03125238 -0.01575708 0.0478 0.03031086 -0.01749998 0.03529995 0.03471648 -0.004445612 0.0133 0.0334658 -0.01024878 0.0133 0.0334658 -0.01024878 5e-4 0.03125238 -0.01575708 5e-4 0.03421443 -0.00737375 0.03529995 0.0334658 -0.01024878 0.0478 0.03387063 -0.008819222 0.03529995 0.03125238 -0.01575708 0.03529995 0.03247606 -0.01304996 0.03529995 0.0334658 -0.01024878 0.03529995 0.02421784 -0.02526843 0.0478 0.02421784 -0.02526843 5e-4 0.01959908 -0.02899783 0.0478 0.01959908 -0.02899783 5e-4 0.01441651 -0.03189295 0.0478 0.01441651 -0.03189295 5e-4 0.008819222 -0.03387063 0.0478 0.008819222 -0.03387063 5e-4 0.002968192 -0.0348739 0.0478 0.002968192 -0.0348739 5e-4 0 -0.03499996 5e-4 -0.002968192 -0.0348739 0.0478 -0.002968192 -0.0348739 5e-4 -0.008819222 -0.03387063 0.0478 -0.008819222 -0.03387063 5e-4 -0.01441651 -0.03189295 0.0478 -0.01441651 -0.03189295 5e-4 -0.01959908 -0.02899783 0.0478 -0.01959908 -0.02899783 5e-4 -0.02421784 -0.02526843 0.0478 -0.02421784 -0.02526843 5e-4 -0.02813988 -0.02081215 0.0478 -0.02813988 -0.02081215 5e-4 -0.03125238 -0.01575708 0.0478 -0.03125238 -0.01575708 5e-4 -0.0334658 -0.01024878 0.0478 -0.0334658 -0.01024878 5e-4 -0.03471648 -0.004445612 0.0478 -0.03471648 -0.004445612 5e-4 -0.03496843 0.001485407 0.0478 -0.03496843 0.001485407 5e-4 -0.03421443 0.00737375 0.0478 -0.03421443 0.00737375 5e-4 -0.03247606 0.01304996 0.0478 -0.03247606 0.01304996 5e-4 -0.02980351 0.01835072 0.0478 -0.02980351 0.01835072 5e-4 -0.02627348 0.02312356 0.0478 -0.02627348 0.02312356 5e-4 -0.02198767 0.02723121 0.0478 -0.02198767 0.02723121 5e-4 -0.01706928 0.03055548 0.0478 -0.01706928 0.03055548 5e-4 -0.01165986 0.0330007 0.0478 -0.01165986 0.0330007 5e-4 -0.005914986 0.03449654 0.0478 -0.005914986 0.03449654 5e-4 0 0.03499996 0.0478 0 0.03499996 5e-4 0.005914986 0.03449654 0.0478 0.005914986 0.03449654 5e-4 0.01165986 0.0330007 0.0478 0.01165986 0.0330007 5e-4 0.01706928 0.03055548 0.0478 0.01706928 0.03055548 5e-4 0.02198767 0.02723121 0.0478 0.02198767 0.02723121 5e-4 0.02627348 0.02312356 0.0478 0.02627348 0.02312356 5e-4 0.01849997 0.01597875 0.03094178 0.01849997 0.01443576 0.03109997 0.01849997 0.0147019 0.03129041 0.01849997 0.0151683 0.03139257 0.01849997 0.01562893 0.0312668 0.01849997 0.01613795 0.03049165 0.01849997 0.01607036 0.03001898 0.01849997 0.01589995 0.02973955 0.01849997 0.0147019 0.01380956 0.01849997 0.01443576 0.01399999 0.01849997 0.01589995 0.01536035 0.01849997 0.01607036 0.01508098 0.01849997 0.01613795 0.01460832 0.01849997 0.01597875 0.01415818 0.01849997 0.01562893 0.01383316 0.01849997 0.0151683 0.01370739 0.01849997 0.01589995 0.01419997 0.01849997 0.01589995 0.0309 0.01849997 -2e-4 0.01419997 0.01849997 0.001064181 0.01399999 0.01849997 -2e-4 0.0309 0.01849997 -5.01342e-4 0.03090578 0.01849997 -6.41886e-4 0.0304377 0.01849997 -1.55792e-4 0.01384866 0.01849997 -5.01342e-4 0.01419419 0.01849997 -5.43862e-4 0.01514095 0.01849997 -6.41886e-4 0.0146622 0.01849997 -1.55792e-4 0.03125131 0.01849997 -5.43862e-4 0.02995896 0.01849997 -3.5e-4 0.02968573 0.01849997 -3.5e-4 0.01541417 0.01849997 3.12242e-4 0.01370811 0.01849997 7.90991e-4 0.0138061 0.01849997 3.12242e-4 0.03139185 0.01849997 7.90991e-4 0.0312938 0.01849997 0.001064181 0.03109997 0.03490769 -0.002440094 0.03486144 0.03486889 -0.002926051 0.03518581 0.03481435 -0.003499984 0.03529995 0.0349369 -0.001999974 0.03379994 0.03493124 -0.002092659 0.03431916 0.03492969 -0.002117216 0.03438133 0.02249997 -0.01749998 0.03529995 0.02249997 -0.01729995 0.03529995 0.03036838 -0.01729995 0.03529995 0.03142994 -0.01529991 0.03529995 0.0332753 -0.01075142 0.03529995 0.03395432 -0.00839138 0.03529995 0.0342313 -0.007194936 0.03529995 0.03446614 -0.005989491 0.03529995 0.03456997 -0.005369544 0.03529995 0.0346626 -0.004747867 0.03529995 0.02249997 -0.01781916 0.03520727 0.02249997 -0.01801913 0.03520727 0.02249997 -0.01836061 0.03486061 0.02249997 -0.01856064 0.03486061 0.02249997 -0.01870727 0.03431916 0.02249997 -0.01890724 0.03431916 0.02249997 -0.01879996 0.03379994 0.02249997 -0.01899999 0.03379994 0.02249997 -0.01879996 0.03129994 0.02249997 -0.01899999 0.01479995 0.02249997 -0.003499984 0.0133 0.02249997 -0.009925067 0.01683008 0.02249997 -0.01749998 0.0133 0.02249997 -0.01219958 0.01706916 0.02249997 -0.01801913 0.01339268 0.02249997 -0.01418018 0.01821267 0.02249997 -0.01890724 0.01428079 0.02249997 -0.01856064 0.01373928 0.02249997 -0.01552444 0.02006292 0.02249997 -0.01599997 0.0223 0.02249997 -0.01552444 0.02453702 0.02249997 -0.01418018 0.02638727 0.02249997 -0.002980768 0.01339268 0.02249997 -0.006050348 0.01906716 0.02249997 -0.007749974 0.01753681 0.02249997 -0.00243932 0.01373928 0.02249997 -0.002092659 0.01428079 0.02249997 -0.001999974 0.01479995 0.02249997 -0.007749974 0.02706313 0.02249997 -0.006050348 0.02553278 0.02249997 -0.001999974 0.03129994 0.02249997 -0.005120158 0.02344352 0.02249997 -0.005120158 0.02115648 0.02249997 -0.01219958 0.02753078 0.02249997 -0.01020985 0.02779233 0.02249997 -0.009925067 0.02776986 -0.02155345 -0.006492137 0.008999943 -0.02140825 -0.006955921 0.008999943 -0.02140825 -0.006955921 5e-4 0.01949423 -0.01125496 0.008999943 0.01949423 -0.01125496 0.006499946 0.01923042 -0.01169997 0.006431937 0.01874846 -0.01245766 0.005913913 0.01857036 -0.01272159 0.005499958 0.01672816 -0.01506209 0.008999943 0.01897495 -0.01210987 0.006232023 0.01845669 -0.01288604 0.005019664 0.01841711 -0.01294249 0.004499971 0.01672816 -0.01506209 5e-4 0.01845628 -0.01288658 0.003982722 0.01857036 -0.01272159 0.003499984 0.01922988 -0.0117008 0.002568304 0.01949423 -0.01125496 5e-4 0.01897495 -0.01210987 0.00276792 0.0187487 -0.01245731 0.003085553 0.02030241 -0.009721577 0.003499984 0.02038818 -0.009540438 0.003982126 0.02140825 -0.006955921 5e-4 0.02016282 -0.01000797 0.003085732 0.01949423 -0.01125496 0.002499997 0.01974797 -0.01080352 0.002568185 0.01997494 -0.01037782 0.00276792 0.02041709 -0.00947839 0.004499971 0.02038812 -0.009540557 0.005018174 0.02140825 -0.006955921 0.008999943 0.02030241 -0.009721577 0.005499958 0.02016288 -0.01000779 0.005913972 0.01997494 -0.01037782 0.006232023 0.01974767 -0.01080411 0.006431937 -0.01949423 -0.01125496 0.008999943 -0.01949423 -0.01125496 0.006499946 -0.01974767 -0.01080405 0.006431937 -0.01997494 -0.01037782 0.006232023 -0.02016294 -0.01000779 0.005913913 -0.02030241 -0.009721577 0.005499958 -0.020388 -0.009540915 0.005019664 -0.02041709 -0.00947839 0.004499971 -0.02038824 -0.009540319 0.003982722 -0.02030241 -0.009721577 0.003499984 -0.01974815 -0.01080316 0.002568304 -0.01949423 -0.01125496 5e-4 -0.01997494 -0.01037782 0.00276792 -0.0201627 -0.01000821 0.003085553 -0.01857036 -0.01272159 0.003499984 -0.01845639 -0.01288646 0.003982126 -0.01672816 -0.01506209 5e-4 -0.01874858 -0.01245748 0.003085732 -0.01949423 -0.01125496 0.002499997 -0.01923012 -0.01170045 0.002568185 -0.01897495 -0.01210987 0.00276792 -0.01841711 -0.01294249 0.004499971 -0.01845645 -0.01288634 0.005018174 -0.01672816 -0.01506209 0.008999943 -0.01857036 -0.01272159 0.005499958 -0.01874846 -0.01245766 0.005913972 -0.01897495 -0.01210987 0.006232023 -0.01923048 -0.01169991 0.006431937 0.001414 0.02246552 0.00591439 0.001731991 0.02244323 0.005499958 0.004680037 0.02201807 0.008999943 0 0.02250999 0.008999943 0 0.02250999 0.006499946 5.18184e-4 0.02250403 0.006431698 0.000999987 0.02248775 0.006232023 0.001931965 0.0224269 0.005017161 0.001999974 0.02242094 0.004499971 0.004680037 0.02201807 5e-4 0.001931905 0.0224269 0.003982722 0.001731991 0.02244323 0.003499984 5.19664e-4 0.02250397 0.002568662 0 0.02250999 5e-4 0.000999987 0.02248775 0.00276792 0.001413941 0.02246552 0.003085494 -0.001731991 0.02244323 0.003499984 -0.001931667 0.02242696 0.003981709 -0.004680037 0.02201807 5e-4 -0.001414418 0.02246546 0.00308597 0 0.02250999 0.002499997 -5.17225e-4 0.02250403 0.002568006 -0.000999987 0.02248775 0.00276792 -0.001999974 0.02242094 0.004499971 -0.001931786 0.0224269 0.005017817 -0.004680037 0.02201807 0.008999943 -0.001731991 0.02244323 0.005499958 -0.001414179 0.02246552 0.005914211 -0.003739118 0.02219724 0.008999943 -0.000999987 0.02248775 0.006232023 -5.17834e-4 0.02250403 0.006431758 -8.8143e-4 0.0224927 0.008999943 -0.002281904 0.022394 0.008999943 0.009155631 -0.0205639 5e-4 0.01066118 -0.01982522 0.008999943 0.01072442 -0.01979106 0.008999943 0.01323103 -0.01821094 5e-4 0.01158982 -0.019297 0.008999943 0.01165539 -0.01925748 0.008999943 0.012497 -0.01872223 0.008999943 0.01256072 -0.01867955 0.008999943 0.01323103 -0.01821094 0.008999943 0.02238667 -0.002352893 5e-4 0.02238667 -0.002352893 0.008999943 0.02238667 0.002352893 5e-4 0.02238667 0.002352893 0.008999943 0.02140825 0.006955921 5e-4 0.02140825 0.006955921 0.008999943 0.01949423 0.01125496 5e-4 0.01949423 0.01125496 0.008999943 0.01672816 0.01506209 5e-4 0.01672816 0.01506209 0.008999943 0.01588815 0.01594567 0.008999943 0.01566159 0.01616829 0.008999943 0.01392132 0.01768887 0.008999943 0.01323103 0.01821094 5e-4 0.01323103 0.01821094 0.008999943 0.0128864 0.01845639 0.008999943 0.01258701 0.01866185 0.008999943 0.01154917 0.01932138 0.008999943 0.009295761 0.02050089 0.008999943 0.009155631 0.0205639 5e-4 0.009155631 0.0205639 0.008999943 -0.009155631 0.0205639 5e-4 -0.007878661 0.02108615 0.008999943 -0.0079512 0.02105891 0.008999943 -0.008888602 0.02068072 0.008999943 -0.008959949 0.0206499 0.008999943 -0.009155631 0.0205639 0.008999943 -0.009871006 0.02023023 0.008999943 -0.009935617 0.02019858 0.008999943 -0.01323103 0.01821094 5e-4 -0.01176661 0.01918971 0.008999943 -0.01323103 0.01821094 0.008999943 -0.01672816 0.01506209 5e-4 -0.01672816 0.01506209 0.008999943 -0.01949423 0.01125496 5e-4 -0.01949423 0.01125496 0.008999943 -0.02140825 0.006955921 5e-4 -0.02140825 0.006955921 0.008999943 -0.02206641 0.004446685 0.008999943 -0.02238667 0.002352893 5e-4 -0.02238667 0.002352893 0.008999943 -0.02243846 0.00179255 0.008999943 -0.02250111 6.31054e-4 0.008999943 -0.02250814 2.88813e-4 0.008999943 -0.02238667 -0.002352893 5e-4 -0.02248704 -0.001015961 0.008999943 -0.02238667 -0.002352893 0.008999943 -0.02225852 -0.003355085 0.008999943 -0.02221053 -0.003659188 0.008999943 -0.02192413 -0.005102157 0.008999943 -0.01323103 -0.01821094 5e-4 -0.01323103 -0.01821094 0.008999943 -0.009155631 -0.0205639 5e-4 -0.009155631 -0.0205639 0.008999943 -0.004680037 -0.02201807 5e-4 -0.004680037 -0.02201807 0.008999943 0 -0.02250999 5e-4 0 -0.02250999 0.008999943 0.004680037 -0.02201807 5e-4 0.004680037 -0.02201807 0.008999943 0.009155631 -0.0205639 0.008999943 -0.01709973 -0.01539665 0 -0.02773785 -0.02051484 0 -0.0199272 -0.01150494 0 -0.03080594 -0.01553201 0 -0.02188378 -0.007110476 0 -0.03298771 -0.01010233 0 -0.02288395 -0.002405166 0 -0.03422051 -0.004382073 0 -0.02288395 0.002405166 0 0 -0.02300995 0 -0.002925753 -0.03437566 0 -0.004784047 -0.02250713 0 -0.008693218 -0.03338676 0 -0.009359002 -0.02102065 0 -0.01421058 -0.03143733 0 -0.01352488 -0.01861548 0 -0.01931911 -0.02858358 0 -0.02387183 -0.02490746 0 -0.03446888 0.001464188 0 -0.03372561 0.007268428 0 -0.02188378 0.007110476 0 -0.03201216 0.01286351 0 -0.0199272 0.01150494 0 -0.02937775 0.01808857 0 -0.01709973 0.01539665 0 -0.02589815 0.02279323 0 -0.01352488 0.01861548 0 0.004784047 -0.02250713 0 0.002925753 -0.03437566 0 0 -0.0345 0 0.0199272 -0.01150494 0 0.02773785 -0.02051484 0 0.01709973 -0.01539665 0 0.02387183 -0.02490746 0 0.01352488 -0.01861548 0 0.01931911 -0.02858358 0 0.009359002 -0.02102065 0 0.01421058 -0.03143733 0 0.008693218 -0.03338676 0 0.009359002 0.02102065 0 0.01682543 0.03011894 0 0.01352488 0.01861548 0 0.02167356 0.02684223 0 0.01709973 0.01539665 0 0.02589815 0.02279323 0 0.0199272 0.01150494 0 0.02937775 0.01808857 0 0.02188378 0.007110476 0 -0.02167356 0.02684223 0 -0.01682543 0.03011894 0 -0.009359002 0.02102065 0 -0.01149332 0.03252923 0 -0.004784047 0.02250713 0 -0.005830526 0.03400373 0 0 0.02300995 0 0 0.0345 0 0.004784047 0.02250713 0 0.005830526 0.03400373 0 0.01149332 0.03252923 0 0.03201216 0.01286351 0 0.03372561 0.007268428 0 0.02288395 0.002405166 0 0.03446888 0.001464188 0 0.02288395 -0.002405166 0 0.03422051 -0.004382073 0 0.02188378 -0.007110476 0 0.03298771 -0.01010233 0 0.03080594 -0.01553201 0 0.002925753 -0.03437566 0 0.008693218 -0.03338676 0 0.01421058 -0.03143733 0 0.01931911 -0.02858358 0 0.02387183 -0.02490746 0 0.02773785 -0.02051484 0 0.03080594 -0.01553201 0 0.03298771 -0.01010233 0 0.03422051 -0.004382073 0 0.03446888 0.001464188 0 0.03372561 0.007268428 0 0.03201216 0.01286351 0 0.02937775 0.01808857 0 0.02589815 0.02279323 0 0.02167356 0.02684223 0 0.01682543 0.03011894 0 0.01149332 0.03252923 0 0.005830526 0.03400373 0 0 0.0345 0 0 0.03499996 5e-4 -0.005830526 0.03400373 0 -0.01149332 0.03252923 0 -0.01682543 0.03011894 0 -0.02167356 0.02684223 0 -0.02589815 0.02279323 0 -0.02937775 0.01808857 0 -0.03201216 0.01286351 0 -0.03372561 0.007268428 0 -0.03446888 0.001464188 0 -0.03422051 -0.004382073 0 -0.03298771 -0.01010233 0 -0.03080594 -0.01553201 0 -0.02773785 -0.02051484 0 -0.02387183 -0.02490746 0 -0.01931911 -0.02858358 0 -0.01421058 -0.03143733 0 -0.008693218 -0.03338676 0 -0.002925753 -0.03437566 0 -0.000999987 0.02799999 0.006232023 -0.000999987 0.02799999 0.00276792 -0.001731991 0.02799999 0.003499984 -0.001999974 0.02799999 0.004499971 -0.001731991 0.02799999 0.005499958 -0.001841604 0.02799999 0.005280017 0 0.02250999 0.006499946 0 0.02799999 0.006499946 0.000999987 0.02799999 0.006232023 0.001731991 0.02799999 0.005499958 0.001999974 0.02799999 0.004499971 0.001731991 0.02799999 0.003499984 0.000999987 0.02799999 0.00276792 0 0.02799999 0.002499997 -0.02474868 -0.01313394 0.00276792 -0.02511471 -0.01249998 0.003499984 -0.0252487 -0.01226794 0.004499971 -0.02424865 -0.01399999 0.002499997 -0.02374869 -0.01486599 0.00276792 -0.02338266 -0.01549994 0.003499984 -0.02324867 -0.01573204 0.004499971 -0.02338266 -0.01549994 0.005499958 -0.02374869 -0.01486599 0.006232023 -0.02474868 -0.01313394 0.006232023 -0.02429842 -0.01391386 0.006497502 -0.02424865 -0.01399999 0.006499946 -0.02511471 -0.01249998 0.005499958 0.02374869 -0.01486599 0.00276792 0.02338266 -0.01549994 0.003499984 0.02324867 -0.01573204 0.004499971 0.02424865 -0.01399999 0.002499997 0.02474868 -0.01313394 0.00276792 0.02511471 -0.01249998 0.003499984 0.025177 -0.01239204 0.003756463 0.0252487 -0.01226794 0.004499971 0.02511471 -0.01249998 0.005499958 0.02474868 -0.01313394 0.006232023 0.02374869 -0.01486599 0.006232023 0.02424865 -0.01399999 0.006499946 0.02338266 -0.01549994 0.005499958 0.004784047 0.02250713 0 0.009359002 0.02102065 0 0.01352488 0.01861548 0 0.01709973 0.01539665 0 0.0199272 0.01150494 0 0.02188378 0.007110476 0 0.02288395 0.002405166 0 0.02288395 -0.002405166 0 0.02188378 -0.007110476 0 0.0199272 -0.01150494 0 0.01709973 -0.01539665 0 0.01352488 -0.01861548 0 0.009359002 -0.02102065 0 0.004784047 -0.02250713 0 -0.004784047 -0.02250713 0 -0.009359002 -0.02102065 0 -0.01352488 -0.01861548 0 -0.01709973 -0.01539665 0 -0.0199272 -0.01150494 0 -0.02188378 -0.007110476 0 -0.02288395 -0.002405166 0 -0.02288395 0.002405166 0 -0.02188378 0.007110476 0 -0.0199272 0.01150494 0 -0.01709973 0.01539665 0 -0.01352488 0.01861548 0 -0.009359002 0.02102065 0 -0.004784047 0.02250713 0 0 0.02250999 5e-4 0 0.02300995 0 -0.008411467 0.01267898 0.008999943 -0.007884502 0.01165455 0.008999943 -0.00964725 0.01074784 0.008999943 -0.00342226 0.01004332 0.008999943 -0.00289154 0.009011507 0.008999943 -0.002959489 0.008976578 0.008999943 0.002549946 0.008966982 0.008999943 -8.14602e-4 0.007316648 0.008999943 -9.50304e-4 0.007580518 0.008999943 -0.001849949 0.007066965 0.008999943 -0.001903355 0.00709027 0.008999943 -0.002032995 0.007249951 0.008999943 -0.00356698 0.009749948 0.008999943 -0.003499984 0.00999999 0.008999943 -0.003490209 0.01000839 0.008999943 -0.00356698 0.01024997 0.008999943 -0.005133926 0.01399999 0.008999943 -0.005499958 0.01436597 0.008999943 -0.004652976 0.01461219 0.008999943 0.01089996 0.009307146 0.008999943 0.01119279 0.009599983 0.008999943 0.01739615 -0.002564013 0.008999943 -0.005499958 0.01736599 0.008999943 0.001425206 -0.01077884 0.008999943 0.003187954 -0.009872138 0.008999943 0.0050444 -0.008917272 0.008999943 0.005108177 -0.008884429 0.008999943 0.005993306 -0.008429169 0.008999943 0.006061255 -0.008394241 0.008999943 0.006946384 -0.007938921 0.008999943 0.007014334 -0.007903993 0.008999943 0.01072859 -0.005993545 0.008999943 0.01129996 0.00999999 0.008999943 0.01119279 0.01039999 0.008999943 0.01089996 0.01069277 0.008999943 0.008443295 0.01484173 0.008999943 0.009431481 0.01292049 0.008999943 0.009567201 0.01265668 0.008999943 0.01021641 0.0113945 0.008999943 0.01049995 0.0108 0.008999943 0.007912576 0.01587355 0.008999943 0.007773399 0.01614421 0.008999943 0.00579673 0.01998716 0.008999943 -0.005133926 0.01599997 0.008999943 -0.004999995 0.01649999 0.008999943 -8.70827e-4 0.01655763 0.008999943 -0.005133926 0.01699995 0.008999943 0.004475176 0.01930737 0.008999943 0 0.02250999 0.008999943 0.001510739 0.01778262 0.008999943 3.47604e-4 0.01718431 0.008999943 -0.005999982 0.01449996 0.008999943 -0.006499946 0.01436597 0.008999943 -0.006865978 0.01599997 0.008999943 -0.006865978 0.01399999 0.008999943 -0.006999969 0.01649999 0.008999943 -0.005999982 0.01749998 0.008999943 -0.006499946 0.01736599 0.008999943 -0.006865978 0.01699995 0.008999943 -0.006999969 0.01349997 0.008999943 -0.01017415 0.01177233 0.008999943 -0.01009994 0.009307146 0.008999943 -0.009807169 0.009599983 0.008999943 -0.008669972 0.008847892 0.008999943 -0.01009994 0.01069277 0.008999943 -0.01049995 0.0108 0.008999943 -0.01089996 0.01069277 0.008999943 -0.01119279 0.01039999 0.008999943 -0.01129996 0.00999999 0.008999943 -0.01119279 0.009599983 0.008999943 -0.01089996 0.009307146 0.008999943 -0.01049995 0.009199976 0.008999943 -0.0097 0.00999999 0.008999943 -0.009807169 0.01039999 0.008999943 -0.007527589 0.006626904 0.008999943 -0.008058309 0.00765872 0.008999943 -0.008197546 0.007929384 0.008999943 -0.006539404 0.004705667 0.008999943 -0.006403684 0.004441857 0.008999943 -0.006999969 0.003499984 0.008999943 -0.005120337 0.001946866 0.008999943 0.009807169 0.009599983 0.008999943 0.01009994 0.009307146 0.008999943 0.01607465 -0.003243744 0.008999943 0.01049995 0.009199976 0.008999943 0.01009994 0.01069277 0.008999943 0.009807169 0.01039999 0.008999943 0.00889492 0.01071476 0.008999943 0.0097 0.00999999 0.008999943 0.009528994 0.009481966 0.008999943 -0.004999995 0.01349997 0.008999943 -0.003999948 0.01299995 0.008999943 -0.004249989 0.01293301 0.008999943 -0.004126071 0.01358771 0.008999943 -0.003749966 0.01206696 0.008999943 -0.003148794 0.01168775 0.008999943 -0.003999948 0.01199996 0.008999943 -0.004033923 0.01123249 0.008999943 -0.004432976 0.01274996 0.008999943 -0.004999995 0.01311063 0.008999943 -0.004999995 0.01313823 0.008999943 -0.004499971 0.01249998 0.008999943 -0.004432976 0.01224994 0.008999943 -0.004249989 0.01206696 0.008999943 -0.004999995 0.01073563 0.008999943 -0.004999995 0.01076751 0.008999943 -0.004987001 0.0107423 0.008999943 -0.004999995 0.01294362 0.008999943 -0.004101872 0.01119756 0.008999943 -0.003908395 0.008488476 0.008999943 -0.004999995 0.009231805 0.008999943 -0.004439115 0.009520292 0.008999943 -0.004999995 0.009574055 0.008999943 -0.004578351 0.009790897 0.008999943 -0.004999995 0.01061064 0.008999943 -0.003999948 0.007999956 0.008999943 -0.003749966 0.00793296 0.008999943 -0.00356698 0.007749974 0.008999943 -0.004249989 0.00793296 0.008999943 -0.004999995 0.007927 0.008999943 -0.004432976 0.007749974 0.008999943 -0.004499971 0.007499992 0.008999943 -0.004999995 0.006499946 0.008999943 -0.004432976 0.007249951 0.008999943 -0.005133926 0.005999982 0.008999943 -0.003749966 0.007066965 0.008999943 -0.00292021 0.006567239 0.008999943 -0.003999948 0.006999969 0.008999943 -0.004776656 0.005612373 0.008999943 -0.004249989 0.007066965 0.008999943 -0.00356698 0.007249951 0.008999943 -0.003499984 0.007499992 0.008999943 -0.006865978 0.005999982 0.008999943 -0.006499946 0.00563395 0.008999943 -0.005999982 0.005499958 0.008999943 -0.005499958 0.00563395 0.008999943 -0.006999969 0.009934842 0.008999943 -0.006999969 0.009706914 0.008999943 -0.006999969 0.008545339 0.008999943 -0.006999969 0.008203089 0.008999943 -0.006999969 0.006898283 0.008999943 -0.006999969 0.006499946 0.008999943 -0.006999969 0.01340502 0.008999943 -0.006999969 0.01210951 0.008999943 0.006865978 0.005999982 0.008999943 0.01311016 -0.00476855 0.008999943 0.006499946 0.00563395 0.008999943 0.01194703 -0.005366802 0.008999943 0.005999982 0.005499958 0.008999943 0.005133926 0.005999982 0.008999943 0.004182994 0.006732165 0.008999943 0.004999995 0.006499946 0.008999943 0.004999995 0.007152378 0.008999943 0.005499958 0.00563395 0.008999943 0.002994179 0.01203888 0.008999943 0.003499984 0.01189994 0.008999943 0.00356698 0.01164996 0.008999943 0.004499971 0.01059997 0.008999943 0.004432976 0.01084995 0.008999943 0.004999995 0.01099896 0.008999943 0.004432976 0.01164996 0.008999943 0.004249989 0.01103299 0.008999943 0.004249989 0.01146697 0.008999943 0.003999948 0.01139998 0.008999943 0.003999948 0.01109999 0.008999943 0.003749966 0.01146697 0.008999943 0.003749966 0.01103299 0.008999943 0.00356698 0.01084995 0.008999943 0.004499971 0.01189994 0.008999943 0.004499971 0.01309996 0.008999943 0.004999995 0.01307058 0.008999943 0.006222486 0.01447492 0.008999943 0.005777478 0.01447492 0.008999943 0.006591022 0.01519381 0.008999943 0.005376458 0.0142818 0.008999943 0.006999969 0.007110595 0.008999943 0.006999969 0.008181095 0.008999943 0.006999969 0.009740054 0.008999943 0.006999969 0.0113362 0.008999943 0.008245706 0.01197695 0.008999943 0.006999969 0.01166981 0.008999943 0.008109986 0.01224076 0.008999943 0.006999969 0.01349997 0.008999943 0.007121801 0.014162 0.008999943 0.006900966 0.01393383 0.008999943 0.006623446 0.0142818 0.008999943 0.006999969 0.006499946 0.008999943 0.006865978 0.01699995 0.008999943 0.006323635 0.01896268 0.008999943 0.007300913 0.01706272 0.008999943 0.006999969 0.01649999 0.008999943 0.005133926 0.01599997 0.008999943 0.005499958 0.01563394 0.008999943 0.003487408 0.01393967 0.008999943 0.005999982 0.01549994 0.008999943 0.006451845 0.01546448 0.008999943 0.006499946 0.01563394 0.008999943 0.006865978 0.01599997 0.008999943 0.006499946 0.01736599 0.008999943 0.005999982 0.01749998 0.008999943 0.00500214 0.01828294 0.008999943 0.005499958 0.01736599 0.008999943 0.002037644 0.01675814 0.008999943 0.005133926 0.01699995 0.008999943 0.004999995 0.01649999 0.008999943 -0.006499946 0.01563394 0.008999943 -0.005999982 0.01549994 0.008999943 -0.005499958 0.01563394 0.008999943 -0.004585087 0.01464712 0.008999943 -0.005133926 0.003999948 0.008999943 -0.005499958 0.00436598 0.008999943 -0.004640936 0.005348563 0.008999943 -0.005999982 0.004499971 0.008999943 -0.006499946 0.00436598 0.008999943 -0.006865978 0.003999948 0.008999943 -0.005133926 0.002999961 0.008999943 -0.004999995 0.003499984 0.008999943 -0.003991723 0.004086315 0.008999943 -0.006865978 0.002999961 0.008999943 -0.006499946 0.002633929 0.008999943 -0.005999982 0.002499997 0.008999943 -0.005499958 0.002633929 0.008999943 -0.003357589 0.002853512 0.008999943 0.00356698 0.009149968 0.008999943 0.003749966 0.008966982 0.008999943 0.00354886 0.007964968 0.008999943 0.003999948 0.008899986 0.008999943 0.004767298 0.008591651 0.008999943 0.004999995 0.008139312 0.008999943 0.004999995 0.008711338 0.008999943 0.004999995 0.01064109 0.008999943 0.004999995 0.01030749 0.008999943 0.004499971 0.00939995 0.008999943 0.004432976 0.009149968 0.008999943 0.004249989 0.008966982 0.008999943 0.00311172 0.01099091 0.008999943 0.00291121 0.01108741 0.008999943 0.002688705 0.01108741 0.008999943 0.001775741 0.0114122 0.008999943 0.002488255 0.01099091 0.008999943 0.003250479 0.01081693 0.008999943 0.003299951 0.01059997 0.008999943 0.003499984 0.01059997 0.008999943 0.003499984 0.00939995 0.008999943 -0.003499984 0.01249998 0.008999943 -0.00356698 0.01274996 0.008999943 6.33374e-4 0.01363319 0.008999943 -0.00356698 0.01224994 0.008999943 -0.003080844 0.01172274 0.008999943 -0.004249989 0.01043295 0.008999943 -0.003999948 0.01049995 0.008999943 -0.003749966 0.01043295 0.008999943 -0.003999948 0.009499967 0.008999943 -0.003749966 0.009566962 0.008999943 -0.003844618 0.008521258 0.008999943 -0.004249989 0.009566962 0.008999943 -0.004375338 0.009553074 0.008999943 -0.004432976 0.009749948 0.008999943 -0.004514515 0.009823739 0.008999943 -0.004499971 0.00999999 0.008999943 -0.004432976 0.01024997 0.008999943 -0.002299964 0.00999999 0.008999943 -0.00236696 0.01024997 0.008999943 -0.001938462 0.009501695 0.008999943 -0.003232955 0.009749948 0.008999943 -0.002549946 0.01043295 0.008999943 -0.002799987 0.01049995 0.008999943 -0.002676367 0.01076924 0.008999943 -0.003049969 0.01043295 0.008999943 -0.003561496 0.01031398 0.008999943 -0.003232955 0.01024997 0.008999943 -0.003299951 0.00999999 0.008999943 -0.003049969 0.009566962 0.008999943 -0.002799987 0.009499967 0.008999943 -0.002006411 0.009466767 0.008999943 -0.002549946 0.009566962 0.008999943 -0.00236696 0.009749948 0.008999943 -0.003049969 0.00793296 0.008999943 -0.003232955 0.007749974 0.008999943 -0.002799987 0.007999956 0.008999943 -0.00236696 0.007249951 0.008999943 -0.001971244 0.007055342 0.008999943 -0.002549946 0.007066965 0.008999943 -0.002856433 0.006600081 0.008999943 -0.002799987 0.006999969 0.008999943 -0.002299964 0.007499992 0.008999943 -0.00236696 0.007749974 0.008999943 -0.002549946 0.00793296 0.008999943 -0.003299951 0.007499992 0.008999943 -0.003232955 0.007249951 0.008999943 -0.003049969 0.007066965 0.008999943 -0.001018226 0.00754553 0.008999943 -0.001099944 0.007499992 0.008999943 -0.001166939 0.007749974 0.008999943 -0.001849949 0.00793296 0.008999943 -0.001599967 0.007999956 0.008999943 -0.001349985 0.00793296 0.008999943 -0.001166939 0.007249951 0.008999943 -8.82532e-4 0.00728172 0.008999943 -0.001349985 0.007066965 0.008999943 -0.001767635 0.00682646 0.008999943 -0.001599967 0.006999969 0.008999943 -0.00209999 0.007499992 0.008999943 -0.002032995 0.007749974 0.008999943 0.004999995 0.01349997 0.008999943 0.00445044 0.01331692 0.008999943 0.005098998 0.01393383 0.008999943 0.00431174 0.01349091 0.008999943 0.00411123 0.01358741 0.008999943 0.003888726 0.01358741 0.008999943 0.003626585 0.01366901 0.008999943 0.003688216 0.01349091 0.008999943 0.002463459 0.01307076 0.008999943 0.003549456 0.01331692 0.008999943 0.003499984 0.01309996 0.008999943 -1.65374e-4 0.006054461 0.008999943 0.002799987 0.008899986 0.008999943 0.003049969 0.008966982 0.008999943 0.003232955 0.009149968 0.008999943 0.003299951 0.00939995 0.008999943 0.002349495 0.01081693 0.008999943 0.002299964 0.01059997 0.008999943 0.002299964 0.00939995 0.008999943 0.00236696 0.009149968 0.008999943 -0.003749966 0.01293301 0.008999943 -0.004058122 0.0136227 0.008999943 -3.43887e-4 0.01553314 0.008999943 8.74544e-4 0.01615989 0.008999943 0.001851797 0.01425993 0.008999943 0.003014922 0.01485818 0.008999943 -0.002537131 0.01049858 0.008999943 -0.002469182 0.01053357 0.008999943 0.001245021 0.01244401 0.008999943 -0.002608418 0.01080417 0.008999943 0.001105785 0.01271468 0.008999943 0.002324223 0.01334136 0.008999943 -0.00278449 0.006303429 0.008999943 -0.002135276 0.005041241 0.008999943 -0.002720713 0.006336212 0.008999943 -0.002071499 0.005074024 0.008999943 -0.001835584 0.006791532 0.008999943 -0.001186311 0.005529284 0.008999943 -0.001118421 0.005564272 0.008999943 -2.33304e-4 0.006019532 0.008999943 -0.001501202 0.003808438 0.008999943 -0.001437366 0.003841221 0.008999943 -5.52269e-4 0.004296541 0.008999943 -4.84339e-4 0.004331469 0.008999943 4.00797e-4 0.004786729 0.008999943 4.68727e-4 0.004821658 0.008999943 0.009807169 0.01039999 0.009799957 0.0097 0.00999999 0.009799957 0.009754538 0.009709537 0.009799957 0.009807169 0.009599983 0.009799957 0.01009994 0.009307146 0.009799957 0.01049995 0.009199976 0.009799957 0.01089996 0.009307146 0.009799957 0.01119279 0.009599983 0.009799957 0.01129996 0.00999999 0.009799957 0.01119279 0.01039999 0.009799957 0.01089996 0.01069277 0.009799957 0.01049995 0.0108 0.009799957 0.01009994 0.01069277 0.009799957 -0.01119279 0.01039999 0.009799957 -0.01129996 0.00999999 0.009799957 -0.01124536 0.009709537 0.009799957 -0.01119279 0.009599983 0.009799957 -0.01089996 0.009307146 0.009799957 -0.01049995 0.009199976 0.009799957 -0.01009994 0.009307146 0.009799957 -0.009807169 0.009599983 0.009799957 -0.0097 0.00999999 0.009799957 -0.009807169 0.01039999 0.009799957 -0.01009994 0.01069277 0.009799957 -0.01049995 0.0108 0.009799957 -0.01089996 0.01069277 0.009799957 -0.006999969 0.01349997 0.009799957 -0.006999969 0.006499946 0.009799957 -0.004999995 0.01349997 0.009799957 -0.004999995 0.006499946 0.009799957 0.004999995 0.006499946 0.009799957 0.004999995 0.01349997 0.009799957 0.006999969 0.006499946 0.009799957 0.006999969 0.01349997 0.009799957 0.005098998 0.01393383 0.009799957 0.005376458 0.0142818 0.009799957 0.005777478 0.01447492 0.009799957 0.006222486 0.01447492 0.009799957 0.006623446 0.0142818 0.009799957 0.006900966 0.01393383 0.009799957 0.006865978 0.005999982 0.009799957 0.006499946 0.00563395 0.009799957 0.005999982 0.005499958 0.009799957 0.005499958 0.00563395 0.009799957 0.005133926 0.005999982 0.009799957 -0.005133926 0.005999982 0.009799957 -0.005499958 0.00563395 0.009799957 -0.005999982 0.005499958 0.009799957 -0.006499946 0.00563395 0.009799957 -0.006865978 0.005999982 0.009799957 -0.006865978 0.01399999 0.009799957 -0.006499946 0.01436597 0.009799957 -0.005999982 0.01449996 0.009799957 -0.005499958 0.01436597 0.009799957 -0.005133926 0.01399999 0.009799957 0.005999982 0.01749998 0.009499967 0.006499946 0.01736599 0.009499967 0.006865978 0.01699995 0.009499967 0.006999969 0.01649999 0.009499967 0.006865978 0.01599997 0.009499967 0.006499946 0.01563394 0.009499967 0.005999982 0.01549994 0.009499967 0.005499958 0.01563394 0.009499967 0.005133926 0.01599997 0.009499967 0.004999995 0.01649999 0.009499967 0.005133926 0.01699995 0.009499967 0.005499958 0.01736599 0.009499967 0.005999982 0.01649999 0.009499967 -0.005999982 0.01749998 0.009499967 -0.005499958 0.01736599 0.009499967 -0.005133926 0.01699995 0.009499967 -0.004999995 0.01649999 0.009499967 -0.005133926 0.01599997 0.009499967 -0.005499958 0.01563394 0.009499967 -0.005999982 0.01549994 0.009499967 -0.006499946 0.01563394 0.009499967 -0.006865978 0.01599997 0.009499967 -0.006999969 0.01649999 0.009499967 -0.006865978 0.01699995 0.009499967 -0.006499946 0.01736599 0.009499967 -0.005999982 0.01649999 0.009499967 -0.005999982 0.004499971 0.009499967 -0.005499958 0.00436598 0.009499967 -0.005133926 0.003999948 0.009499967 -0.004999995 0.003499984 0.009499967 -0.005133926 0.002999961 0.009499967 -0.005499958 0.002633929 0.009499967 -0.005999982 0.002499997 0.009499967 -0.006499946 0.002633929 0.009499967 -0.006865978 0.002999961 0.009499967 -0.006999969 0.003499984 0.009499967 -0.006865978 0.003999948 0.009499967 -0.006499946 0.00436598 0.009499967 -0.005999982 0.003499984 0.009499967 0.003499984 0.01059997 0.009499967 0.00356698 0.01084995 0.009499967 0.003749966 0.01103299 0.009499967 0.003999948 0.01109999 0.009499967 0.004249989 0.01103299 0.009499967 0.004432976 0.01084995 0.009499967 0.004499971 0.01059997 0.009499967 0.003499984 0.00939995 0.009499967 0.004499971 0.00939995 0.009499967 0.004432976 0.009149968 0.009499967 0.004249989 0.008966982 0.009499967 0.003999948 0.008899986 0.009499967 0.003749966 0.008966982 0.009499967 0.00356698 0.009149968 0.009499967 -0.003999948 0.01299995 0.009499967 -0.003749966 0.01293301 0.009499967 -0.00356698 0.01274996 0.009499967 -0.003499984 0.01249998 0.009499967 -0.00356698 0.01224994 0.009499967 -0.003749966 0.01206696 0.009499967 -0.003999948 0.01199996 0.009499967 -0.004249989 0.01206696 0.009499967 -0.004432976 0.01224994 0.009499967 -0.004499971 0.01249998 0.009499967 -0.004432976 0.01274996 0.009499967 -0.004249989 0.01293301 0.009499967 -0.003999948 0.01249998 0.009499967 -0.003999948 0.01049995 0.009499967 -0.003749966 0.01043295 0.009499967 -0.00356698 0.01024997 0.009499967 -0.003499984 0.00999999 0.009499967 -0.00356698 0.009749948 0.009499967 -0.003749966 0.009566962 0.009499967 -0.003999948 0.009499967 0.009499967 -0.004249989 0.009566962 0.009499967 -0.004432976 0.009749948 0.009499967 -0.004499971 0.00999999 0.009499967 -0.004432976 0.01024997 0.009499967 -0.004249989 0.01043295 0.009499967 -0.003999948 0.00999999 0.009499967 -0.002799987 0.01049995 0.009499967 -0.002549946 0.01043295 0.009499967 -0.00236696 0.01024997 0.009499967 -0.002299964 0.00999999 0.009499967 -0.00236696 0.009749948 0.009499967 -0.002549946 0.009566962 0.009499967 -0.002799987 0.009499967 0.009499967 -0.003049969 0.009566962 0.009499967 -0.003232955 0.009749948 0.009499967 -0.003299951 0.00999999 0.009499967 -0.003232955 0.01024997 0.009499967 -0.003049969 0.01043295 0.009499967 -0.002799987 0.00999999 0.009499967 -0.003999948 0.007999956 0.009499967 -0.003749966 0.00793296 0.009499967 -0.00356698 0.007749974 0.009499967 -0.003499984 0.007499992 0.009499967 -0.00356698 0.007249951 0.009499967 -0.003749966 0.007066965 0.009499967 -0.003999948 0.006999969 0.009499967 -0.004249989 0.007066965 0.009499967 -0.004432976 0.007249951 0.009499967 -0.004499971 0.007499992 0.009499967 -0.004432976 0.007749974 0.009499967 -0.004249989 0.00793296 0.009499967 -0.003999948 0.007499992 0.009499967 -0.002799987 0.007999956 0.009499967 -0.002549946 0.00793296 0.009499967 -0.00236696 0.007749974 0.009499967 -0.002299964 0.007499992 0.009499967 -0.00236696 0.007249951 0.009499967 -0.002549946 0.007066965 0.009499967 -0.002799987 0.006999969 0.009499967 -0.003049969 0.007066965 0.009499967 -0.003232955 0.007249951 0.009499967 -0.003299951 0.007499992 0.009499967 -0.003232955 0.007749974 0.009499967 -0.003049969 0.00793296 0.009499967 -0.002799987 0.007499992 0.009499967 -0.001599967 0.007999956 0.009499967 -0.001349985 0.00793296 0.009499967 -0.001166939 0.007749974 0.009499967 -0.001099944 0.007499992 0.009499967 -0.001166939 0.007249951 0.009499967 -0.001349985 0.007066965 0.009499967 -0.001599967 0.006999969 0.009499967 -0.001849949 0.007066965 0.009499967 -0.002032995 0.007249951 0.009499967 -0.00209999 0.007499992 0.009499967 -0.002032995 0.007749974 0.009499967 -0.001849949 0.00793296 0.009499967 -0.001599967 0.007499992 0.009499967 0.003499984 0.01309996 0.009499967 0.003549456 0.01331692 0.009499967 0.003688216 0.01349091 0.009499967 0.003888726 0.01358741 0.009499967 0.00411123 0.01358741 0.009499967 0.00431174 0.01349091 0.009499967 0.00445044 0.01331692 0.009499967 0.004499971 0.01309996 0.009499967 0.003499984 0.01189994 0.009499967 0.004499971 0.01189994 0.009499967 0.004432976 0.01164996 0.009499967 0.004249989 0.01146697 0.009499967 0.003999948 0.01139998 0.009499967 0.003749966 0.01146697 0.009499967 0.00356698 0.01164996 0.009499967 0.002299964 0.01059997 0.009499967 0.002349495 0.01081693 0.009499967 0.002488255 0.01099091 0.009499967 0.002688705 0.01108741 0.009499967 0.00291121 0.01108741 0.009499967 0.00311172 0.01099091 0.009499967 0.003250479 0.01081693 0.009499967 0.003299951 0.01059997 0.009499967 0.002299964 0.00939995 0.009499967 0.003299951 0.00939995 0.009499967 0.003232955 0.009149968 0.009499967 0.003049969 0.008966982 0.009499967 0.002799987 0.008899986 0.009499967 0.002549946 0.008966982 0.009499967 0.00236696 0.009149968 0.009499967 -0.01049995 0.00999999 0.009799957 0.01049995 0.00999999 0.009799957 0.0349369 -0.001999974 0.03129994 0 0 0.0478 0 0.03499996 0.0478 0.02849823 -0.004999995 0.0223 0.02849823 -0.005120158 0.02344352 0.02849823 -0.006050348 0.02553278 0.02849823 -0.007749974 0.02706313 0.02849823 -0.009925067 0.02776986 0.02849823 -0.01219958 0.02753078 0.02849823 -0.005120158 0.02115648 0.02849823 -0.006050348 0.01906716 0.02849823 -0.007749974 0.01753681 0.02849823 -0.009925067 0.01683008 0.02849823 -0.01219958 0.01706916 0.02849823 -0.01418018 0.01821267 0.02849823 -0.01552444 0.02006292 0.02849823 -0.01599997 0.0223 0.02849823 -0.01552444 0.02453702 0.02849823 -0.01418018 0.02638727 0.0354982 -0.00793296 0.02254998 0.0354982 -0.007749974 0.02273297 0.0354982 -0.007933378 0.02277594 0.0354982 -0.01305431 0.02417129 0.0354982 -0.0131213 0.02442127 0.0354982 -0.01355111 0.02403962 0.0354982 -0.00999999 0.0223 0.0354982 -0.01006698 0.02204996 0.0354982 -0.009855628 0.02185416 0.0354982 -0.008878648 0.02017867 0.0354982 -0.008811652 0.02042865 0.0354982 -0.008906662 0.02054053 0.0354982 -0.006401658 0.02218323 0.0354982 -0.006527066 0.02225947 0.0354982 -0.007206022 0.02176898 0.0354982 -0.006399989 0.02229434 0.0354982 -0.007254421 0.02326637 0.0354982 -0.006410837 0.02259832 0.0354982 -0.007052958 0.02451992 0.0354982 -0.008378624 0.02492129 0.0354982 -0.008128643 0.0248543 0.0354982 -0.007681608 0.02527767 0.0354982 -0.009253144 0.02620577 0.0354982 -0.009266495 0.02621001 0.0354982 -0.009290039 0.02608436 0.0354982 -0.01033049 0.02639645 0.0354982 -0.01224464 0.02601027 0.0354982 -0.0117731 0.02532398 0.0354982 -0.01107954 0.02582496 0.0354982 -0.01246315 0.02589941 0.0354982 -0.01269 0.02576607 0.0354982 -0.01216012 0.02504438 0.0354982 -0.009904801 0.01824337 0.0354982 -0.009455382 0.01833528 0.0354982 -0.009904801 0.01898038 0.0354982 -0.008763194 0.01858597 0.0354982 -0.009931623 0.01908034 0.0354982 -0.01102507 0.02054268 0.0354982 -0.01089513 0.01918035 0.0354982 -0.01029765 0.01953572 0.0354982 -0.01010483 0.01918035 0.0354982 -0.01099514 0.01915353 0.0354982 -0.01162666 0.0201081 0.0354982 -0.01106834 0.01908034 0.0354982 -0.01304274 0.01908373 0.0354982 -0.0110951 0.01898038 0.0354982 -0.01296484 0.01902365 0.0354982 -0.0110951 0.01824337 0.0354982 -0.01184821 0.02041476 0.0354982 -0.01212131 0.02017867 0.0354982 -0.01218825 0.01992863 0.0354982 -0.0123713 0.01974564 0.0354982 -0.01262128 0.01967865 0.0354982 -0.0133332 0.0193364 0.0354982 -0.01287132 0.01974564 0.0354982 -0.01305431 0.01992863 0.0354982 -0.01396703 0.0201115 0.0354982 -0.0131213 0.02017867 0.0354982 -0.01305431 0.02042865 0.0354982 -0.01287132 0.02061164 0.0354982 -0.01262128 0.02067863 0.0354982 -0.01243376 0.02122539 0.0354982 -0.0123713 0.02061164 0.0354982 -0.01218825 0.02042865 0.0354982 -0.01299995 0.0223 0.0354982 -0.01306694 0.02204996 0.0354982 -0.01271331 0.0216124 0.0354982 -0.01324999 0.02186697 0.0354982 -0.01423269 0.02060389 0.0354982 -0.01420134 0.02053642 0.0354982 -0.01349997 0.02179998 0.0354982 -0.01399999 0.0223 0.0354982 -0.01458913 0.02259832 0.0354982 -0.013933 0.02204996 0.0354982 -0.01374995 0.02186697 0.0354982 -0.0141527 0.02360504 0.0354982 -0.01394701 0.02451992 0.0354982 -0.01392447 0.02455443 0.0354982 -0.01347064 0.0251258 0.0354982 -0.01305431 0.02467131 0.0354982 -0.01287132 0.0248543 0.0354982 -0.01262128 0.02492129 0.0354982 -0.01049995 0.02639997 0.0354982 -0.01054602 0.02639973 0.0354982 -0.01045948 0.02627289 0.0354982 -0.01137095 0.02630639 0.0354982 -0.008536756 0.02589941 0.0354982 -0.00884211 0.02546429 0.0354982 -0.008378982 0.02580875 0.0354982 -0.007347822 0.02492177 0.0354982 -0.008378624 0.02067863 0.0354982 -0.008128643 0.02061164 0.0354982 -0.007826149 0.02132105 0.0354982 -0.006982445 0.02019351 0.0354982 -0.006767213 0.02060389 0.0354982 -0.006599903 0.02103531 0.0354982 -0.007945656 0.02042865 0.0354982 -0.007878661 0.02017867 0.0354982 -0.00751841 0.01948565 0.0354982 -0.007945656 0.01992863 0.0354982 -0.00788331 0.01914352 0.0354982 -0.008628666 0.01974564 0.0354982 -0.008811652 0.01992863 0.0354982 -0.009717285 0.01995497 0.0354982 -0.008128643 0.01974564 0.0354982 -0.008378624 0.01967865 0.0354982 -0.008035063 0.01902365 0.0354982 -0.01000481 0.01915353 0.0354982 -0.01074999 0.02573299 0.0354982 -0.00999999 0.02529996 0.0354982 -0.009521067 0.0249738 0.0354982 -0.01006698 0.02554994 0.0354982 -0.009968996 0.02559393 0.0354982 -0.01024997 0.02573299 0.0354982 -0.01049995 0.02579998 0.0354982 -0.01024997 0.02486693 0.0354982 -0.01049995 0.0248 0.0354982 -0.01083469 0.0240249 0.0354982 -0.01074999 0.02486693 0.0354982 -0.01128262 0.02464497 0.0354982 -0.01093298 0.02504998 0.0354982 -0.01099997 0.02529996 0.0354982 -0.01093298 0.02554994 0.0354982 -0.009468615 0.0221337 0.0354982 -0.01005417 0.02294433 0.0354982 -0.01006698 0.02254998 0.0354982 -0.01033371 0.02333134 0.0354982 -0.01049995 0.02279996 0.0354982 -0.01024997 0.02273297 0.0354982 -0.01153135 0.02246624 0.0354982 -0.0112518 0.02207922 0.0354982 -0.01099997 0.0223 0.0354982 -0.01093298 0.02254998 0.0354982 -0.01074999 0.02273297 0.0354982 -0.01072072 0.02305179 0.0354982 -0.01024997 0.02186697 0.0354982 -0.01049995 0.02179998 0.0354982 -0.01066625 0.0212686 0.0354982 -0.01074999 0.02186697 0.0354982 -0.01093298 0.02204996 0.0354982 -0.01262128 0.02392131 0.0354982 -0.01287132 0.0239883 0.0354982 -0.01306062 0.02336061 0.0354982 -0.0123713 0.0248543 0.0354982 -0.01218825 0.02467131 0.0354982 -0.01166963 0.02436542 0.0354982 -0.01212131 0.02442127 0.0354982 -0.01218825 0.02417129 0.0354982 -0.013933 0.02254998 0.0354982 -0.01374995 0.02273297 0.0354982 -0.01366227 0.02292603 0.0354982 -0.01349997 0.02279996 0.0354982 -0.01324999 0.02273297 0.0354982 -0.0126127 0.02274054 0.0354982 -0.01306694 0.02254998 0.0354982 -0.01211172 0.02204698 0.0354982 -0.008628666 0.0248543 0.0354982 -0.008811652 0.02467131 0.0354982 -0.008740544 0.02389323 0.0354982 -0.008811652 0.02417129 0.0354982 -0.00902009 0.02428025 0.0354982 -0.008878648 0.02442127 0.0354982 -0.007878661 0.02442127 0.0354982 -0.007945656 0.02417129 0.0354982 -0.007475972 0.0235731 0.0354982 -0.008128643 0.0239883 0.0354982 -0.008154928 0.02308261 0.0354982 -0.008378624 0.02392131 0.0354982 -0.008628666 0.0239883 0.0354982 -0.007499992 0.02279996 0.0354982 -0.007249951 0.02273297 0.0354982 -0.007066965 0.02254998 0.0354982 -0.006999969 0.0223 0.0354982 -0.007066965 0.02204996 0.0354982 -0.007249951 0.02186697 0.0354982 -0.007499992 0.02179998 0.0354982 -0.007749974 0.02186697 0.0354982 -0.008553504 0.02232801 0.0354982 -0.00793296 0.02204996 0.0354982 -0.007999956 0.0223 0.0354982 -0.0104447 0.02096188 0.0354982 -0.009634077 0.02154743 0.0354982 -0.008628666 0.02061164 0.0354982 -0.008519649 0.02082008 0.0354982 -0.009247064 0.02182704 0.0354982 -0.007945656 0.02467131 0.0354982 -0.01124656 0.02084934 0.0354982 -0.01183217 0.02165997 0.0354982 -0.008775055 0.02263468 0.0354982 -0.009360611 0.02344536 0.0354982 -0.009640157 0.02383238 0.0354982 -0.01014113 0.02452588 0.0354982 -0.01006698 0.02504998 0.0354982 -0.01203233 0.0231598 0.0354982 -0.01248025 0.02377986 0.0354982 -0.0123713 0.0239883 0.0354982 -0.0112217 0.02374535 0.02849823 -0.01104241 0.02676719 0.02849823 -0.01305627 0.02600342 0.02849823 -0.01448452 0.02439123 0.02849823 -0.01499998 0.0223 0.02849823 -0.01448452 0.02020871 0.02849823 -0.01305627 0.01859652 0.02849823 -0.01104241 0.01783281 0.02849823 -0.008904278 0.01809239 0.02849823 -0.007131695 0.01931589 0.02849823 -0.006130754 0.02122306 0.02849823 -0.005999982 0.0223 0.02849823 -0.006130754 0.02337688 0.02849823 -0.007131695 0.02528405 0.02849823 -0.008904278 0.02650755 0.0354982 -0.008904278 0.01809239 0.0354982 -0.009904801 0.01783949 0.03349822 -0.009904801 0.01783949 0.03349822 -0.0110951 0.01783949 0.03349822 -0.01104241 0.01783281 0.0354982 -0.007131695 0.01931589 0.0354982 -0.006130754 0.02122306 0.0354982 -0.006130754 0.02337688 0.0354982 -0.007131695 0.02528405 0.0354982 -0.008904278 0.02650755 0.0354982 -0.01104241 0.02676719 0.0354982 -0.01305627 0.02600342 0.0354982 -0.01448452 0.02439123 0.0354982 -0.01499998 0.0223 0.0354982 -0.01448452 0.02020871 0.0354982 -0.01305627 0.01859652 0.0354982 -0.0110951 0.01783949 0.0354982 -0.008069157 0.01875299 0.0354982 -0.009904801 0.01804137 0.0354982 -0.0110951 0.01804137 0.0354982 -0.01293081 0.01875299 0.0354982 -0.01425689 0.02020823 0.0354982 -0.01479542 0.02210199 0.0354982 -0.01443344 0.02403724 0.0354982 -0.01324683 0.0256083 0.0354982 -0.01148438 0.0264858 0.0354982 -0.009515583 0.0264858 0.0354982 -0.007753133 0.0256083 0.0354982 -0.006566524 0.02403724 0.0354982 -0.006204545 0.02210199 0.0354982 -0.006743013 0.02020823 0.0304982 -0.00999999 0.02529996 0.0304982 -0.01006698 0.02554994 0.0304982 -0.01024997 0.02573299 0.0304982 -0.01049995 0.02579998 0.0304982 -0.01074999 0.02573299 0.0304982 -0.01093298 0.02554994 0.0304982 -0.01099997 0.02529996 0.0304982 -0.01093298 0.02504998 0.0304982 -0.01074999 0.02486693 0.0304982 -0.01049995 0.0248 0.0304982 -0.01024997 0.02486693 0.0304982 -0.01006698 0.02504998 0.0304982 -0.01049995 0.02529996 0.0304982 -0.00999999 0.0223 0.0304982 -0.01006698 0.02254998 0.0304982 -0.01024997 0.02273297 0.0304982 -0.01049995 0.02279996 0.0304982 -0.01074999 0.02273297 0.0304982 -0.01093298 0.02254998 0.0304982 -0.01099997 0.0223 0.0304982 -0.01093298 0.02204996 0.0304982 -0.01074999 0.02186697 0.0304982 -0.01049995 0.02179998 0.0304982 -0.01024997 0.02186697 0.0304982 -0.01006698 0.02204996 0.0304982 -0.01049995 0.0223 0.0304982 -0.01212131 0.02442127 0.0304982 -0.01218825 0.02467131 0.0304982 -0.0123713 0.0248543 0.0304982 -0.01262128 0.02492129 0.0304982 -0.01287132 0.0248543 0.0304982 -0.01305431 0.02467131 0.0304982 -0.0131213 0.02442127 0.0304982 -0.01305431 0.02417129 0.0304982 -0.01287132 0.0239883 0.0304982 -0.01262128 0.02392131 0.0304982 -0.0123713 0.0239883 0.0304982 -0.01218825 0.02417129 0.0304982 -0.01262128 0.02442127 0.0304982 -0.01299995 0.0223 0.0304982 -0.01306694 0.02254998 0.0304982 -0.01324999 0.02273297 0.0304982 -0.01349997 0.02279996 0.0304982 -0.01374995 0.02273297 0.0304982 -0.013933 0.02254998 0.0304982 -0.01399999 0.0223 0.0304982 -0.013933 0.02204996 0.0304982 -0.01374995 0.02186697 0.0304982 -0.01349997 0.02179998 0.0304982 -0.01324999 0.02186697 0.0304982 -0.01306694 0.02204996 0.0304982 -0.01349997 0.0223 0.0304982 -0.01212131 0.02017867 0.0304982 -0.01218825 0.02042865 0.0304982 -0.0123713 0.02061164 0.0304982 -0.01262128 0.02067863 0.0304982 -0.01287132 0.02061164 0.0304982 -0.01305431 0.02042865 0.0304982 -0.0131213 0.02017867 0.0304982 -0.01305431 0.01992863 0.0304982 -0.01287132 0.01974564 0.0304982 -0.01262128 0.01967865 0.0304982 -0.0123713 0.01974564 0.0304982 -0.01218825 0.01992863 0.0304982 -0.01262128 0.02017867 0.0304982 -0.007878661 0.02442127 0.0304982 -0.007945656 0.02467131 0.0304982 -0.008128643 0.0248543 0.0304982 -0.008378624 0.02492129 0.0304982 -0.008628666 0.0248543 0.0304982 -0.008811652 0.02467131 0.0304982 -0.008878648 0.02442127 0.0304982 -0.008811652 0.02417129 0.0304982 -0.008628666 0.0239883 0.0304982 -0.008378624 0.02392131 0.0304982 -0.008128643 0.0239883 0.0304982 -0.007945656 0.02417129 0.0304982 -0.008378624 0.02442127 0.0304982 -0.006999969 0.0223 0.0304982 -0.007066965 0.02254998 0.0304982 -0.007249951 0.02273297 0.0304982 -0.007499992 0.02279996 0.0304982 -0.007749974 0.02273297 0.0304982 -0.00793296 0.02254998 0.0304982 -0.007999956 0.0223 0.0304982 -0.00793296 0.02204996 0.0304982 -0.007749974 0.02186697 0.0304982 -0.007499992 0.02179998 0.0304982 -0.007249951 0.02186697 0.0304982 -0.007066965 0.02204996 0.0304982 -0.007499992 0.0223 0.0304982 -0.007878661 0.02017867 0.0304982 -0.007945656 0.02042865 0.0304982 -0.008128643 0.02061164 0.0304982 -0.008378624 0.02067863 0.0304982 -0.008628666 0.02061164 0.0304982 -0.008811652 0.02042865 0.0304982 -0.008878648 0.02017867 0.0304982 -0.008811652 0.01992863 0.0304982 -0.008628666 0.01974564 0.0304982 -0.008378624 0.01967865 0.0304982 -0.008128643 0.01974564 0.0304982 -0.007945656 0.01992863 0.0304982 -0.008378624 0.02017867 0.03349822 -0.0110951 0.01898038 0.03349822 -0.009931623 0.01908034 0.03349822 -0.01000481 0.01915353 0.03349822 -0.009904801 0.01898038 0.03349822 -0.01010483 0.01918035 0.03349822 -0.01089513 0.01918035 0.03349822 -0.01099514 0.01915353 0.03349822 -0.01106834 0.01908034 0.03449821 -0.009904801 0.01804137 0.03449821 -0.009904801 0.01824337 0.03449821 -0.0110951 0.01804137 0.03449821 -0.0110951 0.01824337 0.03449821 -0.008069157 0.01875299 0.03449821 -0.006743013 0.02020823 0.03449821 -0.006204545 0.02210199 0.03449821 -0.006566524 0.02403724 0.03449821 -0.007753133 0.0256083 0.03449821 -0.009515583 0.0264858 0.03449821 -0.01148438 0.0264858 0.03449821 -0.01324683 0.0256083 0.03449821 -0.01443344 0.02403724 0.03449821 -0.01479542 0.02210199 0.03449821 -0.01425689 0.02020823 0.03449821 -0.01293081 0.01875299 0.03449821 -0.008035063 0.01902365 0.03449821 -0.006767213 0.02060389 0.03449821 -0.01296484 0.01902365 0.03449821 -0.01423269 0.02060389 0.03449821 -0.01458913 0.02259832 0.03449821 -0.01394701 0.02451992 0.03449821 -0.01246315 0.02589941 0.03449821 -0.01049995 0.02639997 0.03449821 -0.008536756 0.02589941 0.03449821 -0.007052958 0.02451992 0.03449821 -0.006410837 0.02259832 0.03446614 -0.005989491 0.03129994 0.02992272 -0.01805567 0.03454995 0.02955007 -0.01865613 0.03444099 0.0294606 -0.01879626 0.03390669 0.02945822 -0.01879996 0.03379994 0.03002709 -0.01788252 0.03518223 0.02976149 -0.01831877 0.0349009 0.0332753 -0.01075142 0.03129994 0.03142994 -0.01529991 0.03129994 0.02945822 -0.01879996 0.03129994 0.03361821 0.01589995 0.0309 0.03361821 0.01589995 0.01419997 0.03361821 -2e-4 0.0309 0.03361821 -2e-4 0.01419997 0.03361821 0.005389988 0.01419997 0.02361822 0.005389988 0.01419997 0.02361822 0.01030999 0.01419997 0.03361821 0.01030999 0.01419997 0.03361821 0.005389988 0.01558995 0.03361821 0.01314997 0.02392995 0.03361821 0.01314997 0.02221995 0.03361821 0.01424998 0.02392995 0.03361821 0.01424998 0.02221995 0.03361821 0.01030999 0.01558995 0.03361821 0.01424998 0.01558995 0.03361821 0.001449942 0.01558995 0.03361821 0.001449942 0.02221995 0.03361821 0.002549946 0.02221995 0.03361821 0.002549946 0.02392995 0.03361821 0.001449942 0.02392995 0.03361821 0.001449942 0.02566999 0.03361821 0.01424998 0.02566999 0.02361822 0.005389988 0.01558995 0.02361822 0.01424998 0.01558995 0.02361822 0.01424998 0.02221995 0.02361822 0.01030999 0.01558995 0.02361822 0.01314997 0.02221995 0.02361822 0.001449942 0.02221995 0.02361822 0.001449942 0.01558995 0.02361822 0.002549946 0.02221995 0.02361822 0.01424998 0.02392995 0.02361822 0.01424998 0.02566999 0.02361822 0.01314997 0.02392995 0.02361822 0.001449942 0.02566999 0.02361822 0.002549946 0.02392995 0.02361822 0.001449942 0.02392995 0.02424865 -0.01399999 0.004499971 0 0.02799999 0.004499971 0 0.02799999 0.006499946 0 0.02799999 0.002499997 -0.02424865 -0.01399999 0.004499971 0.02749997 -0.004049956 0.03416597 0.02749997 -0.003683924 0.03379994 0.02749997 -0.00454998 0.03329998 0.02749997 -0.003549993 0.03329998 0.02749997 -0.003683924 0.03279995 0.02749997 -0.005415976 0.03379994 0.02749997 -0.005049943 0.03416597 0.02749997 -0.00454998 0.03429996 0.02749997 -0.005049943 0.03243392 0.02749997 -0.005415976 0.03279995 0.02749997 -0.005549967 0.03329998 0.02749997 -0.004049956 0.03243392 0.02749997 -0.00454998 0.03229999 0.02249997 -0.005049943 0.03416597 0.02249997 -0.00454998 0.03429996 0.02249997 -0.00449723 0.03429859 0.02249997 -0.004049956 0.03416597 0.02249997 -0.003683924 0.03379994 0.02249997 -0.003549993 0.03329998 0.02249997 -0.003683924 0.03279995 0.02249997 -0.004049956 0.03243392 0.02249997 -0.00454998 0.03229999 0.02249997 -0.005049943 0.03243392 0.02249997 -0.005415976 0.03279995 0.02249997 -0.005549967 0.03329998 0.02249997 -0.005415976 0.03379994 0.02249997 -0.00454998 0.03329998 0.02549999 -0.008049964 0.03416597 0.02549999 -0.007683932 0.03379994 0.02549999 -0.008549988 0.03329998 0.02549999 -0.007549941 0.03329998 0.02549999 -0.007683932 0.03279995 0.02549999 -0.009415984 0.03379994 0.02549999 -0.009049952 0.03416597 0.02549999 -0.008549988 0.03429996 0.02549999 -0.009049952 0.03243392 0.02549999 -0.009415984 0.03279995 0.02549999 -0.009549975 0.03329998 0.02549999 -0.008049964 0.03243392 0.02549999 -0.008549988 0.03229999 0.02249997 -0.009049952 0.03416597 0.02249997 -0.008549988 0.03429996 0.02249997 -0.008497238 0.03429859 0.02249997 -0.008049964 0.03416597 0.02249997 -0.007683932 0.03379994 0.02249997 -0.007549941 0.03329998 0.02249997 -0.007683932 0.03279995 0.02249997 -0.008049964 0.03243392 0.02249997 -0.008549988 0.03229999 0.02249997 -0.009049952 0.03243392 0.02249997 -0.009415984 0.03279995 0.02249997 -0.009549975 0.03329998 0.02249997 -0.009415984 0.03379994 0.02249997 -0.008549988 0.03329998 -0.001849949 -0.008499979 0.05295997 -0.001926064 -0.008882641 0.05295997 0.002349972 -0.009365975 0.05295997 0.002849996 -0.009499967 0.05295997 -0.02974998 -0.009365975 0.05295997 -0.03011602 -0.008999943 0.05295997 -0.03055 -0.009599983 0.05295997 -0.002142846 -0.009207069 0.05295997 -0.002467274 -0.009423851 0.05295997 -0.002849996 -0.009499967 0.05295997 0.02924996 -0.009499967 0.05295997 0.03055 -0.009599983 0.05295997 0.02974998 -0.009365975 0.05295997 0.03011602 -0.008999943 0.05295997 -0.001849949 0.008499979 0.05295997 0.001926064 0.008882641 0.05295997 -0.00198394 0.008999943 0.05295997 0.002142846 0.009207069 0.05295997 -0.02924996 -0.009499967 0.05295997 0.00198394 -0.008999943 0.05295997 0.001849949 -0.008499979 0.05295997 0.001849949 0.008499979 0.05295997 -0.03024995 -0.008499979 0.05295997 -0.03024995 0.008499979 0.05295997 -0.03055 0.009599983 0.05295997 -0.03011602 0.008999943 0.05295997 -0.02974998 0.009365975 0.05295997 -0.02924996 0.009499967 0.05295997 0.03055 0.009599983 0.05295997 0.02963268 0.009423851 0.05295997 0.02995705 0.009207069 0.05295997 0.002467274 0.009423851 0.05295997 0.002849996 0.009499967 0.05295997 -0.002349972 0.009365975 0.05295997 -0.002849996 0.009499967 0.05295997 0.03017383 0.008882641 0.05295997 0.03024995 0.008499979 0.05295997 0.03024995 -0.008499979 0.05295997 0.02924996 0.009499967 0.05295997 0.03288924 0.01197069 0.06875997 0.0317614 0.0147041 0.06875997 0.03186726 0.01431119 0.06875997 0.0317614 -0.0147041 0.06875997 0.03288924 -0.01197069 0.06875997 0.03186726 -0.01431119 0.06875997 0.03180044 -0.0137906 0.06875997 0.03249996 -8.66025e-4 0.06875997 0.03055 -0.009599983 0.06875997 0.03299999 -0.000999987 0.06875997 0.03349995 -8.66025e-4 0.06875997 0.03446823 -0.006077647 0.06875997 0.03386598 -5e-4 0.06875997 0.03499996 0 0.06875997 0.03399997 0 0.06875997 0.03180044 0.0137906 0.06875997 0.0315178 0.01334834 0.06875997 0.03055 0.009599983 0.06875997 0.02599996 0.01179999 0.06875997 0.02599996 0.01119995 0.06875997 0.02590864 0.01074075 0.06875997 0.02564853 0.01035141 0.06875997 0.02525919 0.0100913 0.06875997 0.0248 0.00999999 0.06875997 0.007549941 0.009599983 0.06875997 0.008349955 0.00999999 0.06875997 0.007642865 0.009707093 0.06875997 0.007967293 0.009923875 0.06875997 0.03213393 -5e-4 0.06875997 0.032 0 0.06875997 0.03213393 5e-4 0.06875997 0.03249996 8.66025e-4 0.06875997 0.03299999 0.000999987 0.06875997 0.03446823 0.006077647 0.06875997 0.03349995 8.66025e-4 0.06875997 0.03386598 5e-4 0.06875997 0.007849991 -0.009865999 0.06875997 0.008349955 -0.00999999 0.06875997 0.007549941 -0.009599983 0.06875997 0.0248 -0.00999999 0.06875997 0.02525919 -0.0100913 0.06875997 0.02564853 -0.01035141 0.06875997 0.02719998 -0.01299995 0.06875997 0.03067243 -0.01299995 0.06875997 0.03107345 -0.01306897 0.06875997 0.0315178 -0.01334834 0.06875997 0.03107345 0.01306897 0.06875997 0.03067243 0.01299995 0.06875997 0.02719998 0.01299995 0.06875997 0.02590864 -0.01074075 0.06875997 0.02599996 -0.01119995 0.06875997 0.02599996 -0.01179999 0.06875997 0.02609133 0.01225918 0.06875997 0.02635145 0.01264852 0.06875997 0.02674072 0.01290863 0.06875997 0.02674072 -0.01290863 0.06875997 0.02635145 -0.01264852 0.06875997 0.02609133 -0.01225918 0.06875997 -0.03288924 -0.01197069 0.06875997 -0.0317614 -0.0147041 0.06875997 -0.03186726 -0.01431119 0.06875997 -0.03055 -0.009599983 0.06875997 -0.02590864 -0.01074075 0.06875997 -0.02564853 -0.01035141 0.06875997 -0.03288924 0.01197069 0.06875997 -0.03446823 0.006077647 0.06875997 -0.03055 0.009599983 0.06875997 -0.03499996 0 0.06875997 -0.03446823 -0.006077647 0.06875997 -0.0317614 0.0147041 0.06875997 -0.03186726 0.01431119 0.06875997 -0.03180044 0.0137906 0.06875997 -0.02525919 -0.0100913 0.06875997 -0.0248 -0.00999999 0.06875997 -0.007549941 -0.009599983 0.06875997 -0.008349955 -0.00999999 0.06875997 -0.007849991 -0.009865999 0.06875997 -0.02719998 0.01299995 0.06875997 -0.03067243 0.01299995 0.06875997 -0.03107345 0.01306897 0.06875997 -0.0315178 0.01334834 0.06875997 -0.03180044 -0.0137906 0.06875997 -0.0315178 -0.01334834 0.06875997 -0.03107345 -0.01306897 0.06875997 -0.03067243 -0.01299995 0.06875997 -0.02539998 0.01016074 0.06875997 -0.0248 0.00999999 0.06875997 -0.007549941 0.009599983 0.06875997 -0.008349955 0.00999999 0.06875997 -0.007642865 0.009707093 0.06875997 -0.007967293 0.009923875 0.06875997 -0.0258392 0.01059997 0.06875997 -0.02599996 0.01119995 0.06875997 -0.02599996 0.01179999 0.06875997 -0.02599996 -0.01179999 0.06875997 -0.02599996 -0.01119995 0.06875997 -0.02674072 0.01290863 0.06875997 -0.02635145 0.01264852 0.06875997 -0.02609133 0.01225918 0.06875997 -0.02635145 -0.01264852 0.06875997 -0.02609133 -0.01225918 0.06875997 -0.02674072 -0.01290863 0.06875997 -0.02719998 -0.01299995 0.06875997 -0.0317614 0.0147041 0.06926 -0.03031086 0.01749998 0.06926 0.0317614 -0.0147041 0.06926 0.03031086 -0.01749998 0.06926 -0.03031086 -0.01749998 0.06926 -0.0317614 -0.0147041 0.06926 0.03031086 -0.01749998 0.0478 0.03288924 0.01197069 0.0478 0.03446823 0.006077647 0.0478 0.03499996 0 0.06875997 0.03499996 0 0.0478 0.03446823 -0.006077647 0.0478 0.03288924 -0.01197069 0.0478 0.03031086 0.01749998 0.06926 0.0317614 0.0147041 0.06926 -0.03031086 0.01749998 0.0478 -0.03288924 -0.01197069 0.0478 -0.03446823 -0.006077647 0.0478 -0.03499996 0 0.06875997 -0.03499996 0 0.0478 -0.03446823 0.006077647 0.0478 -0.03288924 0.01197069 0.0478 0.02681154 -0.02249753 0.06926 0.02681154 -0.02249753 0.0478 0.02249753 -0.02681154 0.06926 0.02249753 -0.02681154 0.0478 0.01749998 -0.03031086 0.06926 0.01749998 -0.03031086 0.0478 0.01197069 -0.03288924 0.06926 0.01197069 -0.03288924 0.0478 0.006077647 -0.03446823 0.06926 0.006077647 -0.03446823 0.0478 0 -0.03499996 0.06926 0 -0.03499996 0.0478 -0.006077647 -0.03446823 0.06926 -0.006077647 -0.03446823 0.0478 -0.01197069 -0.03288924 0.06926 -0.01197069 -0.03288924 0.0478 -0.01749998 -0.03031086 0.06926 -0.01749998 -0.03031086 0.0478 -0.02249753 -0.02681154 0.06926 -0.02249753 -0.02681154 0.0478 -0.02681154 -0.02249753 0.06926 -0.02681154 -0.02249753 0.0478 -0.03031086 -0.01749998 0.0478 -0.02681154 0.02249753 0.06926 -0.02681154 0.02249753 0.0478 -0.02249753 0.02681154 0.06926 -0.02249753 0.02681154 0.0478 -0.01749998 0.03031086 0.06926 -0.01749998 0.03031086 0.0478 -0.01197069 0.03288924 0.06926 -0.01197069 0.03288924 0.0478 -0.006077647 0.03446823 0.06926 -0.006077647 0.03446823 0.0478 0 0.03499996 0.06926 0 0.03499996 0.0478 0.006077647 0.03446823 0.06926 0.006077647 0.03446823 0.0478 0.01197069 0.03288924 0.06926 0.01197069 0.03288924 0.0478 0.01749998 0.03031086 0.06926 0.01749998 0.03031086 0.0478 0.02249753 0.02681154 0.06926 0.02249753 0.02681154 0.0478 0.02681154 0.02249753 0.06926 0.02681154 0.02249753 0.0478 0.03031086 0.01749998 0.0478 0 0 0.0478 0 -0.03499996 0.0478 0.03499996 0 0.0478 0 0.03499996 0.0478 0.03399997 0 0.06825995 0.03386598 5e-4 0.06825995 0.03349995 8.66025e-4 0.06825995 0.03299999 0.000999987 0.06825995 0.03249996 8.66025e-4 0.06825995 0.03213393 5e-4 0.06825995 0.032 0 0.06825995 0.032 0 0.06875997 0.03213393 -5e-4 0.06825995 0.03249996 -8.66025e-4 0.06825995 0.03299999 -0.000999987 0.06825995 0.03349995 -8.66025e-4 0.06825995 0.03386598 -5e-4 0.06825995 0.03299999 0 0.06825995 0.032 0 0.06825995 -0.02599996 -0.01179999 0.07225996 -0.02609133 -0.01225918 0.07225996 0.005556702 -0.03151381 0.07225996 0.02451342 -0.0205692 0.07225996 0.004732012 -0.0115 0.07225996 0.0205692 -0.02451342 0.07225996 0.003999948 -0.012232 0.07225996 0.01599997 -0.02771276 0.07225996 0.0109446 -0.03007012 0.07225996 0.002999961 -0.01249998 0.07225996 -0.002999961 -0.01249998 0.07225996 -0.003999948 -0.012232 0.07225996 -0.0109446 -0.03007012 0.07225996 -0.005556702 -0.03151381 0.07225996 -0.02635145 -0.01264852 0.07225996 0 -0.032 0.07225996 -0.02924036 -0.01299995 0.07225996 -0.02771276 -0.01599997 0.07225996 -0.02719998 -0.01299995 0.07225996 -0.02451342 -0.0205692 0.07225996 -0.02674072 -0.01290863 0.07225996 -0.0205692 -0.02451342 0.07225996 -0.01599997 -0.02771276 0.07225996 0.02924036 -0.01299995 0.07225996 0.02719998 -0.01299995 0.07225996 0.02771276 -0.01599997 0.07225996 0.008349955 -0.00999999 0.07225996 0.007849991 -0.009865999 0.07225996 0.007483959 -0.009499967 0.07225996 0.004999995 -0.01049995 0.07225996 0.007349967 -0.008999943 0.07225996 0.004999995 0.01049995 0.07225996 0.007642865 0.009707093 0.07225996 0.007967293 0.009923875 0.07225996 -0.01599997 0.02771276 0.07225996 -0.02674072 0.01290863 0.07225996 -0.02451342 0.0205692 0.07225996 -0.02719998 0.01299995 0.07225996 -0.02771276 0.01599997 0.07225996 -0.02924036 0.01299995 0.07225996 -0.02525919 -0.0100913 0.07225996 -0.02564853 -0.01035141 0.07225996 -0.0248 -0.00999999 0.07225996 -0.02590864 -0.01074075 0.07225996 0.02674072 -0.01290863 0.07225996 0.02635145 -0.01264852 0.07225996 0.02609133 -0.01225918 0.07225996 0.02599996 -0.01179999 0.07225996 -0.004999995 0.01049995 0.07225996 -0.004732012 0.0115 0.07225996 -0.007642865 0.009707093 0.07225996 0.02609133 0.01225918 0.07225996 0.008349955 0.00999999 0.07225996 0.02599996 0.01179999 0.07225996 0.0248 0.00999999 0.07225996 0.02599996 0.01119995 0.07225996 -0.0248 0.00999999 0.07225996 -0.008349955 0.00999999 0.07225996 -0.007967293 0.009923875 0.07225996 -0.02599996 -0.01119995 0.07225996 -0.008349955 -0.00999999 0.07225996 -0.007849991 -0.009865999 0.07225996 -0.007483959 -0.009499967 0.07225996 -0.004732012 -0.0115 0.07225996 -0.004999995 -0.01049995 0.07225996 -0.02635145 0.01264852 0.07225996 -0.0205692 0.02451342 0.07225996 -0.003999948 0.012232 0.07225996 -0.002999961 0.01249998 0.07225996 0.002999961 0.01249998 0.07225996 -0.0109446 0.03007012 0.07225996 -0.005556702 0.03151381 0.07225996 0.02924036 0.01299995 0.07225996 0.02771276 0.01599997 0.07225996 0.02719998 0.01299995 0.07225996 0.02451342 0.0205692 0.07225996 0.02674072 0.01290863 0.07225996 0.0205692 0.02451342 0.07225996 0.02635145 0.01264852 0.07225996 0.01599997 0.02771276 0.07225996 0.0248 -0.00999999 0.07225996 0.02599996 -0.01119995 0.07225996 0.0109446 0.03007012 0.07225996 0.005556702 0.03151381 0.07225996 0 0.032 0.07225996 0.007349967 0.008999943 0.07225996 0.007426083 0.009382665 0.07225996 0.004847705 0.01126533 0.07225996 0.0044142 0.01191419 0.07225996 0.003765344 0.01234775 0.07225996 0.02525919 0.0100913 0.07225996 0.02564853 0.01035141 0.07225996 0.02590864 0.01074075 0.07225996 0.02590864 -0.01074075 0.07225996 0.02564853 -0.01035141 0.07225996 0.02525919 -0.0100913 0.07225996 -0.007426083 0.009382665 0.07225996 -0.007349967 0.008999943 0.07225996 -0.007349967 -0.008999943 0.07225996 -0.0258392 0.01059997 0.07225996 -0.02539998 0.01016074 0.07225996 -0.02599996 0.01119995 0.07225996 -0.02599996 0.01179999 0.07225996 -0.02609133 0.01225918 0.07225996 0.007426083 0.009382665 0.06875997 0.007483959 -0.009499967 0.06875997 -0.007483959 -0.009499967 0.06875997 0.007349967 -0.008999943 0.06875997 -0.007349967 -0.008999943 0.06875997 0.007349967 0.008999943 0.06875997 -0.007349967 0.008999943 0.06875997 -0.007426083 0.009382665 0.06875997 -0.02995699 0.01299995 0.07160383 -0.03125554 0.01384216 0.0700764 -0.03160178 0.01344084 0.06991857 -0.03124594 0.01314586 0.07036125 -0.03073 0.01300132 0.07089275 -0.03067243 0.01299995 0.07094633 -0.03186327 0.01434785 0.06931525 -0.03183025 0.01388442 0.06953328 0.02995699 0.01299995 0.07160383 0.03067243 0.01299995 0.07094633 0.03119236 0.01311844 0.07042127 0.0318377 0.01391261 0.06951516 0.03164529 0.01402091 0.06964766 0.03161096 0.01345217 0.06990569 0.03151535 0.01334553 0.07003533 0.03185343 0.0144127 0.06929755 0 0.032 0.07225996 0 0.03499996 0.06926 0.02995699 -0.01299995 0.07160383 -0.02995699 -0.01299995 0.07160383 -0.03067243 -0.01299995 0.07094633 -0.03119236 -0.01311844 0.07042127 -0.0318377 -0.01391261 0.06951516 -0.03164529 -0.01402091 0.06964761 -0.03161096 -0.01345217 0.06990569 -0.03151541 -0.01334559 0.07003527 -0.03185343 -0.0144127 0.06929755 0.03125554 -0.01384216 0.0700764 0.03160178 -0.01344084 0.06991857 0.03124594 -0.01314586 0.07036125 0.03073 -0.01300132 0.07089275 0.03067243 -0.01299995 0.07094633 0.03186327 -0.01434785 0.06931525 0.03183025 -0.01388442 0.06953328 0 -0.032 0.07225996 0 -0.03499996 0.06926 -0.02995699 -0.01299995 0.07160383 0.02995699 -0.01299995 0.07160383 -0.02995699 0.01299995 0.07160383 0.02995699 0.01299995 0.07160383 0.004847705 -0.003765344 0.09876 0.004999995 -0.002999961 0.09876 0.004999995 -0.01049995 0.09876 -0.004999995 -0.01049995 0.09876 -0.004999995 -0.002999961 0.09876 -0.004732012 -0.003999948 0.09876 0.004732012 -0.0115 0.09876 0.003999948 -0.012232 0.09876 -0.003999948 -0.012232 0.09876 -0.004732012 -0.0115 0.09876 -0.002999961 -0.01249998 0.09876 -0.002999961 -0.004999995 0.09876 -0.003999948 -0.004732012 0.09876 0.002999961 -0.01249998 0.09876 0.002999961 -0.004999995 0.09876 0.003765344 -0.004847705 0.09876 0.0044142 -0.0044142 0.09876 -0.004847705 0.003765344 0.09876 -0.004999995 0.002999961 0.09876 -0.004999995 0.01049995 0.09876 -0.0044142 0.0044142 0.09876 0.004999995 0.01049995 0.09876 0.003765344 0.004847705 0.09876 0.002999961 0.004999995 0.09876 0.004999995 0.002999961 0.09876 0.004847705 0.003765344 0.09876 0.0044142 0.0044142 0.09876 0.004732012 0.0115 0.09876 0.003999948 0.012232 0.09876 0.002999961 0.01249998 0.09876 -0.002999961 0.004999995 0.09876 -0.002999961 0.01249998 0.09876 -0.003765344 0.01234775 0.09876 -0.0044142 0.01191419 0.09876 -0.004847705 0.01126533 0.09876 -0.003765344 0.004847705 0.09876 0.002999961 -0.01249998 0.10326 -0.002999961 -0.01249998 0.10326 -0.004999995 0.01049995 0.10326 -0.004999995 -0.01049995 0.10326 -0.004999995 -0.002999961 0.07625997 -0.004999995 -0.01049995 0.07625997 -0.004999995 0.01049995 0.07625997 -0.004999995 0.002999961 0.07625997 0.002999961 0.01249998 0.10326 -0.002999961 0.01249998 0.10326 0.004999995 -0.002999961 0.07625997 0.004999995 -0.01049995 0.07625997 0.004999995 0.01049995 0.10326 0.004999995 0.01049995 0.07625997 0.004999995 0.002999961 0.07625997 0.004999995 -0.01049995 0.10326 0.002999961 -0.004999995 0.07625997 -0.002999961 -0.004999995 0.07625997 0.002999961 0.004999995 0.07625997 -0.002999961 0.004999995 0.07625997 0.002999961 0.01249998 0.07625997 -0.002999961 0.01249998 0.07625997 -0.004847705 0.003765344 0.07625997 0.004847705 0.003765344 0.07625997 0.0044142 0.0044142 0.07625997 -0.0044142 0.0044142 0.07625997 -0.003765344 0.004847705 0.07625997 0.0044142 0.01191419 0.07625997 0.003765344 0.01234775 0.07625997 0.004847705 0.01126533 0.07625997 0.003765344 0.004847705 0.07625997 -0.004732012 0.0115 0.07625997 -0.003999948 0.012232 0.07625997 -0.004732012 -0.003999948 0.07625997 -0.004732012 -0.0115 0.07625997 -0.003999948 -0.012232 0.07625997 0.004847705 -0.003765344 0.07625997 0.0044142 -0.0044142 0.07625997 0.003765344 -0.004847705 0.07625997 -0.003999948 -0.004732012 0.07625997 0.004732012 -0.0115 0.07625997 0.003999948 -0.012232 0.07625997 0.002999961 -0.01249998 0.07625997 -0.002999961 -0.01249998 0.07625997 0.004732012 -0.0115 0.10326 0.003999948 -0.012232 0.10326 -0.003999948 -0.012232 0.10326 -0.004732012 -0.0115 0.10326 0.003999948 0.012232 0.10326 0.004732012 0.0115 0.10326 -0.004847705 0.01126533 0.10326 -0.0044142 0.01191419 0.10326 -0.003765344 0.01234775 0.10326 -0.02515 1.25e-4 0.08197647 -0.02515 2.16506e-4 0.08188498 -0.02515 0 0.08175998 -0.02515 2.5e-4 0.08175998 -0.02515 2.16506e-4 0.08163499 -0.02515 -2.16506e-4 0.08188498 -0.02515 -1.25e-4 0.08197647 -0.02515 0 0.08200997 -0.02515 -1.25e-4 0.08154344 -0.02515 -2.16506e-4 0.08163499 -0.02515 -2.5e-4 0.08175998 -0.02515 1.25e-4 0.08154344 -0.02515 0 0.08151 -0.02614998 -0.005083262 0.07810997 -0.02924996 -0.005083262 0.07810997 -0.02924996 -0.005783498 0.07798337 -0.02614998 -0.005783498 0.07798337 -0.02924996 -0.006395101 0.07761967 -0.02614998 -0.006395101 0.07761967 -0.02924996 0.005083262 0.07810997 -0.02614998 0.005083262 0.07810997 -0.02614998 2.5e-4 0.08175998 -0.02614998 2.16506e-4 0.08163499 -0.02614998 1.25e-4 0.08154344 -0.02614998 0 0.08151 -0.02614998 -1.25e-4 0.08154344 -0.02614998 -2.16506e-4 0.08163499 -0.02614998 -2.5e-4 0.08175998 -0.02614998 -2.16506e-4 0.08188498 -0.02614998 -1.25e-4 0.08197647 -0.02614998 0 0.08200997 -0.02614998 1.25e-4 0.08197647 -0.02614998 2.16506e-4 0.08188498 -0.02614998 0.006395101 0.07761967 -0.02924996 0.006395101 0.07761967 -0.02924996 0.005783498 0.07798337 -0.02614998 0.005783498 0.07798337 -0.03017383 0.008838057 0.0725609 -0.03024995 0.008467733 0.07246446 -0.03024995 0.008042573 0.07370656 -0.02995705 0.009151995 0.07264262 -0.03011602 0.008951604 0.07259047 -0.03011602 0.008502125 0.07390356 -0.03024995 0.007436394 0.07487112 -0.03011602 0.007861316 0.07513457 -0.03024995 0.006662786 0.07593178 -0.03011602 0.00704348 0.07625591 -0.03024995 0.005739212 0.07686483 -0.03011602 0.006067156 0.07724225 -0.02963268 0.009361803 0.07269728 -0.02974998 0.009305775 0.07268267 -0.02974998 0.008838593 0.07404768 -0.02974998 0.008172392 0.07532745 -0.02974998 0.007322251 0.07649314 -0.02974998 0.006307244 0.07751852 -0.02924996 0.008961737 0.07410049 -0.02924996 0.009435474 0.07271641 -0.02924996 0.008286237 0.07539808 -0.02924996 0.007424235 0.07657998 -0.03024995 0.00543338 0.07704669 -0.03011602 0.005608439 0.07751506 -0.02974998 0.005736589 0.07785791 -0.03024995 0.005083262 0.07710999 -0.03011602 0.005083262 0.07760995 -0.02974998 0.005083262 0.07797598 -0.02974998 -0.005083262 0.07797598 -0.03011602 -0.005083262 0.07760995 -0.03024995 -0.005083262 0.07710999 -0.03011602 -0.005608439 0.07751506 -0.03024995 -0.00543338 0.07704669 -0.03024995 -0.005739212 0.07686483 -0.03011602 -0.006067156 0.07724225 -0.02995705 -0.006202995 0.07739859 -0.02974998 -0.005736589 0.07785791 -0.02963268 -0.006345152 0.07756221 -0.02974998 -0.006307244 0.07751852 -0.03017383 -0.008203804 0.07427287 -0.03024995 -0.007860004 0.07410472 -0.03024995 -0.008467733 0.07246446 -0.02995705 -0.007498919 0.07602214 -0.03017383 -0.007241666 0.07582443 -0.03024995 -0.006938219 0.07559126 -0.03017383 -0.008838057 0.0725609 -0.03011602 -0.008951604 0.07259047 -0.02995705 -0.008495211 0.07441538 -0.02963268 -0.007670819 0.07615423 -0.02963268 -0.009361803 0.07269728 -0.02963268 -0.008689939 0.07451063 -0.02974998 -0.009305775 0.07268267 -0.02995705 -0.009151995 0.07264262 -0.02924996 -0.008758306 0.07454413 -0.02924996 -0.008286237 0.07539808 -0.02924996 -0.007731199 0.0762006 -0.02924996 -0.009435474 0.07271641 -0.03024995 -0.008499979 0.07221251 -0.03011602 -0.008999943 0.07221251 -0.02995705 -0.009207069 0.07221251 -0.02974998 -0.009365975 0.07221251 -0.02924996 -0.009499967 0.07221251 -0.02550333 -0.009435474 0.07271641 -0.02582991 -0.009233236 0.07339185 -0.02609664 -0.00882405 0.07440698 -0.02614998 -0.008499979 0.07503622 -0.02614998 -0.008286237 0.07539808 -0.02614998 -0.00132966 0.0901553 -0.02614998 0.008395314 0.08308964 -0.02614998 0.008499979 0.08175998 -0.02614998 -0.00499612 0.08863663 -0.02614998 -0.003858864 0.08933353 -0.02614998 -0.002626597 0.08984398 -0.02614998 0.008286237 0.07539808 -0.02614998 0.008499979 0.07503622 -0.02614998 0 0.09025996 -0.02614998 0.00132966 0.0901553 -0.02614998 0.002626597 0.08984398 -0.02614998 0.003858864 0.08933353 -0.02614998 -0.008499979 0.08175998 -0.02614998 0.008083939 0.08438664 -0.02614998 0.007573544 0.08561891 -0.02614998 -0.008083939 0.08438664 -0.02614998 -0.007573544 0.08561891 -0.02614998 -0.006876587 0.08675616 -0.02614998 -0.006010353 0.0877704 -0.02614998 -0.008395314 0.08308964 -0.02614998 0.00499612 0.08863663 -0.02614998 0.006010353 0.0877704 -0.02614998 0.006876587 0.08675616 -0.02569961 0.009335517 0.07307243 -0.02550333 0.009435474 0.07271641 -0.02603733 0.008961558 0.07410091 -0.02586156 0.009202659 0.07348066 -0.03017383 0.008882641 0.07221251 -0.03024995 0.008499979 0.07221251 -0.02995705 0.009207069 0.07221251 -0.02963268 0.009423851 0.07221251 -0.02924996 0.009499967 0.07221251 -0.03024995 0.005999982 0.05695998 -0.03024995 0.008499979 0.05695998 -0.03024995 -0.008499979 0.05695998 -0.03024995 -0.005999982 0.05695998 -0.03024995 0.005999982 0.06094574 -0.03024995 -0.005999982 0.06094574 -0.03024995 0.006708562 0.06131625 -0.03024995 -0.006708562 0.06131625 -0.03024995 -0.007461488 0.06165289 -0.03024995 0.008499979 0.06216114 -0.03024995 0.007461488 0.06165289 -0.03024995 -0.008499979 0.06216114 -0.03013157 -0.006902515 0.06094574 -0.02978104 -0.007749974 0.05695998 -0.02849996 -0.009031057 0.06094574 -0.02875655 -0.008867681 0.06094574 -0.02849996 -0.009031057 0.05695998 -0.02961766 -0.008006572 0.06094574 -0.02978104 -0.007749974 0.06094574 -0.0276525 -0.009381592 0.06094574 -0.02674996 -0.009499967 0.05695998 -0.02674996 -0.009499967 0.06094574 -0.0274586 -0.009499967 0.06131625 -0.02767217 -0.009455144 0.06132847 -0.02880018 -0.008930027 0.06132847 -0.03020513 -0.006922125 0.06132847 -0.02968001 -0.008050203 0.06132847 -0.02892446 -0.009107649 0.06165289 -0.02943193 -0.008681952 0.06165289 -0.02985763 -0.008174479 0.06165289 -0.02821147 -0.009499967 0.06165289 -0.02924996 -0.009499967 0.06216114 -0.03017216 -0.008886694 0.06233662 -0.0299583 -0.009205818 0.06239551 -0.02964454 -0.009418845 0.06233918 -0.02515 -0.009499967 0.07221251 -0.02585709 -0.009207069 0.08175998 -0.02601599 -0.008999943 0.08175998 -0.02515 -0.009499967 0.08175998 -0.02564996 -0.009365975 0.08175998 -0.02564996 -0.0092507 0.08322513 -0.02515 -0.009383022 0.08324611 -0.02515 -0.009034991 0.08469563 -0.02564996 -0.008907616 0.08465427 -0.02515 -0.008464515 0.08607286 -0.02564996 -0.008345186 0.08601206 -0.02515 -0.007685661 0.08734393 -0.02564996 -0.00757724 0.08726519 -0.02515 -0.006717503 0.08847749 -0.02564996 -0.006622731 0.08838278 -0.02515 -0.005583941 0.08944565 -0.02564996 -0.005505204 0.08933722 -0.02515 -0.004312872 0.09022456 -0.02564996 -0.004252076 0.09010517 -0.02515 -0.002935647 0.09079504 -0.02564996 -0.002894222 0.0906676 -0.02515 -0.001486122 0.09114301 -0.02564996 -0.001465141 0.09101068 -0.02515 0 0.09125995 -0.02564996 0 0.09112602 -0.02515 0.001486122 0.09114301 -0.02564996 0.001465141 0.09101068 -0.02515 0.002935647 0.09079504 -0.02564996 0.002894222 0.0906676 -0.02515 0.004312872 0.09022456 -0.02564996 0.004252076 0.09010517 -0.02515 0.005583941 0.08944565 -0.02564996 0.005505204 0.08933722 -0.02515 0.006717503 0.08847749 -0.02564996 0.006622731 0.08838278 -0.02515 0.007685661 0.08734393 -0.02564996 0.00757724 0.08726519 -0.02515 0.008464515 0.08607286 -0.02564996 0.008345186 0.08601206 -0.02515 0.009034991 0.08469563 -0.02564996 0.008907616 0.08465427 -0.02515 0.009383022 0.08324611 -0.02564996 0.0092507 0.08322513 -0.02515 0.009499967 0.08175998 -0.02549606 0.009438157 0.08175998 -0.02601599 -0.008889138 0.08316791 -0.02564996 0.009365975 0.08175998 -0.02585709 0.009207069 0.08175998 -0.02601599 -0.008559465 0.08454114 -0.02601599 -0.00801903 0.08584588 -0.02601599 -0.007281124 0.08705002 -0.02601599 -0.006363928 0.08812391 -0.02601599 -0.005290031 0.08904111 -0.02601599 -0.004085898 0.08977901 -0.02601599 -0.002781152 0.09031951 -0.02601599 -0.001407861 0.09064918 -0.02601599 0 0.09075999 -0.02601599 0.001407861 0.09064918 -0.02601599 0.002781152 0.09031951 -0.02601599 0.004085898 0.08977901 -0.02601599 0.005290031 0.08904111 -0.02601599 0.006363928 0.08812391 -0.02601599 0.007281124 0.08705002 -0.02601599 0.00801903 0.08584588 -0.02601599 0.008559465 0.08454114 -0.02601599 0.008889138 0.08316791 -0.02601599 0.008999943 0.08175998 -0.02614998 0 0.09025996 -0.02515 0.009499967 0.07221251 -0.03018903 0.00884366 0.06232202 -0.02959406 0.009438931 0.06232219 -0.02963668 0.009422183 0.06233662 -0.0299558 0.009208321 0.06239551 -0.03016883 0.008894562 0.06233918 -0.02924996 0.009499967 0.06216114 -0.02985763 0.008174479 0.06165289 -0.02943193 0.008681952 0.06165289 -0.02892446 0.009107649 0.06165289 -0.02821147 0.009499967 0.06165289 -0.03020513 0.006922125 0.06132847 -0.02875655 0.008867681 0.06094574 -0.02922487 0.008474826 0.06094574 -0.02968001 0.008050203 0.06132847 -0.02961766 0.008006572 0.06094574 -0.03013157 0.006902515 0.06094574 -0.02880018 0.008930027 0.06132847 -0.02767217 0.009455144 0.06132847 -0.0276525 0.009381592 0.06094574 -0.0274586 0.009499967 0.06131625 -0.02674996 0.009499967 0.06094574 -0.02808934 0.009233534 0.05695998 -0.02674996 0.009499967 0.05695998 -0.02922487 0.008474826 0.05695998 -0.02998358 0.007339358 0.05695998 -0.01295 0.008069276 0.07573258 -0.01295 0.008499979 0.07503622 -0.01295 0.008499979 0.08175998 -0.01295 0.008083939 0.08438664 -0.01295 0.007573544 0.08561891 -0.01295 0.006413996 0.07660996 -0.01295 -0.008499979 0.08175998 -0.01295 -0.008499979 0.07503622 -0.01295 -0.008069276 0.07573258 -0.01295 0.008395314 0.08308964 -0.01295 -0.008083939 0.08438664 -0.01295 -0.008395314 0.08308964 -0.01295 -0.006413996 0.07660996 -0.01295 -0.007350742 0.07637703 -0.01295 -0.002626597 0.08984398 -0.01295 -0.003858864 0.08933353 -0.01295 -0.00499612 0.08863663 -0.01295 0.007350742 0.07637703 -0.01295 -0.006010353 0.0877704 -0.01295 -0.006876587 0.08675616 -0.01295 -0.007573544 0.08561891 -0.01295 0.00132966 0.0901553 -0.01295 0 0.09025996 -0.01295 -0.00132966 0.0901553 -0.01295 0.006876587 0.08675616 -0.01295 0.006010353 0.0877704 -0.01295 0.00499612 0.08863663 -0.01295 0.003858864 0.08933353 -0.01295 0.002626597 0.08984398 -0.01394999 0.009499967 0.08175998 -0.01394999 0.009383022 0.08324611 -0.01394999 0.009034991 0.08469563 -0.01394999 0.008464515 0.08607286 -0.01394999 0.007685661 0.08734393 -0.01394999 0.006717503 0.08847749 -0.01394999 0.005583941 0.08944565 -0.01394999 0.004312872 0.09022456 -0.01394999 0.002935647 0.09079504 -0.01394999 0.001486122 0.09114301 -0.01394999 0 0.09125995 -0.02515 0 0.09125995 -0.01394999 -0.001486122 0.09114301 -0.01394999 -0.002935647 0.09079504 -0.01394999 -0.004312872 0.09022456 -0.01394999 -0.005583941 0.08944565 -0.01394999 -0.006717503 0.08847749 -0.01394999 -0.007685661 0.08734393 -0.01394999 -0.008464515 0.08607286 -0.01394999 -0.009034991 0.08469563 -0.01394999 -0.009383022 0.08324611 -0.01394999 -0.009499967 0.08175998 -0.002849996 -0.009499967 0.06095999 -0.007849991 -0.009499967 0.06095999 -0.02924996 -0.009499967 0.05695998 -0.007849991 -0.009499967 0.05695998 -0.01134997 -0.009499967 0.05695998 -0.01394999 -0.009499967 0.07208001 -0.01134997 -0.009499967 0.06094574 -0.008849978 -0.009499967 0.06216114 -0.008849978 -0.009499967 0.07208001 -0.00988847 -0.009499967 0.06165289 -0.01064139 -0.009499967 0.06131625 -0.007849991 -0.006709218 0.06131654 -0.007849991 0.006413996 0.07560998 -0.007849991 -0.007461488 0.06165289 -0.007849991 -0.008499979 0.07208001 -0.007849991 -0.008499979 0.06216114 -0.007849991 -0.006026566 0.06095999 -0.007849991 0.006026566 0.06095999 -0.007849991 0.006709218 0.06131654 -0.007849991 0.007461488 0.06165289 -0.007849991 0.008499979 0.06216114 -0.007849991 0.008499979 0.07208001 -0.007849991 -0.006882369 0.07549351 -0.007849991 -0.007241666 0.07517129 -0.007849991 -0.006413996 0.07560998 -0.007849991 -0.007937014 0.07394319 -0.007849991 -0.008425891 0.07261925 -0.007849991 0.007241666 0.07517129 -0.007849991 0.006882369 0.07549351 -0.007849991 0.007937014 0.07394319 -0.007849991 0.008425891 0.07261925 -0.02924996 0.009499967 0.05695998 -0.01134997 0.009499967 0.06094574 -0.01134997 0.009499967 0.05695998 -0.007849991 0.009499967 0.06095999 -0.002849996 0.009499967 0.06095999 -0.007849991 0.009499967 0.05695998 -0.01394999 0.009499967 0.07208001 -0.01064139 0.009499967 0.06131625 -0.00988847 0.009499967 0.06165289 -0.008849978 0.009499967 0.07208001 -0.008849978 0.009499967 0.06216114 -0.007931113 -0.008894562 0.06233918 -0.007983922 -0.008999943 0.07208001 -0.008142888 -0.009207069 0.07208001 -0.00814414 -0.009208321 0.06239551 -0.008349955 -0.009365975 0.07208001 -0.008463263 -0.009422183 0.06233662 -0.008467316 0.009423851 0.07208001 -0.008506298 0.009439051 0.06232202 -0.007911026 0.008844077 0.06232219 -0.007927775 0.008886694 0.06233662 -0.008142888 0.009207069 0.07208001 -0.008141636 0.009205818 0.06239551 -0.008455395 0.009418845 0.06233918 -0.007926106 0.008882641 0.07208001 -0.01340025 -0.009335458 0.07307273 -0.01349186 -0.009388864 0.07288891 -0.008849978 -0.009388864 0.07288891 -0.008849978 -0.008844077 0.07436412 -0.008849978 -0.008069276 0.07573258 -0.01306295 -0.008961856 0.07410019 -0.01323843 -0.009202599 0.07348084 -0.008849978 0.008069276 0.07573258 -0.008849978 0.008844077 0.07436412 -0.01296406 0.008669257 0.07472163 -0.008849978 0.009388864 0.07288891 -0.01349186 0.009388864 0.07288891 -0.01316112 0.009114623 0.07372206 -0.01301288 0.008850097 0.07435119 -0.008849978 0.006413996 0.07660996 -0.008849978 -0.006413996 0.07660996 -0.008849978 0.007350742 0.07637703 -0.008849978 -0.007350742 0.07637703 -0.007926106 -0.008284151 0.07410424 -0.007926106 -0.007558345 0.07538604 -0.007983922 -0.007655441 0.07545191 -0.008142888 -0.008578419 0.0742408 -0.007983922 -0.008907377 0.07275408 -0.008142888 -0.009106814 0.07280993 -0.008467316 -0.008775055 0.07433205 -0.008349955 -0.009259819 0.07285279 -0.008142888 -0.007826864 0.07556813 -0.008349955 -0.007958352 0.07565736 -0.008467316 -0.008006274 0.07568985 -0.007983922 -0.007116556 0.0759353 -0.008349955 -0.007287979 0.07625871 -0.007983922 -0.006413996 0.07611 -0.008142888 -0.006413996 0.07631707 -0.008349955 -0.006413996 0.07647597 -0.008467316 0.006413996 0.07653385 -0.008142888 0.006413996 0.07631707 -0.007926106 0.006413996 0.07599264 -0.007926106 0.0070616 0.07583165 -0.007926106 0.007558345 0.07538604 -0.007983922 0.007655441 0.07545191 -0.008142888 0.007213532 0.07611829 -0.008467316 0.007315099 0.0763098 -0.008142888 0.007826864 0.07556813 -0.008349955 0.007958352 0.07565736 -0.008467316 0.008006274 0.07568985 -0.007983922 0.008390545 0.07415366 -0.007926106 0.008794426 0.07272243 -0.007983922 0.008907377 0.07275408 -0.008142888 0.009106814 0.07280993 -0.008349955 0.008722543 0.07430773 -0.008467316 0.00931555 0.0728684 -0.008349955 0.009259819 0.07285279 -0.007849991 0.005999982 0.06094574 -0.007849991 0.005999982 0.05695998 -0.007968366 0.006902515 0.06094574 -0.008318901 0.007749974 0.05695998 -0.009599983 0.009031057 0.06094574 -0.009343385 0.008867681 0.06094574 -0.009599983 0.009031057 0.05695998 -0.008482277 0.008006572 0.06094574 -0.008318901 0.007749974 0.06094574 -0.01044744 0.009381592 0.06094574 -0.01044744 -0.009381592 0.06094574 -0.009599983 -0.009031057 0.05695998 -0.008318901 -0.007749974 0.06094574 -0.008482277 -0.008006572 0.06094574 -0.008318901 -0.007749974 0.05695998 -0.009343385 -0.008867681 0.06094574 -0.009599983 -0.009031057 0.06094574 -0.007968366 -0.006902515 0.06094574 -0.007849991 -0.005999982 0.05695998 -0.007849991 -0.005999982 0.06094574 -0.008242309 -0.008174479 0.06165289 -0.009175479 -0.009107649 0.06165289 -0.008668005 -0.008681952 0.06165289 -0.009175479 0.009107649 0.06165289 -0.008668005 0.008681952 0.06165289 -0.008242309 0.008174479 0.06165289 -0.01360386 -0.009438157 0.08175998 -0.01308393 -0.008999943 0.08175998 -0.01324284 -0.009207069 0.08175998 -0.01344996 -0.009365975 0.08175998 -0.01308393 -0.008889138 0.08316791 -0.01308393 -0.008559465 0.08454114 -0.01308393 -0.00801903 0.08584588 -0.01308393 -0.007281124 0.08705002 -0.01308393 -0.006363928 0.08812391 -0.01308393 -0.005290031 0.08904111 -0.01308393 -0.004085898 0.08977901 -0.01308393 -0.002781152 0.09031951 -0.01308393 -0.001407861 0.09064918 -0.01295 0 0.09025996 -0.01308393 0 0.09075999 -0.01308393 0.001407861 0.09064918 -0.01308393 0.002781152 0.09031951 -0.01308393 0.004085898 0.08977901 -0.01308393 0.005290031 0.08904111 -0.01308393 0.006363928 0.08812391 -0.01308393 0.007281124 0.08705002 -0.01308393 0.00801903 0.08584588 -0.01308393 0.008559465 0.08454114 -0.01308393 0.008889138 0.08316791 -0.01344996 -0.0092507 0.08322513 -0.01308393 0.008999943 0.08175998 -0.01324284 0.009207069 0.08175998 -0.01344996 -0.008907616 0.08465427 -0.01344996 -0.008345186 0.08601206 -0.01344996 -0.00757724 0.08726519 -0.01344996 -0.006622731 0.08838278 -0.01344996 -0.005505204 0.08933722 -0.01344996 -0.004252076 0.09010517 -0.01344996 -0.002894222 0.0906676 -0.01344996 -0.001465141 0.09101068 -0.01344996 0 0.09112602 -0.01344996 0.001465141 0.09101068 -0.01344996 0.002894222 0.0906676 -0.01344996 0.004252076 0.09010517 -0.01344996 0.005505204 0.08933722 -0.01344996 0.006622731 0.08838278 -0.01344996 0.00757724 0.08726519 -0.01344996 0.008345186 0.08601206 -0.01344996 0.008907616 0.08465427 -0.01344996 0.0092507 0.08322513 -0.01344996 0.009365975 0.08175998 -0.01394999 0 0.09125995 -0.01042783 0.009455144 0.06132847 -0.009299755 0.008930027 0.06132847 -0.007894814 0.006922125 0.06132847 -0.00841993 0.008050203 0.06132847 -0.007894814 -0.006922125 0.06132847 -0.00841993 -0.008050203 0.06132847 -0.01042783 -0.009455144 0.06132847 -0.009299755 -0.008930027 0.06132847 -0.03011602 -0.008999943 0.05695998 -0.02974998 -0.009365975 0.05695998 -0.02974998 0.009365975 0.05695998 -0.03011602 0.008999943 0.05695998 -0.001849949 -0.008499979 0.06095999 -0.001849949 0.008499979 0.06095999 -0.001926064 -0.008882641 0.06095999 -0.002142846 -0.009207069 0.06095999 -0.002467274 -0.009423851 0.06095999 -0.00198394 0.008999943 0.06095999 -0.002349972 0.009365975 0.06095999 0.02515 -1.25e-4 0.08197647 0.02515 -2.16506e-4 0.08188498 0.02515 0 0.08175998 0.02515 -2.5e-4 0.08175998 0.02515 -2.16506e-4 0.08163499 0.02515 2.16506e-4 0.08188498 0.02515 1.25e-4 0.08197647 0.02515 0 0.08200997 0.02515 1.25e-4 0.08154344 0.02515 2.16506e-4 0.08163499 0.02515 2.5e-4 0.08175998 0.02515 -1.25e-4 0.08154344 0.02515 0 0.08151 0.02614998 0.005083262 0.07810997 0.02924996 0.005083262 0.07810997 0.02924996 0.005783498 0.07798337 0.02614998 0.005783498 0.07798337 0.02924996 0.006395101 0.07761967 0.02614998 0.006395101 0.07761967 0.02924996 -0.005083262 0.07810997 0.02614998 -0.005083262 0.07810997 0.02614998 -2.5e-4 0.08175998 0.02614998 -2.16506e-4 0.08163499 0.02614998 -1.25e-4 0.08154344 0.02614998 0 0.08151 0.02614998 1.25e-4 0.08154344 0.02614998 2.16506e-4 0.08163499 0.02614998 2.5e-4 0.08175998 0.02614998 2.16506e-4 0.08188498 0.02614998 1.25e-4 0.08197647 0.02614998 0 0.08200997 0.02614998 -1.25e-4 0.08197647 0.02614998 -2.16506e-4 0.08188498 0.02614998 -0.006395101 0.07761967 0.02924996 -0.006395101 0.07761967 0.02924996 -0.005783498 0.07798337 0.02614998 -0.005783498 0.07798337 0.02924996 -0.009435474 0.07271641 0.02974998 -0.009305775 0.07268267 0.02974998 -0.008838593 0.07404768 0.03011602 -0.008951604 0.07259047 0.03011602 -0.008502125 0.07390356 0.03024995 -0.005739212 0.07686483 0.03011602 -0.00704348 0.07625591 0.03024995 -0.006662786 0.07593178 0.03011602 -0.007861316 0.07513457 0.03024995 -0.007436394 0.07487112 0.03024995 -0.008042573 0.07370656 0.03024995 -0.008467733 0.07246446 0.02974998 -0.008172392 0.07532745 0.02974998 -0.007322251 0.07649314 0.03011602 -0.006067156 0.07724225 0.02995705 -0.006202995 0.07739859 0.02974998 -0.006307244 0.07751852 0.02963268 -0.006345152 0.07756221 0.02924996 -0.008961737 0.07410049 0.02924996 -0.008286237 0.07539808 0.02924996 -0.007424235 0.07657998 0.03017383 -0.005567371 0.07740515 0.03024995 -0.00543338 0.07704669 0.03024995 -0.005083262 0.07710999 0.03017383 -0.005083262 0.07749265 0.03011602 -0.005083262 0.07760995 0.02995705 -0.005680978 0.07770901 0.02963268 -0.005756855 0.07791209 0.02995705 -0.005083262 0.07781708 0.02974998 -0.005083262 0.07797598 0.02963268 -0.005083262 0.07803386 0.02974998 0.005083262 0.07797598 0.03011602 0.005083262 0.07760995 0.03024995 0.005083262 0.07710999 0.03011602 0.005608439 0.07751506 0.03024995 0.00543338 0.07704669 0.03024995 0.005739212 0.07686483 0.03011602 0.006067156 0.07724225 0.02995705 0.006202995 0.07739859 0.02974998 0.005736589 0.07785791 0.02963268 0.006345152 0.07756221 0.02974998 0.006307244 0.07751852 0.02924996 0.008286237 0.07539808 0.02924996 0.007731199 0.0762006 0.02963268 0.007670819 0.07615423 0.02995705 0.007498919 0.07602214 0.03017383 0.007241666 0.07582443 0.03024995 0.006938219 0.07559126 0.02924996 0.008758306 0.07454413 0.02963268 0.008689939 0.07451063 0.02995705 0.008495211 0.07441538 0.03017383 0.008203804 0.07427287 0.03024995 0.007860004 0.07410472 0.03024995 0.008467733 0.07246446 0.03017383 0.008838057 0.0725609 0.02995705 0.009151995 0.07264262 0.02963268 0.009361803 0.07269728 0.02924996 0.009435474 0.07271641 0.03024995 0.008499979 0.07221251 0.03017383 0.008882641 0.07221251 0.02995705 0.009207069 0.07221251 0.02963268 0.009423851 0.07221251 0.02924996 0.009499967 0.07221251 0.02550333 0.009435474 0.07271641 0.02582991 0.009233236 0.07339185 0.02609664 0.00882405 0.07440698 0.02614998 0.008499979 0.07503622 0.02614998 0.008286237 0.07539808 0.02614998 0.008083939 0.08438664 0.02614998 0.007573544 0.08561891 0.02614998 -0.008499979 0.08175998 0.02614998 -0.008499979 0.07503622 0.02614998 -0.008286237 0.07539808 0.02614998 -0.008395314 0.08308964 0.02614998 -0.008083939 0.08438664 0.02614998 -0.007573544 0.08561891 0.02614998 0.008499979 0.08175998 0.02614998 -0.003858864 0.08933353 0.02614998 -0.00499612 0.08863663 0.02614998 -0.006010353 0.0877704 0.02614998 -0.006876587 0.08675616 0.02614998 0.008395314 0.08308964 0.02614998 0.00132966 0.0901553 0.02614998 0 0.09025996 0.02614998 -0.00132966 0.0901553 0.02614998 -0.002626597 0.08984398 0.02614998 0.002626597 0.08984398 0.02614998 0.003858864 0.08933353 0.02614998 0.006876587 0.08675616 0.02614998 0.006010353 0.0877704 0.02614998 0.00499612 0.08863663 0.02569961 -0.009335517 0.07307243 0.02550333 -0.009435474 0.07271641 0.02603733 -0.008961558 0.07410091 0.02586156 -0.009202659 0.07348066 0.03024995 -0.008499979 0.07221251 0.03011602 -0.008999943 0.07221251 0.02995705 -0.009207069 0.07221251 0.02924996 -0.009499967 0.07221251 0.02974998 -0.009365975 0.07221251 0.03024995 -0.005999982 0.05695998 0.03024995 -0.008499979 0.05695998 0.03024995 0.008499979 0.05695998 0.03024995 0.005999982 0.05695998 0.03024995 -0.005999982 0.06094574 0.03024995 0.005999982 0.06094574 0.03024995 -0.006708562 0.06131625 0.03024995 0.006708562 0.06131625 0.03024995 0.007461488 0.06165289 0.03024995 -0.008499979 0.06216114 0.03024995 -0.007461488 0.06165289 0.03024995 0.008499979 0.06216114 0.03013157 0.006902515 0.06094574 0.02998358 0.007339358 0.05695998 0.02961766 0.008006572 0.06094574 0.02922487 0.008474826 0.05695998 0.02922487 0.008474826 0.06094574 0.02875655 0.008867681 0.06094574 0.02808934 0.009233534 0.05695998 0.0276525 0.009381592 0.06094574 0.02674996 0.009499967 0.05695998 0.02674996 0.009499967 0.06094574 0.0274586 0.009499967 0.06131625 0.02767217 0.009455144 0.06132847 0.02880018 0.008930027 0.06132847 0.02968001 0.008050203 0.06132847 0.03020513 0.006922125 0.06132847 0.02892446 0.009107649 0.06165289 0.02943193 0.008681952 0.06165289 0.02985763 0.008174479 0.06165289 0.02821147 0.009499967 0.06165289 0.02924996 0.009499967 0.06216114 0.03018891 0.008844077 0.06232219 0.02964454 0.009418845 0.06233918 0.0299583 0.009205818 0.06239551 0.03017216 0.008886694 0.06233662 0.02959364 0.009439051 0.06232202 0.02515 0.009499967 0.07221251 0.02585709 0.009207069 0.08175998 0.02601599 0.008999943 0.08175998 0.02515 0.009499967 0.08175998 0.02564996 0.009365975 0.08175998 0.02564996 0.0092507 0.08322513 0.02515 0.009383022 0.08324611 0.02515 0.009034991 0.08469563 0.02564996 0.008907616 0.08465427 0.02515 0.008464515 0.08607286 0.02564996 0.008345186 0.08601206 0.02515 0.007685661 0.08734393 0.02564996 0.00757724 0.08726519 0.02515 0.006717503 0.08847749 0.02564996 0.006622731 0.08838278 0.02515 0.005583941 0.08944565 0.02564996 0.005505204 0.08933722 0.02515 0.004312872 0.09022456 0.02564996 0.004252076 0.09010517 0.02515 0.002935647 0.09079504 0.02564996 0.002894222 0.0906676 0.02515 0.001486122 0.09114301 0.02564996 0.001465141 0.09101068 0.02515 0 0.09125995 0.02564996 0 0.09112602 0.02515 -0.001486122 0.09114301 0.02564996 -0.001465141 0.09101068 0.02515 -0.002935647 0.09079504 0.02564996 -0.002894222 0.0906676 0.02515 -0.004312872 0.09022456 0.02564996 -0.004252076 0.09010517 0.02515 -0.005583941 0.08944565 0.02564996 -0.005505204 0.08933722 0.02515 -0.006717503 0.08847749 0.02564996 -0.006622731 0.08838278 0.02515 -0.007685661 0.08734393 0.02564996 -0.00757724 0.08726519 0.02515 -0.008464515 0.08607286 0.02564996 -0.008345186 0.08601206 0.02515 -0.009034991 0.08469563 0.02564996 -0.008907616 0.08465427 0.02515 -0.009383022 0.08324611 0.02564996 -0.0092507 0.08322513 0.02515 -0.009499967 0.08175998 0.02549606 -0.009438157 0.08175998 0.02601599 0.008889138 0.08316791 0.02564996 -0.009365975 0.08175998 0.02585709 -0.009207069 0.08175998 0.02601599 0.008559465 0.08454114 0.02601599 0.00801903 0.08584588 0.02601599 0.007281124 0.08705002 0.02601599 0.006363928 0.08812391 0.02601599 0.005290031 0.08904111 0.02601599 0.004085898 0.08977901 0.02601599 0.002781152 0.09031951 0.02601599 0.001407861 0.09064918 0.02601599 0 0.09075999 0.02601599 -0.001407861 0.09064918 0.02601599 -0.002781152 0.09031951 0.02601599 -0.004085898 0.08977901 0.02601599 -0.005290031 0.08904111 0.02601599 -0.006363928 0.08812391 0.02601599 -0.007281124 0.08705002 0.02601599 -0.00801903 0.08584588 0.02601599 -0.008559465 0.08454114 0.02601599 -0.008889138 0.08316791 0.02601599 -0.008999943 0.08175998 0.02614998 0 0.09025996 0.02515 -0.009499967 0.07221251 0.03016883 -0.008894562 0.06233918 0.0299558 -0.009208321 0.06239551 0.02963668 -0.009422183 0.06233662 0.02924996 -0.009499967 0.06216114 0.02985763 -0.008174479 0.06165289 0.02821147 -0.009499967 0.06165289 0.02892446 -0.009107649 0.06165289 0.02943193 -0.008681952 0.06165289 0.03020513 -0.006922125 0.06132847 0.02875655 -0.008867681 0.06094574 0.02961766 -0.008006572 0.06094574 0.02968001 -0.008050203 0.06132847 0.02978104 -0.007749974 0.06094574 0.03013157 -0.006902515 0.06094574 0.02767217 -0.009455144 0.06132847 0.0276525 -0.009381592 0.06094574 0.02880018 -0.008930027 0.06132847 0.02849996 -0.009031057 0.06094574 0.0274586 -0.009499967 0.06131625 0.02674996 -0.009499967 0.06094574 0.02674996 -0.009499967 0.05695998 0.02849996 -0.009031057 0.05695998 0.02978104 -0.007749974 0.05695998 0.01295 -0.008083939 0.08438664 0.01295 -0.007573544 0.08561891 0.01295 -0.006413996 0.07660996 0.01295 -0.008499979 0.07503622 0.01295 -0.008499979 0.08175998 0.01295 -0.008069276 0.07573258 0.01295 -0.007350742 0.07637703 0.01295 0.008499979 0.08175998 0.01295 0.008499979 0.07503622 0.01295 0.008069276 0.07573258 0.01295 0.008083939 0.08438664 0.01295 0.008395314 0.08308964 0.01295 0.006413996 0.07660996 0.01295 0.007350742 0.07637703 0.01295 -0.008395314 0.08308964 0.01295 -0.006876587 0.08675616 0.01295 -0.006010353 0.0877704 0.01295 -0.00499612 0.08863663 0.01295 0.006010353 0.0877704 0.01295 0.006876587 0.08675616 0.01295 0.007573544 0.08561891 0.01295 -0.003858864 0.08933353 0.01295 -0.002626597 0.08984398 0.01295 -0.00132966 0.0901553 0.01295 0 0.09025996 0.01295 0.00132966 0.0901553 0.01295 0.002626597 0.08984398 0.01295 0.003858864 0.08933353 0.01295 0.00499612 0.08863663 0.01394999 -0.009499967 0.08175998 0.01394999 -0.009383022 0.08324611 0.01394999 -0.009034991 0.08469563 0.01394999 -0.008464515 0.08607286 0.01394999 -0.007685661 0.08734393 0.01394999 -0.006717503 0.08847749 0.01394999 -0.005583941 0.08944565 0.01394999 -0.004312872 0.09022456 0.01394999 -0.002935647 0.09079504 0.01394999 -0.001486122 0.09114301 0.01394999 0 0.09125995 0.02515 0 0.09125995 0.01394999 0.001486122 0.09114301 0.01394999 0.002935647 0.09079504 0.01394999 0.004312872 0.09022456 0.01394999 0.005583941 0.08944565 0.01394999 0.006717503 0.08847749 0.01394999 0.007685661 0.08734393 0.01394999 0.008464515 0.08607286 0.01394999 0.009034991 0.08469563 0.01394999 0.009383022 0.08324611 0.01394999 0.009499967 0.08175998 0.02924996 0.009499967 0.05695998 0.002849996 0.009499967 0.06095999 0.007849991 0.009499967 0.06095999 0.007849991 0.009499967 0.05695998 0.01134997 0.009499967 0.05695998 0.01394999 0.009499967 0.07208001 0.01134997 0.009499967 0.06094574 0.008849978 0.009499967 0.06216114 0.008849978 0.009499967 0.07208001 0.00988847 0.009499967 0.06165289 0.01064139 0.009499967 0.06131625 0.007849991 0.006709218 0.06131654 0.007849991 -0.006413996 0.07560998 0.007849991 0.007461488 0.06165289 0.007849991 0.008499979 0.07208001 0.007849991 0.008499979 0.06216114 0.007849991 0.006026566 0.06095999 0.007849991 -0.006026566 0.06095999 0.007849991 -0.006709218 0.06131654 0.007849991 -0.007461488 0.06165289 0.007849991 -0.008499979 0.06216114 0.007849991 -0.008499979 0.07208001 0.007849991 0.006882369 0.07549351 0.007849991 0.007241666 0.07517129 0.007849991 0.006413996 0.07560998 0.007849991 0.007937014 0.07394319 0.007849991 0.008425891 0.07261925 0.007849991 -0.007241666 0.07517129 0.007849991 -0.006882369 0.07549351 0.007849991 -0.007937014 0.07394319 0.007849991 -0.008425891 0.07261925 0.02924996 -0.009499967 0.05695998 0.01394999 -0.009499967 0.07208001 0.007849991 -0.009499967 0.06095999 0.002849996 -0.009499967 0.06095999 0.007849991 -0.009499967 0.05695998 0.01134997 -0.009499967 0.05695998 0.01134997 -0.009499967 0.06094574 0.01064139 -0.009499967 0.06131625 0.00988847 -0.009499967 0.06165289 0.008849978 -0.009499967 0.07208001 0.008849978 -0.009499967 0.06216114 0.007931113 0.008894562 0.06233918 0.007983922 0.008999943 0.07208001 0.008142888 0.009207069 0.07208001 0.00814414 0.009208321 0.06239551 0.008349955 0.009365975 0.07208001 0.008463263 0.009422183 0.06233662 0.008455395 -0.009418845 0.06233918 0.008349955 -0.009365975 0.07208001 0.008142888 -0.009207069 0.07208001 0.008141636 -0.009205818 0.06239551 0.007983922 -0.008999943 0.07208001 0.007927775 -0.008886694 0.06233662 0.01340025 0.009335458 0.07307273 0.01349186 0.009388864 0.07288891 0.008849978 0.009388864 0.07288891 0.008849978 0.008844077 0.07436412 0.008849978 0.008069276 0.07573258 0.01306295 0.008961856 0.07410019 0.01323843 0.009202599 0.07348084 0.008849978 -0.008069276 0.07573258 0.008849978 -0.008844077 0.07436412 0.01296406 -0.008669257 0.07472163 0.008849978 -0.009388864 0.07288891 0.01349186 -0.009388864 0.07288891 0.01316112 -0.009114623 0.07372206 0.01301288 -0.008850097 0.07435119 0.008849978 -0.006413996 0.07660996 0.008849978 0.006413996 0.07660996 0.008849978 -0.007350742 0.07637703 0.008849978 0.007350742 0.07637703 0.007983922 0.008907377 0.07275408 0.007983922 0.008390545 0.07415366 0.008349955 0.009259819 0.07285279 0.008349955 0.008722543 0.07430773 0.007983922 0.007655441 0.07545191 0.008349955 0.007958352 0.07565736 0.007983922 0.007116556 0.0759353 0.008349955 0.007287979 0.07625871 0.007983922 0.006413996 0.07611 0.008349955 0.006413996 0.07647597 0.008349955 -0.006413996 0.07647597 0.007983922 -0.006413996 0.07611 0.007983922 -0.007116556 0.0759353 0.008349955 -0.007287979 0.07625871 0.007983922 -0.007655441 0.07545191 0.008142888 -0.007826864 0.07556813 0.008349955 -0.007958352 0.07565736 0.007983922 -0.008907377 0.07275408 0.007926106 -0.008284151 0.07410424 0.008142888 -0.008578419 0.0742408 0.008467316 -0.008775055 0.07433205 0.008142888 -0.009106814 0.07280993 0.008349955 -0.009259819 0.07285279 0.007849991 -0.005999982 0.06094574 0.007849991 -0.005999982 0.05695998 0.007968366 -0.006902515 0.06094574 0.008318901 -0.007749974 0.05695998 0.009599983 -0.009031057 0.06094574 0.009343385 -0.008867681 0.06094574 0.009599983 -0.009031057 0.05695998 0.008482277 -0.008006572 0.06094574 0.008318901 -0.007749974 0.06094574 0.01044744 -0.009381592 0.06094574 0.01044744 0.009381592 0.06094574 0.009599983 0.009031057 0.05695998 0.008318901 0.007749974 0.06094574 0.008482277 0.008006572 0.06094574 0.008318901 0.007749974 0.05695998 0.009343385 0.008867681 0.06094574 0.009599983 0.009031057 0.06094574 0.007968366 0.006902515 0.06094574 0.007849991 0.005999982 0.05695998 0.007849991 0.005999982 0.06094574 0.008242309 0.008174479 0.06165289 0.009175479 0.009107649 0.06165289 0.008668005 0.008681952 0.06165289 0.009175479 -0.009107649 0.06165289 0.008242309 -0.008174479 0.06165289 0.008668005 -0.008681952 0.06165289 0.01360386 0.009438157 0.08175998 0.01308393 0.008999943 0.08175998 0.01324284 0.009207069 0.08175998 0.01344996 0.009365975 0.08175998 0.01308393 0.008889138 0.08316791 0.01308393 0.008559465 0.08454114 0.01308393 0.00801903 0.08584588 0.01308393 0.007281124 0.08705002 0.01308393 0.006363928 0.08812391 0.01308393 0.005290031 0.08904111 0.01308393 0.004085898 0.08977901 0.01308393 0.002781152 0.09031951 0.01308393 0.001407861 0.09064918 0.01295 0 0.09025996 0.01308393 0 0.09075999 0.01308393 -0.001407861 0.09064918 0.01308393 -0.002781152 0.09031951 0.01308393 -0.004085898 0.08977901 0.01308393 -0.005290031 0.08904111 0.01308393 -0.006363928 0.08812391 0.01308393 -0.007281124 0.08705002 0.01308393 -0.00801903 0.08584588 0.01308393 -0.008559465 0.08454114 0.01308393 -0.008889138 0.08316791 0.01344996 0.0092507 0.08322513 0.01308393 -0.008999943 0.08175998 0.01324284 -0.009207069 0.08175998 0.01344996 0.008907616 0.08465427 0.01344996 0.008345186 0.08601206 0.01344996 0.00757724 0.08726519 0.01344996 0.006622731 0.08838278 0.01344996 0.005505204 0.08933722 0.01344996 0.004252076 0.09010517 0.01344996 0.002894222 0.0906676 0.01344996 0.001465141 0.09101068 0.01344996 0 0.09112602 0.01344996 -0.001465141 0.09101068 0.01344996 -0.002894222 0.0906676 0.01344996 -0.004252076 0.09010517 0.01344996 -0.005505204 0.08933722 0.01344996 -0.006622731 0.08838278 0.01344996 -0.00757724 0.08726519 0.01344996 -0.008345186 0.08601206 0.01344996 -0.008907616 0.08465427 0.01344996 -0.0092507 0.08322513 0.01344996 -0.009365975 0.08175998 0.01394999 0 0.09125995 0.01042783 -0.009455144 0.06132847 0.009299755 -0.008930027 0.06132847 0.007894814 -0.006922125 0.06132847 0.00841993 -0.008050203 0.06132847 0.007894814 0.006922125 0.06132847 0.00841993 0.008050203 0.06132847 0.01042783 0.009455144 0.06132847 0.009299755 0.008930027 0.06132847 0.02963268 0.009423851 0.05695998 0.02995705 0.009207069 0.05695998 0.03017383 0.008882641 0.05695998 0.03011602 -0.008999943 0.05695998 0.02974998 -0.009365975 0.05695998 0.001849949 0.008499979 0.06095999 0.001849949 -0.008499979 0.06095999 0.001926064 0.008882641 0.06095999 0.002142846 0.009207069 0.06095999 0.002467274 0.009423851 0.06095999 0.00198394 -0.008999943 0.06095999 0.002349972 -0.009365975 0.06095999 -0.01195394 0.004945456 0.10676 -0.01195394 0.004945456 0.10526 -0.01072883 0.005924165 0.10676 -0.01072883 0.005924165 0.10526 -0.009316504 0.006605565 0.10676 -0.009316504 0.006605565 0.10526 -0.007788002 0.006955444 0.10676 -0.007788002 0.006955444 0.10526 -0.006219923 0.006956398 0.10676 -0.006219923 0.006956398 0.10526 -0.004691004 0.006608188 0.10676 -0.004691004 0.006608188 0.10526 -0.003277957 0.005928397 0.10676 -0.003277957 0.005928397 0.10526 -0.002051651 0.004951119 0.10676 -0.002051651 0.004951119 0.10526 -0.001073658 0.003725409 0.10676 -0.001073658 0.003725409 0.10526 -3.93101e-4 0.002312719 0.10676 -3.93101e-4 0.002312719 0.10526 -4.40466e-5 7.84036e-4 0.10676 -4.40466e-5 7.84036e-4 0.10526 -4.40466e-5 -7.84036e-4 0.10676 -4.40466e-5 -7.84036e-4 0.10526 -3.93101e-4 -0.002312719 0.10676 -3.93101e-4 -0.002312719 0.10526 -0.001073658 -0.003725409 0.10676 -0.001073658 -0.003725409 0.10526 -0.002051651 -0.004951119 0.10676 -0.002051651 -0.004951119 0.10526 -0.003277957 -0.005928397 0.10676 -0.003277957 -0.005928397 0.10526 -0.004691004 -0.006608188 0.10676 -0.004691004 -0.006608188 0.10526 -0.006219923 -0.006956398 0.10676 -0.006219923 -0.006956398 0.10526 -0.007788002 -0.006955444 0.10676 -0.007788002 -0.006955444 0.10526 -0.009316504 -0.006605565 0.10676 -0.009316504 -0.006605565 0.10526 -0.01072883 -0.005924165 0.10676 -0.01072883 -0.005924165 0.10526 -0.01195394 -0.004945456 0.10676 -0.01195394 -0.004945456 0.10526 -0.01276707 -0.005496442 0.10676 -0.01276707 -0.005496442 0.10526 -0.01172173 -0.007470667 0.10526 -0.01172173 -0.007470667 0.10676 -0.01037359 -0.009251892 0.10526 -0.01037359 -0.009251892 0.10676 -0.008757531 -0.01079422 0.10526 -0.008757531 -0.01079422 0.10676 -0.006915271 -0.01205772 0.10526 -0.006915271 -0.01205772 0.10676 -0.004894435 -0.01300978 0.10526 -0.004894435 -0.01300978 0.10676 -0.002747118 -0.0136258 0.10526 -0.002747118 -0.0136258 0.10676 -5.28928e-4 -0.0138899 0.10526 -5.28928e-4 -0.0138899 0.10676 0.001702964 -0.01379525 0.10526 0.001702964 -0.01379525 0.10676 0.003890872 -0.01334428 0.10526 0.003890872 -0.01334428 0.10676 0.005978286 -0.01254868 0.10526 0.005978286 -0.01254868 0.10676 0.007911264 -0.01142895 0.10526 0.007911264 -0.01142895 0.10676 0.009639918 -0.01001399 0.10526 0.009639918 -0.01001399 0.10676 0.0111196 -0.008340418 0.10526 0.0111196 -0.008340418 0.10676 0.01231211 -0.006451427 0.10526 0.01231211 -0.006451427 0.10676 0.01318657 -0.004395842 0.10526 0.01318657 -0.004395842 0.10676 0.01372045 -0.00222665 0.10526 0.01372045 -0.00222665 0.10676 0.01389998 0 0.10526 0.01389998 0 0.10676 0.01372045 0.00222665 0.10526 0.01372045 0.00222665 0.10676 0.01318657 0.004395842 0.10526 0.01318657 0.004395842 0.10676 0.01231211 0.006451427 0.10526 0.01231211 0.006451427 0.10676 0.0111196 0.008340418 0.10526 0.0111196 0.008340418 0.10676 0.009639918 0.01001399 0.10526 0.009639918 0.01001399 0.10676 0.007911264 0.01142895 0.10526 0.007911264 0.01142895 0.10676 0.005978286 0.01254868 0.10526 0.005978286 0.01254868 0.10676 0.003890872 0.01334428 0.10526 0.003890872 0.01334428 0.10676 0.001702964 0.01379525 0.10526 0.001702964 0.01379525 0.10676 -5.28928e-4 0.0138899 0.10526 -5.28928e-4 0.0138899 0.10676 -0.002747118 0.0136258 0.10526 -0.002747118 0.0136258 0.10676 -0.004894435 0.01300978 0.10526 -0.004894435 0.01300978 0.10676 -0.006915271 0.01205772 0.10526 -0.006915271 0.01205772 0.10676 -0.008757531 0.01079422 0.10526 -0.008757531 0.01079422 0.10676 -0.01037359 0.009251892 0.10526 -0.01037359 0.009251892 0.10676 -0.01172173 0.007470667 0.10526 -0.01172173 0.007470667 0.10676 -0.01276707 0.005496442 0.10526 -0.01276707 0.005496442 0.10676 -0.01274305 -0.005052566 0.10676 -0.01280713 -0.005271673 0.10676 -0.01214784 -0.004824995 0.10676 -0.01237511 -0.00480324 0.10676 -0.01258832 -0.004884779 0.10676 -0.01280713 0.005271673 0.10676 -0.01274305 0.005052566 0.10676 -0.01258832 0.004884779 0.10676 -0.01237511 0.00480324 0.10676 -0.01214784 0.004824995 0.10676 -0.01237511 -0.00480324 0.10526 -0.01214784 -0.004824995 0.10526 -0.01258832 -0.004884779 0.10526 -0.01274305 -0.005052566 0.10526 -0.01280713 -0.005271673 0.10526 -0.01214784 0.004824995 0.10526 -0.01237511 0.00480324 0.10526 -0.01258832 0.004884779 0.10526 -0.01280713 0.005271673 0.10526 -0.01274305 0.005052566 0.10526 -0.02096217 -0.008818924 0.10676 -0.0221613 -0.007938325 0.10676 -0.02346026 -0.007212936 0.10676 -0.02513515 -0.006134331 0.10676 -0.02346026 0.007212936 0.10676 -0.02513515 0.006134331 0.10676 -0.02154809 0.008360028 0.10676 -0.01988118 0.009841084 0.10676 -0.01851707 0.01160502 0.10676 0.02744549 -0.002926409 0.10676 0.01381689 -0.001517653 0.10676 0.02649158 -0.004675328 0.10676 0.02513515 -0.006134331 0.10676 0.02346026 -0.007212936 0.10676 0.01315802 -0.0044806 0.10676 0.02154809 -0.008360028 0.10676 -0.02793771 9.96071e-4 0.10676 -0.02793771 -9.96071e-4 0.10676 -0.02744549 -0.002926409 0.10676 -0.02649158 -0.004675328 0.10676 -0.02649158 0.004675328 0.10676 -0.02744549 0.002926409 0.10676 -0.01670736 -0.01505279 0.10676 -0.01558923 -0.01628565 0.10676 -0.009234726 -0.01038885 0.10676 -0.01558923 0.01628565 0.10676 -0.01670736 0.01505279 0.10676 -0.01750284 0.01359087 0.10676 -0.006317615 -0.00696665 0.10676 -9.75516e-4 -0.0138657 0.10676 -0.01099997 -0.01799994 0.10676 0.002057433 -0.01374685 0.10676 0.01099997 -0.01799994 0.10676 0.004992306 -0.01297247 0.10676 -0.00396198 0.01332336 0.10676 -9.75516e-4 0.0138657 0.10676 -0.01099997 0.01799994 0.10676 0.0221613 0.007938325 0.10676 0.01315802 0.0044806 0.10676 0.02346026 0.007212936 0.10676 0.01381689 0.001517653 0.10676 0.02513515 0.006134331 0.10676 0.02649158 0.004675328 0.10676 0.01558923 -0.01628565 0.10676 0.01670736 -0.01505279 0.10676 0.0100193 -0.009634435 0.10676 0.01750284 -0.01359087 0.10676 0.01187169 -0.007229864 0.10676 0.01851707 -0.01160502 0.10676 0.01988118 -0.009841084 0.10676 0.007689177 -0.01157957 0.10676 0.01265251 -0.01780211 0.10676 0.01421165 -0.01721972 0.10676 -0.00396198 -0.01332336 0.10676 -0.006759524 -0.01214569 0.10676 -0.01265251 -0.01780211 0.10676 -0.01421165 -0.01721972 0.10676 -0.01988118 -0.009841084 0.10676 -0.01893496 -0.01098918 0.10676 -0.01126962 -0.00813663 0.10676 -0.01813811 -0.01224553 0.10676 -0.01750284 -0.01359087 0.10676 -0.004323959 -0.006468296 0.10676 -0.002560973 -0.005412459 0.10676 -0.001180529 -0.003890216 0.10676 0.01099997 0.01799994 0.10676 0.02793771 -9.96071e-4 0.10676 0.02793771 9.96071e-4 0.10676 0.02744549 0.002926409 0.10676 -3.01636e-4 -0.002032697 0.10676 0 0 0.10676 -3.01636e-4 0.002032697 0.10676 -0.001180529 0.003890216 0.10676 -0.002560973 0.005412459 0.10676 -0.004323959 0.006468296 0.10676 -0.006317615 0.00696665 0.10676 -0.008370041 0.006864607 0.10676 -0.01030439 0.006170928 0.10676 -0.01030439 -0.006170928 0.10676 -0.008370041 -0.006864607 0.10676 0.002057433 0.01374685 0.10676 0.004992306 0.01297247 0.10676 0.01265251 0.01780211 0.10676 0.007689177 0.01157957 0.10676 0.01421165 0.01721972 0.10676 0.0100193 0.009634435 0.10676 0.01558923 0.01628565 0.10676 0.01670736 0.01505279 0.10676 0.01750284 0.01359087 0.10676 0.01187169 0.007229864 0.10676 0.01813811 0.01224553 0.10676 -0.01265251 0.01780211 0.10676 -0.009234726 0.01038885 0.10676 -0.006759524 0.01214569 0.10676 -0.01126962 0.00813663 0.10676 -0.01421165 0.01721972 0.10676 0.02096217 0.008818924 0.10676 0.01988118 0.009841084 0.10676 0.01893496 0.01098918 0.10676 -0.01099997 -0.01999998 0.10476 -0.01099997 -0.01999998 0.10326 0.01099997 -0.01999998 0.10476 0.01099997 -0.01999998 0.10326 0.01099997 0.01999998 0.10476 0.01099997 0.01999998 0.10326 -0.01099997 0.01999998 0.10476 -0.01099997 0.01999998 0.10326 -0.02224355 0.01035445 0.10326 -0.02055424 0.01216304 0.10326 0.01833808 -0.01621079 0.10326 0.02432531 0.009016156 0.10326 0.02432531 -0.009016156 0.10326 0.02224355 0.01035445 0.10326 0.02224355 -0.01035445 0.10326 0.02055424 -0.01216304 0.10326 -0.01936084 0.0143311 0.10326 0.01936084 0.0143311 0.10326 0.02055424 0.01216304 0.10326 0.01936084 -0.0143311 0.10326 0.01690047 -0.01779586 0.10326 0.01512932 -0.01899677 0.10326 0.0131247 -0.01974558 0.10326 -0.02432531 -0.009016156 0.10326 -0.02432531 0.009016156 0.10326 -0.02224355 -0.01035445 0.10326 -0.02055424 -0.01216304 0.10326 -0.01936084 -0.0143311 0.10326 -0.0131247 -0.01974558 0.10326 -0.01512932 -0.01899677 0.10326 -0.01833808 -0.01621079 0.10326 -0.01690047 -0.01779586 0.10326 -0.01833808 0.01621079 0.10326 -0.01690047 0.01779586 0.10326 -0.01512932 0.01899677 0.10326 -0.0131247 0.01974558 0.10326 -0.02641892 -0.007667899 0.10326 -0.02811449 0.005844175 0.10326 -0.02641892 0.007667899 0.10326 0.0131247 0.01974558 0.10326 0.01512932 0.01899677 0.10326 0.01690047 0.01779586 0.10326 0.01833808 0.01621079 0.10326 0.02930688 0.003658056 0.10326 0.02992218 0.001245081 0.10326 0.02992218 -0.001245081 0.10326 -0.02930688 -0.003658056 0.10326 -0.02992218 -0.001245081 0.10326 -0.02992218 0.001245081 0.10326 0.02641892 0.007667899 0.10326 0.02811449 -0.005844175 0.10326 0.02641892 -0.007667899 0.10326 0.02811449 0.005844175 0.10326 0.02930688 -0.003658056 0.10326 -0.02811449 -0.005844175 0.10326 -0.02930688 0.003658056 0.10326 0.02432531 0.009016156 0.10476 0.02641892 0.007667899 0.10476 0.02811449 0.005844175 0.10476 0.02930688 0.003658056 0.10476 0.02992218 0.001245081 0.10476 0.02992218 -0.001245081 0.10476 0.02930688 -0.003658056 0.10476 0.02811449 -0.005844175 0.10476 0.02641892 -0.007667899 0.10476 0.02432531 -0.009016156 0.10476 -0.02432531 -0.009016156 0.10476 -0.02641892 -0.007667899 0.10476 -0.02811449 -0.005844175 0.10476 -0.02930688 -0.003658056 0.10476 -0.02992218 -0.001245081 0.10476 -0.02992218 0.001245081 0.10476 -0.02930688 0.003658056 0.10476 -0.02811449 0.005844175 0.10476 -0.02641892 0.007667899 0.10476 -0.02432531 0.009016156 0.10476 -0.01126962 -0.00813663 0.10526 -0.009234726 -0.01038885 0.10526 -0.006759524 -0.01214569 0.10526 -0.00396198 -0.01332336 0.10526 -9.75516e-4 -0.0138657 0.10526 0.002057433 -0.01374685 0.10526 0.004992306 -0.01297247 0.10526 0.007689177 -0.01157957 0.10526 0.0100193 -0.009634435 0.10526 0.01187169 -0.007229864 0.10526 0.01315802 -0.0044806 0.10526 0.01381689 -0.001517653 0.10526 0.01381689 0.001517653 0.10526 0.01315802 0.0044806 0.10526 0.01187169 0.007229864 0.10526 0.0100193 0.009634435 0.10526 0.007689177 0.01157957 0.10526 0.004992306 0.01297247 0.10526 0.002057433 0.01374685 0.10526 -9.75516e-4 0.0138657 0.10526 -0.00396198 0.01332336 0.10526 -0.006759524 0.01214569 0.10526 -0.009234726 0.01038885 0.10526 -0.01126962 0.00813663 0.10526 -0.01030439 0.006170928 0.10526 -0.008370041 0.006864607 0.10526 -0.006317615 0.00696665 0.10526 -0.004323959 0.006468296 0.10526 -0.002560973 0.005412459 0.10526 -0.001180529 0.003890216 0.10526 -3.01636e-4 0.002032697 0.10526 0 0 0.10676 0 0 0.10526 -3.01636e-4 -0.002032697 0.10526 -0.001180529 -0.003890216 0.10526 -0.002560973 -0.005412459 0.10526 -0.004323959 -0.006468296 0.10526 -0.006317615 -0.00696665 0.10526 -0.008370041 -0.006864607 0.10526 -0.01030439 -0.006170928 0.10526 0 0 0.10526 -0.0131247 0.01974558 0.10476 -0.01512932 0.01899677 0.10476 -0.01690047 0.01779586 0.10476 -0.01833808 0.01621079 0.10476 -0.01936084 0.0143311 0.10476 -0.01936084 -0.0143311 0.10476 -0.01833808 -0.01621079 0.10476 -0.01690047 -0.01779586 0.10476 -0.01512932 -0.01899677 0.10476 -0.0131247 -0.01974558 0.10476 0.0131247 -0.01974558 0.10476 0.01512932 -0.01899677 0.10476 0.01690047 -0.01779586 0.10476 0.01833808 -0.01621079 0.10476 0.01936084 -0.0143311 0.10476 0.01936084 0.0143311 0.10476 0.01833808 0.01621079 0.10476 0.01690047 0.01779586 0.10476 0.01512932 0.01899677 0.10476 0.0131247 0.01974558 0.10476 -0.02020597 0.01267623 0.10476 -0.02055424 0.01216304 0.10476 -0.02134275 0.01120632 0.10476 -0.02224355 0.01035445 0.10476 -0.02273184 0.009972095 0.10476 -0.02324289 -0.009620666 0.10476 -0.02224355 -0.01035445 0.10476 -0.02134275 -0.01120632 0.10476 -0.02055424 -0.01216304 0.10476 -0.01989018 -0.01320999 0.10476 0.02020597 -0.01267623 0.10476 0.02055424 -0.01216304 0.10476 0.02134275 -0.01120632 0.10476 0.02224355 -0.01035445 0.10476 0.02273184 -0.009972095 0.10476 0.02324289 0.009620666 0.10476 0.02224355 0.01035445 0.10476 0.01989018 0.01320999 0.10476 0.02055424 0.01216304 0.10476 0.02134275 0.01120632 0.10476</float_array>
          <technique_common>
            <accessor source="#link_base-mesh-positions-array" count="3541" stride="3">
              <param name="X" type="float"/>
              <param name="Y" type="float"/>
              <param name="Z" type="float"/>
            </accessor>
          </technique_common>
        </source>
        <source id="link_base-mesh-normals">
          <float_array id="link_base-mesh-normals-array" count="20691">0.9186434 0.392317 -0.04670846 0.8887086 0.4584341 0.005935132 0.891913 0.4521498 0.007195174 0.9089038 0.416999 0.002393305 0.9036647 0.4282233 0.003860414 0.8929021 0.4501916 0.007310032 0.8997225 0.4363307 0.01072084 0.8957179 0.4445356 0.008798003 0.8856816 0.4642674 0.004873752 0.8824416 0.4704065 0.003791391 0.875144 0.4838601 0.001542508 0.8897039 0.4565381 0 0.8894519 0.4570288 -6.67229e-6 0.8813536 0.4724538 0.001800894 0.869504 0.4939259 -1.40307e-4 0.8879222 0.4599937 2.12087e-6 0.8852822 0.4650177 -0.005846381 0.8885405 0.458741 -0.007256031 0.891851 0.452242 -0.008896291 0.8957672 0.4443888 -0.01094478 0.8928879 0.4501845 -0.009229063 0.9002581 0.4353127 -0.006174027 0.9040253 0.4274536 -0.004646718 0.9196472 0.3927457 0 0.9561668 0.2928227 0 0.9561668 0.2928227 0 0.9919004 0.1270181 0 0.9919004 0.1270181 0 0.9989559 -0.03779703 -0.0256614 0.9992128 -0.0376088 -0.01262044 0.9992771 -0.03777712 -0.004252195 0.9999014 0.01400417 -0.001037895 0.9999747 0.006906092 -0.001668512 0.9958057 -0.09147858 -0.001647412 0.9990712 -0.04244005 -0.007458448 0.9976788 -0.0662809 -0.01561224 0.9994631 -0.03229409 -0.005527257 0.9992317 -0.03239065 -0.02206355 0.9822642 -0.06510579 -0.1758362 0.997297 -0.04357784 -0.0591585 0.9992622 -0.03807526 -0.005049169 0.9992848 -0.03742992 0.00536406 0.9988952 -0.04165881 0.02174907 0.9933778 -0.1135008 0.01783806 0.9979731 -0.06363761 0 0.9889808 -0.1480436 0 0.9959271 -0.0894792 0.01107621 0.9973871 -0.07190299 0.006996035 0.99828 -0.05845773 0.004453599 0.999436 -0.03358089 0 0.9998603 -0.01661103 -0.001882553 0.9993115 -0.03710067 0 0.9988678 -0.0474106 -0.003908097 0.999436 -0.03353518 0.00170499 0.9996117 -0.02753502 0.004254639 0.9992578 0.03641849 0.01254981 0.9994516 0.03311115 0 0.9998505 0.01727938 6.25901e-4 0.9997748 0.02122426 3.56413e-4 0.9999929 0.003783941 -3.17992e-5 0.9995074 -0.03138369 1.81997e-4 0.9998488 -0.0110566 0.01342505 0.9997677 -0.02012056 0.007740378 0.9997984 -0.01769018 0.009499609 0.9997021 -0.02357655 0.006305873 0.9174056 0.3979533 0 0.9561668 0.2928227 0 0.9561668 0.2928227 0 0.9919004 0.1270181 0 0.9919004 0.1270181 0 0.9993366 0.03642135 0 0.9996917 0.02482807 -3.62139e-4 0.8795252 -0.4751289 -0.02622938 0.8598505 -0.5103601 -0.01377588 0.849819 -0.5270005 -0.008840739 0.8419716 -0.5394914 -0.00574249 0.835032 -0.5501901 -0.003525733 0.8261555 -0.5634413 -0.001044273 0.8223188 -0.5690271 0 0.8323487 -0.5542451 0.002811729 0.8394238 -0.5434545 0.004996061 0.8469717 -0.5315809 0.007802546 0.8568458 -0.5154222 0.01245933 0.8514921 -0.5242844 0.009334683 0.8645939 -0.502447 0.004933536 0.9935358 -0.1135189 0 0.9775552 -0.2106794 0 0.9775552 -0.2106794 0 0.9278891 -0.3728564 0 0.9278891 -0.3728564 0 0.8515291 -0.5243073 0 0.9817943 -0.1898805 0.00504446 0.9775054 -0.2106687 0.01008641 0.9728508 -0.2313783 0.0050444 0.8798279 -0.4752925 0 0.9112287 -0.4119009 0 0.9278418 -0.3728374 0.01008641 0.9428775 -0.3331399 0 0.9621669 -0.2724609 0 0.8223188 -0.5690271 0 0.7506722 -0.6606748 0 0.7506722 -0.6606748 0 0.62822 -0.7780358 0 0.62822 -0.7780358 0 0.4876947 -0.8730142 0 0.4876947 -0.8730142 0 0.3331398 -0.9428774 0 0.3331398 -0.9428774 0 0.1690006 -0.9856159 0 0.1690006 -0.9856159 0 0.04244184 -0.999099 0 0 -0.9999965 0.002665698 -0.04244184 -0.999099 0 -0.1690006 -0.9856159 0 -0.1690006 -0.9856159 0 -0.3331398 -0.9428774 0 -0.3331398 -0.9428774 0 -0.4876947 -0.8730142 0 -0.4876947 -0.8730142 0 -0.62822 -0.7780358 0 -0.62822 -0.7780358 0 -0.7506722 -0.6606748 0 -0.7506722 -0.6606748 0 -0.8515292 -0.5243073 0 -0.8515292 -0.5243073 0 -0.9278891 -0.3728563 0 -0.9278891 -0.3728563 0 -0.9775552 -0.2106794 0 -0.9775552 -0.2106794 0 -0.999099 -0.04244124 0 -0.999099 -0.04244124 0 -0.9919005 0.1270181 0 -0.9919005 0.1270181 0 -0.9561668 0.2928227 0 -0.9561668 0.2928227 0 -0.8929259 0.4502037 0 -0.8929259 0.4502037 0 -0.8039969 0.5946334 0 -0.8039969 0.5946334 0 -0.6919389 0.721956 0 -0.6919389 0.721956 0 -0.5599749 0.8285097 0 -0.5599749 0.8285097 0 -0.4119014 0.9112284 0 -0.4119014 0.9112284 0 -0.2519779 0.967733 0 -0.2519779 0.967733 0 -0.0848059 0.9963975 0 -0.0848059 0.9963975 0 0.0848059 0.9963975 0 0.0848059 0.9963975 0 0.2519779 0.967733 0 0.2519779 0.967733 0 0.4119014 0.9112284 0 0.4119014 0.9112284 0 0.5599747 0.8285098 0 0.5599747 0.8285098 0 0.6919392 0.7219559 0 0.6919392 0.7219559 0 0.8039969 0.5946334 0 0.8039969 0.5946334 0 0.8700065 0.4930403 0 0.8818853 0.4714431 -0.004435896 -6.19735e-6 -0.8705914 -0.4920067 0 0.5207782 -0.8536921 -0.002613484 0.5818792 -0.8132711 0.001861453 0.213939 -0.9768452 -2.57179e-6 0.1413288 -0.9899626 5.59106e-5 -0.6806567 -0.7326025 0.00285238 -0.7332893 -0.6799107 1.05882e-6 -0.5518338 -0.8339542 4.59602e-5 -0.2633887 -0.9646898 0.002713322 -0.3320392 -0.9432617 6.15185e-6 -0.09926688 -0.9950608 0.002546846 -0.962879 -0.269921 1.79891e-5 -0.9427546 -0.3334875 -3.45413e-6 -0.9986073 -0.05275928 0.001418173 -0.9899159 0.1416495 -5.08203e-4 -0.9791492 0.2031418 4.00328e-4 -0.8537983 0.5206038 0 -0.8447453 0.5351685 0 0.5818793 0.8132752 0 -0.8700719 -0.4929249 -9.96284e-4 -0.853798 -0.5206037 0.001058697 -0.9899163 -0.1416498 0.0014593 -0.9427538 0.3334866 -2.21992e-4 -0.959742 0.2808832 2.4024e-4 -0.9931281 -0.1170324 0.001559734 -0.6806569 0.7326007 3.99294e-5 -0.7178139 0.6962351 -2.25877e-7 -0.8612295 0.5082162 -0.001276493 0.5386246 0.8425449 0.001839339 0.1644181 0.986389 -8.45138e-6 0.2139375 0.9768474 4.31841e-6 -0.07979053 0.9968116 0.00155121 -0.2633829 0.9646901 2.27629e-5 -0.3145514 0.9492404 -1.60496e-6 -0.5313 0.8471838 1 0 0 1 0 0 1 0 0 1 0 0 1 0 0 1 0 0 1 0 0 1 0 0 1 0 0 1 0 0 1 0 0 1 0 0 1 0 0 1 0 0 1 0 0 1 0 0 1 0 0 1 0 0 1 0 0 1 0 0 1 0 0 1 0 0 1 0 0 1 0 0 1 0 0 1 0 0 1 0 0 1 0 0 1 0 0 1 0 0 1 0 0 1 0 0 1 0 0 1 0 0 -0.02711445 -0.8297954 -0.5574087 0.02664232 -0.5583422 -0.8291828 0.1723999 -0.5563899 -0.8128398 -0.1781708 -0.1786606 -0.9676443 0 -0.1950519 -0.9807929 0 -0.9844377 -0.1757342 -0.8916388 -0.4418518 -0.09872782 0.01802551 -0.9300664 -0.3669492 -0.1762153 -0.813045 -0.5548928 0 0 -1 0 0 -1 0 0 -1 0 0 -1 0 0 -1 0 0 -1 0 0 -1 0 0 -1 0 0 -1 0 0 -1 0 0 -1 0 0 -1 0 0 -1 0 0 -1 0 0 -1 0 0 -1 0 0 -1 0 0 -1 1 0 0 1 0 0 1 0 0 1 0 0 1 0 0 1 0 0 1 0 0 1 0 0 1 0 0 1 0 0 1 0 0 1 0 0 1 0 0 1 0 0 1 0 0 1 0 0 1 0 0 1 0 0 1 0 0 1 0 0 1 0 0 1 0 0 1 0 0 1 0 0 1 0 0 1 0 0 1 0 0 1 0 0 1 0 0 1 0 0 1 0 0 1 0 0 1 0 0 1 0 0 1 0 0 1 0 0 1 0 0 1 0 0 0.954337 0.2987324 0 -0.8602228 0.5099183 0 -0.806469 0.5905359 -0.02958452 -0.8088749 0.5876818 -0.01874876 -0.8279598 0.5550401 -0.08008015 -0.8161689 0.5757842 -0.04838418 -0.772588 0.6348262 -0.01017904 -0.7882958 0.6152587 0.006822049 -0.79679 0.6039858 0.0180785 -0.8472899 0.5310944 0.006211876 -0.8084833 0.5873973 0.03632026 -0.813881 0.5785982 0.05312132 -0.8047646 0.5927447 0.03174537 -0.9214577 0.3880574 0.01808917 -0.9157175 0.4005674 0.03173804 -0.8602121 0.5099365 0 -0.871719 0.4900063 0 -0.9132974 0.4066262 0.02330178 -0.8957796 0.4351882 0.09049969 -0.9080234 0.4155386 0.05311453 -0.9265837 0.3760288 -0.006697118 -0.9206766 0.3899454 -0.01724368 -0.9146534 0.403155 -0.02958482 -0.906728 0.4189311 -0.04838472 -0.9131407 0.4065564 -0.02976584 -0.8833223 0.4687407 -0.004881203 -0.8717131 0.4900165 0 0.8717125 0.4900176 0 0.9133849 0.4066652 -0.01874917 0.8946598 0.4395127 -0.080078 0.9067283 0.4189305 -0.04838371 0.9146538 0.4031541 -0.02958393 0.9206694 0.3899615 -0.0172587 0.9301675 0.3671354 0 0.9360702 0.3516659 -0.01018005 0.9269784 0.3750526 0.006820797 0.9214607 0.3880506 0.01808184 0.8835862 0.4682273 0.006211936 0.9129428 0.4064683 0.03632026 0.908021 0.4155429 0.05312258 0.915715 0.4005724 0.03174352 0.7967949 0.603979 0.01808685 0.8047612 0.5927496 0.03173959 0.871724 0.4899971 0 0.8602169 0.5099284 0 0.8087975 0.5876256 0.02330148 0.8247742 0.558173 0.09050089 0.8138787 0.5786021 0.05311405 0.7889409 0.6144326 -0.00669527 0.7980405 0.602357 -0.0172432 0.8064694 0.5905352 -0.02958518 0.8161694 0.5757833 -0.0483855 0.8086586 0.5875247 -0.02976584 0.8476017 0.5306107 -0.004881918 0.8602243 0.509916 0 -0.1081721 -0.9936916 -0.02959531 -0.011509 -0.9999337 0 -0.1045098 -0.9943466 -0.01877695 -0.06672871 -0.9945556 -0.08004063 -0.09054869 -0.9947153 -0.04839819 -0.1633895 -0.9865098 -0.0101155 -0.1386828 -0.9903134 0.006821572 -0.1246709 -0.9920334 0.01807987 -0.03633689 -0.9993202 0.006229758 -0.1044593 -0.9938658 0.0363202 -0.09413844 -0.9941408 0.0531243 -0.1109499 -0.9933189 0.03174537 0.1246608 -0.9920344 0.01808995 0.1109603 -0.9933181 0.031735 -0.01154428 -0.9999334 0 0.01148712 -0.9999341 0 0.1044999 -0.9942524 0.02327919 0.07098746 -0.9933606 0.09052866 0.09414958 -0.9941406 0.05310624 0.1376473 -0.9904587 -0.006693303 0.1226422 -0.9923012 -0.01723837 0.108177 -0.9936912 -0.02959114 0.1867653 -0.9808386 0.05544722 0.07604652 -0.9966723 -0.02934831 0.01150238 -0.9999339 0 0.01958143 -0.999807 -0.001629233 0.033571 -0.9994363 3.52936e-4 0.07029968 -0.9975252 -0.001223802 0.1337592 -0.9906069 0.02840024 -0.4750184 0.8799425 0.007665336 -0.4999542 0.8659459 0.0135402 -0.4957174 0.8683502 0.01523655 -0.5163018 0.8563514 0.009729087 -0.5366098 0.8438189 0.004421532 -0.556582 0.8307905 0.001913189 -0.5729922 0.8195608 0 -0.6691304 0.7431451 0 -0.6691304 0.7431451 0 -0.7830325 0.6219808 0 -0.7980501 0.6023439 -0.01725709 -0.9269746 0.3750619 0.006827533 -0.9307289 0.3657101 0 -0.9781475 0.2079118 0 -0.9781475 0.2079118 0 -1 0 0 -1 0 0 -0.9781475 -0.2079118 0 -0.9781475 -0.2079118 0 -0.9135454 -0.4067366 0 -0.9135454 -0.4067366 0 -0.8090171 -0.5877851 0 -0.8090171 -0.5877851 0 -0.7247518 -0.68901 0 -0.7008076 -0.7133337 0.004894614 -0.6578958 -0.7529507 0.01543474 -0.6691051 -0.743117 0.008694291 -0.6032278 -0.7975689 0 -0.5801572 -0.8145045 0 -0.5658442 -0.8245117 8.69293e-4 -0.5363183 -0.8440057 0.004140377 -0.4636241 -0.8857076 0.02397197 -0.4999993 -0.8660238 0.001828432 -0.4098475 -0.912154 0 -0.3090171 -0.9510564 0 -0.3090171 -0.9510564 0 -0.1471496 -0.9891142 0 -0.1226497 -0.9923003 -0.01723188 0.1386635 -0.990316 0.006834685 0.1486499 -0.9888899 0 0.3090171 -0.9510564 0 0.2796869 -0.9599414 0.01696342 0.3516162 -0.9361324 0.004694521 0.374145 -0.9273697 9.91941e-4 0.3964528 -0.9180551 1.63082e-4 0.4023981 -0.9154648 0 0.4226921 -0.9062733 0 0.439934 -0.8980283 0.001774728 0.4999814 -0.8659929 0.008661985 0.4825045 -0.8757144 0.01771092 0.5556831 -0.8313943 0 0.6691304 -0.7431451 0 0.6691304 -0.7431451 0 0.8090171 -0.5877851 0 0.8090171 -0.5877851 0 0.9135454 -0.4067366 0 0.9135454 -0.4067366 0 0.9672822 -0.2537026 0 0.9780467 -0.2078904 0.01435732 0.9885025 -0.1512048 0 0.9957511 -0.09208643 0 0.9985457 -0.05385321 0.002537369 0.9997478 -0.02043133 0.009323954 0.9998979 0 0.01428765 0.9998265 0.01615798 0.009264767 0.9971937 0.0748648 0 0.9919255 0.1268216 0 0.9877815 0.1558064 0.003479778 0.9780807 0.2078976 0.0116862 0.9807171 0.1946865 0.01705902 0.96623 0.2576696 0.002443611 0.7883008 0.6152521 0.006827652 0.7820789 0.6231794 0 0.6691304 0.7431451 0 0.6691304 0.7431451 0 0.5000001 0.8660253 0 0.5000001 0.8660253 0 0.3090171 0.9510564 0 0.3090171 0.9510564 0 0.1045283 0.9945219 0 0.1045283 0.9945219 0 -0.1045283 0.9945219 0 -0.1045283 0.9945219 0 -0.3090171 0.9510564 0 -0.3090171 0.9510564 0 -0.4404837 0.8977606 0 0 0 -1 0 0 -1 0 0 -1 0 0 -1 0 0 -1 0 0 -1 0 0 -1 0 0 -1 0 0 -1 0 0 -1 0 0 -1 0 0 -1 0 0 -1 0 0 -1 0 0 -1 0 0 -1 0 0 -1 0 0 -1 0 0 -1 0 0 -1 0 0 -1 0 0 -1 0 0 -1 0 0 -1 0 0 -1 0 0 -1 0 0 -1 0 0 -1 0 0 -1 0 0 -1 0 0 -1 0 0 -1 0 0 -1 0 0 -1 0 0 -1 0 0 -1 0 0 -1 0 0 -1 0 0 -1 0 0 -1 0 0 -1 0 0 -1 0 0 -1 0 0 -1 0 0 -1 0 0 -1 0 0 -1 0 0 -1 0 0 -1 0 0 -1 0 0 -1 0 0 -1 0 0 -1 0 0 -1 0 0 -1 0 0 -1 0 0 -1 0 0 -1 0 0 -1 0 0 -1 0 0 -1 0 0 -1 0 0 -1 0 0 -1 0 0 -1 0 0 -1 0 0 -1 0 0 -1 0.03002446 -0.7067885 -0.7067875 0.1197171 -0.6981927 -0.7058291 0.1197169 -0.6981921 -0.7058297 0.2359901 -0.667917 -0.7058297 0.2359901 -0.6679171 -0.7058296 0.3454741 -0.6184272 -0.7058297 0.3454737 -0.6184266 -0.7058303 0.4450191 -0.5511458 -0.7058302 0.4450193 -0.5511459 -0.7058301 0.5317621 -0.4680095 -0.70583 0.5317617 -0.4680092 -0.7058306 0.6032068 -0.3714091 -0.7058307 0.6032066 -0.3714091 -0.7058307 0.6572985 -0.2641242 -0.7058308 0.6572985 -0.2641242 -0.7058308 0.6924809 -0.1492412 -0.7058309 0.6924812 -0.1492412 -0.7058306 0.7077423 -0.03006458 -0.7058306 0.7077429 -0.03006452 -0.7058302 0.7026435 0.08997702 -0.7058303 0.7026447 0.08997738 -0.705829 0.6773316 0.2074304 -0.705829 0.6773312 0.2074303 -0.7058293 0.6325325 0.3189163 -0.7058294 0.6325317 0.3189157 -0.7058303 0.5695362 0.4212268 -0.7058303 0.569537 0.4212276 -0.7058292 0.4901571 0.5114208 -0.705829 0.4901562 0.5114195 -0.7058306 0.3966753 0.5869001 -0.7058306 0.3966755 0.5869008 -0.70583 0.2917832 0.6454973 -0.7058299 0.2917832 0.6454972 -0.7058299 0.1784965 0.6855239 -0.7058299 0.1784966 0.6855247 -0.7058293 0.0600748 0.70583 -0.7058293 0.06007486 0.705829 -0.7058304 -0.06007468 0.705829 -0.7058303 -0.06007498 0.70583 -0.7058293 -0.1784967 0.6855246 -0.7058293 -0.1784964 0.685524 -0.7058299 -0.2917832 0.6454973 -0.70583 -0.2917832 0.6454972 -0.7058299 -0.3966757 0.5869007 -0.70583 -0.3966757 0.5869007 -0.7058299 -0.4901567 0.5114204 -0.7058297 -0.4901573 0.5114208 -0.7058291 -0.5695372 0.4212275 -0.7058292 -0.5695361 0.421227 -0.7058303 -0.6325317 0.3189159 -0.7058303 -0.6325326 0.3189162 -0.7058294 -0.6773313 0.2074304 -0.7058293 -0.6773316 0.2074304 -0.705829 -0.7026447 0.08997714 -0.705829 -0.7026435 0.0899772 -0.7058302 -0.7077428 -0.03006464 -0.7058302 -0.7077423 -0.03006452 -0.7058306 -0.6924812 -0.1492413 -0.7058306 -0.692481 -0.1492412 -0.7058309 -0.6572985 -0.2641242 -0.7058308 -0.6572984 -0.2641241 -0.7058308 -0.6032067 -0.3714091 -0.7058307 -0.6032068 -0.3714091 -0.7058306 -0.5317618 -0.4680091 -0.7058306 -0.5317622 -0.4680096 -0.7058301 -0.4450192 -0.5511459 -0.7058301 -0.4450191 -0.5511458 -0.7058302 -0.3454737 -0.6184266 -0.7058303 -0.345474 -0.6184272 -0.7058297 -0.2359901 -0.6679171 -0.7058296 -0.2359901 -0.667917 -0.7058297 -0.119717 -0.6981921 -0.7058298 -0.119717 -0.6981927 -0.7058291 -0.03002405 -0.7067886 -0.7067875 -0.0300244 -0.7067873 -0.7067887 0.03002399 -0.7067874 -0.7067888 0.3827308 0 -0.92386 0.7070533 -0.01231241 0.7070531 0.9658535 -0.01222723 0.2587999 0.9238187 0 0.3828304 0.7934021 0 0.6086979 0.7071068 0 -0.7071068 0.609403 -0.02431452 -0.7924878 0.7933536 0 -0.6087611 0.8951068 0 -0.4458518 0.923818 0.003061175 -0.3828198 0.9799811 -0.00649631 -0.1989848 0.9914378 0 -0.13058 0.9914241 0 0.1306838 0.1308145 -0.02454477 -0.991103 0.2588192 0 -0.9659258 -0.1306665 0 -0.9914263 -0.2587993 -0.01239871 -0.9658515 -0.382814 0 -0.9238254 -0.6087034 0 -0.7933979 -0.7070533 -0.01231253 -0.7070533 -0.7933091 0 -0.6088192 -0.923923 0 -0.3825784 -0.9658536 -0.01222723 -0.2587997 -0.9914597 0 -0.1304133 -0.9914578 0 0.1304278 -0.9658536 -0.01222723 0.2587999 -0.9239175 0 0.3825916 -0.7071069 0 0.7071067 -0.609335 -0.02433049 0.7925395 -0.7933011 0 0.6088294 0.6088253 0 0.7933043 0.3825844 0 0.9239206 0.2587991 -0.01239877 0.9658516 0.1304203 0 0.9914588 -0.258819 0 0.9659258 -0.1312846 -0.02445614 0.991043 -0.3831677 0 0.9236788 0.191415 -0.3315405 0.9238188 0.4619599 -0.8001384 0.3825852 0.4935158 -0.8303401 0.2587999 0.3535534 -0.6123722 0.707107 0.3257398 -0.5155391 0.7925359 0.3966528 -0.6870231 0.6088234 0.08669972 -0.1011192 0.9910893 0.1294095 -0.2241439 0.9659258 -0.06528985 0.1130853 0.9914379 -0.1186619 0.230326 0.9658516 -0.1913664 0.3314565 0.923859 -0.3043809 0.5272032 0.7933531 -0.3428638 0.6184825 0.7070529 -0.3966768 0.6870644 0.608761 -0.46193 0.8000861 0.3827309 -0.4723377 0.8425676 0.2587992 -0.4957189 0.8586107 0.1305773 -0.495713 0.8586004 -0.1306669 -0.4723377 0.8425675 -0.2587991 -0.4619128 0.8000563 -0.3828139 -0.044043 0.1254356 -0.9911236 -0.191289 0.3313222 -0.9239232 -0.3535534 0.6123725 -0.7071067 -0.2836846 0.5399586 -0.7924442 -0.3966995 0.6871036 -0.608702 0.1500788 -0.239842 -0.9591413 0.06354427 -0.1138929 -0.9914588 0.01243656 -0.02154082 -0.9996906 -0.1294096 0.2241441 -0.9659257 0.3641893 -0.6061694 -0.7070536 0.304415 -0.527262 -0.7933008 0.1912955 -0.3313333 -0.9239178 0.4957293 -0.8586287 0.1304198 0.495688 -0.8585571 -0.1310463 0.4935158 -0.8303402 -0.2587998 0.4618392 -0.7999292 -0.3831682 0.3967033 -0.6871104 -0.608692 0.1914148 0.3315402 0.923819 0.46196 0.8001382 0.3825858 0.4723376 0.8425675 0.2587992 0.3535535 0.6123726 0.7071065 0.2836006 0.5398691 0.7925353 0.3966524 0.687022 0.6088247 0.04422199 0.1256439 0.9910893 0.1294095 0.2241438 0.9659258 -0.06528985 -0.1130853 0.9914379 -0.1401373 -0.2179273 0.9658516 -0.1913665 -0.3314565 0.923859 -0.304381 -0.5272031 0.7933531 -0.3641895 -0.6061696 0.7070534 -0.3966768 -0.6870647 0.6087607 -0.4619296 -0.8000858 0.3827319 -0.4449039 -0.7817332 0.4369828 -0.5027092 -0.8545517 0.1304793 -0.4909594 -0.8503668 0.1893013 -0.4957132 -0.8586007 -0.1306651 -0.4935159 -0.8303401 -0.2587999 -0.4619123 -0.800056 -0.3828152 -0.3535533 -0.6123721 -0.7071071 -0.3257758 -0.5156581 -0.7924436 -0.3966991 -0.6871033 -0.6087027 0.118662 0.2303262 -0.9658516 0.06521397 0.112954 -0.9914578 -0.1294096 -0.2241441 -0.9659257 -0.086609 -0.1008604 -0.9911236 -0.1912887 -0.3313217 -0.9239234 0.3428637 0.6184824 -0.7070531 0.3044148 0.527262 -0.7933011 0.1912958 0.3313339 -0.9239176 0.4957293 0.8586287 0.13042 0.495688 0.8585572 -0.1310451 0.4723377 0.8425676 -0.2587991 0.461839 0.7999285 -0.3831699 0.3967033 0.6871103 -0.6086921 -0.2191076 -0.6743436 -0.7051614 -0.2191073 -0.6743431 -0.7051619 -0.3545232 -0.6140521 -0.7051619 -0.3545231 -0.6140518 -0.7051622 -0.4744442 -0.526924 -0.7051622 -0.4744446 -0.5269243 -0.7051618 -0.5736309 -0.4167671 -0.7051616 -0.5736302 -0.4167667 -0.7051624 -0.6477457 -0.288395 -0.7051622 -0.6477463 -0.2883952 -0.7051616 -0.6935523 -0.1474192 -0.7051616 -0.693553 -0.1474192 -0.7051609 -0.7090475 0 -0.7051607 -0.7090475 0 -0.7051607 -0.6935531 0.1474193 -0.7051607 -0.6935523 0.147419 -0.7051616 -0.6477462 0.2883952 -0.7051617 -0.6477458 0.2883949 -0.7051622 -0.5736303 0.4167667 -0.7051623 -0.5736308 0.4167672 -0.7051615 -0.4744445 0.5269244 -0.7051616 -0.4744443 0.526924 -0.7051621 -0.3545231 0.6140518 -0.7051622 -0.3545232 0.6140521 -0.705162 -0.2191074 0.6743431 -0.705162 -0.2191075 0.6743436 -0.7051614 -0.07411545 0.7051627 -0.7051613 -0.07411557 0.7051613 -0.7051627 0.07411527 0.7051613 -0.7051627 0.07411575 0.7051627 -0.7051613 0.2191076 0.6743436 -0.7051614 0.2191073 0.6743431 -0.7051619 0.3545232 0.6140521 -0.7051619 0.3545231 0.6140518 -0.7051622 0.4744442 0.526924 -0.7051622 0.4744446 0.5269243 -0.7051618 0.5736309 0.4167671 -0.7051616 0.5736302 0.4167667 -0.7051624 0.6477457 0.288395 -0.7051622 0.6477463 0.2883952 -0.7051616 0.6935523 0.1474192 -0.7051616 0.693553 0.1474192 -0.7051609 0.7090475 0 -0.7051607 0.7090475 0 -0.7051607 0.6935531 -0.1474193 -0.7051607 0.6935523 -0.147419 -0.7051616 0.6477462 -0.2883952 -0.7051617 0.6477458 -0.2883949 -0.7051622 0.5736303 -0.4167667 -0.7051623 0.5736308 -0.4167672 -0.7051615 0.4744445 -0.5269244 -0.7051616 0.4744443 -0.526924 -0.7051621 0.3545231 -0.6140518 -0.7051622 0.3545232 -0.6140521 -0.705162 0.2191074 -0.6743431 -0.705162 0.2191075 -0.6743436 -0.7051614 0.07411545 -0.7051627 -0.7051613 0.07411557 -0.7051613 -0.7051627 -0.07411527 -0.7051613 -0.7051627 -0.07411575 -0.7051627 -0.7051613 0 0 -1 0 0 -1 0 0 -1 0 0 -1 0 0 -1 0 0 -1 0 0 -1 0 0 -1 0 0 -1 0 0 -1 0 0 -1 0 0 -1 0 0 -1 0 0 -1 0 0 -1 0 0 -1 0 0 -1 0 0 -1 0 0 -1 0 0 -1 0 0 -1 0 0 -1 0 0 -1 0 0 -1 0 0 -1 0 0 -1 0 0 -1 0 0 -1 0 0 -1 0 0 -1 0 0 -1 0 0 -1 0 0 -1 0 0 -1 0 0 -1 0 0 -1 0 0 -1 0 0 -1 0 0 -1 0 0 -1 0 0 -1 0 0 -1 0 0 -1 0 0 -1 0 0 -1 0 0 -1 0 0 -1 0 0 -1 0 0 -1 0 0 -1 0 0 -1 0 0 -1 0 0 -1 0 0 -1 0 0 -1 0 0 -1 0 0 -1 0 0 -1 0 0 -1 0 0 -1 0 0 -1 0 0 -1 0 0 -1 0 0 -1 0 0 -1 0 0 -1 0 0 -1 0 0 -1 0 0 -1 0 0 -1 0 0 -1 0 0 -1 0 0 -1 0 0 -1 0 0 -1 0 0 -1 0 0 -1 0 0 -1 0 0 -1 0 0 -1 0 0 -1 0 0 -1 0 0 -1 0 0 -1 0 0 -1 0 0 -1 0 0 -1 0 0 -1 0 0 -1 0 0 -1 0 0 -1 0 0 -1 0 0 -1 0 0 -1 0 0 -1 0 0 -1 0 0 -1 0 0 -1 0 0 -1 0 0 -1 0 0 -1 0 0 -1 0 0 -1 0 0 -1 0 0 -1 0 0 -1 0 0 -1 0 0 -1 0 0 -1 0 0 -1 0 0 -1 0 0 -1 0 0 -1 0 0 -1 0 0 -1 0 0 -1 0 0 -1 0 0 -1 0 0 -1 0 0 -1 0 0 -1 0 0 -1 0 0 -1 0 0 -1 0 0 -1 0 0 -1 0 0 -1 0 0 -1 0 0 -1 0 0 -1 0 0 -1 0 0 -1 0 0 -1 0 0 -1 0 0 -1 0 0 -1 0 0 -1 0 0 -1 0 0 -1 0 0 -1 0 0 -1 0 0 -1 0 0 -1 0 0 -1 0 0 -1 0 0 -1 0 0 -1 0 0 -1 0 0 -1 0 0 -1 0 0 -1 0 0 -1 0 0 -1 0 0 -1 0 0 -1 0 0 -1 0 0 -1 0 0 -1 0 0 -1 0 0 -1 0 0 -1 0 0 -1 0 0 -1 0 0 -1 0 0 -1 0 0 -1 0 0 -1 0 0 -1 0 0 -1 0 0 -1 0 0 -1 0 0 -1 0 0 -1 0 0 -1 0 0 -1 0 0 -1 0 0 -1 0 0 -1 0 0 -1 0 0 -1 0 0 -1 0 0 -1 0 0 -1 0 0 -1 0 0 -1 0 0 -1 0 0 -1 0 0 -1 0 0 -1 0 0 -1 0 0 -1 0 0 -1 0 0 -1 0 0 -1 0 0 -1 0 0 -1 0 0 -1 0 0 -1 0 0 -1 0 0 -1 0 0 -1 0 0 -1 0 0 -1 0 0 -1 0 0 -1 0 0 -1 0 0 -1 0 0 -1 0 0 -1 0 0 -1 0 0 -1 0 0 -1 0 0 -1 0 0 -1 0 0 -1 0 0 -1 0 0 -1 0 0 -1 0 0 -1 0 0 -1 0 0 -1 0 0 -1 0 0 -1 0 0 -1 0 0 -1 0 0 -1 0 0 -1 0 0 -1 0 0 -1 0 0 -1 0 0 -1 0 0 -1 0 0 -1 0 0 -1 0 0 -1 0 0 -1 0 0 -1 0 0 -1 0 0 -1 0 0 -1 0 0 -1 0 0 -1 0 0 -1 0 0 -1 0 0 -1 0 0 -1 0 0 -1 0 0 -1 0 0 -1 0 0 -1 0 0 -1 0 0 -1 0 0 -1 0 0 -1 0 0 -1 0 0 -1 0 0 -1 0 0 -1 0 0 -1 0 0 -1 0 0 -1 0 0 -1 0 0 -1 0 0 -1 0 0 -1 0 0 -1 0 0 -1 0 0 -1 0 0 -1 0 0 -1 0 0 -1 0 0 -1 0 0 -1 0 0 -1 0 0 -1 0 0 -1 0 0 -1 0 0 -1 0 0 -1 0 0 -1 0 0 -1 0 0 -1 0 0 -1 0 0 -1 0 0 -1 0 0 -1 0 0 -1 0 0 -1 0 0 -1 0 0 -1 0 0 -1 0 0 -1 0 0 -1 0 0 -1 0 0 -1 0 0 -1 0 0 -1 0 0 -1 0 0 -1 0 0 -1 0 0 -1 0 0 -1 0 0 -1 0 0 -1 0 0 -1 0 0 -1 0 0 -1 0 0 -1 0 0 -1 0 0 -1 0 0 -1 0 0 -1 0 0 -1 0 0 -1 0 0 -1 0 0 -1 0 0 -1 0 0 -1 0 0 -1 0 0 -1 0 0 -1 0 0 -1 0 0 -1 0 0 -1 0 0 -1 0 0 -1 0 0 -1 0 0 -1 0 0 -1 0 0 -1 0 0 -1 0 0 -1 0 0 -1 0 0 -1 0 0 -1 0 0 -1 0 0 -1 0 0 -1 0 0 -1 0 0 -1 0 0 -1 0 0 -1 0 0 -1 0 0 -1 0 0 -1 0 0 -1 0 0 -1 0 0 -1 0 0 -1 0 0 -1 0 0 -1 0 0 -1 0 0 -1 0 0 -1 0 0 -1 0 0 -1 0 0 -1 0 0 -1 0 0 -1 0 0 -1 0 0 -1 0 0 -1 0 0 -1 0 0 -1 0 0 -1 0 0 -1 0 0 -1 0 0 -1 0 0 -1 0 0 -1 0 0 -1 0 0 -1 0 0 -1 0 0 -1 0 0 -1 0 0 -1 0 0 -1 0 0 -1 0 0 -1 0 0 -1 0 0 -1 0 0 -1 0 0 -1 0 0 -1 0 0 -1 0 0 -1 0 0 -1 0 0 -1 0 0 -1 0 0 -1 0 0 -1 0 0 -1 0 0 -1 0 0 -1 0 0 -1 0 0 -1 0 0 -1 0 0 -1 0 0 -1 0 0 -1 0 0 -1 0 0 -1 0 0 -1 0 0 -1 0 0 -1 0 0 -1 0 0 -1 0 0 -1 0 0 -1 0 0 -1 0 0 -1 0 0 -1 0 0 -1 0 0 -1 0 0 -1 0 0 -1 0 0 -1 0 0 -1 0 0 -1 0 0 -1 0 0 -1 0 0 -1 0 0 -1 0 0 -1 0 0 -1 0 0 -1 0 0 -1 0 0 -1 0 0 -1 0 0 -1 0 0 -1 0 0 -1 0 0 -1 0 0 -1 0 0 -1 0 0 -1 0 0 -1 0 0 -1 0 0 -1 0 0 -1 0 0 -1 0 0 -1 0 0 -1 0 0 -1 0 0 -1 0 0 -1 0 0 -1 0 0 -1 0 0 -1 0 0 -1 0 0 -1 0 0 -1 0 0 -1 0 0 -1 0 0 -1 0 0 -1 0 0 -1 0 0 -1 0 0 -1 0 0 -1 0 0 -1 0 0 -1 0 0 -1 0 0 -1 0 0 -1 0 0 -1 0 0 -1 0 0 -1 0 0 -1 0 0 -1 0 0 -1 0 0 -1 0 0 -1 0 0 -1 0 0 -1 0 0 -1 0 0 -1 0 0 -1 0 0 -1 0 0 -1 0 0 -1 0 0 -1 0 0 -1 0 0 -1 0 0 -1 0 0 -1 0 0 -1 0 0 -1 0 0 -1 0 0 -1 0 0 -1 0 0 -1 0 0 -1 0 0 -1 0 0 -1 0 0 -1 0 0 -1 0 0 -1 0 0 -1 0 0 -1 0 0 -1 0 0 -1 0 0 -1 0 0 -1 0 0 -1 0 0 -1 0 0 -1 0 0 -1 0 0 -1 0 0 -1 0 0 -1 0 0 -1 0 0 -1 0 0 -1 0 0 -1 0 0 -1 0 0 -1 0 0 -1 0 0 -1 0 0 -1 0 0 -1 0 0 -1 0 0 -1 0 0 -1 0 0 -1 0 0 -1 0 0 -1 0 0 -1 0 0 -1 0 0 -1 0 0 -1 0 0 -1 0 0 -1 0 0 -1 0 0 -1 0 0 -1 0 0 -1 0 0 -1 0 0 -1 0 0 -1 0 0 -1 0 0 -1 0 0 -1 0 0 -1 0 0 -1 0 0 -1 0 0 -1 0 0 -1 0 0 -1 0 0 -1 0 0 -1 0 0 -1 0 0 -1 0 0 -1 0 0 -1 0 0 -1 0 0 -1 0.9659261 -0.2588183 0 0.9827925 0.184713 0 0.965546 0.258717 0.02804547 0.9014964 0.4327866 0 0.7071079 0.7071056 0 0.7071079 0.7071056 0 0.2588183 0.9659261 0 0.2588183 0.9659261 0 -0.2588183 0.9659261 0 -0.2588183 0.9659261 0 -0.7071079 0.7071056 0 -0.7071079 0.7071056 0 -0.9659253 0.2588209 0 -0.9659253 0.2588209 0 -0.9659255 -0.2588204 0 -0.9659255 -0.2588204 0 -0.7071068 -0.7071068 0 -0.7071068 -0.7071068 0 -0.2588204 -0.9659255 0 -0.2588204 -0.9659255 0 0.2588204 -0.9659255 0 0.2588204 -0.9659255 0 0.7071068 -0.7071068 0 0.7071068 -0.7071068 0 0.9659261 -0.2588183 0 0.9659255 -0.2588204 0 0.9827919 0.184716 0 0.9655454 0.2587191 0.02804517 0.9014964 0.4327866 0 0.7071079 0.7071056 0 0.7071079 0.7071056 0 0.2588183 0.9659261 0 0.2588183 0.9659261 0 -0.2588183 0.9659261 0 -0.2588183 0.9659261 0 -0.7071079 0.7071056 0 -0.7071079 0.7071056 0 -0.9659259 0.2588188 0 -0.9659259 0.2588188 0 -0.9659261 -0.2588183 0 -0.9659261 -0.2588183 0 -0.7071068 -0.7071068 0 -0.7071068 -0.7071068 0 -0.2588204 -0.9659255 0 -0.2588204 -0.9659255 0 0.2588204 -0.9659255 0 0.2588204 -0.9659255 0 0.7071068 -0.7071068 0 0.7071068 -0.7071068 0 0.9659255 -0.2588204 0 1 0 0 1 0 0 1 0 0 1 0 0 1 0 0 1 0 0 1 0 0 1 0 0 1 0 0 -1 0 0 -1 0 0 -1 0 0 -1 0 0 -1 0 0 -1 0 0 -1 0 0 -1 0 0 -1 0 0 -1 0 0 -1 0 0 1 0 0 1 0 0 1 0 0 1 0 0 1 0 0 1 0 0 1 0 0 1 0 0 1 0 0 -1 0 0 -1 0 0 -1 0 0 -1 0 0 -1 0 0 -1 0 0 -1 0 0 0.9749279 -0.2225213 0 0.9749279 -0.2225213 0 0.7818313 -0.62349 0 0.7818313 -0.62349 0 0.4338843 -0.9009686 0 0.4338843 -0.9009686 0 0 -1 0 0 -1 0 -0.4338843 -0.9009686 0 -0.4338843 -0.9009686 0 -0.7818313 -0.62349 0 -0.7818313 -0.62349 0 -0.9749279 -0.2225213 0 -0.9749279 -0.2225213 0 -0.9659256 0.2588196 0 -0.9659256 0.2588196 0 -0.7071072 0.7071063 0 -0.7071072 0.7071063 0 -0.2588188 0.9659259 0 -0.2588188 0.9659259 0 0.2588188 0.9659259 0 0.2588188 0.9659259 0 0.7071068 0.7071068 0 0.7071068 0.7071068 0 0.9659259 0.2588188 0 0.9659259 0.2588188 0 -0.9659259 0.2588188 0 -0.9659259 0.2588188 0 -0.7071068 0.7071068 0 -0.7071068 0.7071068 0 -0.2588188 0.9659259 0 -0.2588188 0.9659259 0 0.2588188 0.9659259 0 0.2588188 0.9659259 0 0.7071072 0.7071063 0 0.7071072 0.7071063 0 0.9659256 0.2588196 0 0.9659256 0.2588196 0 0.9659256 -0.2588196 0 0.9659256 -0.2588196 0 0.7071064 -0.7071073 0 0.7071064 -0.7071073 0 0.2588188 -0.9659259 0 0.2588188 -0.9659259 0 -0.2588188 -0.9659259 0 -0.2588188 -0.9659259 0 -0.7071059 -0.7071077 0 -0.7071059 -0.7071077 0 -0.9659259 -0.2588188 0 -0.9659259 -0.2588188 0 -0.2588188 -0.9659259 0 -0.2588188 -0.9659259 0 -0.7071063 -0.7071073 0 -0.7071063 -0.7071073 0 -0.9659258 -0.2588192 0 -0.9659258 -0.2588192 0 -0.9659255 0.2588201 0 -0.9659255 0.2588201 0 -0.7071081 0.7071055 0 -0.7071081 0.7071055 0 -0.2588188 0.9659259 0 -0.2588188 0.9659259 0 0.2588188 0.9659259 0 0.2588188 0.9659259 0 0.7071077 0.7071059 0 0.7071077 0.7071059 0 0.9659258 0.2588192 0 0.9659258 0.2588192 0 0.9659261 -0.2588183 0 0.9659261 -0.2588183 0 0.7071059 -0.7071077 0 0.7071059 -0.7071077 0 0.2588188 -0.9659259 0 0.2588188 -0.9659259 0 0 0 -1 0 0 -1 0 0 -1 0 0 -1 0 0 -1 0 0 -1 0 0 -1 0 0 -1 0 0 -1 0 0 -1 0 0 -1 0 0 -1 -0.2588188 -0.9659259 0 -0.2588188 -0.9659259 0 -0.7071059 -0.7071077 0 -0.7071059 -0.7071077 0 -0.9659261 -0.2588183 0 -0.9659261 -0.2588183 0 -0.9659258 0.2588192 0 -0.9659258 0.2588192 0 -0.7071077 0.7071059 0 -0.7071077 0.7071059 0 -0.2588188 0.9659259 0 -0.2588188 0.9659259 0 0.2588188 0.9659259 0 0.2588188 0.9659259 0 0.7071081 0.7071055 0 0.7071081 0.7071055 0 0.9659255 0.2588201 0 0.9659255 0.2588201 0 0.9659258 -0.2588192 0 0.9659258 -0.2588192 0 0.7071063 -0.7071073 0 0.7071063 -0.7071073 0 0.2588188 -0.9659259 0 0.2588188 -0.9659259 0 0 0 -1 0 0 -1 0 0 -1 0 0 -1 0 0 -1 0 0 -1 0 0 -1 0 0 -1 0 0 -1 0 0 -1 0 0 -1 0 0 -1 -0.2588188 -0.9659259 0 -0.2588188 -0.9659259 0 -0.7071064 -0.7071073 0 -0.7071064 -0.7071073 0 -0.9659259 -0.2588188 0 -0.9659259 -0.2588188 0 -0.9659259 0.2588188 0 -0.9659259 0.2588188 0 -0.7071066 0.707107 0 -0.7071066 0.707107 0 -0.2588192 0.9659258 0 -0.2588192 0.9659258 0 0.2588192 0.9659258 0 0.2588192 0.9659258 0 0.707107 0.7071065 0 0.707107 0.7071065 0 0.9659257 0.2588196 0 0.9659257 0.2588196 0 0.9659257 -0.2588196 0 0.9659257 -0.2588196 0 0.7071068 -0.7071068 0 0.7071068 -0.7071068 0 0.2588188 -0.9659259 0 0.2588188 -0.9659259 0 0 0 -1 0 0 -1 0 0 -1 0 0 -1 0 0 -1 0 0 -1 0 0 -1 0 0 -1 0 0 -1 0 0 -1 0 0 -1 0 0 -1 0.9659261 -0.2588183 0 0.9659261 -0.2588183 0 0.7071063 -0.7071073 0 0.7071063 -0.7071073 0 0.2588186 -0.9659259 0 0.2588186 -0.9659259 0 -0.2588188 -0.9659259 0 -0.2588188 -0.9659259 0 -0.7071068 -0.7071068 0 -0.7071068 -0.7071068 0 -0.9659261 -0.2588183 0 -0.9659261 -0.2588183 0 1 0 0 1 0 0 -0.9659258 0.2588192 0 -0.9659258 0.2588192 0 -0.7071086 0.707105 0 -0.7071086 0.707105 0 -0.2588188 0.9659259 0 -0.2588188 0.9659259 0 0.2588186 0.9659259 0 0.2588186 0.9659259 0 0.7071081 0.7071055 0 0.7071081 0.7071055 0 0.9659258 0.2588192 0 0.9659258 0.2588192 0 -1 0 0 -1 0 0 0 0 -1 0 0 -1 0 0 -1 0 0 -1 0 0 -1 0 0 -1 0 0 -1 0 0 -1 0 0 -1 0 0 -1 0 0 -1 0 0 -1 -0.2588186 -0.9659259 0 -0.2588186 -0.9659259 0 -0.7071081 -0.7071055 0 -0.7071081 -0.7071055 0 -0.9659258 -0.2588192 0 -0.9659258 -0.2588192 0 -0.9659261 0.2588183 0 -0.9659261 0.2588183 0 -0.7071063 0.7071073 0 -0.7071063 0.7071073 0 -0.2588186 0.9659259 0 -0.2588186 0.9659259 0 0.2588192 0.9659258 0 0.2588192 0.9659258 0 0.7071059 0.7071077 0 0.7071059 0.7071077 0 0.9659261 0.2588183 0 0.9659261 0.2588183 0 0.9659258 -0.2588192 0 0.9659258 -0.2588192 0 0.7071077 -0.7071059 0 0.7071077 -0.7071059 0 0.2588192 -0.9659258 0 0.2588192 -0.9659258 0 0 0 -1 0 0 -1 0 0 -1 0 0 -1 0 0 -1 0 0 -1 0 0 -1 0 0 -1 0 0 -1 0 0 -1 0 0 -1 0 0 -1 -0.2588186 -0.9659259 0 -0.2588186 -0.9659259 0 -0.7071063 -0.7071073 0 -0.7071063 -0.7071073 0 -0.9659261 -0.2588183 0 -0.9659261 -0.2588183 0 -0.9659258 0.2588192 0 -0.9659258 0.2588192 0 -0.7071081 0.7071055 0 -0.7071081 0.7071055 0 -0.2588186 0.9659259 0 -0.2588186 0.9659259 0 0.2588192 0.9659258 0 0.2588192 0.9659258 0 0.7071077 0.7071059 0 0.7071077 0.7071059 0 0.9659258 0.2588192 0 0.9659258 0.2588192 0 0.9659261 -0.2588183 0 0.9659261 -0.2588183 0 0.7071059 -0.7071077 0 0.7071059 -0.7071077 0 0.2588192 -0.9659258 0 0.2588192 -0.9659258 0 0 0 -1 0 0 -1 0 0 -1 0 0 -1 0 0 -1 0 0 -1 0 0 -1 0 0 -1 0 0 -1 0 0 -1 0 0 -1 0 0 -1 -0.258819 -0.9659259 0 -0.258819 -0.9659259 0 -0.7071059 -0.7071077 0 -0.7071059 -0.7071077 0 -0.9659261 -0.2588183 0 -0.9659261 -0.2588183 0 -0.9659258 0.2588192 0 -0.9659258 0.2588192 0 -0.7071077 0.7071059 0 -0.7071077 0.7071059 0 -0.258819 0.9659259 0 -0.258819 0.9659259 0 0.2588188 0.9659259 0 0.2588188 0.9659259 0 0.7071077 0.7071059 0 0.7071077 0.7071059 0 0.9659258 0.2588192 0 0.9659258 0.2588192 0 0.9659261 -0.2588183 0 0.9659261 -0.2588183 0 0.7071059 -0.7071077 0 0.7071059 -0.7071077 0 0.2588188 -0.9659259 0 0.2588188 -0.9659259 0 0 0 -1 0 0 -1 0 0 -1 0 0 -1 0 0 -1 0 0 -1 0 0 -1 0 0 -1 0 0 -1 0 0 -1 0 0 -1 0 0 -1 -0.2588186 -0.9659259 0 -0.2588186 -0.9659259 0 -0.7071081 -0.7071055 0 -0.7071081 -0.7071055 0 -0.9659259 -0.2588188 0 -0.9659259 -0.2588188 0 -0.9659259 0.2588188 0 -0.9659259 0.2588188 0 -0.7071063 0.7071073 0 -0.7071063 0.7071073 0 -0.2588186 0.9659259 0 -0.2588186 0.9659259 0 0.2588192 0.9659258 0 0.2588192 0.9659258 0 0.7071059 0.7071077 0 0.7071059 0.7071077 0 0.9659259 0.2588188 0 0.9659259 0.2588188 0 0.9659259 -0.2588188 0 0.9659259 -0.2588188 0 0.7071077 -0.7071059 0 0.7071077 -0.7071059 0 0.2588192 -0.9659258 0 0.2588192 -0.9659258 0 0 0 -1 0 0 -1 0 0 -1 0 0 -1 0 0 -1 0 0 -1 0 0 -1 0 0 -1 0 0 -1 0 0 -1 0 0 -1 0 0 -1 -0.258819 -0.9659259 0 -0.258819 -0.9659259 0 -0.7071077 -0.7071059 0 -0.7071077 -0.7071059 0 -0.9659259 -0.2588188 0 -0.9659259 -0.2588188 0 -0.9659259 0.2588188 0 -0.9659259 0.2588188 0 -0.7071059 0.7071077 0 -0.7071059 0.7071077 0 -0.258819 0.9659259 0 -0.258819 0.9659259 0 0.2588188 0.9659259 0 0.2588188 0.9659259 0 0.7071059 0.7071077 0 0.7071059 0.7071077 0 0.9659259 0.2588188 0 0.9659259 0.2588188 0 0.9659259 -0.2588188 0 0.9659259 -0.2588188 0 0.7071077 -0.7071059 0 0.7071077 -0.7071059 0 0.2588188 -0.9659259 0 0.2588188 -0.9659259 0 0 0 -1 0 0 -1 0 0 -1 0 0 -1 0 0 -1 0 0 -1 0 0 -1 0 0 -1 0 0 -1 0 0 -1 0 0 -1 0 0 -1 -0.2588189 -0.9659259 0 -0.2588189 -0.9659259 0 -0.7071079 -0.7071056 0 -0.7071079 -0.7071056 0 -0.9659258 -0.2588192 0 -0.9659258 -0.2588192 0 -0.9659258 0.2588192 0 -0.9659258 0.2588192 0 -0.7071061 0.7071074 0 -0.7071061 0.7071074 0 -0.2588189 0.9659259 0 -0.2588189 0.9659259 0 0.2588188 0.9659259 0 0.2588188 0.9659259 0 0.7071061 0.7071074 0 0.7071061 0.7071074 0 0.9659259 0.2588188 0 0.9659259 0.2588188 0 0.9659259 -0.2588188 0 0.9659259 -0.2588188 0 0.7071079 -0.7071056 0 0.7071079 -0.7071056 0 0.2588188 -0.9659259 0 0.2588188 -0.9659259 0 0 0 -1 0 0 -1 0 0 -1 0 0 -1 0 0 -1 0 0 -1 0 0 -1 0 0 -1 0 0 -1 0 0 -1 0 0 -1 0 0 -1 0.974928 -0.2225207 0 0.974928 -0.2225207 0 0.7818313 -0.62349 0 0.7818313 -0.62349 0 0.4338843 -0.9009686 0 0.4338843 -0.9009686 0 0 -1 0 0 -1 0 -0.4338843 -0.9009686 0 -0.4338843 -0.9009686 0 -0.7818313 -0.62349 0 -0.7818313 -0.62349 0 -0.9749282 -0.2225197 0 -0.9749282 -0.2225197 0 1 0 0 1 0 0 -0.9659261 0.2588183 0 -0.9659261 0.2588183 0 -0.7071068 0.7071068 0 -0.7071068 0.7071068 0 -0.2588188 0.9659259 0 -0.2588188 0.9659259 0 0.2588186 0.9659259 0 0.2588186 0.9659259 0 0.7071063 0.7071073 0 0.7071063 0.7071073 0 0.9659261 0.2588183 0 0.9659261 0.2588183 0 -1 0 0 -1 0 0 0 0 -1 0 0 -1 0 0 -1 0 0 -1 0 0 -1 0 0 -1 0 0 -1 0 0 -1 0 0 -1 0 0 -1 0 0 -1 0 0 -1 0 0 -1 0.974928 -0.2225208 0 0.974928 -0.2225208 0 0.7818318 -0.6234894 0 0.7818318 -0.6234894 0 0.4338843 -0.9009686 0 0.4338843 -0.9009686 0 0 -1 0 0 -1 0 -0.4338843 -0.9009686 0 -0.4338843 -0.9009686 0 -0.7818318 -0.6234894 0 -0.7818318 -0.6234894 0 -0.974928 -0.2225208 0 -0.974928 -0.2225208 0 1 0 0 1 0 0 -0.9659258 0.2588192 0 -0.9659258 0.2588192 0 -0.7071077 0.7071059 0 -0.7071077 0.7071059 0 -0.2588188 0.9659259 0 -0.2588188 0.9659259 0 0.258819 0.9659259 0 0.258819 0.9659259 0 0.7071077 0.7071059 0 0.7071077 0.7071059 0 0.9659258 0.2588192 0 0.9659258 0.2588192 0 -1 0 0 -1 0 0 0 0 -1 0 0 -1 0 0 -1 0 0 -1 0 0 -1 0 0 -1 0 0 -1 0 0 -1 0 0 -1 0 0 -1 0 0 -1 0 0 -1 0 0 -1 0 0 -1 0 0 -1 0 0 -1 0 0 -1 0 0 -1 0 0 -1 0 0 -1 0 0 -1 0 0 -1 0 0 -1 0 0 -1 0 0 -1 0 0 -1 0 0 -1 0 0 -1 0 0 -1 0 0 -1 0 0 -1 0 0 -1 0 0 -1 0 0 -1 0 0 -1 0 0 -1 0 0 -1 0 0 -1 0 0 -1 0 0 -1 0 0 -1 0 0 -1 0 0 -1 0 0 -1 0 0 -1 0 0 -1 0 0 -1 0 0 -1 0 0 -1 0 0 -1 0 0 -1 0 0 -1 0 0 -1 0 0 -1 0 0 -1 0 0 -1 0 0 -1 0 0 -1 0 0 -1 0 0 -1 0 0 -1 0 0 -1 0 0 -1 0 0 -1 0 0 1 0 0 1 0 0 1 0 0 1 0 0 1 0 0 -1 0 0 -1 0 0 -1 0 0 -1 0 0 -1 0 1 0 0 1 0 0.001514673 -0.2005897 0.9796741 -0.001444458 -0.5192428 0.8546255 0 -0.5786716 0.8155606 0.001431941 0.2875986 0.95775 1.88919e-6 0.1082914 0.9941192 2.04886e-6 -0.1300821 0.9915032 9.18624e-4 0.7071066 0.7071064 9.925e-6 0.5430355 0.8397098 1.00803e-5 0.3490455 0.9371058 0.001051545 0.9730119 0.2307524 9.72148e-6 0.8750206 0.4840856 9.95784e-6 0.7319501 0.6813583 -8.76994e-4 0.9577505 0.2875993 7.09046e-4 0.9796752 -0.2005891 -6.31664e-4 0.9682613 -0.2499389 3.97525e-4 0.8155609 -0.5786712 0 0.8022049 -0.5970489 2.996e-6 0.9940919 -0.1085423 3.042e-6 0.9914811 0.1302503 0.001512765 0.9796742 0.2005893 -0.001442372 0.8546049 0.5192767 0 0.8155618 0.57867 0.001941442 0.9369604 -0.34943 1.00313e-5 0.9577509 -0.2875994 9.9449e-6 0.8398551 -0.5428107 9.13254e-4 0.7071056 -0.7071074 9.94843e-6 0.6815475 -0.7317738 9.71362e-6 0.4843088 -0.8748971 8.24771e-4 0.2875987 -0.9577507 -6.84675e-4 0.2312691 -0.9728897 7.01722e-4 -0.2005881 -0.9796754 -6.31463e-4 -0.2496098 -0.9683464 3.97318e-4 -0.5786716 -0.8155605 0 -0.5970281 -0.8022202 0 0 1 0 0 1 0 0 1 0 0 1 0 0 1 0 -1 0 0 -1 0 0 -1 0 0 -1 0 0 1 0 0 1 0 0 0.05182445 -0.9986562 0.00255388 0.1757996 -0.9844228 0 0.9876208 -0.1568605 -0.003634154 0.3008791 -0.9536554 0.00783509 0.6364675 -0.7712638 -0.005533337 0.5391295 -0.8422047 0.004929184 0.8766872 -0.4810356 -0.001862466 0.8422157 -0.5391374 0.001305103 0.9844259 -0.1757953 0 0.9844266 0.1757964 0.01076847 0.9993129 0.03546553 0 0.198072 0.9801875 -0.002674221 0.9671866 0.254053 0.004478514 0.8050237 0.5932258 -0.001904845 0.8422165 0.539136 0.001573622 0.5411244 0.8409412 0.001755774 0.5391369 0.8422163 -0.001804649 0.1757965 0.9844249 0 -0.1757965 0.9844266 0 -0.9802632 0.1976968 -8.36387e-4 -0.195004 0.9808021 0.001017808 -0.5553282 0.8316307 1.77139e-5 -0.5391387 0.842217 -1.5931e-5 -0.8297967 0.5580658 0.001035153 -0.8422165 0.5391386 -0.001063108 -0.9844261 0.1757959 0 0 1 0 0 1 0 0 1 0 0 1 0 0 1 0 0 1 0 0 1 0 0 1 0 0 1 0 0 1 0 0 1 0 0 1 0 0 1 0 0 1 0 0 1 0 0 1 0 0 1 0 0 1 0 0 1 0 0 1 0 0 1 0 0 1 0 0 1 0 0 1 0 0 1 0 0 1 0 0 1 0 0 1 0 0 1 0 0 1 0 0 1 0 0 1 0 0 1 0 0 1 0 0 1 0 0 1 0 0 1 0 0 1 -0.02003318 0.9997993 0 0 0.9945219 0.1045283 0 0.9135454 0.4067366 0 0.9135454 0.4067366 0 0.6691308 0.7431448 0 0.6691308 0.7431448 0 0.3090168 0.9510565 0 0.3090168 0.9510565 0 0.07866042 0.9969015 0.008688867 -0.1045244 0.9944844 0 0.9945219 -0.1045284 0 0.9135454 -0.4067366 0 0.9135454 -0.4067366 0 0.6691308 -0.7431448 0 0.6691308 -0.7431448 0 0.3090168 -0.9510565 0 0.3090168 -0.9510565 0 -0.1045283 -0.994522 0 -0.1045283 -0.994522 0 -0.5000004 -0.8660252 0 -0.5000004 -0.8660252 0 -0.8090167 -0.5877857 0 -0.8090167 -0.5877857 0 -0.9781475 -0.2079119 0 -0.9781475 -0.2079119 0 -0.9781475 0.2079119 0 -0.9781475 0.2079119 0 -0.809017 0.5877853 0 -0.809017 0.5877853 0 -0.5000004 0.8660252 0 -0.5000004 0.8660252 0 -0.1303225 0.9914716 1 0 0 1 0 0 1 0 0 1 0 0 1 0 0 1 0 0 1 0 0 1 0 0 1 0 0 1 0 0 1 0 0 1 0 0 1 0 0 1 0 0 1 0 0 1 0 0 1 0 0 1 0 0 1 0 0 1 0 0 1 0 0 1 0 0 1 0 0 1 0 0 1 0 0 1 0 0 1 0 0 1 0 0 1 0 0 1 0 0 1 0 0 1 0 0 1 0 0 1 0 0 1 0 0 1 0 0 1 0 0 1 0 0 1 0 0 1 0 0 1 0 0 1 0 0 1 0 0 1 0 0 1 0 0 1 0 0 1 0 0 1 0 0 1 0 0 1 0 0 1 0 0 1 0 0 1 0 0 1 0 0 1 0 0 1 0 0 1 0 0 1 0 0 1 0 0 1 0 0 1 0 0 1 0 0 1 0 0 1 0 0 1 0 0 1 0 0 1 0 0 1 0 0 1 0 0 1 0 0 1 0 0 1 0 0 1 0 0 1 0 0 1 0 0 1 0 0 1 0 0 1 0 0 1 0 0 1 0 0 1 0 0 1 0 0 1 0 0 1 0 0 1 0 0 1 0 0 1 0 0 1 0 0 1 0 0 1 0 0 1 0 0 1 0 0 1 0 0 1 0 0 1 0 0 1 0 0 1 0 0 1 0 0 1 0 0 1 0 0 1 0 0 1 0 0 1 0 0 1 0 0 1 0 0 1 0 0 1 0 0 1 0 0 1 0 0 1 0 0 1 0 0 1 0 0 1 0 0 1 0 0 1 0 0 1 0 0 1 0 0 1 0 0 1 0 0 1 0 0 1 0 0 1 0 0 1 0 0 1 0 0 1 0 0 1 0 0 1 0 0 1 0 0 1 0 0 1 0 0 1 0 0 1 0 0 1 0 0 1 0 0 1 0 0 1 0 0 1 0 0 1 0 0 1 0 0 1 0 0 1 0 0 1 0 0 1 0 0 1 0 0 1 0 0 1 0 0 1 0 0 1 0 0 1 0 0 1 0 0 1 0 0 1 0 0 1 0 0 1 0 0 1 0 0 1 0 0 1 0 0 1 0 0 1 0 0 1 0 0 1 0 0 1 0 0 1 0 0 1 0 0 1 0 0 1 0 0 1 0 0 1 0 0 1 0 0 1 0 0 1 0 0 1 0 0 1 0 0 1 0 0 1 0 0 1 0 0 1 0 0 1 0 0 1 0 0 1 0 0 1 0 0 1 0 0 1 0 0 1 0 0 1 0 0 1 0 0 1 0 0 1 0 0 1 0 0 1 0 0 1 0 0 1 0 0 1 0 0 1 0 0 1 0 0 1 0 0 1 0 0 1 0 0 1 0 0 1 0 0 1 0 0 1 0 0 1 0 0 1 0 0 1 0 0 1 0 0 1 0 0 1 0 0 1 0 0 1 0 0 1 0 0 1 0 0 1 0 0 1 0 0 1 0 0 1 0 0 1 0 0 1 0 0 1 0 0 1 0 0 1 0 0 1 0 0 1 0 0 1 0 0 1 0 0 1 0 0 1 0 0 1 0 0 1 0 0 1 0 0 1 0 0 1 0 0 1 0 0 1 0 0 1 0 0 1 0 0 1 0 0 1 0 0 1 0 0 1 0 0 1 0 0 1 0 0 1 0 0 1 0 0 1 0 0 1 0 0 1 0 0 1 0 0 1 0 0 1 0 0 1 0 0 1 0 0 1 0 0 1 0 0 1 0 0 1 0 0 1 0 0 1 0 0 1 0 0 1 0 0 1 0 0 1 0 0 1 0 0 1 0 0 1 0 0 1 0 0 1 0 0 1 0 0 1 0 0 1 0 0 1 0 0 1 0 0 1 0 0 1 0 0 1 0 0 1 0 0 1 0 0 1 0 0 1 0 0 1 0 0 1 0 0 1 0 0 1 0 0 1 0 0 1 0 0 1 0 0 1 0 0 1 0 0 1 0 0 1 0 0 1 0 0 1 0 0 1 0 0 1 0 0 1 0 0 1 0 0 1 0 0 0 0.245047 -0.9695112 -0.1001143 -0.125757 -0.9869966 0 -0.354605 -0.9350162 0 0.005905985 -0.9999826 -0.02608078 0.1204959 -0.9923712 0 0.2450471 -0.9695112 0 0.5680648 -0.8229839 0 0.5680648 -0.8229839 0 0.8854559 -0.4647234 0 0.8854559 -0.4647234 0 0.9927089 -0.1205368 0.01867699 0.9998256 0 0 0.9927089 0.1205366 0 0.8854559 0.4647234 0 0.8854559 0.4647234 0 0.5680648 0.8229839 0 0.5680648 0.8229839 0 0.1205369 0.9927089 0 0.1205369 0.9927089 0 -0.354605 0.9350162 0 -0.354605 0.9350162 0 -0.7485108 0.6631225 0 -0.7485108 0.6631225 0 -0.9709419 0.2393156 0 -0.9709419 0.2393156 0 -0.9709418 -0.2393158 0 -0.9709418 -0.2393158 0 -0.7485108 -0.6631225 0 -0.7485108 -0.6631225 0 -0.3601214 -0.9329054 0 -0.3601214 -0.9329054 1 0 0 1 0 0 1 0 0 1 0 0 1 0 0 1 0 0 1 0 0 1 0 0 1 0 0 1 0 0 1 0 0 1 0 0 1 0 0 1 0 0 1 0 0 1 0 0 1 0 0 1 0 0 1 0 0 1 0 0 1 0 0 1 0 0 1 0 0 1 0 0 1 0 0 1 0 0 0 -0.9659261 -0.2588183 0 -0.9659261 -0.2588183 0 -0.707105 -0.7071086 0 -0.707105 -0.7071086 0 -0.2588226 -0.9659248 0 -0.2588226 -0.9659248 0 0.2588217 -0.9659251 0 0.2588217 -0.9659251 0 0.7071068 -0.7071068 0 0.7071068 -0.7071068 0 0.9659261 -0.2588183 0 0.9659261 -0.2588183 0 0.9659261 0.2588183 0 0.9659261 0.2588183 0 0.7071068 0.7071068 0 0.7071068 0.7071068 0 0.258815 0.9659269 0 0.258815 0.9659269 0 -0.2588159 0.9659267 0 -0.2588159 0.9659267 0 -0.707105 0.7071086 0 -0.707105 0.7071086 0 -0.9659261 0.2588183 0 -0.9659261 0.2588183 1 0 0 1 0 0 1 0 0 1 0 0 1 0 0 1 0 0 1 0 0 1 0 0 1 0 0 1 0 0 1 0 0 1 0 0 0 -0.9659261 -0.2588183 0 -0.9659261 -0.2588183 0 -0.707105 -0.7071086 0 -0.707105 -0.7071086 0 -0.2588226 -0.9659248 0 -0.2588226 -0.9659248 0 0.2588217 -0.9659251 0 0.2588217 -0.9659251 0 0.7071068 -0.7071068 0 0.7071068 -0.7071068 0 0.9659261 -0.2588183 0 0.9659261 -0.2588183 0 0.9659255 0.2588202 0 0.9659255 0.2588202 0 0.7071104 0.7071032 0 0.7071104 0.7071032 0 0.258815 0.9659269 0 0.258815 0.9659269 0 -0.2588159 0.9659267 0 -0.2588159 0.9659267 0 -0.7071086 0.707105 0 -0.7071086 0.707105 0 -0.9659255 0.2588202 0 -0.9659255 0.2588202 1 0 0 1 0 0 1 0 0 1 0 0 1 0 0 1 0 0 1 0 0 1 0 0 1 0 0 1 0 0 1 0 0 1 0 0 0 -0.9659255 -0.2588202 0 -0.9659255 -0.2588202 0 -0.7071068 -0.7071068 0 -0.7071068 -0.7071068 0 -0.2588217 -0.9659251 0 -0.2588217 -0.9659251 0 0.2588226 -0.9659248 0 0.2588226 -0.9659248 0 0.7071068 -0.7071068 0 0.7071068 -0.7071068 0 0.9659255 -0.2588202 0 0.9659255 -0.2588202 0 0.9659261 0.2588183 0 0.9659261 0.2588183 0 0.7071068 0.7071068 0 0.7071068 0.7071068 0 0.2588226 0.9659248 0 0.2588226 0.9659248 0 -0.2588217 0.9659251 0 -0.2588217 0.9659251 0 -0.7071068 0.7071068 0 -0.7071068 0.7071068 0 -0.9659261 0.2588183 0 -0.9659261 0.2588183 1 0 0 1 0 0 1 0 0 1 0 0 1 0 0 1 0 0 1 0 0 1 0 0 1 0 0 1 0 0 1 0 0 1 0 0 0 -0.9659261 -0.2588183 0 -0.9659261 -0.2588183 0 -0.7071068 -0.7071068 0 -0.7071068 -0.7071068 0 -0.2588217 -0.9659251 0 -0.2588217 -0.9659251 0 0.2588226 -0.9659248 0 0.2588226 -0.9659248 0 0.7071068 -0.7071068 0 0.7071068 -0.7071068 0 0.9659251 -0.2588217 0 0.9659251 -0.2588217 0 0.9659246 0.2588235 0 0.9659246 0.2588235 0 0.7071104 0.7071032 0 0.7071104 0.7071032 0 0.2588159 0.9659267 0 0.2588159 0.9659267 0 -0.258815 0.9659269 0 -0.258815 0.9659269 0 -0.7071104 0.7071032 0 -0.7071104 0.7071032 0 -0.9659255 0.2588202 0 -0.9659255 0.2588202 1 0 0 1 0 0 1 0 0 1 0 0 1 0 0 1 0 0 1 0 0 1 0 0 1 0 0 1 0 0 1 0 0 1 0 0 0 -0.9659261 -0.2588183 0 -0.9659261 -0.2588183 0 -0.7071068 -0.7071068 0 -0.7071068 -0.7071068 0 -0.2588217 -0.9659251 0 -0.2588217 -0.9659251 0 0.2588226 -0.9659248 0 0.2588226 -0.9659248 0 0.7071068 -0.7071068 0 0.7071068 -0.7071068 0 0.9659261 -0.2588183 0 0.9659261 -0.2588183 0 0.9659261 0.2588183 0 0.9659261 0.2588183 0 0.7071068 0.7071068 0 0.7071068 0.7071068 0 0.2588159 0.9659267 0 0.2588159 0.9659267 0 -0.258815 0.9659269 0 -0.258815 0.9659269 0 -0.7071068 0.7071068 0 -0.7071068 0.7071068 0 -0.9659261 0.2588183 0 -0.9659261 0.2588183 1 0 0 1 0 0 1 0 0 1 0 0 1 0 0 1 0 0 1 0 0 1 0 0 1 0 0 1 0 0 1 0 0 1 0 0 0 -0.9659255 -0.2588202 0 -0.9659255 -0.2588202 0 -0.7071068 -0.7071068 0 -0.7071068 -0.7071068 0 -0.2588217 -0.9659251 0 -0.2588217 -0.9659251 0 0.2588226 -0.9659248 0 0.2588226 -0.9659248 0 0.707105 -0.7071086 0 0.707105 -0.7071086 0 0.9659255 -0.2588202 0 0.9659255 -0.2588202 0 0.9659261 0.2588183 0 0.9659261 0.2588183 0 0.707105 0.7071086 0 0.707105 0.7071086 0 0.2588226 0.9659248 0 0.2588226 0.9659248 0 -0.2588217 0.9659251 0 -0.2588217 0.9659251 0 -0.7071068 0.7071068 0 -0.7071068 0.7071068 0 -0.9659261 0.2588183 0 -0.9659261 0.2588183 1 0 0 1 0 0 1 0 0 1 0 0 1 0 0 1 0 0 1 0 0 1 0 0 1 0 0 1 0 0 1 0 0 1 0 0 0 -0.9659261 -0.2588183 0 -0.9659261 -0.2588183 0 -0.7071068 -0.7071068 0 -0.7071068 -0.7071068 0 -0.2588222 -0.965925 0 -0.2588222 -0.965925 0 0.2588222 -0.965925 0 0.2588222 -0.965925 0 0.707105 -0.7071086 0 0.707105 -0.7071086 0 0.9659261 -0.2588183 0 0.9659261 -0.2588183 0 0.9659255 0.2588202 0 0.9659255 0.2588202 0 0.7071086 0.707105 0 0.7071086 0.707105 0 0.2588154 0.9659268 0 0.2588154 0.9659268 0 -0.2588154 0.9659268 0 -0.2588154 0.9659268 0 -0.7071104 0.7071032 0 -0.7071104 0.7071032 0 -0.9659255 0.2588202 0 -0.9659255 0.2588202 1 0 0 1 0 0 1 0 0 1 0 0 1 0 0 1 0 0 1 0 0 1 0 0 1 0 0 1 0 0 1 0 0 1 0 0 0 -0.9659261 -0.2588183 0 -0.9659261 -0.2588183 0 -0.7071068 -0.7071068 0 -0.7071068 -0.7071068 0 -0.2588217 -0.9659251 0 -0.2588217 -0.9659251 0 0.2588226 -0.9659248 0 0.2588226 -0.9659248 0 0.707105 -0.7071086 0 0.707105 -0.7071086 0 0.9659261 -0.2588183 0 0.9659261 -0.2588183 0 0.9659261 0.2588183 0 0.9659261 0.2588183 0 0.707105 0.7071086 0 0.707105 0.7071086 0 0.2588159 0.9659267 0 0.2588159 0.9659267 0 -0.258815 0.9659269 0 -0.258815 0.9659269 0 -0.7071068 0.7071068 0 -0.7071068 0.7071068 0 -0.9659261 0.2588183 0 -0.9659261 0.2588183 1 0 0 1 0 0 1 0 0 1 0 0 1 0 0 1 0 0 1 0 0 1 0 0 1 0 0 1 0 0 1 0 0 1 0 0 1 0 0 1 0 0 1 0 0 1 0 0 1 0 0 1 0 0 1 0 0 1 0 0 1 0 0 0 -1 0 0 -1 0 0 -1 0 0 -1 0 0 -1 0 0 -1 0 0 1 0 0 1 0 0 1 0 0 1 0 0 1 0 0 1 0 0 0.2588125 -0.9659276 0 0.2588125 -0.9659276 0 0.7071112 -0.7071022 0 0.7071112 -0.7071022 0 0.9659253 -0.2588209 0 0.9659253 -0.2588209 0 0 -1 0 0 -1 0 -0.9659253 -0.2588209 0 -0.9659253 -0.2588209 0 -0.7071112 -0.7071022 0 -0.7071112 -0.7071022 0 -0.2588103 -0.9659282 0 -0.2588103 -0.9659282 0 -0.3614585 0.9323881 0 -0.3614585 0.9323881 0 -0.7391395 0.6735524 0 -0.7391395 0.6735524 0 -0.9618681 0.2735137 0 -0.9618681 0.2735137 0 -0.9829518 -0.1838638 0 -0.9829518 -0.1838638 0 -0.7979704 -0.6026966 0 -0.7979704 -0.6026966 0 -0.4457037 -0.8951806 0 -0.4457037 -0.8951806 0 0 -1 0 0 -1 0 0.4457036 -0.8951806 0 0.4457036 -0.8951806 0 0.7979704 -0.6026966 0 0.7979704 -0.6026966 0 0.9829518 -0.1838636 0 0.9829518 -0.1838636 0 0.9618681 0.2735137 0 0.9618681 0.2735137 0 0.7391395 0.6735524 0 0.7391395 0.6735524 0 0.3614585 0.9323881 0 0.3614585 0.9323881 1 0 0 1 0 0 1 0 0 1 0 0 1 0 0 1 0 0 1 0 0 1 0 0 1 0 0 1 0 0 1 0 0 1 0 0 1 0 0 1 0 0 1 0 0 1 0 0 1 0 0 1 0 0 1 0 0 1 0 0 1 0 0 1 0 0 1 0 0 1 0 0 1 0 0 0 -0.3851148 -0.9228687 0 -0.3851148 -0.9228687 0 -0.6107344 -0.7918355 -0.005795061 -0.6563199 -0.7544605 -0.09120303 -0.7767407 -0.6231819 -0.1054584 -0.7698052 -0.6295065 -0.00507754 -0.875722 -0.4827891 0 -0.9066341 -0.4219179 0 -0.9844074 -0.1759036 0 -0.9844074 -0.1759036 0 -0.9484474 0.3169346 0 -0.9484474 0.3169346 0 -0.8380065 0.5456603 -0.003873109 -0.7830017 0.6220074 -0.1185454 -0.6760905 0.7272197 -0.04072928 -0.6336544 0.7725433 0 -0.5067538 0.8620908 0 -0.4523844 0.8918231 -0.05334329 -0.2467231 0.9676167 -0.18758 -0.3153197 0.930262 -0.004921436 -0.1124082 0.9936499 0 -0.005619704 0.9999842 0 0.02066785 0.9997864 -0.03845191 0.2468922 0.9682797 -0.1771703 0.1698692 0.9694097 -0.07519739 0.3015558 0.9504785 0 0.3932471 0.9194328 0 0.4981918 0.8670669 -0.04101121 0.6803188 0.7317681 -0.2167508 0.5914336 0.7766759 -0.05974465 0.7281017 0.6828605 0 0.8062672 0.5915516 0 0.9484474 0.3169348 0 0.9484474 0.3169348 0 0.9993618 0.03572452 -0.01539874 0.9997702 -0.01491713 -0.07946527 0.9822956 -0.1696488 -0.0884943 0.9805452 -0.1752137 0 0.9323186 -0.3616378 0 0.8855932 -0.4644616 -0.08858633 0.7769249 -0.6233299 -0.1318647 0.7902963 -0.5983673 -0.01634478 0.6838902 -0.7294018 0 0.6198697 -0.7847047 0 0.5151701 -0.8570879 -0.1225519 0.382212 -0.9159121 -0.06653475 0.3398137 -0.9381363 0 0.2002839 -0.9797379 0.9926253 -0.1206966 -0.01128488 0.9890736 -0.1473956 -0.002822875 0.9862701 -0.1651404 0 0.99311 -0.1171864 0 0.9937121 -0.1116005 -0.009027361 0.9943547 -0.101011 -0.03248816 0.9948436 -0.09816342 -0.0255022 0.994615 -0.1011735 -0.02247387 0.994269 -0.1055622 -0.01690703 0.8820816 -0.4681715 -0.05241751 0.8499793 -0.5268005 -0.004074573 0.8486118 -0.5290158 -5.41872e-4 0.8839773 -0.4582543 -0.09266632 0.8632 -0.5048444 -0.004246115 0.8536538 -0.5208381 0.001709878 0.8500047 -0.5267565 -0.004404067 0.9815443 -0.1912348 0 0.974174 -0.2255415 -0.01077121 0.9698987 -0.2425546 -0.02153408 0.9610151 -0.2764962 0 0.9266419 -0.3759452 0 0.9266419 -0.3759452 0 0.8712677 -0.4908083 0 0.8712676 -0.4908083 0 0 -1 0 0 -1 0 0 0 -1 0 0 -1 0 0 -1 0 0 -1 0 0 -1 0 -0.9844267 0.1757955 -0.01070368 -0.9993299 0.03500109 0 -0.1980679 0.9801883 0.002640306 -0.9673841 0.2533003 -0.004401862 -0.8053702 0.5927559 0.001864552 -0.8422145 0.5391394 -0.001541852 -0.5413338 0.8408064 -0.001741528 -0.5391382 0.8422155 0.001789569 -0.1757999 0.9844244 0 1 0 0 1 0 0 1 0 0 1 0 0 1 0 0 1 0 0 0 1 0 0 1 0 -1 0 0 -1 0 0 0 -1 0 0 -1 0 0 -1 0 0 -1 0 0 -1 0 0 -1 1 0 0 1 0 0 1 0 0 1 0 0 1 0 0 1 0 0 1 0 0 1 0 0 1 0 0 1 0 0 1 0 0 1 0 0 1 0 0 1 0 0 1 0 0 1 0 0 1 0 0 1 0 0 1 0 0 1 0 0 1 0 0 1 0 0 1 0 0 1 0 0 1 0 0 1 0 0 1 0 0 1 0 0 1 0 0 1 0 0 1 0 0 1 0 0 0 -1 0 0 -1 0 0 1 0 0 1 0 0 -1 0 0 -1 0 0 0 1 0 0 1 0 -1 0 0 -1 0 0 0 -1 0 0 -1 0 -1 0 0 -1 0 0 0 1 0 0 1 0 0 1 0 0 1 0 1 0 0 1 0 0 0 -1 0 0 -1 0 1 0 0 1 0 0 0 1 0 0 1 0 1 0 0 1 0 0 0 -1 0 0 -1 -0.8660268 0.4999977 -4.65901e-6 -0.8660252 0.5000005 -8.24229e-7 -0.8660255 0.5 2.41584e-7 -0.8660255 0.5 1.71063e-6 -0.8660254 0.4999999 -7.53176e-7 -0.8660248 0.500001 0 -0.8660258 0.4999992 0 -0.8660255 0.4999999 7.38965e-7 -0.8660252 0.5000004 0 -0.8660252 0.5000004 0 -0.8660252 0.5000005 8.24229e-7 -0.8660258 0.4999992 0 -0.8660248 0.500001 0 0 -1 0 0 -1 0 0 -1 0 0 -1 0 0 -1 0 0 -1 0 0 -1 0 0 -1 0 0 -1 0 0 -1 0 0 -1 0 0 -1 0 0 -1 0 0.8660275 0.4999964 0 0.8660255 0.5 2.41584e-7 0.8660252 0.5000005 -8.24229e-7 0.8660257 0.4999995 -1.71284e-7 0.8660258 0.4999992 0 0.8660252 0.5000005 8.24229e-7 0.8660255 0.5 -2.41585e-7 0.8660252 0.5000004 0 0.8660255 0.4999999 7.38965e-7 0.8660248 0.500001 0 0.8660248 0.500001 0 0.8660254 0.4999999 -7.53176e-7 0.8660253 0.5000004 0 -1 0 0 -1 0 0 -1 0 0 -1 0 0 -1 0 0 -1 0 0 -1 0 0 -1 0 0 -1 0 0 -1 0 0 -1 0 0 -1 0 0 0 0.2588157 -0.9659268 0 -0.02640575 -0.9996513 -0.002461075 -0.2588146 -0.9659239 0 -0.2842053 -0.9587635 0 -0.7071095 -0.7071041 0 -0.7071095 -0.7071041 0 -0.9659255 -0.2588201 0 -0.9659255 -0.2588201 0 -0.9659261 0.2588183 0 -0.9659261 0.2588183 0 -0.7071059 0.7071077 0 -0.7071059 0.7071077 0 -0.2588222 0.965925 0 -0.2588222 0.965925 0 0.2588223 0.9659249 0 0.2588223 0.9659249 0 0.7071059 0.7071077 0 0.7071059 0.7071077 0 0.9659261 0.2588183 0 0.9659261 0.2588183 0 0.9659255 -0.2588201 0 0.9659255 -0.2588201 0 0.7071095 -0.7071041 0 0.7071095 -0.7071041 0 0.2588157 -0.9659268 1 0 0 1 0 0 1 0 0 1 0 0 1 0 0 1 0 0 1 0 0 1 0 0 1 0 0 1 0 0 1 0 0 1 0 0 1 0 0 -1 0 0 -1 0 0 -1 0 0 -1 0 0 -1 0 0 -1 0 0 -1 0 0 -1 0 0 -1 0 0 -1 0 0 -1 0 0 -1 0 0 0 0.2588154 -0.9659268 0 -0.02640551 -0.9996513 -0.004101812 -0.2588133 -0.9659187 0 -0.2842055 -0.9587634 0 -0.7071095 -0.7071041 0 -0.7071095 -0.7071041 0 -0.9659256 -0.2588201 0 -0.9659256 -0.2588201 0 -0.965926 0.2588183 0 -0.965926 0.2588183 0 -0.7071059 0.7071077 0 -0.7071059 0.7071077 0 -0.2588222 0.965925 0 -0.2588222 0.965925 0 0.2588222 0.965925 0 0.2588222 0.965925 0 0.7071068 0.7071068 0 0.7071068 0.7071068 0 0.965926 0.2588183 0 0.965926 0.2588183 0 0.9659256 -0.2588201 0 0.9659256 -0.2588201 0 0.7071104 -0.7071032 0 0.7071104 -0.7071032 0 0.2588154 -0.9659268 1 0 0 1 0 0 1 0 0 1 0 0 1 0 0 1 0 0 1 0 0 1 0 0 1 0 0 1 0 0 1 0 0 1 0 0 1 0 0 0 0 1 0 0 1 0 0 1 0 0 1 0 0 1 0 0 1 0 0 1 0 0 1 0 0 1 0 0 1 0 0 1 0 0 1 0 0 1 0 0 1 0 0 1 0 0 1 0 0 1 0 0 1 0 0 1 0 0 1 0 0 1 0 0 1 0 0 1 0 0 1 0 0 1 0 0 1 0 0 1 0 0 1 0 0 1 0 0 1 0 0 1 0 0 1 0 0 1 0 0 1 0 0 1 0 0 1 0 0 1 0 0 1 0 0 1 0 0 1 0 0 1 0 0 1 0 0 1 0 0 1 0 0 1 0 0 1 0 0 1 0 0 1 0 0 1 0 0 1 0 0 1 0 0 1 0 0 1 0 0 1 0 0 1 0 0 1 0 0 1 0 0 1 0 0 1 0 0 1 0 0 1 0 0 1 0 0 1 0 0 1 0 0 1 0 0 1 0 0 1 0 0 1 0 0 1 0 0 1 0 0 1 0 0 1 0 0 1 0 0 1 0 0 1 0 0 1 0 0 1 0 0 1 0 0 1 0 0 1 0 0 1 0 0 1 0 0 1 0 0 1 0 0 1 0 0 1 0 0 1 0 0 1 0 0 1 0 0 1 0 0 1 0 0 1 0 0 1 0 0 1 0 0 1 0 0 1 0 0 1 0 0 1 0 0 1 0 0 1 0 0 1 0 0 1 0 0 1 0 0 1 0 0 1 0 0 1 0 0 1 0 0 1 0 0 1 0 0 1 0 0 1 0 0 1 0 0 1 0 0 1 0 0 1 0 0 1 0 0 1 0 0 1 0 0 1 0 0 1 0 0 1 0 0 1 0 0 1 0 0 1 0 0 1 0 0 1 0 0 1 0 0 1 0 0 1 0 0 1 0 0 1 0 0 1 0 0 1 0 0 1 0 0 1 0 0 1 0 0 1 0 0 1 0 0 1 0 0 1 0 0 1 0 0 1 0 1 0 0 1 0 0 1 0 0 1 0 0 -1 0 0 -1 0 0 -1 0 0 -1 0 -0.8876465 0.4605254 0 0.8876465 -0.4605254 0 -0.8876465 -0.4605254 0 0.9243266 -0.3813775 -0.01309597 0.9659259 0.2588187 0 0.9961947 0.08715581 0 0.9961947 0.08715581 0 0.9961947 -0.08715581 0 0.9961947 -0.08715581 0 0.9659259 -0.2588187 0 0.9659259 -0.2588187 0 0.9063077 -0.4226184 0 0.8876465 0.4605254 0 -0.9243266 0.3813775 -0.01309597 -0.9659259 -0.2588187 0 -0.9961947 -0.08715581 0 -0.9961947 -0.08715581 0 -0.9961947 0.08715581 0 -0.9961947 0.08715581 0 -0.9659259 0.2588187 0 -0.9659259 0.2588187 0 -0.9063077 0.4226184 0 0.8876465 -0.4605254 0 0.8191519 -0.5735766 0 0.8191519 -0.5735766 0 0.7071068 -0.7071068 0 0.7071068 -0.7071068 0 0.5735766 -0.8191519 0 0.5735766 -0.8191519 0 0.4226184 -0.9063076 0 0.4226184 -0.9063076 0 0.2588187 -0.9659259 0 0.2588187 -0.9659259 0 0.08715581 -0.9961947 0 0.08715581 -0.9961947 0 -0.08715581 -0.9961947 0 -0.08715581 -0.9961947 0 -0.2588187 -0.9659259 0 -0.2588187 -0.9659259 0 -0.4226184 -0.9063076 0 -0.4226184 -0.9063076 0 -0.5735766 -0.8191519 0 -0.5735766 -0.8191519 0 -0.7071068 -0.7071068 0 -0.7071068 -0.7071068 0 -0.8191519 -0.5735766 0 -0.8191519 -0.5735766 0 -0.8876465 -0.4605254 0 -0.9062894 -0.4226099 -0.006347715 -0.9244059 -0.3814102 0 -0.9659259 -0.2588187 0 -0.8876465 0.4605254 0 -0.8191519 0.5735766 0 -0.8191519 0.5735766 0 -0.7071068 0.7071068 0 -0.7071068 0.7071068 0 -0.5735766 0.8191519 0 -0.5735766 0.8191519 0 -0.4226184 0.9063076 0 -0.4226184 0.9063076 0 -0.2588187 0.9659259 0 -0.2588187 0.9659259 0 -0.08715581 0.9961947 0 -0.08715581 0.9961947 0 0.08715581 0.9961947 0 0.08715581 0.9961947 0 0.2588187 0.9659259 0 0.2588187 0.9659259 0 0.4226184 0.9063076 0 0.4226184 0.9063076 0 0.5735766 0.8191519 0 0.5735766 0.8191519 0 0.7071068 0.7071068 0 0.7071068 0.7071068 0 0.8191519 0.5735766 0 0.8191519 0.5735766 0 0.8876465 0.4605254 0 0.9062894 0.4226099 -0.006347715 0.9244059 0.3814102 0 0.9659259 0.2588187 0 0 0 -1 0 0 -1 0 0 -1 0 0 -1 0 0 -1 0 0 -1 0 0 -1 0 0 -1 0 0 -1 0 0 -1 0 0 -1 0 0 -1 0 0 -1 0 0 -1 0 0 -1 0 0 -1 0 0 -1 0 0 -1 0 0 -1 0 0 -1 0 0 -1 0 0 -1 0 0 -1 0 0 -1 0 0 -1 0 0 -1 0 0 -1 0 0 -1 0 0 -1 0 0 -1 0 0 -1 0 0 -1 0 0 -1 0 0 -1 0 0 -1 0 0 -1 -1 0 0 -1 0 0 1 0 0 1 0 0 -0.965925 -0.2588222 0 -0.965925 -0.2588222 0 -0.7071074 -0.7071061 0 -0.7071074 -0.7071061 0 -0.2588186 -0.9659259 0 -0.2588186 -0.9659259 0 0.2588186 -0.9659259 0 0.2588186 -0.9659259 0 0.7071074 -0.7071061 0 0.7071074 -0.7071061 0 0.9659268 -0.2588155 0 0.9659268 -0.2588155 0 0.9659268 0.2588155 0 0.9659268 0.2588155 0 0.7071074 0.7071061 0 0.7071074 0.7071061 0 0.2588186 0.9659259 0 0.2588186 0.9659259 0 -0.2588186 0.9659259 0 -0.2588186 0.9659259 0 -0.7071074 0.7071061 0 -0.7071074 0.7071061 0 -0.965925 0.2588222 0 -0.965925 0.2588222 0 0 0 1 0 0 1 0 0 1 0 0 1 0 0 1 0 0 1 0 0 1 0 0 1 0 0 1 0 0 1 0 0 1 0 0 1 0 0 1 0 0 1 0 0 1 0 0 1 0 0 1 0 0 1 0 0 1 0 0 1 0 0 1 0 0 1 0 0 1 0 0 1 0 0 1 0 0 1 0 0 1 0 0 1 0 0 1 0 0 1 0 0 1 0 0 1 0 0 1 0 0 1 0 0 1 0 0 1 0 0 1 0 0 1 0 0 1 0 0 1 0 0 1 0 0 1 0 0 1 0 0 1 0 0 1 0 0 1 0 0 1 0 0 1 0 0 1 0 0 1 0 0 1 0 0 1 0 0 1 0 0 1 0 0 1 0 0 1 0 0 1 0 0 1 0 0 1 0 0 1 0 0 1 0 0 1 0 0 1 0 0 1 0 0 1 0 0 1 0 0 1 0 0 1 0 0 1 0 0 1 0 0 1 0 0 1 0 0 1 0 0 1 0 0 1 0 0 1 0 0 1 0 0 1 0 0 1 0 0 1 0 0 1 0 0 1 0 0 1 0 0 1 0 0 1 0 0 1 0 0 1 0 0 1 0 0 1 0 0 1 0 0 1 0 0 1 0 0 1 0 0 1 0 0 1 0 0 1 0 0 1 0 0 1 0 0 1 0 0 1 0 0 1 0 0 1 0 0 1 0 0 1 0 0 1 0 0 1 0 0 1 0 0 1 0 0 1 0 0 1 0 0 1 0 0 1 0 0 1 0 0 1 0 0 1 0 0 1 0 1 0 0 1 0 0 1 0 0 1 0 0 -1 0 0 -1 0 0 -1 0 0 -1 0 0 0 -1 0 0 -1 0 0 -1 0 0 -1 0 0 -1 0 0 -1 0 0 -1 0 0 -1 0 0 -1 0 0 -1 -1 0 0 -1 0 0 1 0 0 1 0 0 -0.2588188 0.9659259 0 -0.2588188 0.9659259 0 -0.6634698 0.7482031 0 -0.7070906 0.7070897 -0.006863772 -0.9659259 0.2588188 0 -0.9659259 0.2588188 0 -0.8345129 0.5509883 0 -0.9807854 -0.1950894 0 -0.9807854 -0.1950894 0 -0.8687612 -0.4952313 0 -0.8314589 -0.555563 -0.005066275 -0.1950887 -0.9807857 0 -0.1950887 -0.9807857 0 -0.5555702 -0.8314697 0 -0.5555702 -0.8314697 0 -0.755455 -0.6552006 0 0.9659259 0.2588188 0 0.9659259 0.2588188 0 0.8345129 0.5509883 0 0.7070906 0.7070897 -0.006863772 0.2588188 0.9659259 0 0.2588188 0.9659259 0 0.6634698 0.7482031 0 0.1950887 -0.9807857 0 0.1950887 -0.9807857 0 0.5555702 -0.8314697 0 0.5555702 -0.8314697 0 0.755455 -0.6552006 0 0.8314589 -0.555563 -0.005066275 0.9807854 -0.1950894 0 0.9807854 -0.1950894 0 0.8687612 -0.4952313 0 -0.6385886 0.3251629 0.6974766 -0.6164073 0.3198021 0.7195615 -0.6480407 0.2806757 0.7080003 -0.6496468 0.2801381 0.7067403 -0.6122254 0.3195426 0.7232376 -0.6426859 0.3135879 0.6990118 -0.6425409 0.3136208 0.6991304 -0.6423445 0.2935869 0.707955 -0.6468976 0.2863408 0.7067762 -0.6482117 0.2809234 0.7077455 0.6425409 0.3136208 0.6991304 0.63804 0.3146302 0.7027893 0.646808 0.2823952 0.7084436 0.6462099 0.2826353 0.7088935 0.6283667 0.3149433 0.711313 0.5952193 0.3108725 0.7409941 0.6038472 0.3132857 0.7329534 0.648057 0.2895672 0.7043954 0.63235 0.292259 0.7174386 -0.6320605 0.3182991 0.7065305 -0.5803309 0.4063522 0.7057577 -0.5803309 0.4063522 0.7057577 -0.5009521 0.5009521 0.7057577 -0.5009521 0.5009521 0.7057577 -0.4063522 0.5803309 0.7057577 -0.4063522 0.5803309 0.7057577 -0.2994052 0.6420767 0.7057577 -0.2994053 0.6420765 0.7057579 -0.1833611 0.6843131 0.705758 -0.1833609 0.6843134 0.7057577 -0.061746 0.7057573 0.7057578 -0.06174588 0.7057576 0.7057576 0.06174606 0.7057576 0.7057576 0.06174582 0.7057574 0.7057577 0.1833611 0.6843133 0.7057578 0.1833609 0.6843131 0.7057579 0.2994052 0.6420766 0.7057579 0.2994053 0.6420766 0.7057577 0.4063522 0.5803309 0.7057577 0.4063522 0.5803309 0.7057577 0.5009521 0.5009521 0.7057577 0.5009521 0.5009521 0.7057577 0.5803309 0.4063522 0.7057577 0.5803309 0.4063522 0.7057577 0.6305584 0.321074 0.706617 0.6410673 0.3142853 0.7001839 0.6385886 -0.3251629 0.6974766 -0.6425409 -0.3136208 0.6991304 -0.63804 -0.3146302 0.7027893 -0.6468043 -0.2823987 0.7084456 -0.6462016 -0.2826408 0.7088989 -0.628367 -0.3149433 0.7113127 -0.5952182 -0.3108713 0.7409955 -0.6038442 -0.3132842 0.7329564 -0.648054 -0.2895678 0.704398 -0.63235 -0.292259 0.7174386 0.6164073 -0.3198021 0.7195615 0.6480407 -0.2806757 0.7080003 0.6496468 -0.2801381 0.7067403 0.6122254 -0.3195426 0.7232376 0.6426859 -0.3135879 0.6990118 0.6425409 -0.3136208 0.6991304 0.6423445 -0.2935869 0.707955 0.6468976 -0.2863408 0.7067762 0.6482117 -0.2809234 0.7077455 0.6320605 -0.3182991 0.7065305 0.5803309 -0.4063522 0.7057577 0.5803309 -0.4063522 0.7057577 0.5009521 -0.5009521 0.7057577 0.5009521 -0.5009521 0.7057577 0.4063522 -0.5803309 0.7057577 0.4063522 -0.5803309 0.7057577 0.2994052 -0.6420767 0.7057577 0.2994053 -0.6420765 0.7057579 0.1833611 -0.6843131 0.705758 0.1833609 -0.6843134 0.7057577 0.061746 -0.7057573 0.7057578 0.06174588 -0.7057576 0.7057576 -0.06174606 -0.7057576 0.7057576 -0.06174582 -0.7057574 0.7057577 -0.1833611 -0.6843133 0.7057578 -0.1833609 -0.6843131 0.7057579 -0.2994052 -0.6420766 0.7057579 -0.2994053 -0.6420766 0.7057577 -0.4063522 -0.5803309 0.7057577 -0.4063522 -0.5803309 0.7057577 -0.5009521 -0.5009521 0.7057577 -0.5009521 -0.5009521 0.7057577 -0.5803309 -0.4063522 0.7057577 -0.5803309 -0.4063522 0.7057577 -0.6305584 -0.321074 0.706617 -0.6410673 -0.3142853 0.7001839 0 1 0 0 1 0 0 1 0 0 1 0 -1 0 0 -1 0 0 0 1 0 0 1 0 0 1 0 0 1 0 1 0 0 1 0 0 0 -1 0 0 -1 0 0 -1 0 0 -1 0 -1 0 0 -1 0 0 0 -1 0 0 -1 0 0 -1 0 0 -1 0 1 0 0 1 0 0 0.9655617 0.260174 0 0.2221788 -0.9750059 0 0.1695216 -0.985376 0.01721858 0.5321789 -0.8465341 -0.01286751 0.8863483 -0.4620357 -0.03016096 0.7446341 -0.6674728 -1.50158e-5 0.5745904 -0.8184409 -6.70907e-4 0.9542354 0.2973787 -0.03163379 0.9993956 -0.01881265 0.02923297 0.9914667 -0.1272487 -0.02831184 0.8417807 -0.5379067 0.04540503 0.1950913 -0.9807851 0 0.1950913 -0.9807851 0 0.5555697 -0.83147 0 0.5555697 -0.83147 0 0.8314697 -0.5555702 0 0.8314697 -0.5555702 0 0.9807854 -0.1950897 0 0.9807854 -0.1950897 0 0.9807847 -0.1950935 0 0.9807847 -0.1950935 0 0.8314715 -0.5555675 0 0.8314715 -0.5555675 0 0.5555697 -0.83147 0 0.5555697 -0.83147 0 0.1950913 -0.9807851 0 0.1950913 -0.9807851 0 0.9614505 -0.2749781 0 0.965511 -0.2601604 -0.01025152 0.9917451 0.1272844 0.0155059 0.9960457 0.08426314 -0.02815401 0.8421951 0.5381715 0.03284662 0.8794431 0.4753051 -0.02578657 0.5319991 0.846248 0.02900725 0.6165739 0.7867758 -0.02864634 0.2844037 0.9585812 0.01538455 0.1695454 0.9855144 -0.003965318 0.02300786 0.9997353 0 0.9807854 0.1950897 0 0.9807854 0.1950897 0 0.8314697 0.5555702 0 0.8314697 0.5555702 0 0.5555697 0.83147 0 0.5555697 0.83147 0 0.1950913 0.9807851 0 0.1950913 0.9807851 0 0.9807847 0.1950935 0 0.9807847 0.1950935 0 0.8314715 0.5555675 0 0.8314715 0.5555675 0 0.5555697 0.83147 0 0.5555697 0.83147 0 0.1950913 0.9807851 0 0.1950913 0.9807851 0 -0.9655617 -0.260174 0 -0.2221788 0.9750059 0 -0.1695216 0.985376 0.01721858 -0.5321789 0.8465341 -0.01286751 -0.8863483 0.4620357 -0.03016096 -0.7446523 0.6674526 -1.83216e-5 -0.5746272 0.8184151 -6.60137e-4 -0.9542354 -0.2973787 -0.03163379 -0.9993956 0.01881265 0.02923297 -0.9914667 0.1272487 -0.02831184 -0.8417807 0.5379067 0.04540503 -0.1950913 0.9807851 0 -0.1950913 0.9807851 0 -0.5555697 0.83147 0 -0.5555697 0.83147 0 -0.8314697 0.5555702 0 -0.8314697 0.5555702 0 -0.9807854 0.1950897 0 -0.9807854 0.1950897 0 -0.9807847 0.1950935 0 -0.9807847 0.1950935 0 -0.8314715 0.5555675 0 -0.8314715 0.5555675 0 -0.5555697 0.83147 0 -0.5555697 0.83147 0 -0.1950913 0.9807851 0 -0.1950913 0.9807851 0 -0.9659255 -0.2588205 0 -0.9659255 -0.2588205 0 -0.7071068 -0.7071068 0 -0.7071068 -0.7071068 0 -0.2588195 -0.9659257 0 -0.2588195 -0.9659257 0 -0.9807854 -0.1950897 0 -0.9807854 -0.1950897 0 -0.8314697 -0.5555702 0 -0.8314697 -0.5555702 0 -0.5555697 -0.83147 0 -0.5555697 -0.83147 0 -0.1950913 -0.9807851 0 -0.1950913 -0.9807851 0 -0.9614505 0.2749781 0 -0.965511 0.2601604 -0.01025152 -0.9917451 -0.1272844 0.0155059 -0.9960457 -0.08426314 -0.02815401 -0.8421951 -0.5381715 0.03284662 -0.8794431 -0.4753051 -0.02578657 -0.5319991 -0.846248 0.02900725 -0.6165739 -0.7867758 -0.02864634 -0.2844037 -0.9585812 0.01538455 -0.1695454 -0.9855144 -0.003965318 -0.02300786 -0.9997353 0 0 0 -1 0 0 -1 0 0 -1 0 0 -1 0 0 -1 0 0 -1 0 0 -1 0 0 -1 0 0 -1 0 0 -1 0 0 -1 0 0 -1 0 0 -1 0 0 -1 0 0 -1 0 0 -1 0 0 -1 0 0 -1 0 0 -1 0 0 -1 0 0 -1 0 0 -1 0 0 -1 0 0 -1 0 0 -1 0 0 -1 0 0 -1 0 0 -1 0 0 -1 0 0 -1 0 0 -1 0 0 -1 0 -1 0 0 -1 0 -1 0 0 -1 0 0 -1 0 0 -1 0 0 -1 0 0 -1 0 0 -1 0 0 -1 0 0 -1 0 0 -1 0 0 0 1 0 0 1 0 1 0 0 1 0 0 1 0 0 1 0 0 1 0 0 1 0 0 1 0 0 1 0 0 1 0 0 1 0 0 0 -1 0 0 -1 0 0 1 0 0 1 0 0 1 0 0 1 0 0 0 1 0 0 1 0 0 1 0 0 1 0 0 1 0 0 1 0 0 1 0 0 1 0 0 1 0 0 1 0 0 1 0 0 1 0 0 1 0 0 1 0 0 1 0 0 1 0 0 1 0 0 1 0 0 1 0 0 1 0 0 1 0 0 1 0 0 1 0 0 1 0 0 1 0 0 1 0 0 1 0 0 1 0 0 1 0 0 1 0 0 1 0 0 1 0 -1 0 0 -1 0 0.1950904 0.9807854 0 0.1950904 0.9807854 0 0.5555705 0.8314695 0 0.5555705 0.8314695 0 0.8314695 0.5555705 0 0.8314695 0.5555705 0 0.9807854 0.1950904 0 0.9807854 0.1950904 0 0.9807854 -0.1950904 0 0.9807854 -0.1950904 0 0.8314695 -0.5555705 0 0.8314695 -0.5555705 0 0.5555705 -0.8314695 0 0.5555705 -0.8314695 0 0.1950904 -0.9807854 0 0.1950904 -0.9807854 0 -0.2588188 -0.9659259 0 -0.2588188 -0.9659259 0 -0.7071068 -0.7071068 0 -0.7071068 -0.7071068 0 -0.9659259 -0.2588188 0 -0.9659259 -0.2588188 0 -0.9807854 0.1950904 0 -0.9807854 0.1950904 0 -0.8314695 0.5555705 0 -0.8314695 0.5555705 0 -0.5555705 0.8314695 0 -0.5555705 0.8314695 0 -0.1950904 0.9807854 0 -0.1950904 0.9807854 0 0.1950909 0.9807852 0 0.1950909 0.9807852 0 0.5555705 0.8314695 0 0.5555705 0.8314695 0 0.8314693 0.5555708 0 0.8314693 0.5555708 0 0.9807854 0.1950902 0 0.9807854 0.1950902 0 0.9659259 -0.2588188 0 0.9659259 -0.2588188 0 0.707107 -0.7071066 0 0.707107 -0.7071066 0 0.2588188 -0.9659259 0 0.2588188 -0.9659259 0 -0.9659259 0.2588188 0 -0.9659259 0.2588188 0 -0.707107 0.7071066 0 -0.707107 0.7071066 0 -0.2588188 0.9659259 0 -0.2588188 0.9659259 0 -0.2588188 -0.9659259 0 -0.2588188 -0.9659259 0 -0.707107 -0.7071066 0 -0.707107 -0.7071066 0 -0.9659259 -0.2588188 0 -0.9659259 -0.2588188 0 0.9659259 -0.2588188 0 0.9659259 -0.2588188 0 0.707107 -0.7071065 0 0.707107 -0.7071065 0 0.2588188 -0.9659259 0 0.2588188 -0.9659259 0 -0.2588188 -0.9659259 0 -0.2588188 -0.9659259 0 -0.707107 -0.7071065 0 -0.707107 -0.7071065 0 -0.9659259 -0.2588188 0 -0.9659259 -0.2588188 0 0.2588188 0.9659259 0 0.2588188 0.9659259 0 0.707107 0.7071065 0 0.707107 0.7071065 0 0.9659259 0.2588188 0 0.9659259 0.2588188 0 -0.9807853 0.1950902 0 -0.9807853 0.1950902 0 -0.8314692 0.5555707 0 -0.8314692 0.5555707 0 -0.5555705 0.8314694 0 -0.5555705 0.8314694 0 -0.1950909 0.9807851 0 -0.1950909 0.9807851 0 -1 0 0 -1 0 0 -1 0 0 -1 0 0 -1 0 0 -1 0 0 -1 0 0 -1 0 0 -1 0 0 -1 0 0 -1 0 0 -1 0 0 0 -0.1778934 0.9840498 0 -0.1778934 0.9840498 0 -0.5111679 0.8594809 0 -0.5111679 0.8594809 0 0 1 0 0 1 0 -0.9659249 0.2588223 0 -0.9659249 0.2588223 0 -0.7071133 0.7071003 0 -0.7071133 0.7071003 0 -0.2587953 0.9659323 0 -0.2587953 0.9659323 0 0.2587954 0.9659323 0 0.2587954 0.9659323 0 0.7071133 0.7071003 0 0.7071133 0.7071003 0 0.965925 0.258822 0 0.965925 0.258822 0 0.9659289 -0.2588076 0 0.9659289 -0.2588076 0 0.7070845 -0.7071291 0 0.7070845 -0.7071291 0 0.2588491 -0.9659178 0 0.2588491 -0.9659178 0 -0.258849 -0.9659178 0 -0.258849 -0.9659178 0 -0.7070845 -0.707129 0 -0.7070845 -0.707129 0 -0.9659288 -0.2588078 0 -0.9659288 -0.2588078 0 0.5111679 0.8594809 0 0.5111679 0.8594809 0 0.1778934 0.9840498 0 0.1778934 0.9840498 -0.9806796 0.1850796 0.06334829 -0.7925209 0.5769827 0.1974876 -0.8963772 0.4194051 0.1435525 -0.9659256 0.2382078 0.1012169 -0.9657428 0.2301813 0.1198225 -0.9657427 0.2301816 0.1198228 -0.9657427 0.2096633 0.1529133 -0.9657425 0.2096635 0.1529135 -0.9657425 0.1844255 0.1825614 -0.9657425 0.1844254 0.1825611 -0.4412968 0.8490064 0.2905948 -0.6076825 0.7513852 0.2571814 -0.7068077 0.6611284 0.2516588 -0.7061089 0.6280977 0.3269612 -0.7061091 0.6280975 0.3269609 -0.7061088 0.5721088 0.4172552 -0.706111 0.5721077 0.417253 -0.7061113 0.5032399 0.4981529 -0.7061091 0.5032407 0.4981554 -0.1945604 0.9280343 0.3176454 -0.2584273 0.9081394 0.3293909 -0.2581378 0.8569517 0.4460927 -0.2581372 0.8569517 0.446093 -0.258137 0.7805635 0.5692853 -0.2581382 0.7805635 0.5692848 -0.2581384 0.6866018 0.6796636 -0.2581437 0.6866021 0.6796612 -0.96487 0.1342979 0.2258096 -0.96487 0.1342979 0.2258093 -0.7014001 0.364344 0.6126103 -0.7014018 0.3643449 0.6126079 -0.2549682 0.4942758 0.8310732 -0.2549647 0.494274 0.8310753 -0.96487 0.04673755 0.2585372 -0.9648704 0.04673898 0.2585355 -0.7014027 0.126801 0.7013955 -0.7013995 0.1267976 0.7013995 -0.2549654 0.1720151 0.9515269 -0.2549638 0.1720141 0.9515275 -0.2588217 0 0.9659252 -0.2588217 0 0.9659252 -0.7071068 0 0.7071068 -0.7071068 0 0.7071068 -0.965926 0 0.2588183 -0.965926 0 0.2588183 -0.9648701 -0.134298 0.2258095 -0.96487 -0.1342978 0.2258094 -0.7885959 -0.3143229 0.528505 -0.7053432 -0.3131198 0.6359615 -0.9648705 -0.04673719 0.2585355 -0.96487 -0.04673928 0.2585367 -0.7013991 -0.1268017 0.7013991 -0.7014025 -0.1267971 0.7013965 -0.2549638 -0.1720153 0.9515272 -0.2549653 -0.1720139 0.9515271 -0.1920943 -0.5016482 0.8434743 -0.2564368 -0.4619649 0.8490163 -0.436611 -0.4598746 0.773231 -0.6025903 -0.4079399 0.6859083 -0.9805967 -0.1838259 0.0681048 -0.8305722 -0.4117389 0.3749945 -0.9658567 -0.1787713 0.1875145 -0.9805968 -0.142728 0.1343819 -0.9805969 -0.1838243 0.06810456 -0.8959893 -0.4164156 0.1542767 -0.8305709 -0.5189485 0.2020999 -0.1941502 -0.71422 0.6724548 -0.440522 -0.6536225 0.6154008 -0.5540298 -0.6121557 0.5641952 -0.6068335 -0.5786939 0.5448545 -0.7918767 -0.4446206 0.4186214 -0.4405114 -0.841829 0.3118873 -0.5540314 -0.7775209 0.2975071 -0.6068399 -0.7453171 0.2761301 -0.7918722 -0.5726491 0.2121589 -0.4115259 -0.7976383 0.4409304 -0.1948544 -0.8066768 0.5579465 -0.1941496 -0.7142202 0.6724548 -0.9805968 -0.1666053 0.1033076 -0.9805966 -0.1666068 0.1033082 -0.8301787 -0.4738034 0.293792 -0.8301779 -0.4738045 0.2937923 -0.553642 -0.7077382 0.4388477 -0.5536426 -0.7077378 0.4388476 -0.1941483 -0.8337044 0.5169559 -0.194149 -0.9198701 0.3408006 -0.1941514 -0.9198695 0.3408009 -0.9804794 -0.1950301 0.02497065 -0.9651496 -0.2586108 -0.04008382 -0.8954389 -0.4415799 0.05653816 -0.7909535 -0.6069218 0.07770788 -0.7909546 -0.6069202 0.07770884 -0.605647 -0.7892901 0.1010591 -0.6056457 -0.7892912 0.1010583 -0.4394011 -0.8910173 0.114083 -0.258168 -0.9634987 0.07084751 -0.1935715 -0.9731423 0.1245961 0 -0.9579995 0.28677 -0.01317471 -0.9376314 0.3473814 -0.003119111 -0.9277617 0.3731602 0.001378715 -0.8889516 0.4579989 -0.00386399 -0.8751745 0.483792 0 -0.8610357 0.5085446 0 -0.8224412 0.5688501 0.03144609 -0.7610874 0.6478866 0 -0.728074 0.6854985 -1 0 0 -1 0 0 -1 0 0 -1 0 0 -1 0 0 -1 0 0 -1 0 0 -1 0 0 -1 0 0 -1 0 0 -1 0 0 -1 0 0 -1 0 0 -1 0 0 -1 0 0 -1 0 0 -1 0 0 -1 0 0 -1 0 0 -1 0 0 -1 0 0 -1 0 0 -1 0 0 -1 0 0 -1 0 0 -1 0 0 -1 0 0 -1 0 0 -1 0 0 -1 0 0 -1 0 0 -1 0 0 -1 0 0 -1 0 0 -1 0 0 -1 0 0 -1 0 0 -1 0 0 -1 0 0 -1 0 0 -1 0 0 -1 0 0 -1 0 0 0 0.96279 0.2702507 0 0.7106899 0.7035055 0.0353794 0.7609873 0.6478014 0 0.8079465 0.5892558 0 0.8610346 0.5085462 -0.007254123 0.8869909 0.4617301 -8.30388e-6 0.8967485 0.4425406 1.08186e-5 0.9461141 0.3238338 -0.01665526 0.9335005 0.3581891 -0.004105865 0.9513795 0.3079939 -0.9804794 0.1950302 0.02497136 -0.9804793 0.19503 0.02497106 -0.8954387 0.4415799 0.05653858 -0.8311897 0.5553832 0.02594602 -0.7909535 0.6069216 0.07770901 -0.605647 0.7892901 0.1010591 -0.5542097 0.8294311 0.0699703 -0.4394068 0.8910146 0.1140817 -0.193568 0.9731428 0.1245971 -0.1935692 0.9731428 0.1245961 -1 0 0 -1 0 0 -1 0 0 -1 0 0 -1 0 0 -1 0 0 -1 0 0 -1 0 0 -1 0 0 -1 0 0 -1 0 0 -1 0 0 -1 0 0 -1 0 0 -1 0 0 -1 0 0 -1 0 0 -1 0 0 -1 0 0 -1 0 0 -1 0 0 -1 0 0 -1 0 0 -1 0 0 -1 0 0 -1 0 0 -1 0 0 -0.991509 -0.1300379 0 -0.9654937 -0.2587035 -0.02990752 -0.5371611 -0.8434796 0 -0.7070102 -0.7070102 -0.0165283 -0.7070105 -0.70701 -0.01652842 -0.8434816 -0.5371582 0 -0.9240674 -0.3822294 0 -0.3822282 -0.924068 0 -0.2587031 -0.9654938 -0.02990734 -0.130038 -0.991509 0 -0.2100512 -0.8913246 -0.4017698 -0.6939198 -0.6939198 -0.1922252 -0.5268588 -0.8273023 -0.1949124 -0.4202591 -0.9027938 -0.0913546 -0.3750061 -0.9066081 -0.1934739 -0.1275804 -0.9727703 -0.1934973 -0.8896772 -0.4141538 -0.1922267 -0.9226268 -0.3816335 -0.05581659 -0.6986749 -0.3252403 -0.637238 -0.861412 -0.2073138 -0.4636704 -0.9576048 -0.2121309 -0.1949191 -0.9621927 -0.126193 -0.241372 -0.4543112 -0.5416072 -0.7072927 -0.6377822 -0.5349838 -0.5540996 -0.729761 -0.4015674 -0.5533466 -0.2073138 -0.8614124 -0.4636698 -0.3543458 -0.6439479 -0.6780635 -0.3525509 -0.757344 -0.5496706 -0.5907042 -0.5907036 -0.5496706 -0.6939204 -0.6939197 -0.1922236 -0.8273046 -0.5268561 -0.1949098 -0.34346 -0.6241654 -0.7017498 -0.6241644 -0.3434605 -0.7017505 -0.5575465 -0.4334818 -0.7079797 -0.5358733 -0.4495006 -0.714695 -0.5204356 -0.4790857 -0.7068406 -0.4537582 -0.5409479 -0.7081518 -0.4355915 -0.5429842 -0.7179334 -0.4797896 -0.519855 -0.7067905 -0.2014116 -0.9795067 0 -0.2588176 -0.9659233 0.002405703 -0.6087607 -0.7933507 -0.002254545 -0.5616596 -0.8273683 -3.40355e-5 -0.7933536 -0.6087611 2.34205e-5 -0.8306078 -0.5568554 -0.001663267 -0.9659228 -0.258818 0.002525508 -0.9803586 -0.1972239 0 0 -0.991903 0.1269981 0 -0.991903 0.1269981 -0.5249456 -0.8511352 9.60594e-4 -0.7933534 -0.6087609 -6.68604e-4 -0.8419283 -0.5395768 -0.003677427 -0.9659166 -0.2588163 0.004398226 -0.9867157 -0.162456 0 -0.1796034 -0.9837391 0 -0.258817 -0.9659211 0.003222286 -0.6087579 -0.7933471 -0.003777027 -0.6075791 -0.7918108 0.06231641 -0.2580737 -0.963147 0.07580077 -0.2580739 -0.963147 0.07580083 -0.2580739 -0.939431 0.2255378 -0.2580711 -0.9394319 0.225537 -0.2580698 -0.8925842 0.3697209 -0.2580712 -0.8925836 0.3697212 -0.2580701 -0.8237587 0.5047984 -0.2580781 -0.8237555 0.5047997 -0.2580791 -0.7346461 0.6274475 -0.2580733 -0.7346486 0.6274469 -0.2580733 -0.627447 0.7346486 -0.2580685 -0.6274492 0.7346484 -0.2580678 -0.5048024 0.823757 -0.2580755 -0.504799 0.8237567 -0.2580756 -0.3697205 0.8925826 -0.258078 -0.3697195 0.8925824 -0.2580782 -0.2255368 0.9394301 -0.258082 -0.2255352 0.9394294 -0.2580822 -0.07580012 0.9631448 -0.258077 -0.07580208 0.963146 -0.2580771 0.07580024 0.9631462 -0.2580822 0.07580196 0.9631447 -0.258082 0.2255365 0.939429 -0.2580782 0.2255354 0.9394304 -0.258078 0.3697203 0.892582 -0.2580755 0.3697197 0.8925829 -0.2580754 0.5048013 0.8237552 -0.2580677 0.5048 0.8237585 -0.2580685 0.6274478 0.7346495 -0.2580734 0.6274483 0.7346473 -0.2580734 0.7346472 0.6274485 -0.2580791 0.7346474 0.6274459 -0.258078 0.8237569 0.5047972 -0.2580701 0.8237572 0.5048009 -0.2580711 0.8925839 0.3697207 -0.2580698 0.8925839 0.3697212 -0.2580711 0.9394317 0.225538 -0.258074 0.9394311 0.2255368 -0.1752688 0.9814857 0.07724404 -0.9657256 -0.2587651 0.02036499 -0.7924447 -0.6080635 0.04785513 -0.2584167 0.9612657 0.09585869 -0.4235237 0.9030925 0.07107442 -0.6075791 0.7918108 0.06231641 -0.7067456 -0.7030458 0.07897573 -0.7060148 -0.6886298 0.1653249 -0.7060174 -0.688627 0.1653255 -0.7060182 -0.6542854 0.2710145 -0.7060139 -0.6542901 0.2710142 -0.7060138 -0.6038377 0.3700335 -0.7060143 -0.603837 0.3700334 -0.7060141 -0.5385187 0.4599367 -0.7060147 -0.5385181 0.4599366 -0.7060146 -0.4599374 0.5385174 -0.706017 -0.4599349 0.5385164 -0.7060172 -0.3700308 0.6038352 -0.7060176 -0.3700305 0.6038349 -0.7060179 -0.271014 0.6542861 -0.7060174 -0.2710144 0.6542864 -0.7060175 -0.1653234 0.6886273 -0.7060132 -0.1653265 0.6886309 -0.7060132 -0.05556523 0.7060155 -0.7060143 -0.05556458 0.7060143 -0.7060143 0.05556511 0.7060143 -0.7060132 0.05556464 0.7060155 -0.7060133 0.1653244 0.6886314 -0.7060176 0.1653255 0.6886267 -0.7060174 0.2710142 0.6542865 -0.7060179 0.2710142 0.6542859 -0.7060176 0.3700306 0.6038349 -0.7060173 0.3700307 0.6038352 -0.706017 0.4599359 0.5385156 -0.7060146 0.4599365 0.5385182 -0.7060146 0.5385182 0.4599364 -0.7060141 0.5385185 0.459937 -0.7060142 0.6038372 0.3700332 -0.7060137 0.6038375 0.3700337 -0.706014 0.6542893 0.2710161 -0.7060183 0.6542862 0.2710126 -0.7060173 0.6886273 0.1653243 -0.7060147 0.6886295 0.1653262 -0.7067456 0.7030458 0.07897573 -0.7924447 0.6080635 0.04785513 -0.9657257 -0.2587648 0.02036511 -0.9657257 -0.2523932 0.06059455 -0.9657253 -0.2523944 0.06059437 -0.9657252 -0.2398084 0.09933125 -0.9657257 -0.2398065 0.09933125 -0.9657257 -0.221315 0.1356226 -0.9657252 -0.2213169 0.1356229 -0.9657252 -0.1973763 0.1685748 -0.9657254 -0.1973752 0.1685744 -0.9657254 -0.1685741 0.1973755 -0.9657254 -0.1685742 0.1973756 -0.9657254 -0.1356227 0.2213163 -0.9657253 -0.1356233 0.2213168 -0.9657251 -0.09933191 0.2398083 -0.9657253 -0.09933161 0.2398081 -0.9657253 -0.06059485 0.2523945 -0.9657258 -0.06059336 0.2523924 -0.9657259 -0.02036517 0.2587639 -0.9657257 -0.02036553 0.2587647 -0.9657257 0.02036523 0.2587646 -0.9657259 0.02036547 0.2587638 -0.9657259 0.06059432 0.2523922 -0.9657252 0.06059396 0.2523948 -0.9657253 0.09933173 0.239808 -0.9657252 0.09933179 0.2398084 -0.9657252 0.1356231 0.2213169 -0.9657254 0.135623 0.2213162 -0.9657254 0.1685742 0.1973756 -0.9657255 0.1685741 0.1973755 -0.9657254 0.1973755 0.1685741 -0.9657252 0.1973761 0.1685752 -0.9657253 0.2213165 0.1356235 -0.9657257 0.2213155 0.1356222 -0.9657257 0.239807 0.09933072 -0.9657252 0.2398082 0.09933185 -0.9657253 0.2523943 0.06059479 -0.9657257 0.2523933 0.06059408 -0.9657256 0.2587648 0.02036499 -0.9657255 0.2587655 0.02036535 -0.1757941 0.9844269 -1.53752e-4 -0.1796034 0.9837391 0 -0.9714847 0.2371023 0 -0.9659248 0.258819 0.001390457 -0.7933533 0.6087608 -8.45894e-4 -0.4245976 0.9053822 6.94069e-5 -0.4545186 0.8907371 -5.28212e-4 -0.608762 0.7933526 6.94455e-4 -0.6343222 0.7730688 -6.87724e-5 -0.8079466 0.5892558 1.22836e-4 0 0.991903 0.1269981 0 0.991903 0.1269981 -0.9807849 0.195091 7.38398e-4 -0.9846523 0.1745277 0 -0.3629611 0.9317653 0.008518338 -0.5566411 0.8307531 3.4765e-5 -0.8314696 0.5555702 -3.53884e-5 -0.8273925 0.561624 2.55992e-4 -0.9293159 0.3692858 -2.73428e-5 -0.5555711 0.8314686 -9.02329e-4 -0.1950882 0.9807854 7.31968e-4 -0.1747283 0.9846167 0 -0.6241641 0.3434604 -0.7017508 -0.449429 0.5357869 -0.7148048 -0.4306604 0.5598078 -0.7079172 -0.3434601 0.6241654 -0.7017499 -0.5198553 0.4797897 -0.7067902 -0.4790868 0.5204351 -0.7068403 -0.4522507 0.5344763 -0.7140059 -0.5409476 0.4537571 -0.7081527 -0.5432512 0.4330245 -0.719283 -0.5342655 0.4527083 -0.7138736 -0.8913252 0.2100509 -0.4017685 -0.6403114 0.7633476 0.08545094 -0.751538 0.6304053 -0.1943706 -0.889678 0.4141542 -0.1922225 -0.8896778 0.4141526 -0.1922267 -0.9727704 0.1275803 -0.1934968 -0.4141532 0.8896771 -0.1922281 -0.3252402 0.6986756 -0.6372371 -0.2073138 0.8614124 -0.4636698 -0.2121309 0.9576048 -0.1949198 -0.1261931 0.9621926 -0.2413724 -0.5416077 0.4543108 -0.7072926 -0.5349844 0.6377817 -0.5540995 -0.4015665 0.7297615 -0.5533467 -0.8614125 0.2073134 -0.4636697 -0.6439464 0.354346 -0.6780648 -0.757344 0.3525513 -0.5496707 -0.5907042 0.5907036 -0.5496707 -0.6939203 0.6939195 -0.1922252 -0.4141527 0.889678 -0.1922257 -0.1300049 0.9912564 -0.02257132 -0.1950902 0.9807853 0 -0.4219897 0.9065133 0.01257896 -0.5554932 0.831354 -0.01666778 -0.642662 0.7661498 0 -0.7661498 0.642662 0 -0.8313544 0.5554927 -0.01666784 -0.9065133 0.4219897 0.01257872 -0.9806743 0.1950682 -0.01504719 -0.991509 0.1300379 0 1 0 0 1 0 0 1 0 0 1 0 0 1 0 0 1 0 0 1 0 0 1 0 0 1 0 0 1 0 0 1 0 0 1 0 0 1 0 0 1 0 0 1 0 0 1 0 0 1 0 0 1 0 0 1 0 0 1 0 0 1 0 0 1 0 0 1 0 0 1 0 0 1 0 0 1 0 0 1 0 0 0 0.9969174 0.07845854 0 0.9969174 0.07845854 0 0.9723699 0.2334457 0 0.9723699 0.2334457 0 0.9238793 0.3826838 0 0.9238793 0.3826838 0 0.8526409 0.5224974 0 0.8526409 0.5224974 0 0.7604057 0.6494483 0 0.7604057 0.6494483 0 0.6494467 0.760407 0 0.6494467 0.760407 0 0.5225012 0.8526386 0 0.5225012 0.8526386 0 0.3826841 0.9238793 0 0.3826841 0.9238793 0 0.2334449 0.97237 0 0.2334449 0.97237 0 0.07845801 0.9969174 0 0.07845801 0.9969174 0 -0.07845801 0.9969174 0 -0.07845801 0.9969174 0 -0.2334449 0.97237 0 -0.2334449 0.97237 0 -0.3826841 0.9238793 0 -0.3826841 0.9238793 0 -0.5225012 0.8526386 0 -0.5225012 0.8526386 0 -0.6494467 0.760407 0 -0.6494467 0.760407 0 -0.7604057 0.6494483 0 -0.7604057 0.6494483 0 -0.8526409 0.5224974 0 -0.8526409 0.5224974 0 -0.9238793 0.3826838 0 -0.9238793 0.3826838 0 -0.9723699 0.2334457 0 -0.9723699 0.2334457 0 -0.9969174 0.07845854 0 -0.9969174 0.07845854 0 -1 0 0 -1 0 0 -1 0 0 -1 0 0 -1 0 0 -1 0 0 -1 0 0 -1 0 0 -1 0 0 -1 0 0 -1 0 0 -1 0 0 -1 0 0 -1 0 0 -1 0 0 -1 0 0 -1 0 0 -1 0 0 -1 0 0 -1 0 1 0 0 1 0 0 1 0 0 1 0 0 1 0 0 1 0 0 1 0 0 1 0 0 1 0 0 1 0 0 1 0 0 1 0 0 1 0 0 1 0 0 1 0 0 1 0 0 1 0 0 1 0 0 0 1 0 0 1 0 0 1 0 0 1 0 0 1 0 0 1 0 0 1 0 0 1 0 0 1 0 0 1 0 0 1 0 0 1 0 0 1 0 0 1 0 0 1 0 0 1 0 0 1 0 0 1 0 0 1 0 0 1 0 0.9795061 -0.2014139 0 0.965923 -0.258818 0.002438366 0.7933516 -0.6087594 -0.002285242 0.8273683 -0.5616597 -3.45553e-5 0.6087605 -0.7933541 2.36649e-5 0.5568582 -0.8306059 -0.001686036 0.258818 -0.9659228 0.002559781 0.1972243 -0.9803584 0 0.1950886 0.9807853 7.48361e-4 0.1745273 0.9846524 0 0.9317779 0.3629262 0.00863558 0.830755 0.5566383 3.53228e-5 0.5555702 0.8314697 -3.58192e-5 0.5616225 0.8273936 2.59472e-4 0.369277 0.9293194 -2.77273e-5 0.8314693 0.55557 -9.14579e-4 0.9807848 0.195091 7.41898e-4 0.9846162 0.1747313 0 0 -0.9602711 0.2790688 0 -0.8701885 0.492719 0.01484966 -0.850364 0.5259854 -0.002676844 -0.896636 0.4427604 0.004517912 -0.9380726 0.3464093 0.008978068 -0.9328743 0.3600901 0.001318216 -0.9510546 0.3090201 0 0.8504573 0.5260442 0.00773245 0.8701625 0.4927043 0.003731667 0.8806856 0.4736865 0 0.9498602 0.3126752 0.007269084 0.9380574 0.3464037 1.22537e-4 0.9218448 0.3875591 -7.01284e-5 0.8986287 0.4387099 0 0 1 0 0 1 0 0.2413101 0.970448 0 0.2413101 0.970448 0 0.6677155 0.7444167 0 0.6677155 0.7444167 0 -0.6677155 0.7444167 0 -0.6677155 0.7444167 0 -0.2413101 0.970448 0 -0.2413101 0.970448 0.9806632 -0.1702989 0.09642642 0.9806631 -0.1835858 0.06779456 0.9806628 -0.1703001 0.09642755 0.8963001 -0.3858832 0.2184953 0.8310043 -0.4895895 0.2640721 0.9659199 -0.2482712 0.07321393 0.8310043 -0.5177503 0.2033874 0.7923916 -0.5722417 0.2113171 0.5543164 -0.780771 0.2883228 0.6067914 -0.7398406 0.2905858 0.1941007 -0.9275385 0.31937 0.2580312 -0.9063155 0.3346822 0.7923954 -0.5308222 0.3005619 0.6075084 -0.6912027 0.3913725 0.554693 -0.7293973 0.4003689 0.4411178 -0.7809498 0.4421906 0.1944829 -0.8535729 0.4833113 0.1944844 -0.8535727 0.4833108 0.9639311 -0.06422126 0.2582876 0.9796329 -0.134076 0.1494756 0.9656249 -0.1432209 0.2169243 0.8914986 -0.3024927 0.3372364 0.7844219 -0.4141383 0.4617053 0.7009162 -0.4449394 0.5574454 0.597248 -0.5355482 0.5970621 0.4316678 -0.6023039 0.6714856 0.2531922 -0.625698 0.7378318 0.1895424 -0.6556115 0.7309222 0.9639319 -0.06422311 0.258284 0.7844232 -0.1496637 0.6018977 0.7009167 -0.2116125 0.6811285 0.5972392 -0.1935407 0.778362 0.2516533 -0.2335378 0.9392182 0.2516648 -0.2335434 0.9392136 0.2588222 0 0.965925 0.1950949 -0.002638995 0.9807808 0.6087481 0.001989185 0.7933611 0.5555603 0 0.8314763 0.7933589 0 0.6087541 0.8314726 0.001330912 0.5555642 0.9659242 -0.001989245 0.2588179 0.9807853 0 0.1950905 0.979633 0.1340757 0.1494753 0.9796329 0.1340762 0.1494754 0.8914987 0.3024932 0.3372358 0.8261316 0.3584752 0.4347437 0.9796334 0.04845082 0.1948614 0.979633 0.04845273 0.1948632 0.8236516 0.1368417 0.5503385 0.8236455 0.1368492 0.5503457 0.5440535 0.2024729 0.8142547 0.5440709 0.2024613 0.8142459 0.1895407 0.2369272 0.9528588 0.1895194 0.2369369 0.9528606 0.7844215 0.4141361 0.461708 0.5972476 0.5355461 0.5970643 0.5460888 0.5453558 0.6359041 0.4316682 0.6023068 0.6714829 0.1895225 0.6556202 0.7309195 0.1895424 0.6556115 0.7309222 0.7923954 0.5308217 0.3005626 0.8963013 0.4159882 0.1536161 0.9806628 0.1703003 0.0964272 0.980663 0.1835864 0.06779479 0.9659199 0.2362683 0.1057165 0.9659199 0.2332714 0.1121748 0.8963001 0.3858833 0.2184953 0.7923916 0.5722417 0.2113173 0.7066772 0.6556621 0.2659218 0.706677 0.626384 0.3290147 0.6075084 0.6912029 0.391372 0.4411176 0.7809509 0.4421889 0.2583328 0.848574 0.4617211 0.1944844 0.8535728 0.4833108 0.1944751 0.9201717 0.339799 0.2583316 0.9004551 0.3499219 0.4411343 0.8418729 0.3108868 0.6075088 0.7451303 0.2751616 0 0.9906975 0.1360831 0 0.9906974 0.1360831 0.9804332 0.1950207 0.02678841 0.9804332 0.195021 0.02678829 0.8952236 0.4414719 0.06064105 0.830391 0.5548495 0.05091834 0.5532279 0.8279641 0.09172987 0.6051771 0.7886853 0.1083346 0.7905933 0.6066452 0.08332937 0.193342 0.9720044 0.1335154 0.1933428 0.9720042 0.1335157 0.4389731 0.8901418 0.122271 0 -0.9906974 0.1360831 0 -0.9906975 0.1360831 0.965316 -0.2586554 0.03552895 0.9653161 -0.2586553 0.03552883 0.7905945 -0.6066438 0.08332854 0.7905933 -0.6066452 0.08332943 0.6051776 -0.7886847 0.1083346 0.605177 -0.7886853 0.1083349 0.2565703 -0.9575343 0.1315282 0.256571 -0.9575343 0.1315278 0.9915089 0.1300389 0 0.9654937 0.2587035 -0.02990728 0.5371611 0.8434796 0 0.7070102 0.7070102 -0.0165283 0.7070102 0.7070102 -0.0165283 0.8434802 0.5371603 0 0.9240679 0.3822286 0 0.3822286 0.9240679 0 0.2587031 0.9654938 -0.0299074 0.1300379 0.991509 0 0.1300379 -0.991509 0 0.2587031 -0.9654938 -0.0299074 0.8434802 -0.5371603 0 0.7070102 -0.7070102 -0.0165283 0.7070102 -0.7070102 -0.0165283 0.5371611 -0.8434796 0 0.3822286 -0.9240679 0 0.9240679 -0.3822286 0 0.9654937 -0.2587035 -0.02990728 0.9915089 -0.1300389 0 0.6241644 -0.3434605 -0.7017505 0.3434602 -0.6241649 -0.7017502 0.4334828 -0.557546 -0.7079797 0.4495009 -0.5358736 -0.7146947 0.4790859 -0.5204359 -0.7068403 0.5409479 -0.4537574 -0.7081522 0.542984 -0.4355925 -0.7179329 0.5198553 -0.4797897 -0.7067902 0.3434602 0.6241649 -0.7017502 0.5357875 0.4494286 -0.7148047 0.5598046 0.430663 -0.7079182 0.6241641 0.3434603 -0.7017508 0.4797887 0.5198558 -0.7067905 0.5204365 0.4790849 -0.7068406 0.5344766 0.4522507 -0.7140057 0.4537574 0.540948 -0.7081521 0.4330235 0.5432516 -0.7192832 0.4527071 0.5342662 -0.713874 0.1757941 -0.9844216 -0.003251492 0.2357013 -0.9718255 0 0.9713618 -0.2376051 0 0.965925 -0.2588186 0.001359343 0.7933551 -0.6087585 -8.54747e-4 0.4245975 -0.9053821 3.29136e-4 0.5041746 -0.8636018 -1.542e-4 0.6087586 -0.7933552 6.91154e-4 0.6344602 -0.7729554 -7.59811e-5 0.8080037 -0.5891773 1.16183e-4 0.7924464 -0.6080614 0.04785495 0.9657256 -0.2587651 0.02036511 0.9657256 -0.2587648 0.02036499 0.9657256 -0.2523933 0.06059408 0.9657253 -0.2523943 0.06059479 0.9657252 -0.2398082 0.09933197 0.9657257 -0.2398068 0.0993306 0.9657257 -0.2213153 0.135622 0.9657253 -0.2213165 0.1356235 0.9657252 -0.1973761 0.1685752 0.9657254 -0.1973755 0.1685741 0.9657255 -0.1685741 0.1973755 0.9657254 -0.1685742 0.1973756 0.9657254 -0.135623 0.2213161 0.9657252 -0.1356231 0.2213169 0.9657252 -0.09933179 0.2398084 0.9657253 -0.09933173 0.239808 0.9657253 -0.06059396 0.2523948 0.9657259 -0.06059432 0.2523922 0.965726 -0.02036547 0.2587639 0.9657257 -0.02036523 0.2587646 0.9657257 0.02036553 0.2587647 0.965726 0.02036517 0.2587639 0.965726 0.06059336 0.2523924 0.9657253 0.06059485 0.2523945 0.9657253 0.09933161 0.2398081 0.9657252 0.09933191 0.2398084 0.9657253 0.1356234 0.2213168 0.9657254 0.1356227 0.2213163 0.9657254 0.1685742 0.1973756 0.9657254 0.1685741 0.1973755 0.9657255 0.1973752 0.1685745 0.9657252 0.1973763 0.1685748 0.9657253 0.2213169 0.135623 0.9657257 0.2213152 0.1356227 0.9657257 0.2398068 0.09933125 0.9657252 0.2398084 0.09933131 0.9657253 0.2523944 0.06059437 0.9657257 0.2523932 0.06059455 0.4235237 -0.9030925 0.07107442 0.6075757 -0.7918134 0.06231665 0.9657257 0.2587648 0.02036529 0.9657254 0.2587656 0.02036505 0.7924464 0.6080614 0.04785495 0.7067448 -0.7030466 0.07897651 0.7060137 -0.6886304 0.1653264 0.7060164 -0.6886281 0.1653245 0.7060174 -0.654287 0.2710129 0.7060131 -0.6542901 0.2710165 0.7060129 -0.6038382 0.3700341 0.7060133 -0.603838 0.3700337 0.7060132 -0.5385192 0.4599376 0.7060137 -0.5385189 0.4599369 0.7060136 -0.459937 0.5385189 0.7060161 -0.4599364 0.5385163 0.7060163 -0.3700311 0.6038361 0.7060167 -0.3700311 0.6038357 0.706017 -0.2710146 0.6542868 0.7060165 -0.2710145 0.6542873 0.7060167 -0.1653257 0.6886275 0.7060124 -0.1653246 0.6886322 0.7060123 -0.0555647 0.7060165 0.7060135 -0.05556523 0.7060152 0.7060135 0.05556464 0.7060153 0.7060123 0.05556529 0.7060164 0.7060124 0.1653267 0.6886318 0.7060166 0.1653236 0.6886281 0.7060165 0.2710147 0.6542872 0.706017 0.2710143 0.6542869 0.7060167 0.3700309 0.6038357 0.7060163 0.3700312 0.6038359 0.7060161 0.4599354 0.538517 0.7060137 0.4599379 0.538518 0.7060137 0.5385187 0.4599372 0.7060132 0.5385194 0.4599373 0.7060133 0.6038378 0.3700339 0.7060128 0.6038384 0.3700339 0.706013 0.654291 0.2710146 0.7060173 0.6542863 0.2710149 0.7060164 0.6886277 0.1653258 0.7060138 0.6886306 0.1653251 0.7067448 0.7030466 0.07897651 0.6075757 0.7918134 0.06231665 0.1752698 -0.9814856 0.07724404 0.2584177 -0.9612655 0.09585857 0.2580748 -0.939431 0.2255367 0.2580721 -0.9394314 0.2255379 0.2580707 -0.8925837 0.3697212 0.258072 -0.8925836 0.3697206 0.258071 -0.8237571 0.5048007 0.258079 -0.8237567 0.5047971 0.25808 -0.7346472 0.6274458 0.2580743 -0.734647 0.6274483 0.2580743 -0.6274482 0.7346472 0.2580693 -0.6274477 0.7346493 0.2580686 -0.5047999 0.8237583 0.2580763 -0.5048012 0.8237551 0.2580764 -0.3697196 0.8925827 0.2580789 -0.3697202 0.8925818 0.2580791 -0.2255353 0.9394301 0.2580829 -0.2255365 0.9394288 0.2580831 -0.07580196 0.9631444 0.258078 -0.07580018 0.9631459 0.2580779 0.07580208 0.9631458 0.2580831 0.07580012 0.9631446 0.2580829 0.2255351 0.9394292 0.2580791 0.2255367 0.9394298 0.2580789 0.3697194 0.8925821 0.2580765 0.3697205 0.8925824 0.2580764 0.5047988 0.8237565 0.2580687 0.5048023 0.8237568 0.2580693 0.627449 0.7346482 0.2580742 0.6274468 0.7346484 0.2580742 0.7346484 0.6274468 0.25808 0.7346459 0.6274473 0.258079 0.8237552 0.5047996 0.258071 0.8237586 0.5047982 0.2580721 0.8925834 0.3697211 0.2580707 0.8925839 0.3697208 0.258072 0.9394317 0.2255369 0.2580748 0.9394308 0.2255377 0.2580748 0.9631468 0.07580077 0.2580746 0.9631468 0.07580071 0.6417186 0.7669367 -0.002295374 0.7933549 0.6087585 0.001066982 0.8738769 0.4861451 -0.001454472 0.9659258 0.2588192 0 0.9943767 0.1052207 0.01198893 0.9634512 0.2678568 0.00382024 0.2357013 0.9718255 0 0.258819 0.965925 0.001267731 0.6087586 0.7933551 -8.28952e-4 0.2100512 0.8913246 -0.4017698 0.6939198 0.6939198 -0.1922252 0.5268588 0.8273023 -0.1949124 0.4202591 0.9027938 -0.0913546 0.3750066 0.9066081 -0.1934731 0.1275803 0.9727704 -0.193497 0.8896775 0.4141532 -0.1922267 0.9226273 0.3816327 -0.05581593 0.6986744 0.3252395 -0.6372387 0.8614337 0.207292 -0.4636397 0.9575277 0.2124763 -0.194922 0.962187 0.1261069 -0.24144 0.963401 0.1263524 -0.2364182 0.4543104 0.5416072 -0.7072933 0.6377822 0.5349838 -0.5540996 0.729761 0.4015674 -0.5533466 0.2073138 0.861412 -0.4636704 0.3543458 0.6439471 -0.6780645 0.3525509 0.757344 -0.5496706 0.5907039 0.5907039 -0.5496706 0.6939198 0.6939198 -0.1922252 0.8273029 0.526858 -0.1949118 0.8911067 -0.2100925 -0.4022312 0.963401 -0.1263524 -0.2364182 0.972672 -0.1283014 -0.1935149 0.9066082 -0.3750066 -0.1934726 0.9027938 -0.4202589 -0.09135448 0.8273029 -0.526858 -0.1949118 0.6939198 -0.6939198 -0.1922252 0.4141533 -0.8896773 -0.1922272 0.3816327 -0.9226273 -0.05581593 0.32524 -0.6986753 -0.6372377 0.2073138 -0.861412 -0.4636704 0.2121309 -0.9576048 -0.1949193 0.126193 -0.9621927 -0.2413722 0.5416072 -0.4543104 -0.7072933 0.5349838 -0.6377822 -0.5540996 0.4015669 -0.7297613 -0.5533466 0.8614422 -0.2072841 -0.4636278 0.6439456 -0.3543456 -0.6780658 0.7573441 -0.3525508 -0.5496706 0.5907039 -0.5907039 -0.5496706 0.6939198 -0.6939198 -0.1922252 0.5268588 -0.8273023 -0.1949124 0 0 1 0 0 1 0 0 1 0 0 1 0 0 1 0 0 1 0 0 1 0 0 1 0 0 1 0 0 1 0 0 1 0 0 1 0 0 1 0 0 1 0 0 1 0 0 1 0 0 1 0 0 1 0 0 1 -1 0 0 -1 0 0 -1 0 0 -1 0 0 -1 0 0 -1 0 0 0 0 1 0 0 1 0 0 1 0 0 1 0 0 1 0 0 1 0 0 1 0 0 1 0 0 1 0 0 1 0 0 1 1 0 0 1 0 0 0.9659257 0.2588195 0 0.9659257 0.2588195 0 0.707107 0.7071065 0 0.707107 0.7071065 0 0.2588188 0.9659259 0 0.2588188 0.9659259 0 0.9807854 -0.19509 0 0.9807854 -0.19509 0 0.8314698 -0.55557 0 0.8314698 -0.55557 0 0.5555702 -0.8314696 0 0.5555702 -0.8314696 0 0.1950886 -0.9807856 0 0.1950886 -0.9807856 0 -0.2588183 0.9659261 0 -0.2588183 0.9659261 0 -0.7071077 0.7071059 0 -0.7071077 0.7071059 0 -0.9659258 0.2588192 0 -0.9659258 0.2588192 0 -0.9659259 -0.2588188 0 -0.9659259 -0.2588188 0 -0.7071077 -0.7071059 0 -0.7071077 -0.7071059 0 -0.2588183 -0.9659261 0 -0.2588183 -0.9659261 0 1 0 0 1 0 0 1 0 0 1 0 0 1 0 0 1 0 0 1 0 0 1 0 0 1 0 0 1 0 0 1 0 0 1 0 0 0 0.1778934 0.9840498 0 0.1778934 0.9840498 0 0.5111679 0.8594809 0 0.5111679 0.8594809 0 0 1 0 0 1 0 0.965925 0.258822 0 0.965925 0.258822 0 0.7071133 0.7071003 0 0.7071133 0.7071003 0 0.2587954 0.9659323 0 0.2587954 0.9659323 0 -0.2587953 0.9659323 0 -0.2587953 0.9659323 0 -0.7071133 0.7071003 0 -0.7071133 0.7071003 0 -0.9659249 0.2588223 0 -0.9659249 0.2588223 0 -0.9659288 -0.2588078 0 -0.9659288 -0.2588078 0 -0.7070845 -0.707129 0 -0.7070845 -0.707129 0 -0.258849 -0.9659178 0 -0.258849 -0.9659178 0 0.2588491 -0.9659178 0 0.2588491 -0.9659178 0 0.7070845 -0.7071291 0 0.7070845 -0.7071291 0 0.9659289 -0.2588076 0 0.9659289 -0.2588076 0 -0.5111679 0.8594809 0 -0.5111679 0.8594809 0 -0.1778934 0.9840498 0 -0.1778934 0.9840498 0.2581411 -0.914048 0.312857 0.7061087 -0.6699469 0.2293071 0.9657425 -0.1844255 0.1825615 0.9657425 -0.2096635 0.1529135 0.9657427 -0.2096633 0.1529133 0.9657427 -0.2301816 0.1198228 0.9657428 -0.2301813 0.1198224 0.9657428 -0.2455177 0.08403491 0.9657429 -0.2455174 0.08403468 0.7061089 -0.6699467 0.2293068 0.7061089 -0.6280977 0.3269612 0.7061091 -0.6280975 0.3269609 0.7061088 -0.5721088 0.4172552 0.706111 -0.5721077 0.417253 0.9657427 -0.1844252 0.182561 0.7925254 -0.4334062 0.4290252 0.7068102 -0.5193416 0.4803163 0.6076762 -0.564418 0.5587146 0.4413035 -0.6377419 0.6312975 0.2581378 -0.9140484 0.3128584 0.2581378 -0.8569517 0.4460927 0.2581372 -0.8569517 0.446093 0.258137 -0.7805635 0.5692853 0.2581382 -0.7805635 0.5692848 0.258428 -0.6987848 0.6670193 0.1945613 -0.6971088 0.6900617 0.9659087 -0.1742326 0.1914768 0.9801757 -0.1012777 0.1702889 0.9801757 -0.03524601 0.1949697 0.9801759 -0.03524625 0.1949694 0.8940212 -0.0797013 0.4408786 0.8295561 -0.1305893 0.5429394 0.8295561 -0.257549 0.4954849 0.5513338 -0.4043236 0.7297627 0.6025897 -0.4079344 0.6859119 0.7885957 -0.3143205 0.5285069 0.1921089 -0.5016467 0.8434718 0.192094 -0.5016409 0.8434787 0.4366104 -0.4598659 0.7732365 0.7885872 -0.1093916 0.6051146 0.602603 -0.1419674 0.7853121 0.5513338 -0.1734638 0.8160524 0.436584 -0.1600503 0.8853126 0.192111 -0.1745864 0.9657188 0.192099 -0.1745802 0.9657224 0.1950951 0 0.9807844 0.2588208 0.002509951 0.9659221 0.4422856 0 0.8968743 0.6087689 0 0.7933476 0.7071027 0.003351271 0.7071028 0.9807853 0 0.1950905 0.965923 0.002510011 0.2588175 0.8968743 0 0.4422856 0.7933484 0 0.6087679 0.9648701 0.1342977 0.2258094 0.96487 0.134298 0.2258095 0.7885959 0.3143231 0.5285049 0.705343 0.3131201 0.6359616 0.9648705 0.04673719 0.2585355 0.9648701 0.04673922 0.2585367 0.7013991 0.1268016 0.7013991 0.7014024 0.1267971 0.7013966 0.2549638 0.1720153 0.9515272 0.2549653 0.1720139 0.9515271 0.1920943 0.5016482 0.8434743 0.2564368 0.4619649 0.8490163 0.436611 0.4598746 0.773231 0.6025903 0.4079399 0.6859083 0.1948544 0.8066768 0.5579465 0.8305722 0.4117389 0.3749945 0.9658566 0.1787714 0.1875146 0.9805968 0.1427281 0.1343819 0.5540298 0.6121557 0.5641952 0.6068335 0.5786939 0.5448545 0.7918767 0.4446206 0.4186214 0.1941496 0.7142202 0.6724548 0.1941502 0.71422 0.6724548 0.440522 0.6536225 0.6154008 0.1948534 0.8584059 0.4745224 0.30952 0.8081408 0.5011046 0.5536426 0.7077377 0.4388476 0.553642 0.7077381 0.4388477 0.8301779 0.4738046 0.2937923 0.8301786 0.4738034 0.2937919 0.9805966 0.1666068 0.1033081 0.9805968 0.1666053 0.1033076 0.9805967 0.1838259 0.0681048 0.9805969 0.1838243 0.06810456 0.8301777 0.522774 0.1936812 0.8301768 0.5227754 0.1936813 0.5536429 0.7808846 0.2893074 0.5536473 0.7808814 0.2893074 0.1941491 0.91987 0.340801 0.1941493 0.91987 0.3408011 0.9804794 0.1950299 0.0249713 0.9804793 0.1950302 0.02497106 0.8293737 0.5541705 0.07095432 0.829374 0.5541699 0.07095479 0.5524514 0.8267955 0.1058613 0.5524496 0.8267969 0.1058596 0.1935692 0.9731426 0.1245971 0.1935681 0.9731429 0.1245962 0 0.9579995 0.28677 0.01317471 0.9376314 0.3473814 0.003119111 0.9277617 0.3731602 -0.001378655 0.8889521 0.4579979 0.003864288 0.8751745 0.483792 0 0.8610346 0.5085462 0 0.8224412 0.5688501 -0.03144609 0.7610874 0.6478866 0 0.728074 0.6854985 1 0 0 1 0 0 1 0 0 1 0 0 1 0 0 1 0 0 1 0 0 1 0 0 1 0 0 1 0 0 1 0 0 1 0 0 1 0 0 1 0 0 1 0 0 1 0 0 1 0 0 1 0 0 1 0 0 1 0 0 1 0 0 1 0 0 1 0 0 1 0 0 1 0 0 1 0 0 1 0 0 1 0 0 1 0 0 1 0 0 1 0 0 1 0 0 1 0 0 1 0 0 1 0 0 1 0 0 1 0 0 1 0 0 1 0 0 1 0 0 1 0 0 1 0 0 1 0 0 0 -0.96279 0.2702507 0 -0.7106899 0.7035055 -0.0353794 -0.7609873 0.6478014 0 -0.8079465 0.5892558 0 -0.8610357 0.5085446 0.007253825 -0.8869909 0.4617301 8.30388e-6 -0.8967481 0.4425413 -1.08186e-5 -0.9461141 0.3238338 0.01665526 -0.9335005 0.3581891 0.004105865 -0.9513795 0.3079939 0.965396 -0.2586768 0.03311961 0.965396 -0.258677 0.03311997 0.7909547 -0.6069203 0.0777077 0.707062 -0.6871024 0.1671938 0.2568631 -0.9586224 0.1227371 0.2568614 -0.9586226 0.122739 0.6056457 -0.7892912 0.1010583 1 0 0 1 0 0 1 0 0 1 0 0 1 0 0 1 0 0 1 0 0 1 0 0 1 0 0 1 0 0 1 0 0 1 0 0 1 0 0 1 0 0 1 0 0 1 0 0 1 0 0 1 0 0 1 0 0 1 0 0 1 0 0 1 0 0 1 0 0 1 0 0 1 0 0 1 0 0 1 0 0 0.9912564 0.1300047 -0.02257138 0.9807853 0.1950903 0 0.9065133 0.4219897 0.01257872 0.8313544 0.5554927 -0.01666784 0.7661498 0.642662 0 0.642662 0.7661498 0 0.5554932 0.831354 -0.01666778 0.4219897 0.9065133 0.01257896 0.1950681 0.9806742 -0.01504707 0.130038 0.991509 0 0.2100512 0.8913246 -0.4017698 0.1275804 0.9727703 -0.1934973 0.4141525 0.8896775 -0.1922281 0.4141534 0.8896776 -0.1922257 0.630405 0.7515376 -0.1943726 0.8896785 0.4141529 -0.1922225 0.8896772 0.4141538 -0.1922267 0.6986749 0.3252403 -0.637238 0.861412 0.2073138 -0.4636704 0.9576048 0.2121309 -0.1949191 0.9621927 0.126193 -0.241372 0.4543112 0.5416072 -0.7072927 0.6377822 0.5349838 -0.5540996 0.729761 0.4015674 -0.5533466 0.2073138 0.8614124 -0.4636698 0.3543458 0.6439479 -0.6780635 0.3525509 0.757344 -0.5496706 0.5907042 0.5907036 -0.5496706 0.7059849 0.7059841 -0.05631923 0.751538 0.6304053 -0.1943706 0.34346 0.6241654 -0.7017498 0.5357875 0.4494286 -0.7148047 0.5598046 0.430663 -0.7079182 0.6241641 0.3434603 -0.7017508 0.4797896 0.519855 -0.7067905 0.5204356 0.4790858 -0.7068406 0.5344809 0.4522416 -0.7140083 0.4537582 0.5409479 -0.7081518 0.4330226 0.5432518 -0.7192836 0.4527071 0.5342658 -0.7138742 0.1950882 0.9807854 7.38335e-4 0.1745268 0.9846524 0 0.9317723 0.3629432 0.008519113 0.8307538 0.55664 3.4844e-5 0.5555713 0.8314689 -3.53354e-5 0.561624 0.8273925 2.55992e-4 0.3692769 0.9293194 -2.73553e-5 0.8314692 0.55557 -9.02324e-4 0.9807848 0.195091 7.31957e-4 0.9846161 0.1747313 0 0 0.991903 0.1269981 0 0.991903 0.1269981 0.5249458 0.8511351 9.60476e-4 0.7933569 0.6087564 -6.68806e-4 0.8419283 0.5395768 -0.003677427 0.9659165 0.2588167 0.004398226 0.9867157 0.1624565 0 0.1796034 0.9837391 0 0.258817 0.9659211 0.003222286 0.6087545 0.7933498 -0.003776907 0.6075757 0.7918134 0.06231665 0.2580737 0.963147 0.07580077 0.2580739 0.963147 0.07580083 0.2580739 0.939431 0.2255378 0.2580711 0.9394319 0.225537 0.2580698 0.8925842 0.3697209 0.2580712 0.8925836 0.3697212 0.2580701 0.8237587 0.5047984 0.2580781 0.8237555 0.5047997 0.2580791 0.7346461 0.6274475 0.2580733 0.7346486 0.6274469 0.2580733 0.627447 0.7346486 0.2580685 0.6274492 0.7346484 0.2580678 0.5048024 0.823757 0.2580755 0.504799 0.8237567 0.2580756 0.3697205 0.8925826 0.258078 0.3697195 0.8925824 0.2580782 0.2255368 0.9394301 0.258082 0.2255352 0.9394294 0.2580822 0.07580012 0.9631448 0.258077 0.07580208 0.963146 0.2580771 -0.07580024 0.9631462 0.2580822 -0.07580196 0.9631447 0.258082 -0.2255365 0.939429 0.2580782 -0.2255354 0.9394304 0.258078 -0.3697203 0.892582 0.2580755 -0.3697197 0.8925829 0.2580754 -0.5048013 0.8237552 0.2580677 -0.5048 0.8237585 0.2580685 -0.6274478 0.7346495 0.2580734 -0.6274483 0.7346473 0.2580734 -0.7346472 0.6274485 0.2580791 -0.7346474 0.6274459 0.258078 -0.8237569 0.5047972 0.2580701 -0.8237572 0.5048009 0.2580711 -0.8925839 0.3697207 0.2580698 -0.8925839 0.3697212 0.2580711 -0.9394317 0.225538 0.258074 -0.9394311 0.2255368 0.1752688 -0.9814857 0.07724404 0.9657254 0.2587656 0.02036505 0.7924482 0.6080591 0.04785478 0.2584167 -0.9612657 0.09585869 0.4235237 -0.9030925 0.07107442 0.6075757 -0.7918134 0.06231665 0.7067457 0.7030457 0.07897669 0.7060148 0.6886298 0.1653249 0.7060174 0.688627 0.1653255 0.7060182 0.6542854 0.2710145 0.7060139 0.6542901 0.2710142 0.7060138 0.6038377 0.3700335 0.7060143 0.603837 0.3700334 0.7060141 0.5385187 0.4599367 0.7060147 0.5385181 0.4599366 0.7060146 0.4599374 0.5385174 0.706017 0.4599349 0.5385164 0.7060172 0.3700308 0.6038352 0.7060176 0.3700305 0.6038349 0.7060179 0.271014 0.6542861 0.7060174 0.2710144 0.6542864 0.7060175 0.1653234 0.6886273 0.7060132 0.1653265 0.6886309 0.7060132 0.05556523 0.7060155 0.7060143 0.05556458 0.7060143 0.7060143 -0.05556511 0.7060143 0.7060132 -0.05556464 0.7060155 0.7060133 -0.1653244 0.6886314 0.7060176 -0.1653255 0.6886267 0.7060174 -0.2710142 0.6542865 0.7060179 -0.2710142 0.6542859 0.7060176 -0.3700306 0.6038349 0.7060173 -0.3700307 0.6038352 0.706017 -0.4599359 0.5385156 0.7060146 -0.4599365 0.5385182 0.7060146 -0.5385182 0.4599364 0.7060141 -0.5385185 0.459937 0.7060142 -0.6038372 0.3700332 0.7060137 -0.6038375 0.3700337 0.706014 -0.6542893 0.2710161 0.7060183 -0.6542862 0.2710126 0.7060173 -0.6886273 0.1653243 0.7060147 -0.6886295 0.1653262 0.7067457 -0.7030457 0.07897669 0.7924482 -0.6080591 0.04785478 0.9657257 0.2587648 0.02036529 0.9657257 0.2523932 0.06059455 0.9657253 0.2523944 0.06059437 0.9657252 0.2398084 0.09933125 0.9657257 0.2398068 0.09933125 0.9657257 0.2213152 0.1356227 0.9657253 0.2213169 0.135623 0.9657252 0.1973763 0.1685748 0.9657254 0.1973752 0.1685744 0.9657254 0.1685741 0.1973755 0.9657254 0.1685742 0.1973756 0.9657254 0.1356227 0.2213163 0.9657253 0.1356233 0.2213168 0.9657251 0.09933191 0.2398083 0.9657253 0.09933161 0.2398081 0.9657253 0.06059485 0.2523945 0.965726 0.06059336 0.2523924 0.9657259 0.02036517 0.2587639 0.9657257 0.02036553 0.2587647 0.9657257 -0.02036523 0.2587646 0.9657259 -0.02036547 0.2587638 0.9657259 -0.06059432 0.2523922 0.9657253 -0.06059396 0.2523948 0.9657253 -0.09933173 0.239808 0.9657252 -0.09933179 0.2398084 0.9657252 -0.1356231 0.2213169 0.9657254 -0.135623 0.2213162 0.9657254 -0.1685742 0.1973756 0.9657255 -0.1685741 0.1973755 0.9657254 -0.1973755 0.1685741 0.9657252 -0.1973761 0.1685752 0.9657253 -0.2213165 0.1356235 0.9657257 -0.2213153 0.135622 0.9657257 -0.2398068 0.0993306 0.9657252 -0.2398082 0.09933197 0.9657253 -0.2523943 0.06059479 0.9657257 -0.2523933 0.06059408 0.9657256 -0.2587648 0.02036499 0.9657256 -0.2587651 0.02036511 0.1757941 -0.9844269 -1.53752e-4 0.1796034 -0.9837391 0 0.9714848 -0.2371018 0 0.9659249 -0.2588185 0.001390516 0.7933567 -0.6087563 -8.45862e-4 0.4245976 -0.9053822 6.94069e-5 0.4545186 -0.8907371 -5.28212e-4 0.6087586 -0.7933552 6.94426e-4 0.6343224 -0.7730687 -6.89145e-5 0.8079468 -0.5892555 1.22654e-4 0 -0.991903 0.1269981 0 -0.991903 0.1269981 0.9795063 -0.2014139 0 0.9659231 -0.258818 0.002405643 0.7933516 -0.6087595 -0.002254545 0.8273683 -0.5616596 -3.40888e-5 0.6087623 -0.7933527 2.3345e-5 0.5568565 -0.8306071 -0.001663386 0.2588175 -0.965923 0.002525448 0.1972239 -0.9803586 0 0.6241644 -0.3434605 -0.7017505 0.34346 -0.6241654 -0.7017498 0.4334818 -0.5575473 -0.7079792 0.4495013 -0.5358731 -0.7146948 0.4790867 -0.5204351 -0.7068403 0.5409479 -0.4537574 -0.7081522 0.542984 -0.4355925 -0.7179329 0.5198553 -0.4797897 -0.7067902 0.8913252 -0.2100509 -0.4017685 0.6939201 -0.6939201 -0.1922236 0.8273046 -0.5268561 -0.1949098 0.9027935 -0.4202595 -0.09135502 0.9066078 -0.3750075 -0.1934726 0.9727704 -0.1275803 -0.1934968 0.4141532 -0.8896772 -0.1922281 0.3816323 -0.9226275 -0.05581551 0.3252402 -0.6986756 -0.6372371 0.2073138 -0.8614124 -0.4636698 0.2121309 -0.9576048 -0.1949198 0.1261931 -0.9621926 -0.2413724 0.5416077 -0.4543108 -0.7072926 0.5349844 -0.6377817 -0.5540995 0.4015665 -0.7297615 -0.5533467 0.8614125 -0.2073134 -0.4636697 0.6439464 -0.354346 -0.6780648 0.757344 -0.3525513 -0.5496707 0.5907042 -0.5907036 -0.5496707 0.6939203 -0.6939195 -0.1922252 0.5268588 -0.8273023 -0.1949124 0.130038 -0.991509 0 0.2587031 -0.9654938 -0.02990734 0.8434816 -0.5371582 0 0.7070102 -0.7070102 -0.01652848 0.7070105 -0.70701 -0.0165283 0.5371611 -0.8434796 0 0.3822282 -0.924068 0 0.9240674 -0.3822294 0 0.9654937 -0.2587035 -0.02990752 0.991509 -0.1300379 0 -1 0 0 -1 0 0 -1 0 0 -1 0 0 -1 0 0 -1 0 0 -1 0 0 -1 0 0 -1 0 0 -1 0 0 -1 0 0 -1 0 0 -1 0 0 -1 0 0 -1 0 0 -1 0 0 -1 0 0 -1 0 0 -1 0 0 -1 0 0 -1 0 0 -1 0 0 -1 0 0 -1 0 0 -1 0 0 -1 0 0 -1 0 0 0 -0.9969174 0.07845854 0 -0.9969174 0.07845854 0 -0.9723699 0.2334457 0 -0.9723699 0.2334457 0 -0.9238793 0.3826838 0 -0.9238793 0.3826838 0 -0.8526409 0.5224974 0 -0.8526409 0.5224974 0 -0.7604057 0.6494483 0 -0.7604057 0.6494483 0 -0.6494467 0.760407 0 -0.6494467 0.760407 0 -0.5225012 0.8526386 0 -0.5225012 0.8526386 0 -0.3826841 0.9238793 0 -0.3826841 0.9238793 0 -0.2334449 0.97237 0 -0.2334449 0.97237 0 -0.07845801 0.9969174 0 -0.07845801 0.9969174 0 0.07845801 0.9969174 0 0.07845801 0.9969174 0 0.2334449 0.97237 0 0.2334449 0.97237 0 0.3826841 0.9238793 0 0.3826841 0.9238793 0 0.5225012 0.8526386 0 0.5225012 0.8526386 0 0.6494467 0.760407 0 0.6494467 0.760407 0 0.7604057 0.6494483 0 0.7604057 0.6494483 0 0.8526409 0.5224974 0 0.8526409 0.5224974 0 0.9238793 0.3826838 0 0.9238793 0.3826838 0 0.9723699 0.2334457 0 0.9723699 0.2334457 0 0.9969174 0.07845854 0 0.9969174 0.07845854 0 1 0 0 1 0 0 1 0 0 1 0 0 1 0 0 1 0 0 1 0 0 1 0 0 1 0 0 1 0 0 1 0 0 1 0 0 1 0 0 1 0 0 1 0 0 1 0 0 1 0 0 1 0 0 1 0 0 1 0 -1 0 0 -1 0 0 -1 0 0 -1 0 0 -1 0 0 -1 0 0 -1 0 0 -1 0 0 -1 0 0 -1 0 0 -1 0 0 -1 0 0 -1 0 0 -1 0 0 -1 0 0 -1 0 0 -1 0 0 -1 0 0 0 -1 0 0 -1 0 0 -1 0 0 -1 0 0 -1 0 0 -1 0 0 -1 0 0 -1 0 0 -1 0 0 -1 0 0 -1 0 0 -1 0 0 -1 0 0 -1 0 0 -1 0 0 -1 0 0 -1 0 0 -1 0 0 -1 0 0 -1 0 -0.9795061 0.2014143 0 -0.965923 0.2588185 0.002438366 -0.7933516 0.6087594 -0.002285242 -0.8273683 0.5616597 -3.45553e-5 -0.6087605 0.7933541 2.36649e-5 -0.5568582 0.8306059 -0.001686036 -0.258818 0.9659228 0.002559781 -0.1972243 0.9803584 0 -0.2014121 -0.9795066 0 -0.258818 -0.965923 0.002438426 -0.6087589 -0.793352 -0.002285182 -0.5616586 -0.8273691 -3.45016e-5 -0.7933536 -0.608761 2.3741e-5 -0.830607 -0.5568565 -0.001686036 -0.9659228 -0.258818 0.002559721 -0.980358 -0.1972261 0 0 0.9602711 0.2790688 0 0.8701885 0.492719 -0.01485008 0.8503635 0.5259862 0.002676784 0.8966364 0.4427596 -0.004517912 0.9380726 0.3464093 -0.008978068 0.9328743 0.3600901 -0.001318216 0.9510546 0.3090201 0 -0.8504577 0.5260434 -0.007732272 -0.8701625 0.4927043 -0.003731906 -0.8806846 0.4736885 0 -0.9498602 0.3126752 -0.007269084 -0.9380574 0.3464037 -1.22537e-4 -0.9218448 0.3875591 7.01284e-5 -0.8986287 0.4387099 0 0 1 0 0 1 0 -0.2413101 0.970448 0 -0.2413101 0.970448 0 -0.6677155 0.7444167 0 -0.6677155 0.7444167 0 0.6677155 0.7444167 0 0.6677155 0.7444167 0 0.2413101 0.970448 0 0.2413101 0.970448 -0.9657143 0.2435328 0.08993178 -0.9657143 0.2435327 0.08993172 -0.7059509 0.6644064 0.2453519 -0.7059507 0.6644065 0.2453519 -0.2580312 0.9063149 0.3346839 -0.2580366 0.9063141 0.3346816 -0.9657144 0.2259073 0.1279129 -0.965714 0.2259082 0.1279141 -0.7059503 0.6163209 0.348974 -0.7059532 0.616319 0.3489713 -0.2580381 0.8407201 0.4760314 -0.2580331 0.8407204 0.4760336 -0.9639314 0.1777142 0.198126 -0.9639314 0.1777142 0.1981261 -0.6964258 0.4791749 0.5342119 -0.6964244 0.479175 0.5342139 -0.2516626 0.646228 0.7204549 -0.2516556 0.6462263 0.720459 -0.9639311 0.06422126 0.2582876 -0.9639319 0.06422311 0.258284 -0.6964247 0.1731678 0.6964234 -0.6964233 0.1731669 0.6964251 -0.2516533 0.2335378 0.9392182 -0.2516648 0.2335434 0.9392136 -0.2588222 0 0.965925 -0.2588222 0 0.965925 -0.7071059 0 0.7071077 -0.7071059 0 0.7071077 -0.965926 0 0.2588183 -0.965926 0 0.2588183 -0.9639313 -0.1777142 0.198126 -0.963932 -0.06422036 0.258284 -0.9639312 -0.0642237 0.2582864 -0.6964231 -0.1731682 0.6964249 -0.6964246 -0.1731666 0.6964239 -0.2516651 -0.233537 0.9392151 -0.2516537 -0.2335441 0.9392165 -0.9639314 -0.1777142 0.1981261 -0.7844219 -0.4141383 0.4617053 -0.7009162 -0.4449394 0.5574454 -0.597248 -0.5355482 0.5970621 -0.2516554 -0.6462293 0.7204563 -0.2516624 -0.6462251 0.7204577 -0.9657143 -0.2435328 0.08993184 -0.9806632 -0.1702989 0.09642642 -0.9659195 -0.2162008 0.1423259 -0.8310043 -0.4895895 0.2640721 -0.7923954 -0.5308222 0.3005619 -0.5543164 -0.7242637 0.4100922 -0.606791 -0.6995664 0.3773746 -0.1941021 -0.8427295 0.5021269 -0.2580331 -0.8407204 0.4760336 -0.9800572 -0.1930485 0.04711717 -0.7915967 -0.5669914 0.2278058 -0.8306308 -0.5223459 0.1928916 -0.6075088 -0.7451304 0.2751614 -0.5546931 -0.7766602 0.2985208 -0.2583261 -0.9117667 0.3192947 -0.1944819 -0.9201705 0.3397985 0 -0.9906975 0.1360831 0 -0.9906974 0.1360831 -0.9653161 -0.2586553 0.03552895 -0.965316 -0.2586554 0.03552883 -0.7905933 -0.6066454 0.08332872 -0.7905945 -0.6066439 0.0833292 -0.605177 -0.7886853 0.1083346 -0.6051777 -0.7886847 0.1083348 -0.256571 -0.9575342 0.1315282 -0.2565703 -0.9575344 0.1315278 0 0.9906974 0.1360831 0 0.9906975 0.1360831 -0.9653159 0.2586559 0.03552943 -0.9653161 0.2586553 0.03552883 -0.7905945 0.6066438 0.08332854 -0.7062076 0.6936389 0.1419014 -0.256571 0.9575343 0.1315277 -0.2565703 0.9575343 0.1315283 -0.6051777 0.7886847 0.1083348 -0.9915089 -0.1300389 0 -0.9654937 -0.2587035 -0.02990728 -0.5371611 -0.8434796 0 -0.7070102 -0.7070102 -0.0165283 -0.7070102 -0.7070102 -0.0165283 -0.8434802 -0.5371603 0 -0.9240679 -0.3822286 0 -0.3822286 -0.9240679 0 -0.2587031 -0.9654938 -0.0299074 -0.1300379 -0.991509 0 -0.1300379 0.991509 0 -0.2587031 0.9654938 -0.0299074 -0.8434802 0.5371603 0 -0.7070102 0.7070102 -0.0165283 -0.7070102 0.7070102 -0.0165283 -0.5371611 0.8434796 0 -0.3822286 0.9240679 0 -0.9240679 0.3822286 0 -0.9654937 0.2587035 -0.02990728 -0.9915089 0.1300389 0 -0.6241641 0.3434604 -0.7017508 -0.3434602 0.6241649 -0.7017502 -0.4334828 0.557546 -0.7079797 -0.4495009 0.5358736 -0.7146947 -0.4790859 0.5204359 -0.7068403 -0.5409476 0.4537571 -0.7081527 -0.5429835 0.4355933 -0.7179327 -0.5198553 0.4797897 -0.7067902 -0.3434602 -0.6241649 -0.7017502 -0.6241644 -0.3434605 -0.7017505 -0.5575456 -0.433483 -0.7079799 -0.5358736 -0.4495009 -0.7146947 -0.5204365 -0.4790849 -0.7068406 -0.4537574 -0.540948 -0.7081521 -0.4355923 -0.5429841 -0.7179329 -0.4797887 -0.5198558 -0.7067905 -0.1757941 0.9844216 -0.003251492 -0.2357013 0.9718255 0 -0.9713617 0.2376055 0 -0.9659249 0.258819 0.001359343 -0.7933551 0.6087585 -8.54747e-4 -0.4245975 0.9053821 3.29136e-4 -0.5041746 0.8636018 -1.542e-4 -0.6087586 0.7933552 6.91154e-4 -0.6344602 0.7729554 -7.59811e-5 -0.8080037 0.5891773 1.16183e-4 -0.7924464 0.6080614 0.04785495 -0.9657255 0.2587655 0.02036535 -0.9657256 0.2587648 0.02036499 -0.9657256 0.2523933 0.06059408 -0.9657253 0.2523943 0.06059479 -0.9657252 0.2398083 0.09933185 -0.9657256 0.239807 0.09933072 -0.9657257 0.2213155 0.1356222 -0.9657253 0.2213165 0.1356235 -0.9657252 0.1973761 0.1685752 -0.9657254 0.1973755 0.1685741 -0.9657255 0.1685741 0.1973755 -0.9657254 0.1685742 0.1973756 -0.9657254 0.135623 0.2213161 -0.9657252 0.1356231 0.2213169 -0.9657252 0.09933179 0.2398084 -0.9657253 0.09933173 0.239808 -0.9657252 0.06059396 0.2523948 -0.9657259 0.06059432 0.2523922 -0.9657259 0.02036547 0.2587638 -0.9657257 0.02036523 0.2587646 -0.9657257 -0.02036553 0.2587647 -0.965726 -0.02036517 0.2587639 -0.9657259 -0.06059336 0.2523924 -0.9657253 -0.06059485 0.2523945 -0.9657253 -0.09933161 0.2398081 -0.9657252 -0.09933191 0.2398084 -0.9657253 -0.1356234 0.2213168 -0.9657254 -0.1356227 0.2213163 -0.9657254 -0.1685742 0.1973756 -0.9657254 -0.1685741 0.1973755 -0.9657255 -0.1973752 0.1685745 -0.9657252 -0.1973763 0.1685748 -0.9657252 -0.2213169 0.1356229 -0.9657257 -0.221315 0.1356226 -0.9657257 -0.2398065 0.09933125 -0.9657252 -0.2398084 0.09933131 -0.9657253 -0.2523944 0.06059437 -0.9657257 -0.2523932 0.06059455 -0.4235237 0.9030925 0.07107442 -0.6075757 0.7918134 0.06231665 -0.9657257 -0.2587648 0.02036511 -0.9657256 -0.2587651 0.02036499 -0.7924464 -0.6080614 0.04785495 -0.7067448 0.7030466 0.07897651 -0.7060137 0.6886304 0.1653264 -0.7060164 0.6886281 0.1653245 -0.7060174 0.654287 0.2710129 -0.7060131 0.6542901 0.2710165 -0.7060129 0.6038382 0.3700341 -0.7060133 0.603838 0.3700337 -0.7060132 0.5385192 0.4599376 -0.7060137 0.5385189 0.4599369 -0.7060136 0.459937 0.5385189 -0.7060161 0.4599364 0.5385163 -0.7060163 0.3700311 0.6038361 -0.7060167 0.3700311 0.6038357 -0.706017 0.2710146 0.6542868 -0.7060165 0.2710145 0.6542873 -0.7060167 0.1653257 0.6886275 -0.7060124 0.1653246 0.6886322 -0.7060123 0.0555647 0.7060165 -0.7060135 0.05556523 0.7060152 -0.7060135 -0.05556464 0.7060153 -0.7060123 -0.05556529 0.7060164 -0.7060124 -0.1653267 0.6886318 -0.7060166 -0.1653236 0.6886281 -0.7060165 -0.2710147 0.6542872 -0.706017 -0.2710143 0.6542869 -0.7060167 -0.3700309 0.6038357 -0.7060163 -0.3700312 0.6038359 -0.7060161 -0.4599354 0.538517 -0.7060137 -0.4599379 0.538518 -0.7060137 -0.5385187 0.4599372 -0.7060132 -0.5385194 0.4599373 -0.7060133 -0.6038378 0.3700339 -0.7060128 -0.6038384 0.3700339 -0.706013 -0.654291 0.2710146 -0.7060173 -0.6542863 0.2710149 -0.7060164 -0.6886277 0.1653258 -0.7060138 -0.6886306 0.1653251 -0.7067448 -0.7030466 0.07897651 -0.6075757 -0.7918134 0.06231665 -0.1752698 0.9814856 0.07724404 -0.2584177 0.9612655 0.09585857 -0.2580748 0.939431 0.2255367 -0.2580721 0.9394314 0.2255379 -0.2580707 0.8925837 0.3697212 -0.258072 0.8925836 0.3697206 -0.258071 0.8237571 0.5048007 -0.258079 0.8237567 0.5047971 -0.25808 0.7346472 0.6274458 -0.2580743 0.734647 0.6274483 -0.2580743 0.6274482 0.7346472 -0.2580693 0.6274477 0.7346493 -0.2580686 0.5047999 0.8237583 -0.2580763 0.5048012 0.8237551 -0.2580764 0.3697196 0.8925827 -0.2580789 0.3697202 0.8925818 -0.2580791 0.2255353 0.9394301 -0.2580829 0.2255365 0.9394288 -0.2580831 0.07580196 0.9631444 -0.258078 0.07580018 0.9631459 -0.2580779 -0.07580208 0.9631458 -0.2580831 -0.07580012 0.9631446 -0.2580829 -0.2255351 0.9394292 -0.2580791 -0.2255367 0.9394298 -0.2580789 -0.3697194 0.8925821 -0.2580765 -0.3697205 0.8925824 -0.2580764 -0.5047988 0.8237565 -0.2580687 -0.5048023 0.8237568 -0.2580693 -0.627449 0.7346482 -0.2580742 -0.6274468 0.7346484 -0.2580742 -0.7346484 0.6274468 -0.25808 -0.7346459 0.6274473 -0.258079 -0.8237552 0.5047996 -0.258071 -0.8237586 0.5047982 -0.2580721 -0.8925834 0.3697211 -0.2580707 -0.8925839 0.3697208 -0.258072 -0.9394317 0.2255369 -0.2580748 -0.9394308 0.2255377 -0.2580748 -0.9631468 0.07580077 -0.2580746 -0.9631468 0.07580071 -0.6417186 -0.7669367 -0.002295374 -0.7933549 -0.6087585 0.001066982 -0.8738769 -0.4861451 -0.001454472 -0.9659259 -0.2588188 0 -0.9943767 -0.1052202 0.01198893 -0.9634512 -0.2678568 0.00382024 -0.2357013 -0.9718255 0 -0.258819 -0.965925 0.001267731 -0.6087586 -0.7933551 -8.28952e-4 -0.2100512 -0.8913246 -0.4017698 -0.6939198 -0.6939198 -0.1922252 -0.5268588 -0.8273023 -0.1949124 -0.4202591 -0.9027938 -0.0913546 -0.3750066 -0.9066081 -0.1934731 -0.1275803 -0.9727704 -0.193497 -0.8896775 -0.4141532 -0.1922267 -0.9226273 -0.3816327 -0.05581593 -0.6986744 -0.3252395 -0.6372387 -0.8614337 -0.207292 -0.4636397 -0.9575277 -0.2124763 -0.194922 -0.962187 -0.1261069 -0.24144 -0.963401 -0.1263524 -0.2364182 -0.4543104 -0.5416072 -0.7072933 -0.6377822 -0.5349838 -0.5540996 -0.729761 -0.4015674 -0.5533466 -0.2073138 -0.861412 -0.4636704 -0.3543458 -0.6439471 -0.6780645 -0.3525509 -0.757344 -0.5496706 -0.5907039 -0.5907039 -0.5496706 -0.6939198 -0.6939198 -0.1922252 -0.8273029 -0.526858 -0.1949118 -0.8911067 0.2100925 -0.4022312 -0.963401 0.1263524 -0.2364182 -0.972672 0.1283014 -0.1935149 -0.9066082 0.3750066 -0.1934726 -0.9027938 0.4202589 -0.09135448 -0.8273029 0.526858 -0.1949118 -0.6939198 0.6939198 -0.1922252 -0.4141533 0.8896773 -0.1922272 -0.3816327 0.9226273 -0.05581593 -0.32524 0.6986753 -0.6372377 -0.2073138 0.861412 -0.4636704 -0.2121309 0.9576048 -0.1949193 -0.126193 0.9621927 -0.2413722 -0.5416072 0.4543104 -0.7072933 -0.5349838 0.6377822 -0.5540996 -0.4015669 0.7297613 -0.5533466 -0.8614422 0.2072841 -0.4636278 -0.6439456 0.3543456 -0.6780658 -0.7573441 0.3525508 -0.5496706 -0.5907039 0.5907039 -0.5496706 -0.6939198 0.6939198 -0.1922252 -0.5268588 0.8273023 -0.1949124 0 0 1 0 0 1 0 0 1 0 0 1 0 0 1 0 0 1 0 0 1 0 0 1 0 0 1 0 0 1 0 0 1 0 0 1 0 0 1 0 0 1 0 0 1 0 0 1 0 0 1 0 0 1 0 0 1 0 0 1 1 0 0 1 0 0 1 0 0 1 0 0 1 0 0 1 0 0 0 0 1 0 0 1 0 0 1 0 0 1 0 0 1 0 0 1 0 0 1 0 0 1 0 0 1 0 0 1 0 0 1 -1 0 0 -1 0 0 -0.9659258 -0.258819 0 -0.9659258 -0.258819 0 -0.707107 -0.7071065 0 -0.707107 -0.7071065 0 -0.2588188 -0.9659259 0 -0.2588188 -0.9659259 0 -0.9807853 0.1950904 0 -0.9807853 0.1950904 0 -0.8314698 0.55557 0 -0.8314698 0.55557 0 -0.5555702 0.8314696 0 -0.5555702 0.8314696 0 -0.1950886 0.9807856 0 -0.1950886 0.9807856 0 0.2588183 -0.9659261 0 0.2588183 -0.9659261 0 0.7071077 -0.7071059 0 0.7071077 -0.7071059 0 0.9659259 -0.2588188 0 0.9659259 -0.2588188 0 0.9807851 0.195091 0 0.9807851 0.195091 0 0.8314696 0.5555702 0 0.8314696 0.5555702 0 0.5555713 0.8314689 0 0.5555713 0.8314689 0 0.1950883 0.9807857 0 0.1950883 0.9807857 0 0 0 1 0 0 1 0 0 1 0 0 1 0 0 1 0 0 1 0 0 1 0 0 1 0 0 1 0 0 1 0 0 1 0 0 1 0 0 1 0 0 1 0 0 1 0.6241293 -0.7813211 0 0.6241293 -0.7813211 0 0.4345476 -0.9006488 0 0.4345476 -0.9006488 0 0.2231593 -0.974782 0 0.2231593 -0.974782 0 5.72844e-4 -0.9999998 0 5.72844e-4 -0.9999998 0 -0.2220419 -0.9750372 0 -0.2220419 -0.9750372 0 -0.433515 -0.9011464 0 -0.433515 -0.9011464 0 -0.6232337 -0.7820357 0 -0.6232337 -0.7820357 0 -0.7816784 -0.6236817 0 -0.7816784 -0.6236817 0 -0.9008978 -0.4340313 0 -0.9008978 -0.4340313 0 -0.9749097 -0.2226007 0 -0.9749097 -0.2226007 0 -1 0 0 -1 0 0 -0.9749097 0.2226007 0 -0.9749097 0.2226007 0 -0.9008978 0.4340313 0 -0.9008978 0.4340313 0 -0.7816784 0.6236817 0 -0.7816784 0.6236817 0 -0.6232337 0.7820357 0 -0.6232337 0.7820357 0 -0.433515 0.9011464 0 -0.433515 0.9011464 0 -0.2220419 0.9750372 0 -0.2220419 0.9750372 0 5.72844e-4 0.9999998 0 5.72844e-4 0.9999998 0 0.2231593 0.974782 0 0.2231593 0.974782 0 0.4345476 0.9006488 0 0.4345476 0.9006488 0 0.6241293 0.7813211 0 0.6241293 0.7813211 0 -0.8837515 -0.4679566 0 -0.8837515 -0.4679566 0 -0.7973753 -0.6034836 0 -0.7973753 -0.6034836 0 -0.6904042 -0.7234238 0 -0.6904042 -0.7234238 0 -0.5656009 -0.8246791 0 -0.5656009 -0.8246791 0 -0.4261894 -0.9046339 0 -0.4261894 -0.9046339 0 -0.2757695 -0.9612238 0 -0.2757695 -0.9612238 0 -0.1182273 -0.9929866 0 -0.1182273 -0.9929866 0 0.04236871 -0.9991021 0 0.04236871 -0.9991021 0 0.2018703 -0.9794123 0 0.2018703 -0.9794123 0 0.3561578 -0.9344258 0 0.3561578 -0.9344258 0 0.5012464 -0.8653046 0 0.5012464 -0.8653046 0 0.6333888 -0.7738338 0 0.6333888 -0.7738338 0 0.7491713 -0.6623764 0 0.7491713 -0.6623764 0 0.8456043 -0.5338102 0 0.8456043 -0.5338102 0 0.9201964 -0.391457 0 0.9201964 -0.391457 0 0.9710214 -0.2389928 0 0.9710214 -0.2389928 0 0.9967662 -0.08035612 0 0.9967662 -0.08035612 0 0.9967662 0.08035612 0 0.9967662 0.08035612 0 0.9710214 0.2389928 0 0.9710214 0.2389928 0 0.9201964 0.391457 0 0.9201964 0.391457 0 0.8456043 0.5338102 0 0.8456043 0.5338102 0 0.7491713 0.6623764 0 0.7491713 0.6623764 0 0.6333888 0.7738338 0 0.6333888 0.7738338 0 0.5012464 0.8653046 0 0.5012464 0.8653046 0 0.3561578 0.9344258 0 0.3561578 0.9344258 0 0.2018703 0.9794123 0 0.2018703 0.9794123 0 0.04236871 0.9991021 0 0.04236871 0.9991021 0 -0.1182273 0.9929866 0 -0.1182273 0.9929866 0 -0.2757695 0.9612238 0 -0.2757695 0.9612238 0 -0.4261894 0.9046339 0 -0.4261894 0.9046339 0 -0.5656009 0.8246791 0 -0.5656009 0.8246791 0 -0.6904042 0.7234238 0 -0.6904042 0.7234238 0 -0.7973753 0.6034836 0 -0.7973753 0.6034836 0 -0.8837515 0.4679566 0 -0.8837515 0.4679566 0 0 0 1 0 0 1 0 0 1 0 0 1 0 0 1 0 0 1 0 0 1 0 0 1 0 0 1 0 0 1 0 0 1 0 0 1 0 0 1 0 0 1 0 0 1 0 0 1 0 0 1 0 0 1 0 0 1 0 0 1 0 0 1 0 0 1 0 0 1 0 0 1 0 0 1 0 0 1 0 0 1 0 0 1 0 0 1 0 0 1 0 0 1 0 0 1 0 0 1 0 0 1 0 0 1 0 0 1 0 0 1 0 0 1 0 0 1 0 0 1 0 0 1 0 0 1 0 0 1 0 0 1 0 0 1 0 0 1 0 0 1 0 0 1 0 0 1 0 0 1 0 0 1 0 0 1 0 0 1 0 0 1 0 0 1 0 0 1 0 0 1 0 0 1 0 0 1 0 0 1 0 0 1 0 0 1 0 0 1 0 0 1 0 0 1 0 0 -1 0 0 -1 0 0 -1 0 0 -1 0 0 -1 0 0 -1 0 0 -1 0 0 -1 0 0 -1 0 0 -1 0 0 -1 0 0 -1 0 0 -1 0 0 -1 0 0 -1 0 0 -1 0 0 -1 0 0 -1 0 0 -1 0 0 -1 0 0 -1 0 0 -1 0 0 -1 0 0 -1 0 0 -1 0 0 -1 0 0 -1 0 0 -1 0 0 -1 0 0 -1 0 0 -1 0 0 -1 0 0 -1 0 0 -1 0 0 -1 0 0 -1 0 0 -1 0 0 -1 0 0 -1 0 0 -1 0 0 -1 0 0 -1 0 0 -1 0 0 -1 0 0 -1 0 0 -1 0 0 -1 0 0 -1 0 0 -1 0 0 -1 0 0 -1 0 0 -1 0 0 -1 0 0 -1 0 0 -1 0 0 -1 0 0 -1 0 0 -1 0 0 -1 0 0 -1 0 0 -1 0 0 -1 0 0 -1 0 0 -1 0 0 -1 -0.9845109 -0.1753233 0 -0.9845109 -0.1753233 0 -0.9598409 0.2805449 0 -0.9598409 0.2805449 0 -0.7351149 0.6779427 0 -0.7351149 0.6779427 0 -0.357171 0.9340391 0 -0.357171 0.9340391 0 0.09521561 0.9954566 0 0.09521561 0.9954566 0 0.5277586 0.8493945 0 0.5277586 0.8493945 0 0.5277586 -0.8493945 0 0.5277586 -0.8493945 0 0.09521561 -0.9954566 0 0.09521561 -0.9954566 0 -0.357171 -0.9340391 0 -0.357171 -0.9340391 0 -0.7351149 -0.6779427 0 -0.7351149 -0.6779427 0 -0.9598409 -0.2805449 0 -0.9598409 -0.2805449 0 -0.9845109 0.1753233 0 -0.9845109 0.1753233 0 0 0 1 0 0 1 0 0 1 0 0 1 0 0 1 0 0 1 0 0 1 0 0 1 0 0 1 0 0 1 0 0 1 0 0 1 0 0 1 0 0 1 0 0 1 0 0 1 0 0 1 0 0 1 0 0 1 0 0 1 0 0 1 0 0 1 0 0 1 0 0 1 0 0 1 0 0 1 0 0 1 0 0 1 0 0 1 0 0 1 0 0 1 0 0 1 0 0 1 0 0 1 0 0 1 0 0 1 0 0 1 0 0 1 0 0 1 0 0 1 0 0 1 0 0 1 0 0 1 0 0 1 0 0 1 0 0 1 0 0 1 0 0 1 0 0 1 0 0 1 0 0 1 0 0 1 0 0 1 0 0 1 0 0 1 0 0 1 0 0 1 0 0 1 0 0 1 0 0 1 0 0 1 0 0 1 0 0 1 0 0 1 0 0 1 0 0 1 0 0 1 0 0 1 0 0 1 0 0 1 0 0 1 0 0 1 0 0 1 0 0 1 0 0 1 0 0 1 0 0 1 0 0 1 0 0 1 0 0 1 0 0 1 0 0 1 0 0 1 0 0 1 0 0 1 0 0 1 0 0 1 0 0 1 0 0 1 0 0 1 0 0 1 0 0 1 0 0 1 0 0 1 0 0 1 0 0 1 0 0 1 0 0 1 0 0 1 0 0 1 0 0 1 0 0 1 0 0 1 0 0 1 0 0 1 0 0 1 0 0 1 0 0 1 0 0 1 0 0 1 0 0 1 0 0 1 0 0 1 0 -1 0 0 -1 0 0 1 0 0 1 0 0 0 -1 0 0 -1 0 0 -1 0 0 -1 0 0 -1 0 0 -1 0 0 -1 0 0 -1 0 0 -1 0 0 -1 0 0 -1 0 0 -1 0 0 -1 0 0 -1 0 0 -1 0 0 -1 0 0 -1 0 0 -1 0 0 -1 0 0 -1 0 0 -1 0 0 -1 0 0 -1 0 0 -1 0 0 -1 0 0 -1 0 0 -1 0 0 -1 0 0 -1 0 0 -1 0 0 -1 0 0 -1 0 0 -1 0 0 -1 0 0 -1 0 0 -1 0 0 -1 0 0 -1 0 0 -1 0 0 -1 0 0 -1 0 0 -1 0 0 -1 0 0 -1 0 0 -1 0 0 -1 0 0 -1 0 0 -1 0 0 -1 0 0 -1 0.5414271 0.8407477 0 0.5414271 0.8407477 0 0.7323718 0.680905 0 0.7323718 0.680905 0 0.8779031 0.4788385 0 0.8779031 0.4788385 0 0.9689949 0.2470805 0 0.9689949 0.2470805 0 1 0 0 1 0 0 0.9689949 -0.2470805 0 0.9689949 -0.2470805 0 0.8779031 -0.4788385 0 0.8779031 -0.4788385 0 0.7323718 -0.680905 0 0.7323718 -0.680905 0 0.5414271 -0.8407477 0 0.5414271 -0.8407477 0 -0.5414271 -0.8407477 0 -0.5414271 -0.8407477 0 -0.7323718 -0.680905 0 -0.7323718 -0.680905 0 -0.8779031 -0.4788385 0 -0.8779031 -0.4788385 0 -0.9689949 -0.2470805 0 -0.9689949 -0.2470805 0 -1 0 0 -1 0 0 -0.9689949 0.2470805 0 -0.9689949 0.2470805 0 -0.8779031 0.4788385 0 -0.8779031 0.4788385 0 -0.7323718 0.680905 0 -0.7323718 0.680905 0 -0.5414271 0.8407477 0 -0.5414271 0.8407477 0 0.8698312 0.4933496 0 0.8698312 0.4933496 0 0.7420041 0.6703953 0 0.7420041 0.6703953 0 0.5787953 0.8154729 0 0.5787953 0.8154729 0 0.3879861 0.9216652 0 0.3879861 0.9216652 0 0.1786763 0.9839079 0 0.1786763 0.9839079 0 -0.03915339 0.9992333 0 -0.03915339 0.9992333 0 -0.2551167 0.9669103 0 -0.2551167 0.9669103 0 -0.4589145 0.8884804 0 -0.4589145 0.8884804 0 -0.6408289 0.7676839 0 -0.6408289 0.7676839 0 -0.7921857 0.6102802 0 -0.7921857 0.6102802 0 -0.9057673 0.4237753 0 -0.9057673 0.4237753 0 -0.9761576 0.217063 0 -0.9761576 0.217063 0 -1 0 0 -1 0 0 -0.9761576 -0.217063 0 -0.9761576 -0.217063 0 -0.9057673 -0.4237753 0 -0.9057673 -0.4237753 0 -0.7921857 -0.6102802 0 -0.7921857 -0.6102802 0 -0.6408289 -0.7676839 0 -0.6408289 -0.7676839 0 -0.4589145 -0.8884804 0 -0.4589145 -0.8884804 0 -0.2551167 -0.9669103 0 -0.2551167 -0.9669103 0 -0.03915339 -0.9992333 0 -0.03915339 -0.9992333 0 0.1786763 -0.9839079 0 0.1786763 -0.9839079 0 0.3879861 -0.9216652 0 0.3879861 -0.9216652 0 0.5787953 -0.8154729 0 0.5787953 -0.8154729 0 0.7420041 -0.6703953 0 0.7420041 -0.6703953 0 0.8698312 -0.4933496 0 0.8698312 -0.4933496 0 -0.5963462 0.8027274 0 -0.5963462 0.8027274 0 -0.3375473 0.9413086 0 -0.3375473 0.9413086 0 -0.04965788 0.9987663 0 -0.04965788 0.9987663 0 0.2425112 0.9701486 0 0.2425112 0.9701486 0 0.5137802 0.8579219 0 0.5137802 0.8579219 0 0.7407707 0.671758 0 0.7407707 0.671758 0 0.9039204 0.4277007 0 0.9039204 0.4277007 0 0.9891687 0.1467836 0 0.9891687 0.1467836 0 0.9891687 -0.1467836 0 0.9891687 -0.1467836 0 0.9039204 -0.4277007 0 0.9039204 -0.4277007 0 0.7407707 -0.671758 0 0.7407707 -0.671758 0 0.5137802 -0.8579219 0 0.5137802 -0.8579219 0 0.2425112 -0.9701486 0 0.2425112 -0.9701486 0 -0.04965788 -0.9987663 0 -0.04965788 -0.9987663 0 -0.3375473 -0.9413086 0 -0.3375473 -0.9413086 0 -0.5963462 -0.8027274 0 -0.5963462 -0.8027274 0 0 0 1 0 0 1 0 0 1 0 0 1 0 0 1 0 0 1 0 0 1 0 0 1 0 0 1 0 0 1 0 0 1 0 0 1 0 0 1 0 0 1 0 0 1 0 0 1 0 0 1 0 0 1 0 0 1 0 0 1 0 0 1 0 0 1 0 0 1 0 0 1 0 0 1 0 0 1 0 0 1 0 0 1 0 0 1 0 0 1 0 0 1 0 0 1 0 0 1 0 0 1 0 0 1 0 0 1 0 0 1 0 0 1 0 0 1 0 0 1 0 0 1 0 0 1 0 0 1 0 0 1 0 0 1 0 0 1 0 0 1 0 0 1 0 0 1 0 0 1 -0.118883 0.9929083 0 -0.118883 0.9929083 0 -0.3499301 0.9367758 0 -0.3499301 0.9367758 0 -0.5611932 0.8276849 0 -0.5611932 0.8276849 0 -0.7407308 0.6718021 0 -0.7407308 0.6718021 0 -0.8783925 0.4779399 0 -0.8783925 0.4779399 0 -0.8783925 -0.4779399 0 -0.8783925 -0.4779399 0 -0.7407308 -0.6718021 0 -0.7407308 -0.6718021 0 -0.5611932 -0.8276849 0 -0.5611932 -0.8276849 0 -0.3499301 -0.9367758 0 -0.3499301 -0.9367758 0 -0.118883 -0.9929083 0 -0.118883 -0.9929083 0 0.118883 -0.9929083 0 0.118883 -0.9929083 0 0.3499301 -0.9367758 0 0.3499301 -0.9367758 0 0.5611932 -0.8276849 0 0.5611932 -0.8276849 0 0.7407308 -0.6718021 0 0.7407308 -0.6718021 0 0.8783925 -0.4779399 0 0.8783925 -0.4779399 0 0.8783925 0.4779399 0 0.8783925 0.4779399 0 0.7407308 0.6718021 0 0.7407308 0.6718021 0 0.5611932 0.8276849 0 0.5611932 0.8276849 0 0.3499301 0.9367758 0 0.3499301 0.9367758 0 0.118883 0.9929083 0 0.118883 0.9929083 0 -0.8905759 0.4548348 0 -0.8753976 0.4818772 0.0383867 -0.8274496 0.5615401 0 -0.7716977 0.6359896 0 -0.6835039 0.7228212 0.1017444 -0.730789 0.6826035 0 -0.6165896 0.7872849 0 -0.5403771 0.8405468 0.0383867 -0.5144312 0.8575316 0 -0.4875921 -0.8730716 0 -0.5400673 -0.8400649 0.05116927 -0.5918793 -0.8060266 0 -0.6870694 -0.7265918 0 -0.7298316 -0.6817093 0.05116897 -0.7716977 -0.6359896 0 -0.8444653 -0.5356104 0 -0.8748956 -0.4816009 0.05116885 -0.9042517 -0.427 0 0.8905759 -0.4548348 0 0.8753976 -0.4818772 0.0383867 0.8274496 -0.5615401 0 0.7716977 -0.6359896 0 0.6835039 -0.7228212 0.1017444 0.730789 -0.6826035 0 0.6165896 -0.7872849 0 0.5403771 -0.8405468 0.0383867 0.5144312 -0.8575316 0 0.4875921 0.8730716 0 0.5400673 0.8400649 0.05116927 0.5918793 0.8060266 0 0.8760432 0.4822326 0 0.8995591 0.4247841 0.1017442 0.8444653 0.5356104 0 0.730789 0.6826035 0 0.767693 0.6326891 0.1017445 0.6870694 0.7265918 0 0 -0.7071074 0.7071061 0 -0.7071074 0.7071061 0.08436167 -0.7045868 0.7045855 0.08436155 -0.7045868 0.7045854 0.2483171 -0.6647542 0.7045854 0.2483167 -0.6647545 0.7045851 0.3982335 -0.5873412 0.7045853 0.3982335 -0.5873412 0.7045853 0.5256369 -0.4767236 0.7045853 0.5256369 -0.4767236 0.7045853 0.6233242 -0.3391554 0.7045854 0.6233242 -0.3391553 0.7045854 -0.6233243 -0.3391554 0.7045854 -0.6233243 -0.3391554 0.7045853 -0.5256369 -0.4767236 0.7045853 -0.5256369 -0.4767236 0.7045853 -0.3982335 -0.5873412 0.7045853 -0.3982336 -0.5873412 0.7045853 -0.2483171 -0.6647543 0.7045851 -0.2483167 -0.6647542 0.7045854 -0.08436167 -0.7045868 0.7045854 -0.08436161 -0.7045868 0.7045854 0.6310963 -0.3223134 0.7055718 0.6310963 -0.3223134 0.7055717 0.5852366 -0.3971647 0.7069359 0.5659806 -0.4376984 0.6986317 0.5461983 -0.4501457 0.706425 0.470683 -0.5297416 0.7055717 0.3645458 -0.6076798 0.7055718 0.364546 -0.6076799 0.7055718 0.4361 -0.556829 0.7069358 0.494777 -0.5232381 0.6938427 -0.6400183 -0.3022254 0.7064251 -0.6400183 -0.3022254 0.7064251 -0.5977022 -0.3790985 0.7064251 -0.597702 -0.3790991 0.706425 -0.5461984 -0.4501458 0.7064249 -0.5461985 -0.4501456 0.706425 -0.4862993 -0.5142729 0.706425 -0.4862995 -0.5142727 0.706425 -0.418925 -0.5704959 0.7064251 -0.4189249 -0.5704959 0.7064251 -0.3451117 -0.6179495 0.7064251 -0.3451119 -0.6179493 0.7064252 0.3843396 -0.5968165 0.7043388 0.3843396 -0.5968165 0.7043387 0.5198844 -0.4833499 0.7043389 0.5198844 -0.4833499 0.7043389 0.6231917 -0.3399102 0.7043388 0.6231917 -0.3399103 0.7043388 0.6878547 -0.1753935 0.7043388 0.6878545 -0.1753932 0.7043389 0.7098639 0 0.7043389 0.7098639 0 0.7043389 0.6878545 0.1753935 0.7043389 0.6878547 0.1753933 0.7043387 0.6231918 0.3399102 0.7043388 0.6231917 0.3399102 0.7043388 0.5198844 0.4833499 0.7043389 0.5198844 0.4833499 0.7043388 0.3843396 0.5968165 0.7043388 0.3843396 0.5968165 0.7043389 -0.3843396 0.5968165 0.7043388 -0.3843396 0.5968165 0.7043387 -0.5198844 0.4833499 0.7043389 -0.5198844 0.4833499 0.7043389 -0.6231917 0.3399102 0.7043388 -0.6231917 0.3399103 0.7043388 -0.6878547 0.1753935 0.7043388 -0.6878545 0.1753932 0.7043389 -0.7098639 0 0.7043389 -0.7098639 0 0.7043389 -0.6878545 -0.1753935 0.7043389 -0.6878547 -0.1753933 0.7043387 -0.6231918 -0.3399102 0.7043388 -0.6231917 -0.3399102 0.7043388 -0.5198844 -0.4833499 0.7043389 -0.5198844 -0.4833499 0.7043388 -0.3843396 -0.5968165 0.7043388 -0.3843396 -0.5968165 0.7043389 0.6400183 0.3022254 0.7064251 0.6400183 0.3022254 0.7064251 0.5977022 0.3790985 0.7064251 0.597702 0.3790991 0.706425 0.5461984 0.4501458 0.7064249 0.5461985 0.4501456 0.706425 0.4862993 0.5142729 0.706425 0.4862995 0.5142727 0.706425 0.418925 0.5704959 0.7064251 0.4189249 0.5704959 0.7064251 0.3451117 0.6179495 0.7064251 0.3451119 0.6179493 0.7064252 -0.6310963 0.3223134 0.7055718 -0.6310963 0.3223134 0.7055717 -0.5852366 0.3971647 0.7069359 -0.5659806 0.4376984 0.6986317 -0.5461983 0.4501457 0.706425 -0.470683 0.5297416 0.7055717 -0.3645458 0.6076798 0.7055718 -0.364546 0.6076799 0.7055718 -0.4361 0.556829 0.7069358 -0.494777 0.5232381 0.6938427 0.6233243 0.3391554 0.7045854 0.6233243 0.3391554 0.7045853 0.5256369 0.4767236 0.7045853 0.5256369 0.4767236 0.7045853 0.3982335 0.5873412 0.7045853 0.3982336 0.5873412 0.7045853 0.2483171 0.6647543 0.7045851 0.2483167 0.6647542 0.7045854 0.08436167 0.7045868 0.7045854 0.08436161 0.7045868 0.7045854 -0.08436167 0.7045868 0.7045855 -0.08436155 0.7045868 0.7045854 -0.2483171 0.6647542 0.7045854 -0.2483167 0.6647545 0.7045851 -0.3982335 0.5873412 0.7045853 -0.3982335 0.5873412 0.7045853 -0.5256369 0.4767236 0.7045853 -0.5256369 0.4767236 0.7045853 -0.6233242 0.3391554 0.7045854 -0.6233242 0.3391553 0.7045854 0 0.7071074 0.7071061 0 0.7071074 0.7071061</float_array>
          <technique_common>
            <accessor source="#link_base-mesh-normals-array" count="6897" stride="3">
              <param name="X" type="float"/>
              <param name="Y" type="float"/>
              <param name="Z" type="float"/>
            </accessor>
          </technique_common>
        </source>
        <vertices id="link_base-mesh-vertices">
          <input semantic="POSITION" source="#link_base-mesh-positions"/>
        </vertices>
        <triangles material="base-material" count="3255">
          <input semantic="VERTEX" source="#link_base-mesh-vertices" offset="0"/>
          <input semantic="NORMAL" source="#link_base-mesh-normals" offset="1"/>
          <p>57 232 56 232 195 232 195 233 56 233 55 233 195 234 55 234 196 234 196 235 55 235 50 235 196 236 50 236 197 236 198 237 60 237 199 237 199 238 60 238 57 238 199 239 57 239 200 239 200 240 57 240 195 240 201 241 202 241 89 241 89 242 202 242 203 242 89 243 203 243 97 243 97 244 203 244 204 244 97 245 204 245 98 245 98 246 204 246 205 246 98 247 205 247 99 247 197 248 50 248 52 248 99 249 205 249 96 249 96 250 205 250 206 250 96 251 206 251 94 251 94 252 206 252 207 252 94 253 207 253 54 253 207 254 208 254 54 254 54 255 208 255 209 255 54 256 209 256 52 256 52 257 209 257 210 257 52 258 210 258 197 258 202 259 201 259 211 259 211 260 201 260 212 260 211 261 212 261 213 261 213 262 212 262 214 262 213 263 214 263 215 263 215 264 214 264 216 264 215 265 216 265 217 265 217 266 216 266 218 266 217 267 218 267 219 267 341 381 342 381 343 381 518 642 330 642 329 642 518 643 329 643 530 643 530 644 329 644 328 644 530 645 328 645 529 645 529 646 328 646 320 646 529 647 320 647 322 647 290 648 292 648 531 648 531 651 292 651 532 651 290 654 531 654 298 654 298 655 531 655 534 655 298 656 534 656 299 656 299 657 534 657 535 657 299 658 535 658 300 658 300 659 535 659 297 659 297 660 535 660 536 660 297 661 536 661 294 661 262 685 264 685 544 685 544 688 264 688 545 688 262 691 544 691 270 691 270 692 544 692 547 692 270 693 547 693 271 693 271 694 547 694 548 694 271 695 548 695 272 695 599 786 600 786 601 786 601 787 600 787 602 787 693 1267 701 1267 691 1267 965 1399 687 1399 686 1399 1155 2029 37 2029 60 2029 1155 2030 60 2030 198 2030 201 2033 89 2033 87 2033 201 2034 87 2034 212 2034 87 2036 86 2036 212 2036 212 2037 86 2037 85 2037 212 2038 85 2038 214 2038 216 2041 84 2041 218 2041 1521 2772 1522 2772 1523 2772 1250 2869 1251 2869 1549 2869 1551 2876 1200 2876 1259 2876 1552 2881 1199 2881 1197 2881 1553 2886 1262 2886 1195 2886 196 2910 197 2910 195 2910 217 2936 1559 2936 215 2936 1560 2938 203 2938 202 2938 215 2941 1561 2941 213 2941 213 2942 1561 2942 1560 2942 213 2943 1560 2943 211 2943 211 2944 1560 2944 202 2944 166 2945 176 2945 15 2945 1569 2955 1568 2955 1570 2955 1606 3062 1607 3062 1608 3062 1608 3063 1607 3063 1609 3063 1608 3064 1609 3064 1610 3064 1611 3065 1612 3065 1608 3065 1608 3066 1612 3066 1613 3066 1608 3067 1613 3067 1606 3067 1614 3068 1615 3068 1608 3068 1608 3069 1615 3069 1616 3069 1608 3070 1616 3070 1611 3070 1610 3071 1617 3071 1608 3071 1608 3072 1617 3072 1618 3072 1608 3073 1618 3073 1614 3073 1619 3074 1620 3074 1613 3074 1613 3075 1620 3075 1621 3075 1613 3076 1621 3076 1606 3076 1606 3077 1621 3077 1622 3077 1606 3078 1622 3078 1607 3078 1607 3079 1622 3079 1623 3079 1607 3080 1623 3080 1609 3080 1609 3081 1623 3081 1624 3081 1609 3082 1624 3082 1610 3082 1610 3083 1624 3083 1625 3083 1610 3084 1625 3084 1617 3084 1617 3085 1625 3085 1626 3085 1617 3086 1626 3086 1618 3086 1618 3087 1626 3087 1627 3087 1618 3088 1627 3088 1614 3088 1614 3089 1627 3089 1628 3089 1614 3090 1628 3090 1615 3090 1615 3091 1628 3091 1629 3091 1615 3092 1629 3092 1616 3092 1616 3093 1629 3093 1630 3093 1616 3094 1630 3094 1611 3094 1611 3095 1630 3095 1631 3095 1611 3096 1631 3096 1612 3096 1612 3097 1631 3097 1619 3097 1612 3098 1619 3098 1613 3098 1621 3099 1620 3099 1632 3099 1624 3100 1623 3100 1632 3100 1632 3101 1623 3101 1622 3101 1632 3102 1622 3102 1621 3102 1627 3103 1626 3103 1632 3103 1632 3104 1626 3104 1625 3104 1632 3105 1625 3105 1624 3105 1630 3106 1629 3106 1632 3106 1632 3107 1629 3107 1628 3107 1632 3108 1628 3108 1627 3108 1620 3109 1619 3109 1632 3109 1632 3110 1619 3110 1631 3110 1632 3111 1631 3111 1630 3111 1633 3112 1634 3112 1635 3112 1635 3113 1634 3113 1636 3113 1635 3114 1636 3114 1637 3114 1638 3115 1639 3115 1635 3115 1635 3116 1639 3116 1640 3116 1635 3117 1640 3117 1633 3117 1641 3118 1642 3118 1635 3118 1635 3119 1642 3119 1643 3119 1635 3120 1643 3120 1638 3120 1637 3121 1644 3121 1635 3121 1635 3122 1644 3122 1645 3122 1635 3123 1645 3123 1641 3123 1646 3124 1647 3124 1640 3124 1640 3125 1647 3125 1648 3125 1640 3126 1648 3126 1633 3126 1633 3127 1648 3127 1649 3127 1633 3128 1649 3128 1634 3128 1634 3129 1649 3129 1650 3129 1634 3130 1650 3130 1636 3130 1636 3131 1650 3131 1651 3131 1636 3132 1651 3132 1637 3132 1637 3133 1651 3133 1652 3133 1637 3134 1652 3134 1644 3134 1644 3135 1652 3135 1653 3135 1644 3136 1653 3136 1645 3136 1645 3137 1653 3137 1654 3137 1645 3138 1654 3138 1641 3138 1641 3139 1654 3139 1655 3139 1641 3140 1655 3140 1642 3140 1642 3141 1655 3141 1656 3141 1642 3142 1656 3142 1643 3142 1643 3143 1656 3143 1657 3143 1643 3144 1657 3144 1638 3144 1638 3145 1657 3145 1658 3145 1638 3146 1658 3146 1639 3146 1639 3147 1658 3147 1646 3147 1639 3148 1646 3148 1640 3148 1648 3149 1647 3149 1659 3149 1651 3150 1650 3150 1659 3150 1659 3151 1650 3151 1649 3151 1659 3152 1649 3152 1648 3152 1654 3153 1653 3153 1659 3153 1659 3154 1653 3154 1652 3154 1659 3155 1652 3155 1651 3155 1657 3156 1656 3156 1659 3156 1659 3157 1656 3157 1655 3157 1659 3158 1655 3158 1654 3158 1647 3159 1646 3159 1659 3159 1659 3160 1646 3160 1658 3160 1659 3161 1658 3161 1657 3161 1660 3162 1661 3162 1662 3162 1662 3163 1661 3163 1663 3163 1664 3164 1665 3164 1666 3164 1661 3165 1667 3165 1663 3165 1663 3166 1667 3166 1668 3166 1663 3167 1668 3167 1669 3167 1670 3168 1671 3168 1672 3168 1672 3169 1671 3169 1673 3169 1674 3170 1675 3170 1676 3170 1676 3171 1675 3171 1677 3171 1670 3172 1663 3172 1671 3172 1671 3173 1663 3173 1669 3173 1671 3174 1669 3174 1666 3174 1666 3175 1669 3175 1678 3175 1666 3176 1678 3176 1664 3176 1662 3177 1679 3177 1660 3177 1660 3178 1679 3178 1680 3178 1660 3179 1680 3179 1674 3179 1674 3180 1680 3180 1681 3180 1674 3181 1681 3181 1675 3181 1665 3182 1682 3182 1666 3182 1666 3183 1682 3183 1683 3183 1666 3184 1683 3184 1684 3184 1683 3185 1685 3185 1684 3185 1684 3186 1685 3186 1686 3186 1684 3187 1686 3187 1687 3187 1688 3188 1689 3188 1690 3188 1677 3189 1691 3189 1676 3189 1676 3190 1691 3190 1692 3190 1676 3191 1692 3191 1693 3191 1693 3192 1692 3192 1694 3192 1690 3193 1695 3193 1688 3193 1688 3194 1695 3194 1696 3194 1688 3195 1696 3195 1671 3195 1671 3196 1696 3196 1697 3196 1671 3197 1697 3197 1673 3197 1687 3198 1694 3198 1684 3198 1684 3199 1694 3199 1692 3199 1684 3200 1692 3200 1688 3200 1688 3201 1692 3201 1698 3201 1688 3202 1698 3202 1689 3202 1720 3219 1721 3219 1716 3219 1716 3220 1721 3220 1722 3220 1716 3221 1722 3221 1723 3221 1723 3222 1722 3222 1724 3222 1723 3223 1724 3223 1725 3223 1725 3224 1724 3224 1726 3224 1735 3237 1736 3237 1737 3237 1737 3238 1736 3238 1738 3238 1737 3239 1738 3239 1707 3239 1707 3240 1738 3240 1739 3240 1707 3241 1739 3241 1740 3241 1773 3274 1774 3274 1775 3274 1666 3305 1773 3305 1671 3305 1671 3306 1773 3306 1737 3306 1688 3308 1716 3308 1723 3308 1688 3309 1723 3309 1684 3309 1684 3310 1723 3310 1786 3310 1688 3428 1671 3428 1716 3428 1716 3429 1671 3429 1707 3429 1666 3430 1684 3430 1760 3430 1874 3432 1713 3432 1875 3432 1875 3433 1713 3433 1734 3433 1875 3434 1734 3434 1876 3434 1876 3435 1734 3435 1733 3435 1884 3450 1708 3450 1885 3450 1885 3451 1708 3451 1709 3451 1885 3452 1709 3452 1886 3452 1886 3453 1709 3453 1711 3453 1886 3454 1711 3454 1874 3454 1874 3455 1711 3455 1713 3455 1943 3578 1941 3578 1722 3578 1722 3579 1941 3579 1724 3579 1994 3581 1737 3581 1995 3581 1995 3582 1737 3582 1773 3582 1994 3583 1995 3583 1996 3583 1996 3584 1995 3584 1997 3584 1724 3617 1941 3617 1726 3617 1726 3618 1941 3618 1922 3618 1726 3619 1922 3619 1725 3619 1725 3620 1922 3620 1921 3620 1725 3621 1921 3621 1723 3621 1723 3622 1921 3622 1975 3622 1721 3767 1979 3767 1943 3767 1721 3768 1943 3768 1722 3768 2041 3848 2042 3848 2043 3848 2044 3849 2045 3849 2046 3849 2043 3850 2047 3850 2048 3850 2049 3851 2050 3851 2044 3851 2051 3852 2049 3852 2052 3852 2052 3853 2049 3853 2044 3853 2052 3854 2044 3854 2053 3854 2053 3855 2044 3855 2046 3855 2051 3856 2052 3856 2054 3856 2054 3857 2052 3857 2055 3857 2054 3858 2055 3858 2048 3858 2048 3859 2055 3859 2056 3859 2048 3860 2056 3860 2043 3860 2043 3861 2056 3861 2057 3861 2043 3862 2057 3862 2041 3862 2058 3863 2059 3863 2060 3863 2058 3864 2060 3864 2061 3864 2062 3865 2063 3865 2064 3865 2065 3866 2066 3866 2062 3866 2062 3867 2066 3867 2067 3867 2062 3868 2067 3868 2063 3868 2068 3869 2062 3869 2069 3869 2069 3870 2062 3870 2064 3870 2069 3871 2064 3871 2070 3871 2070 3872 2064 3872 2071 3872 2070 3873 2071 3873 2072 3873 2072 3874 2071 3874 2073 3874 2074 3875 2073 3875 2075 3875 2075 3876 2073 3876 2071 3876 2075 3877 2071 3877 2060 3877 2060 3878 2071 3878 2076 3878 2060 3879 2076 3879 2061 3879 2077 3880 2078 3880 2054 3880 2054 3881 2078 3881 2051 3881 2079 3882 2060 3882 2080 3882 2080 3883 2060 3883 2059 3883 1937 3884 1953 3884 2081 3884 2081 3885 1953 3885 2082 3885 2083 3886 1937 3886 2084 3886 2084 3887 1937 3887 2081 3887 2084 3888 2081 3888 2059 3888 2059 3889 2081 3889 2045 3889 2059 3890 2045 3890 2080 3890 2080 3891 2045 3891 2044 3891 2070 3892 2072 3892 2085 3892 2085 3893 2072 3893 2086 3893 2087 3894 2088 3894 1918 3894 2065 3895 2062 3895 2089 3895 1920 3896 2090 3896 2091 3896 2092 3897 2043 3897 2042 3897 1918 3898 1920 3898 2087 3898 2087 3899 1920 3899 2091 3899 2087 3900 2091 3900 2042 3900 2042 3901 2091 3901 2065 3901 2042 3902 2065 3902 2092 3902 2092 3903 2065 3903 2089 3903 2055 3904 2052 3904 2093 3904 2093 3905 2052 3905 2094 3905 2095 3906 2096 3906 2064 3906 2064 3907 2096 3907 2071 3907 1958 3908 1957 3908 2097 3908 2097 3909 1957 3909 2098 3909 2083 3910 2084 3910 2099 3910 2091 3911 2090 3911 2100 3911 2100 3912 2090 3912 2101 3912 2099 3913 2102 3913 2083 3913 2083 3914 2102 3914 2103 3914 2083 3915 2103 3915 2096 3915 2104 3916 2105 3916 2106 3916 2106 3917 2105 3917 2095 3917 2106 3918 2095 3918 2090 3918 2090 3919 2095 3919 2107 3919 2090 3920 2107 3920 2101 3920 2108 3921 2083 3921 2109 3921 2109 3922 2083 3922 2096 3922 2109 3923 2096 3923 2098 3923 2098 3924 2096 3924 2095 3924 2098 3925 2095 3925 2097 3925 2097 3926 2095 3926 2105 3926 2110 3927 2081 3927 2082 3927 2082 3928 2111 3928 2112 3928 2088 3929 2087 3929 2113 3929 2113 3930 2114 3930 2088 3930 2088 3931 2114 3931 2115 3931 2088 3932 2115 3932 2093 3932 2110 3933 2082 3933 2116 3933 2116 3934 2082 3934 2112 3934 2116 3935 2112 3935 2094 3935 2117 3936 2088 3936 2118 3936 2118 3937 2088 3937 2093 3937 2118 3938 2093 3938 2119 3938 2119 3939 2093 3939 2094 3939 2119 3940 2094 3940 2120 3940 2120 3941 2094 3941 2112 3941 2119 3942 2120 3942 1898 3942 1898 3943 2120 3943 1899 3943 2095 3944 2064 3944 2063 3944 2095 3945 2063 3945 2107 3945 2107 3946 2063 3946 2067 3946 2107 3947 2067 3947 2101 3947 2101 3948 2067 3948 2066 3948 2101 3949 2066 3949 2100 3949 2100 3950 2066 3950 2065 3950 2100 3951 2065 3951 2091 3951 2087 3952 2042 3952 2041 3952 2087 3953 2041 3953 2113 3953 2113 3954 2041 3954 2057 3954 2113 3955 2057 3955 2114 3955 2114 3956 2057 3956 2056 3956 2114 3957 2056 3957 2115 3957 2115 3958 2056 3958 2055 3958 2115 3959 2055 3959 2093 3959 2094 3960 2052 3960 2053 3960 2094 3961 2053 3961 2116 3961 2116 3962 2053 3962 2046 3962 2116 3963 2046 3963 2110 3963 2110 3964 2046 3964 2045 3964 2110 3965 2045 3965 2081 3965 2084 3966 2059 3966 2058 3966 2084 3967 2058 3967 2099 3967 2099 3968 2058 3968 2061 3968 2099 3969 2061 3969 2102 3969 2102 3970 2061 3970 2076 3970 2102 3971 2076 3971 2103 3971 2103 3972 2076 3972 2071 3972 2103 3973 2071 3973 2096 3973 1958 3974 2097 3974 2105 3974 1958 3975 2105 3975 1978 3975 1978 3976 2105 3976 2104 3976 1978 3977 2104 3977 1977 3977 1977 3978 2104 3978 2106 3978 1977 3979 2106 3979 1976 3979 1976 3980 2106 3980 2090 3980 1976 3981 2090 3981 1920 3981 1918 3982 2088 3982 2117 3982 1918 3983 2117 3983 1893 3983 1893 3984 2117 3984 2118 3984 1893 3985 2118 3985 1895 3985 1895 3986 2118 3986 2119 3986 1895 3987 2119 3987 1898 3987 1937 3988 2083 3988 2108 3988 1937 3989 2108 3989 1938 3989 1938 3990 2108 3990 2109 3990 1938 3991 2109 3991 1956 3991 1956 3992 2109 3992 2098 3992 1956 3993 2098 3993 1957 3993 1899 3994 2120 3994 2112 3994 1899 3995 2112 3995 1900 3995 1900 3996 2112 3996 2111 3996 1900 3997 2111 3997 1952 3997 1952 3998 2111 3998 2082 3998 1952 3999 2082 3999 1953 3999 2043 4000 2092 4000 2121 4000 2043 4001 2121 4001 2047 4001 2047 4002 2121 4002 2122 4002 2047 4003 2122 4003 2048 4003 2048 4004 2122 4004 2077 4004 2048 4005 2077 4005 2054 4005 2051 4006 2078 4006 2123 4006 2051 4007 2123 4007 2049 4007 2049 4008 2123 4008 2124 4008 2049 4009 2124 4009 2050 4009 2050 4010 2124 4010 2080 4010 2050 4011 2080 4011 2044 4011 2070 4012 2085 4012 2125 4012 2070 4013 2125 4013 2069 4013 2069 4014 2125 4014 2126 4014 2069 4015 2126 4015 2068 4015 2068 4016 2126 4016 2089 4016 2068 4017 2089 4017 2062 4017 2060 4018 2079 4018 2127 4018 2060 4019 2127 4019 2075 4019 2075 4020 2127 4020 2128 4020 2075 4021 2128 4021 2074 4021 2074 4022 2128 4022 2129 4022 2074 4023 2129 4023 2073 4023 2073 4024 2129 4024 2086 4024 2073 4025 2086 4025 2072 4025 2130 4026 2131 4026 2132 4026 2132 4027 2131 4027 2133 4027 2132 4028 2133 4028 2134 4028 2135 4029 2136 4029 2132 4029 2132 4030 2136 4030 2137 4030 2132 4031 2137 4031 2130 4031 2138 4032 2139 4032 2132 4032 2132 4033 2139 4033 2140 4033 2132 4034 2140 4034 2135 4034 2134 4035 2141 4035 2132 4035 2132 4036 2141 4036 2142 4036 2132 4037 2142 4037 2138 4037 2143 4038 2144 4038 2145 4038 2143 4039 2145 4039 2146 4039 2146 4040 2145 4040 2147 4040 2146 4041 2147 4041 2148 4041 2144 4042 2143 4042 2149 4042 2149 4043 2143 4043 2150 4043 2133 4044 2151 4044 2134 4044 2134 4045 2151 4045 2152 4045 2134 4046 2152 4046 2141 4046 2141 4047 2152 4047 2153 4047 2141 4048 2153 4048 2142 4048 2142 4049 2153 4049 2154 4049 2142 4050 2154 4050 2138 4050 2138 4051 2154 4051 2155 4051 2138 4052 2155 4052 2139 4052 2139 4053 2155 4053 2156 4053 2139 4054 2156 4054 2140 4054 2140 4055 2156 4055 2157 4055 2140 4056 2157 4056 2135 4056 2135 4057 2157 4057 2158 4057 2135 4058 2158 4058 2136 4058 2136 4059 2158 4059 2159 4059 2136 4060 2159 4060 2137 4060 2137 4061 2159 4061 2160 4061 2137 4062 2160 4062 2130 4062 2130 4063 2160 4063 2161 4063 2130 4064 2161 4064 2131 4064 2131 4065 2161 4065 2162 4065 2131 4066 2162 4066 2133 4066 2133 4067 2162 4067 2151 4067 2163 4068 2164 4068 2165 4068 2163 4069 2165 4069 2166 4069 2166 4070 2165 4070 2149 4070 2166 4071 2149 4071 2150 4071 2167 4072 2168 4072 2169 4072 2170 4073 2171 4073 2172 4073 2172 4074 2171 4074 2167 4074 2167 4075 2169 4075 2172 4075 2172 4076 2169 4076 2173 4076 2172 4077 2173 4077 2174 4077 2174 4078 2173 4078 2175 4078 2174 4079 2175 4079 2176 4079 2176 4080 2175 4080 2177 4080 2176 4081 2177 4081 2178 4081 2179 4082 2180 4082 2181 4082 2181 4083 2180 4083 2170 4083 2170 4084 2172 4084 2181 4084 2181 4085 2172 4085 2174 4085 2181 4086 2174 4086 2182 4086 2182 4087 2174 4087 2176 4087 2182 4088 2176 4088 2183 4088 2183 4089 2176 4089 2178 4089 2183 4090 2178 4090 2184 4090 2185 4091 2186 4091 2179 4091 2179 4092 2181 4092 2185 4092 2185 4093 2181 4093 2182 4093 2185 4094 2182 4094 2187 4094 2187 4095 2182 4095 2183 4095 2187 4096 2183 4096 2188 4096 2188 4097 2183 4097 2184 4097 2188 4098 2184 4098 2164 4098 2177 4099 2189 4099 2178 4099 2178 4100 2189 4100 2190 4100 2178 4101 2190 4101 2184 4101 2184 4102 2190 4102 2191 4102 2184 4103 2191 4103 2164 4103 2164 4104 2191 4104 2165 4104 2189 4105 2192 4105 2190 4105 2190 4106 2192 4106 2193 4106 2190 4107 2193 4107 2191 4107 2191 4108 2193 4108 2194 4108 2191 4109 2194 4109 2165 4109 2165 4110 2194 4110 2149 4110 2144 4111 2149 4111 2194 4111 2144 4112 2194 4112 2195 4112 2195 4113 2194 4113 2193 4113 2195 4114 2193 4114 2196 4114 2196 4115 2193 4115 2192 4115 2196 4116 2192 4116 2197 4116 2198 4117 2199 4117 2200 4117 2200 4118 2201 4118 2198 4118 2198 4119 2201 4119 2202 4119 2198 4120 2202 4120 2203 4120 2197 4121 2199 4121 2196 4121 2196 4122 2199 4122 2198 4122 2196 4123 2198 4123 2195 4123 2195 4124 2198 4124 2203 4124 2195 4125 2203 4125 2144 4125 2144 4126 2203 4126 2145 4126 2147 4127 2145 4127 2204 4127 2204 4128 2145 4128 2203 4128 2204 4129 2203 4129 2205 4129 2205 4130 2203 4130 2202 4130 2206 4131 2207 4131 2208 4131 2209 4132 2201 4132 2210 4132 2210 4133 2201 4133 2200 4133 2210 4134 2200 4134 2211 4134 2208 4135 2212 4135 2206 4135 2206 4136 2212 4136 2213 4136 2206 4137 2213 4137 2214 4137 2147 4138 2204 4138 2215 4138 2215 4139 2204 4139 2205 4139 2215 4140 2205 4140 2209 4140 2209 4141 2205 4141 2202 4141 2209 4142 2202 4142 2201 4142 2216 4143 2217 4143 2218 4143 2218 4144 2217 4144 2214 4144 2218 4145 2214 4145 2219 4145 2219 4146 2214 4146 2213 4146 2220 4147 2221 4147 2215 4147 2215 4148 2221 4148 2222 4148 2215 4149 2222 4149 2147 4149 2211 4150 2207 4150 2210 4150 2210 4151 2207 4151 2206 4151 2210 4152 2206 4152 2209 4152 2209 4153 2206 4153 2214 4153 2209 4154 2214 4154 2215 4154 2215 4155 2214 4155 2217 4155 2215 4156 2217 4156 2220 4156 2220 4157 2217 4157 2216 4157 2220 4158 2216 4158 2223 4158 2208 4159 2224 4159 2212 4159 2212 4160 2224 4160 2225 4160 2212 4161 2225 4161 2213 4161 2213 4162 2225 4162 2219 4162 2219 4163 2225 4163 2226 4163 2219 4164 2226 4164 2218 4164 2218 4165 2226 4165 2227 4165 2218 4166 2227 4166 2216 4166 2216 4167 2227 4167 2228 4167 2216 4168 2228 4168 2223 4168 2223 4169 2229 4169 2230 4169 2223 4170 2230 4170 2220 4170 2230 4171 2231 4171 2220 4171 2220 4172 2231 4172 2232 4172 2220 4173 2232 4173 2221 4173 2221 4174 2232 4174 2233 4174 2221 4175 2233 4175 2222 4175 2222 4176 2233 4176 2148 4176 2222 4177 2148 4177 2147 4177 2163 4178 2153 4178 2152 4178 2234 4179 2160 4179 2159 4179 2235 4180 2236 4180 2151 4180 2237 4181 2238 4181 2159 4181 2159 4182 2238 4182 2239 4182 2159 4183 2239 4183 2234 4183 2152 4184 2151 4184 2163 4184 2163 4185 2151 4185 2236 4185 2163 4186 2236 4186 2240 4186 2240 4187 2236 4187 2241 4187 2234 4188 2242 4188 2160 4188 2160 4189 2242 4189 2243 4189 2160 4190 2243 4190 2161 4190 2161 4191 2243 4191 2244 4191 2161 4192 2244 4192 2245 4192 2143 4193 2146 4193 2246 4193 2146 4194 2148 4194 2246 4194 2246 4195 2148 4195 2233 4195 2246 4196 2233 4196 2232 4196 2235 4197 2151 4197 2247 4197 2247 4198 2151 4198 2162 4198 2247 4199 2162 4199 2248 4199 2249 4200 2250 4200 2158 4200 2158 4201 2250 4201 2251 4201 2158 4202 2251 4202 2159 4202 2159 4203 2251 4203 2252 4203 2159 4204 2252 4204 2237 4204 2249 4205 2158 4205 2253 4205 2253 4206 2158 4206 2157 4206 2253 4207 2157 4207 2246 4207 2246 4208 2157 4208 2156 4208 2246 4209 2156 4209 2155 4209 2153 4210 2163 4210 2154 4210 2154 4211 2163 4211 2166 4211 2154 4212 2166 4212 2155 4212 2155 4213 2166 4213 2246 4213 2246 4214 2166 4214 2150 4214 2246 4215 2150 4215 2143 4215 2245 4216 2254 4216 2161 4216 2161 4217 2254 4217 2255 4217 2161 4218 2255 4218 2162 4218 2162 4219 2255 4219 2256 4219 2162 4220 2256 4220 2248 4220 2257 4221 2258 4221 2186 4221 2164 4222 2163 4222 2188 4222 2188 4223 2163 4223 2240 4223 2188 4224 2240 4224 2187 4224 2187 4225 2240 4225 2241 4225 2187 4226 2241 4226 2185 4226 2185 4227 2241 4227 2259 4227 2185 4228 2259 4228 2186 4228 2186 4229 2259 4229 2260 4229 2186 4230 2260 4230 2257 4230 2261 4231 2262 4231 2168 4231 2168 4232 2167 4232 2261 4232 2261 4233 2167 4233 2171 4233 2261 4234 2171 4234 2263 4234 2171 4235 2170 4235 2263 4235 2263 4236 2170 4236 2180 4236 2263 4237 2180 4237 2264 4237 2264 4238 2180 4238 2179 4238 2264 4239 2179 4239 2265 4239 2265 4240 2179 4240 2186 4240 2266 4241 2267 4241 1683 4241 1682 4242 2268 4242 2269 4242 1683 4243 1682 4243 2266 4243 2266 4244 1682 4244 2269 4244 2266 4245 2269 4245 2270 4245 2270 4246 2269 4246 2271 4246 2270 4247 2271 4247 2272 4247 2192 4248 2273 4248 2274 4248 2262 4249 2275 4249 2276 4249 2273 4250 2175 4250 2173 4250 2276 4251 2272 4251 2262 4251 2262 4252 2272 4252 2271 4252 2262 4253 2271 4253 2168 4253 2168 4254 2271 4254 2273 4254 2168 4255 2273 4255 2169 4255 2169 4256 2273 4256 2173 4256 2192 4257 2189 4257 2273 4257 2273 4258 2189 4258 2177 4258 2273 4259 2177 4259 2175 4259 2274 4260 2277 4260 2192 4260 2192 4261 2277 4261 2224 4261 2192 4262 2224 4262 2197 4262 2197 4263 2224 4263 2208 4263 2197 4264 2208 4264 2207 4264 2207 4265 2211 4265 2197 4265 2197 4266 2211 4266 2200 4266 2197 4267 2200 4267 2199 4267 2271 4268 2269 4268 2278 4268 2278 4269 2269 4269 2279 4269 2280 4270 2281 4270 2282 4270 2282 4271 2281 4271 2283 4271 2282 4272 2283 4272 2279 4272 2279 4273 2283 4273 2284 4273 2279 4274 2284 4274 2278 4274 2280 4275 2282 4275 2285 4275 2285 4276 2282 4276 2286 4276 2285 4277 2286 4277 2287 4277 2287 4278 2288 4278 2289 4278 2283 4279 2281 4279 2290 4279 2290 4280 2281 4280 2280 4280 2290 4281 2280 4281 2289 4281 2289 4282 2280 4282 2285 4282 2289 4283 2285 4283 2287 4283 2291 4284 2278 4284 2292 4284 2292 4285 2278 4285 2284 4285 2292 4286 2274 4286 2291 4286 2291 4287 2274 4287 2273 4287 2291 4288 2273 4288 2278 4288 2278 4289 2273 4289 2271 4289 2293 4290 2294 4290 2292 4290 2292 4291 2294 4291 2295 4291 2292 4292 2295 4292 2274 4292 2288 4293 2296 4293 2289 4293 2289 4294 2296 4294 2293 4294 2289 4295 2293 4295 2290 4295 2290 4296 2293 4296 2292 4296 2290 4297 2292 4297 2283 4297 2283 4298 2292 4298 2284 4298 2293 4299 2296 4299 2297 4299 2277 4300 2274 4300 2295 4300 2277 4301 2295 4301 2298 4301 2298 4302 2295 4302 2294 4302 2298 4303 2294 4303 2299 4303 2293 4304 2297 4304 2294 4304 2294 4305 2297 4305 2300 4305 2294 4306 2300 4306 2299 4306 2300 4307 2297 4307 2228 4307 2228 4308 2227 4308 2300 4308 2300 4309 2227 4309 2226 4309 2300 4310 2226 4310 2299 4310 2299 4311 2226 4311 2225 4311 2299 4312 2225 4312 2298 4312 2298 4313 2225 4313 2224 4313 2298 4314 2224 4314 2277 4314 2223 4315 2228 4315 2229 4315 2229 4316 2228 4316 2301 4316 2229 4317 2302 4317 2230 4317 2230 4318 2302 4318 2303 4318 2230 4319 2303 4319 2231 4319 2231 4320 2303 4320 2246 4320 2231 4321 2246 4321 2232 4321 2301 4322 2304 4322 2229 4322 2229 4323 2304 4323 2305 4323 2229 4324 2305 4324 2302 4324 2302 4325 2305 4325 2306 4325 2305 4326 2304 4326 2307 4326 2305 4327 2307 4327 2306 4327 2306 4328 2307 4328 2308 4328 2306 4329 2308 4329 2309 4329 2309 4330 2308 4330 2310 4330 2309 4331 2310 4331 2311 4331 2311 4332 2310 4332 2312 4332 2311 4333 2312 4333 2313 4333 2313 4334 2312 4334 2314 4334 2313 4335 2314 4335 2315 4335 2315 4336 2314 4336 2316 4336 2315 4337 2316 4337 2317 4337 2317 4338 2316 4338 2318 4338 2317 4339 2318 4339 2319 4339 2319 4340 2318 4340 2320 4340 2319 4341 2320 4341 2321 4341 2321 4342 2320 4342 2322 4342 2321 4343 2322 4343 2323 4343 2323 4344 2322 4344 2324 4344 2323 4345 2324 4345 2325 4345 2325 4346 2324 4346 2326 4346 2325 4347 2326 4347 2327 4347 2327 4348 2326 4348 2328 4348 2327 4349 2328 4349 2329 4349 2329 4350 2328 4350 2330 4350 2329 4351 2330 4351 2331 4351 2331 4352 2330 4352 2332 4352 2331 4353 2332 4353 2333 4353 2333 4354 2332 4354 2334 4354 2333 4355 2334 4355 2335 4355 2335 4356 2334 4356 2336 4356 2335 4357 2336 4357 2337 4357 2337 4358 2336 4358 2338 4358 2337 4359 2338 4359 2339 4359 2339 4360 2338 4360 2340 4360 2339 4361 2340 4361 2341 4361 2341 4362 2340 4362 2342 4362 2341 4363 2342 4363 2343 4363 2342 4364 2344 4364 2345 4364 2246 4365 2303 4365 2346 4365 2346 4366 2303 4366 2302 4366 2342 4367 2345 4367 2343 4367 2343 4368 2345 4368 2347 4368 2343 4369 2347 4369 2348 4369 2302 4370 2306 4370 2346 4370 2346 4371 2306 4371 2309 4371 2346 4372 2309 4372 2349 4372 2349 4373 2309 4373 2311 4373 2349 4374 2311 4374 2350 4374 2350 4375 2311 4375 2313 4375 2350 4376 2313 4376 2351 4376 2351 4377 2313 4377 2315 4377 2351 4378 2315 4378 2352 4378 2352 4379 2315 4379 2317 4379 2352 4380 2317 4380 2353 4380 2353 4381 2317 4381 2319 4381 2353 4382 2319 4382 2354 4382 2354 4383 2319 4383 2321 4383 2354 4384 2321 4384 2355 4384 2355 4385 2321 4385 2323 4385 2355 4386 2323 4386 2356 4386 2356 4387 2323 4387 2325 4387 2356 4388 2325 4388 2357 4388 2357 4389 2325 4389 2327 4389 2357 4390 2327 4390 2358 4390 2358 4391 2327 4391 2329 4391 2358 4392 2329 4392 2359 4392 2359 4393 2329 4393 2331 4393 2359 4394 2331 4394 2360 4394 2360 4395 2331 4395 2333 4395 2360 4396 2333 4396 2361 4396 2361 4397 2333 4397 2335 4397 2361 4398 2335 4398 2362 4398 2362 4399 2335 4399 2337 4399 2362 4400 2337 4400 2363 4400 2363 4401 2337 4401 2339 4401 2363 4402 2339 4402 2364 4402 2364 4403 2339 4403 2341 4403 2364 4404 2341 4404 2365 4404 2365 4405 2341 4405 2343 4405 2365 4406 2343 4406 2366 4406 2366 4407 2343 4407 2348 4407 2366 4408 2348 4408 2367 4408 2246 4409 2346 4409 2253 4409 2253 4410 2346 4410 2349 4410 2253 4411 2349 4411 2249 4411 2249 4412 2349 4412 2350 4412 2249 4413 2350 4413 2250 4413 2250 4414 2350 4414 2351 4414 2250 4415 2351 4415 2251 4415 2251 4416 2351 4416 2352 4416 2251 4417 2352 4417 2252 4417 2252 4418 2352 4418 2353 4418 2252 4419 2353 4419 2237 4419 2237 4420 2353 4420 2354 4420 2237 4421 2354 4421 2238 4421 2238 4422 2354 4422 2355 4422 2238 4423 2355 4423 2239 4423 2239 4424 2355 4424 2356 4424 2239 4425 2356 4425 2234 4425 2234 4426 2356 4426 2357 4426 2234 4427 2357 4427 2368 4427 2368 4428 2357 4428 2358 4428 2368 4429 2358 4429 2243 4429 2243 4430 2358 4430 2359 4430 2243 4431 2359 4431 2244 4431 2244 4432 2359 4432 2360 4432 2244 4433 2360 4433 2245 4433 2245 4434 2360 4434 2361 4434 2245 4435 2361 4435 2254 4435 2254 4436 2361 4436 2362 4436 2254 4437 2362 4437 2255 4437 2255 4438 2362 4438 2363 4438 2255 4439 2363 4439 2256 4439 2256 4440 2363 4440 2364 4440 2256 4441 2364 4441 2248 4441 2248 4442 2364 4442 2365 4442 2248 4443 2365 4443 2247 4443 2247 4444 2365 4444 2366 4444 2247 4445 2366 4445 2235 4445 2235 4446 2366 4446 2367 4446 2235 4447 2367 4447 2236 4447 2345 4448 2344 4448 2258 4448 2258 4449 2344 4449 2369 4449 2241 4450 2236 4450 2259 4450 2259 4451 2236 4451 2367 4451 2259 4452 2367 4452 2348 4452 2345 4453 2258 4453 2347 4453 2347 4454 2258 4454 2257 4454 2347 4455 2257 4455 2348 4455 2348 4456 2257 4456 2260 4456 2348 4457 2260 4457 2259 4457 2265 4458 2186 4458 2369 4458 2369 4459 2186 4459 2258 4459 2261 4460 2370 4460 2262 4460 2262 4461 2370 4461 2275 4461 2371 4462 2372 4462 2263 4462 2263 4463 2372 4463 2373 4463 2263 4464 2373 4464 2261 4464 2261 4465 2373 4465 2374 4465 2261 4466 2374 4466 2370 4466 2263 4467 2264 4467 2371 4467 2371 4468 2264 4468 2265 4468 2371 4469 2265 4469 2375 4469 2376 4470 2276 4470 2275 4470 2377 4471 2371 4471 2378 4471 2378 4472 2371 4472 2375 4472 2378 4473 2375 4473 2379 4473 2374 4474 2373 4474 2377 4474 2377 4475 2373 4475 2372 4475 2377 4476 2372 4476 2371 4476 2376 4477 2275 4477 2377 4477 2377 4478 2275 4478 2370 4478 2377 4479 2370 4479 2374 4479 2270 4480 2272 4480 2380 4480 2381 4481 2382 4481 2383 4481 2383 4482 2382 4482 2384 4482 2383 4483 2384 4483 2380 4483 2380 4484 2384 4484 2385 4484 2380 4485 2385 4485 2270 4485 2386 4486 2387 4486 2388 4486 2386 4487 2379 4487 2387 4487 2387 4488 2379 4488 2389 4488 2387 4489 2389 4489 2388 4489 2388 4490 2389 4490 2390 4490 2376 4491 2377 4491 2386 4491 2386 4492 2377 4492 2378 4492 2386 4493 2378 4493 2379 4493 2272 4494 2276 4494 2380 4494 2380 4495 2276 4495 2376 4495 2380 4496 2376 4496 2383 4496 2383 4497 2376 4497 2386 4497 2383 4498 2386 4498 2381 4498 2381 4499 2386 4499 2388 4499 2388 4500 2390 4500 2391 4500 2391 4501 2390 4501 2392 4501 2388 4502 2391 4502 2381 4502 2381 4503 2391 4503 2393 4503 2381 4504 2393 4504 2382 4504 2382 4505 2393 4505 2384 4505 2384 4506 2393 4506 2394 4506 2384 4507 2394 4507 2385 4507 2385 4508 2394 4508 2266 4508 2385 4509 2266 4509 2270 4509 2395 4510 2396 4510 2397 4510 2398 4511 2399 4511 2400 4511 2401 4512 2402 4512 2403 4512 2398 4513 2400 4513 2404 4513 2405 4514 2406 4514 2407 4514 2407 4515 2406 4515 2401 4515 2407 4516 2401 4516 2408 4516 2408 4517 2401 4517 2403 4517 2409 4518 2410 4518 2400 4518 2400 4519 2410 4519 2411 4519 2404 4520 2400 4520 2397 4520 2397 4521 2400 4521 2412 4521 2397 4522 2412 4522 2395 4522 2411 4523 2413 4523 2400 4523 2400 4524 2413 4524 2414 4524 2400 4525 2414 4525 2407 4525 2407 4526 2414 4526 2415 4526 2407 4527 2415 4527 2405 4527 2416 4528 2417 4528 2400 4528 2400 4529 2417 4529 2418 4529 2400 4530 2418 4530 2409 4530 2399 4531 2419 4531 2400 4531 2400 4532 2419 4532 2420 4532 2400 4533 2420 4533 2421 4533 2421 4534 2422 4534 2400 4534 2400 4535 2422 4535 2423 4535 2400 4536 2423 4536 2416 4536 2424 4537 2344 4537 2425 4537 2425 4538 2344 4538 2342 4538 2425 4539 2342 4539 2426 4539 2426 4540 2342 4540 2340 4540 2426 4541 2340 4541 2427 4541 2427 4542 2340 4542 2338 4542 2427 4543 2338 4543 2428 4543 2428 4544 2338 4544 2336 4544 2428 4545 2336 4545 2429 4545 2429 4546 2336 4546 2334 4546 2429 4547 2334 4547 2430 4547 2430 4548 2334 4548 2332 4548 2430 4549 2332 4549 2431 4549 2431 4550 2332 4550 2330 4550 2431 4551 2330 4551 2432 4551 2432 4552 2330 4552 2328 4552 2432 4553 2328 4553 2433 4553 2433 4554 2328 4554 2326 4554 2433 4555 2326 4555 2434 4555 2434 4556 2326 4556 2435 4556 2434 4557 2435 4557 2436 4557 2436 4558 2435 4558 2322 4558 2436 4559 2322 4559 2437 4559 2437 4560 2322 4560 2320 4560 2437 4561 2320 4561 2438 4561 2438 4562 2320 4562 2318 4562 2438 4563 2318 4563 2439 4563 2439 4564 2318 4564 2316 4564 2439 4565 2316 4565 2440 4565 2440 4566 2316 4566 2314 4566 2440 4567 2314 4567 2441 4567 2441 4568 2314 4568 2312 4568 2441 4569 2312 4569 2442 4569 2442 4570 2312 4570 2310 4570 2442 4571 2310 4571 2443 4571 2443 4572 2310 4572 2308 4572 2443 4573 2308 4573 2444 4573 2444 4574 2308 4574 2307 4574 2444 4575 2307 4575 2445 4575 2445 4576 2307 4576 2304 4576 1669 4577 2446 4577 2447 4577 2448 4578 1678 4578 2286 4578 2286 4579 1678 4579 1669 4579 2447 4580 2449 4580 1669 4580 1669 4581 2449 4581 2450 4581 1669 4582 2450 4582 2286 4582 2286 4583 2450 4583 2287 4583 2445 4584 2304 4584 2451 4584 2451 4585 2304 4585 2301 4585 2450 4586 2452 4586 2287 4586 2287 4587 2452 4587 2451 4587 2287 4588 2451 4588 2288 4588 2288 4589 2451 4589 2301 4589 2288 4590 2301 4590 2296 4590 2296 4591 2301 4591 2228 4591 2296 4592 2228 4592 2297 4592 2453 4593 2454 4593 2455 4593 2455 4594 2454 4594 2451 4594 2455 4595 2451 4595 2456 4595 2456 4596 2451 4596 2452 4596 2457 4597 2458 4597 2459 4597 2459 4598 2458 4598 2460 4598 2459 4599 2460 4599 2461 4599 2457 4600 2462 4600 2458 4600 2458 4601 2462 4601 2463 4601 2458 4602 2463 4602 2464 4602 2464 4603 2465 4603 2458 4603 2458 4604 2465 4604 2466 4604 2458 4605 2466 4605 2467 4605 2468 4606 2469 4606 2470 4606 2470 4607 2469 4607 2471 4607 2470 4608 2471 4608 2458 4608 2458 4609 2471 4609 2472 4609 2458 4610 2472 4610 2460 4610 2473 4611 2474 4611 2475 4611 2475 4612 2474 4612 2458 4612 2475 4613 2458 4613 2476 4613 2476 4614 2458 4614 2467 4614 1694 4615 1687 4615 2392 4615 2392 4616 1687 4616 2477 4616 2478 4617 2479 4617 2369 4617 2480 4618 2481 4618 2482 4618 2482 4619 2481 4619 1694 4619 2482 4620 1694 4620 2479 4620 2344 4621 2424 4621 2369 4621 2369 4622 2424 4622 2483 4622 1694 4623 2392 4623 2479 4623 2479 4624 2392 4624 2390 4624 2479 4625 2390 4625 2369 4625 2375 4626 2265 4626 2379 4626 2379 4627 2265 4627 2369 4627 2379 4628 2369 4628 2389 4628 2389 4629 2369 4629 2390 4629 2478 4630 2369 4630 2484 4630 2484 4631 2369 4631 2483 4631 2484 4632 2483 4632 2485 4632 2485 4633 2483 4633 2486 4633 2485 4634 2486 4634 2487 4634 2488 4635 2461 4635 2460 4635 2460 4636 2489 4636 2488 4636 2488 4637 2489 4637 2490 4637 2488 4638 2490 4638 2491 4638 2491 4639 2490 4639 2492 4639 2491 4640 2492 4640 2493 4640 2493 4641 2492 4641 2454 4641 2493 4642 2454 4642 2453 4642 2494 4643 2495 4643 2486 4643 2486 4644 2495 4644 2487 4644 2496 4645 2497 4645 2498 4645 2498 4646 2497 4646 2499 4646 2498 4647 2499 4647 2494 4647 2494 4648 2499 4648 2500 4648 2494 4649 2500 4649 2495 4649 2498 4650 2501 4650 2496 4650 2496 4651 2501 4651 2467 4651 2496 4652 2467 4652 2466 4652 2502 4653 2503 4653 2504 4653 2505 4654 2506 4654 2403 4654 2403 4655 2402 4655 2505 4655 2505 4656 2402 4656 2507 4656 2505 4657 2507 4657 2504 4657 2504 4658 2507 4658 2508 4658 2504 4659 2508 4659 2502 4659 2395 4660 2509 4660 2396 4660 2396 4661 2509 4661 2510 4661 2396 4662 2510 4662 2511 4662 2512 4663 2513 4663 2514 4663 2512 4664 2514 4664 2510 4664 2510 4665 2514 4665 2515 4665 2510 4666 2515 4666 2511 4666 2516 4667 2400 4667 2517 4667 2517 4668 2400 4668 2407 4668 2400 4669 2516 4669 2518 4669 2400 4670 2518 4670 2412 4670 2412 4671 2518 4671 2509 4671 2412 4672 2509 4672 2395 4672 2403 4673 2506 4673 2519 4673 2403 4674 2519 4674 2408 4674 2408 4675 2519 4675 2517 4675 2408 4676 2517 4676 2407 4676 2520 4677 2471 4677 2469 4677 2471 4678 2520 4678 2472 4678 2469 4679 2521 4679 2520 4679 2520 4680 2521 4680 2522 4680 2520 4681 2522 4681 2523 4681 2472 4682 2520 4682 2524 4682 2524 4683 2520 4683 2523 4683 2524 4684 2523 4684 2525 4684 2525 4685 2523 4685 2526 4685 2525 4686 2526 4686 2527 4686 2527 4687 2526 4687 2505 4687 2527 4688 2505 4688 2504 4688 2522 4689 2528 4689 2523 4689 2523 4690 2528 4690 2529 4690 2523 4691 2529 4691 2526 4691 2526 4692 2529 4692 2530 4692 2526 4693 2530 4693 2505 4693 2505 4694 2530 4694 2506 4694 2531 4695 2468 4695 2470 4695 2469 4696 2468 4696 2521 4696 2521 4697 2468 4697 2531 4697 2521 4698 2531 4698 2522 4698 2522 4699 2531 4699 2528 4699 2528 4700 2531 4700 2532 4700 2528 4701 2532 4701 2529 4701 2529 4702 2532 4702 2530 4702 2530 4703 2532 4703 2519 4703 2530 4704 2519 4704 2506 4704 2470 4705 2533 4705 2531 4705 2531 4706 2533 4706 2534 4706 2531 4707 2534 4707 2532 4707 2532 4708 2534 4708 2535 4708 2532 4709 2535 4709 2519 4709 2519 4710 2535 4710 2517 4710 2516 4711 2517 4711 2535 4711 2516 4712 2535 4712 2536 4712 2536 4713 2535 4713 2534 4713 2536 4714 2534 4714 2537 4714 2537 4715 2534 4715 2533 4715 2537 4716 2533 4716 2538 4716 2538 4717 2533 4717 2470 4717 2538 4718 2470 4718 2458 4718 2539 4719 2474 4719 2473 4719 2473 4720 2540 4720 2539 4720 2539 4721 2540 4721 2541 4721 2539 4722 2541 4722 2542 4722 2458 4723 2474 4723 2538 4723 2538 4724 2474 4724 2539 4724 2538 4725 2539 4725 2537 4725 2537 4726 2539 4726 2542 4726 2537 4727 2542 4727 2536 4727 2536 4728 2542 4728 2543 4728 2536 4729 2543 4729 2516 4729 2516 4730 2543 4730 2518 4730 2541 4731 2544 4731 2542 4731 2542 4732 2544 4732 2545 4732 2542 4733 2545 4733 2543 4733 2543 4734 2545 4734 2546 4734 2543 4735 2546 4735 2518 4735 2518 4736 2546 4736 2509 4736 2544 4737 2541 4737 2547 4737 2548 4738 2549 4738 2547 4738 2540 4739 2473 4739 2475 4739 2476 4740 2548 4740 2475 4740 2475 4741 2548 4741 2547 4741 2475 4742 2547 4742 2540 4742 2540 4743 2547 4743 2541 4743 2549 4744 2550 4744 2547 4744 2547 4745 2550 4745 2551 4745 2547 4746 2551 4746 2544 4746 2544 4747 2551 4747 2545 4747 2545 4748 2551 4748 2546 4748 2546 4749 2551 4749 2510 4749 2546 4750 2510 4750 2509 4750 2512 4751 2510 4751 2552 4751 2552 4752 2510 4752 2551 4752 2552 4753 2551 4753 2553 4753 2553 4754 2551 4754 2550 4754 2486 4755 2483 4755 2512 4755 2512 4756 2483 4756 2513 4756 2476 4757 2467 4757 2548 4757 2548 4758 2467 4758 2501 4758 2548 4759 2501 4759 2549 4759 2549 4760 2501 4760 2498 4760 2494 4761 2553 4761 2498 4761 2498 4762 2553 4762 2550 4762 2498 4763 2550 4763 2549 4763 2486 4764 2512 4764 2494 4764 2494 4765 2512 4765 2552 4765 2494 4766 2552 4766 2553 4766 2504 4767 2503 4767 2454 4767 2454 4768 2503 4768 2451 4768 2460 4769 2472 4769 2489 4769 2489 4770 2472 4770 2524 4770 2489 4771 2524 4771 2490 4771 2490 4772 2524 4772 2525 4772 2490 4773 2525 4773 2492 4773 2492 4774 2525 4774 2527 4774 2492 4775 2527 4775 2454 4775 2454 4776 2527 4776 2504 4776 2554 4777 2555 4777 2556 4777 2556 4778 2555 4778 2557 4778 2558 4779 2559 4779 2560 4779 2560 4780 2559 4780 2561 4780 2560 4781 2561 4781 2557 4781 2557 4782 2561 4782 2562 4782 2557 4783 2562 4783 2556 4783 2558 4784 2560 4784 2563 4784 2563 4785 2560 4785 2479 4785 2563 4786 2479 4786 2478 4786 2452 4787 2450 4787 2564 4787 2564 4788 2450 4788 2565 4788 2566 4789 2567 4789 2568 4789 2568 4790 2567 4790 2569 4790 2568 4791 2569 4791 2565 4791 2565 4792 2569 4792 2570 4792 2565 4793 2570 4793 2564 4793 2566 4794 2568 4794 2571 4794 2571 4795 2568 4795 2572 4795 2571 4796 2572 4796 2573 4796 2574 4797 2459 4797 2461 4797 2453 4798 2455 4798 2575 4798 2453 4799 2575 4799 2493 4799 2493 4800 2575 4800 2576 4800 2493 4801 2576 4801 2491 4801 2574 4802 2461 4802 2576 4802 2576 4803 2461 4803 2488 4803 2576 4804 2488 4804 2491 4804 2577 4805 2485 4805 2487 4805 2578 4806 2496 4806 2579 4806 2579 4807 2496 4807 2466 4807 2579 4808 2466 4808 2465 4808 2500 4809 2499 4809 2578 4809 2578 4810 2499 4810 2497 4810 2578 4811 2497 4811 2496 4811 2577 4812 2487 4812 2578 4812 2578 4813 2487 4813 2495 4813 2578 4814 2495 4814 2500 4814 2580 4815 2445 4815 2503 4815 2503 4816 2445 4816 2451 4816 2402 4817 2401 4817 2507 4817 2507 4818 2401 4818 2581 4818 2507 4819 2581 4819 2582 4819 2580 4820 2503 4820 2583 4820 2583 4821 2503 4821 2502 4821 2583 4822 2502 4822 2582 4822 2582 4823 2502 4823 2508 4823 2582 4824 2508 4824 2507 4824 2582 4825 2581 4825 2584 4825 2581 4826 2401 4826 2406 4826 2581 4827 2406 4827 2584 4827 2584 4828 2406 4828 2405 4828 2584 4829 2405 4829 2585 4829 2585 4830 2405 4830 2415 4830 2585 4831 2415 4831 2586 4831 2586 4832 2415 4832 2414 4832 2586 4833 2414 4833 2587 4833 2587 4834 2414 4834 2413 4834 2587 4835 2413 4835 2588 4835 2588 4836 2413 4836 2411 4836 2588 4837 2411 4837 2589 4837 2589 4838 2411 4838 2410 4838 2589 4839 2410 4839 2590 4839 2590 4840 2410 4840 2409 4840 2590 4841 2409 4841 2591 4841 2591 4842 2409 4842 2418 4842 2591 4843 2418 4843 2592 4843 2592 4844 2418 4844 2593 4844 2592 4845 2593 4845 2594 4845 2594 4846 2593 4846 2416 4846 2594 4847 2416 4847 2595 4847 2595 4848 2416 4848 2423 4848 2595 4849 2423 4849 2596 4849 2596 4850 2423 4850 2422 4850 2596 4851 2422 4851 2597 4851 2597 4852 2422 4852 2421 4852 2597 4853 2421 4853 2598 4853 2598 4854 2421 4854 2420 4854 2598 4855 2420 4855 2599 4855 2599 4856 2420 4856 2419 4856 2599 4857 2419 4857 2600 4857 2600 4858 2419 4858 2399 4858 2600 4859 2399 4859 2601 4859 2601 4860 2399 4860 2398 4860 2601 4861 2398 4861 2602 4861 2602 4862 2398 4862 2404 4862 2602 4863 2404 4863 2603 4863 2580 4864 2583 4864 2604 4864 2604 4865 2583 4865 2582 4865 2404 4866 2397 4866 2603 4866 2603 4867 2397 4867 2605 4867 2603 4868 2605 4868 2606 4868 2582 4869 2584 4869 2604 4869 2604 4870 2584 4870 2585 4870 2604 4871 2585 4871 2607 4871 2607 4872 2585 4872 2586 4872 2607 4873 2586 4873 2608 4873 2608 4874 2586 4874 2587 4874 2608 4875 2587 4875 2609 4875 2609 4876 2587 4876 2588 4876 2609 4877 2588 4877 2610 4877 2610 4878 2588 4878 2589 4878 2610 4879 2589 4879 2611 4879 2611 4880 2589 4880 2590 4880 2611 4881 2590 4881 2612 4881 2612 4882 2590 4882 2591 4882 2612 4883 2591 4883 2613 4883 2613 4884 2591 4884 2592 4884 2613 4885 2592 4885 2614 4885 2614 4886 2592 4886 2594 4886 2614 4887 2594 4887 2615 4887 2615 4888 2594 4888 2595 4888 2615 4889 2595 4889 2616 4889 2616 4890 2595 4890 2596 4890 2616 4891 2596 4891 2617 4891 2617 4892 2596 4892 2597 4892 2617 4893 2597 4893 2618 4893 2618 4894 2597 4894 2598 4894 2618 4895 2598 4895 2619 4895 2619 4896 2598 4896 2599 4896 2619 4897 2599 4897 2620 4897 2620 4898 2599 4898 2600 4898 2620 4899 2600 4899 2621 4899 2621 4900 2600 4900 2601 4900 2621 4901 2601 4901 2622 4901 2622 4902 2601 4902 2602 4902 2622 4903 2602 4903 2623 4903 2623 4904 2602 4904 2603 4904 2623 4905 2603 4905 2624 4905 2624 4906 2603 4906 2606 4906 2624 4907 2606 4907 2625 4907 2444 4908 2445 4908 2580 4908 2580 4909 2604 4909 2444 4909 2444 4910 2604 4910 2607 4910 2444 4911 2607 4911 2443 4911 2443 4912 2607 4912 2608 4912 2443 4913 2608 4913 2442 4913 2442 4914 2608 4914 2609 4914 2442 4915 2609 4915 2441 4915 2441 4916 2609 4916 2610 4916 2441 4917 2610 4917 2440 4917 2440 4918 2610 4918 2611 4918 2440 4919 2611 4919 2439 4919 2439 4920 2611 4920 2612 4920 2439 4921 2612 4921 2438 4921 2438 4922 2612 4922 2613 4922 2438 4923 2613 4923 2437 4923 2437 4924 2613 4924 2614 4924 2437 4925 2614 4925 2436 4925 2436 4926 2614 4926 2615 4926 2436 4927 2615 4927 2626 4927 2626 4928 2615 4928 2616 4928 2626 4929 2616 4929 2433 4929 2433 4930 2616 4930 2617 4930 2433 4931 2617 4931 2432 4931 2432 4932 2617 4932 2618 4932 2432 4933 2618 4933 2431 4933 2431 4934 2618 4934 2619 4934 2431 4935 2619 4935 2430 4935 2430 4936 2619 4936 2620 4936 2430 4937 2620 4937 2429 4937 2429 4938 2620 4938 2621 4938 2429 4939 2621 4939 2428 4939 2428 4940 2621 4940 2622 4940 2428 4941 2622 4941 2427 4941 2427 4942 2622 4942 2623 4942 2427 4943 2623 4943 2426 4943 2426 4944 2623 4944 2624 4944 2426 4945 2624 4945 2425 4945 2425 4946 2624 4946 2625 4946 2425 4947 2625 4947 2424 4947 2513 4948 2606 4948 2514 4948 2514 4949 2606 4949 2605 4949 2514 4950 2605 4950 2515 4950 2397 4951 2396 4951 2605 4951 2605 4952 2396 4952 2511 4952 2605 4953 2511 4953 2515 4953 2483 4954 2424 4954 2513 4954 2513 4955 2424 4955 2625 4955 2513 4956 2625 4956 2606 4956 2478 4957 2484 4957 2627 4957 2561 4958 2559 4958 2628 4958 2628 4959 2559 4959 2558 4959 2628 4960 2558 4960 2627 4960 2627 4961 2558 4961 2563 4961 2627 4962 2563 4962 2478 4962 2629 4963 2556 4963 2630 4963 2630 4964 2556 4964 2562 4964 2630 4965 2465 4965 2629 4965 2629 4966 2465 4966 2464 4966 2629 4967 2464 4967 2556 4967 2556 4968 2464 4968 2463 4968 2556 4969 2463 4969 2554 4969 2577 4970 2578 4970 2630 4970 2630 4971 2578 4971 2579 4971 2630 4972 2579 4972 2465 4972 2484 4973 2485 4973 2627 4973 2627 4974 2485 4974 2577 4974 2627 4975 2577 4975 2628 4975 2628 4976 2577 4976 2630 4976 2628 4977 2630 4977 2561 4977 2561 4978 2630 4978 2562 4978 2462 4979 2457 4979 2631 4979 2573 4980 2462 4980 2571 4980 2571 4981 2462 4981 2631 4981 2571 4982 2631 4982 2566 4982 2566 4983 2631 4983 2632 4983 2566 4984 2632 4984 2567 4984 2567 4985 2632 4985 2569 4985 2633 4986 2564 4986 2634 4986 2634 4987 2564 4987 2570 4987 2634 4988 2455 4988 2633 4988 2633 4989 2455 4989 2456 4989 2633 4990 2456 4990 2564 4990 2564 4991 2456 4991 2452 4991 2574 4992 2576 4992 2634 4992 2634 4993 2576 4993 2575 4993 2634 4994 2575 4994 2455 4994 2457 4995 2459 4995 2631 4995 2631 4996 2459 4996 2574 4996 2631 4997 2574 4997 2632 4997 2632 4998 2574 4998 2634 4998 2632 4999 2634 4999 2569 4999 2569 5000 2634 5000 2570 5000 2279 5001 2269 5001 2268 5001 2268 5002 2635 5002 2279 5002 2279 5003 2635 5003 2636 5003 2279 5004 2636 5004 2282 5004 2282 5005 2636 5005 2448 5005 2282 5006 2448 5006 2286 5006 2391 5007 2392 5007 2477 5007 2477 5008 2637 5008 2638 5008 2391 5009 2477 5009 2393 5009 2393 5010 2477 5010 2638 5010 2393 5011 2638 5011 2394 5011 2394 5012 2638 5012 2267 5012 2394 5013 2267 5013 2266 5013 2479 5014 2560 5014 2482 5014 2482 5015 2560 5015 2557 5015 2482 5016 2557 5016 2555 5016 2572 5017 2568 5017 2449 5017 2449 5018 2568 5018 2565 5018 2449 5019 2565 5019 2450 5019 2573 5020 2572 5020 2462 5020 2462 5021 2572 5021 2449 5021 2462 5022 2449 5022 2447 5022 2480 5023 2482 5023 2463 5023 2463 5024 2482 5024 2555 5024 2463 5025 2555 5025 2554 5025 2481 5026 2480 5026 2463 5026 2462 5027 2447 5027 2446 5027 2462 5028 2639 5028 2463 5028 2463 5029 2639 5029 2640 5029 2641 5030 2639 5030 2642 5030 2642 5031 2639 5031 2462 5031 2642 5032 2462 5032 2643 5032 2643 5033 2462 5033 2446 5033 2640 5034 2644 5034 2463 5034 2463 5035 2644 5035 2645 5035 2463 5036 2645 5036 2481 5036 2639 5037 1660 5037 2640 5037 2640 5038 1660 5038 1674 5038 2640 5039 1674 5039 1676 5039 2640 5040 1676 5040 2644 5040 2644 5041 1676 5041 1693 5041 2644 5042 1693 5042 2645 5042 2645 5043 1693 5043 1694 5043 2645 5044 1694 5044 2481 5044 1660 5045 2639 5045 2641 5045 1660 5046 2641 5046 1661 5046 1661 5047 2641 5047 2642 5047 1661 5048 2642 5048 1667 5048 1667 5049 2642 5049 2643 5049 1667 5050 2643 5050 1668 5050 1668 5051 2643 5051 2446 5051 1668 5052 2446 5052 1669 5052 2477 5053 1687 5053 1686 5053 2477 5054 1686 5054 2637 5054 2637 5055 1686 5055 1685 5055 2637 5056 1685 5056 2638 5056 2638 5057 1685 5057 1683 5057 2638 5058 1683 5058 2267 5058 2268 5059 1682 5059 1665 5059 2268 5060 1665 5060 2635 5060 2635 5061 1665 5061 1664 5061 2635 5062 1664 5062 2636 5062 2636 5063 1664 5063 1678 5063 2636 5064 1678 5064 2448 5064 2646 5065 2647 5065 2648 5065 2648 5066 2647 5066 2649 5066 2648 5067 2649 5067 2650 5067 2651 5068 2652 5068 2648 5068 2648 5069 2652 5069 2653 5069 2648 5070 2653 5070 2646 5070 2654 5071 2655 5071 2648 5071 2648 5072 2655 5072 2656 5072 2648 5073 2656 5073 2651 5073 2650 5074 2657 5074 2648 5074 2648 5075 2657 5075 2658 5075 2648 5076 2658 5076 2654 5076 2659 5077 2660 5077 2661 5077 2659 5078 2661 5078 2662 5078 2662 5079 2661 5079 2663 5079 2662 5080 2663 5080 2664 5080 2660 5081 2659 5081 2665 5081 2665 5082 2659 5082 2666 5082 2649 5083 2667 5083 2650 5083 2650 5084 2667 5084 2668 5084 2650 5085 2668 5085 2657 5085 2657 5086 2668 5086 2669 5086 2657 5087 2669 5087 2658 5087 2658 5088 2669 5088 2670 5088 2658 5089 2670 5089 2654 5089 2654 5090 2670 5090 2671 5090 2654 5091 2671 5091 2655 5091 2655 5092 2671 5092 2672 5092 2655 5093 2672 5093 2656 5093 2656 5094 2672 5094 2673 5094 2656 5095 2673 5095 2651 5095 2651 5096 2673 5096 2674 5096 2651 5097 2674 5097 2652 5097 2652 5098 2674 5098 2675 5098 2652 5099 2675 5099 2653 5099 2653 5100 2675 5100 2676 5100 2653 5101 2676 5101 2646 5101 2646 5102 2676 5102 2677 5102 2646 5103 2677 5103 2647 5103 2647 5104 2677 5104 2678 5104 2647 5105 2678 5105 2649 5105 2649 5106 2678 5106 2667 5106 2679 5107 2680 5107 2681 5107 2679 5108 2681 5108 2682 5108 2682 5109 2681 5109 2665 5109 2682 5110 2665 5110 2666 5110 2683 5111 2684 5111 2685 5111 2684 5112 2686 5112 2687 5112 2688 5113 2689 5113 2690 5113 2690 5114 2689 5114 2691 5114 2690 5115 2691 5115 2692 5115 2692 5116 2691 5116 2687 5116 2692 5117 2687 5117 2693 5117 2693 5118 2687 5118 2686 5118 2693 5119 2686 5119 2694 5119 2684 5120 2687 5120 2685 5120 2685 5121 2687 5121 2691 5121 2685 5122 2691 5122 2695 5122 2695 5123 2691 5123 2689 5123 2695 5124 2689 5124 2696 5124 2688 5125 2697 5125 2689 5125 2689 5126 2697 5126 2698 5126 2689 5127 2698 5127 2696 5127 2696 5128 2698 5128 2699 5128 2696 5129 2699 5129 2700 5129 2683 5130 2685 5130 2701 5130 2701 5131 2685 5131 2695 5131 2701 5132 2695 5132 2702 5132 2702 5133 2695 5133 2696 5133 2702 5134 2696 5134 2703 5134 2703 5135 2696 5135 2700 5135 2703 5136 2700 5136 2680 5136 2704 5137 2697 5137 2688 5137 2688 5138 2705 5138 2704 5138 2704 5139 2705 5139 2706 5139 2704 5140 2706 5140 2707 5140 2707 5141 2708 5141 2704 5141 2704 5142 2708 5142 2709 5142 2704 5143 2709 5143 2697 5143 2710 5144 2699 5144 2709 5144 2709 5145 2699 5145 2698 5145 2709 5146 2698 5146 2697 5146 2681 5147 2680 5147 2710 5147 2710 5148 2680 5148 2700 5148 2710 5149 2700 5149 2699 5149 2708 5150 2711 5150 2709 5150 2709 5151 2711 5151 2712 5151 2709 5152 2712 5152 2710 5152 2710 5153 2712 5153 2713 5153 2710 5154 2713 5154 2681 5154 2681 5155 2713 5155 2665 5155 2665 5156 2713 5156 2660 5156 2660 5157 2713 5157 2714 5157 2713 5158 2712 5158 2714 5158 2714 5159 2712 5159 2711 5159 2714 5160 2711 5160 2715 5160 2706 5161 2716 5161 2707 5161 2707 5162 2716 5162 2715 5162 2707 5163 2715 5163 2708 5163 2708 5164 2715 5164 2711 5164 2717 5165 2718 5165 2719 5165 2719 5166 2720 5166 2717 5166 2717 5167 2720 5167 2721 5167 2717 5168 2721 5168 2722 5168 2716 5169 2718 5169 2715 5169 2715 5170 2718 5170 2717 5170 2715 5171 2717 5171 2714 5171 2714 5172 2717 5172 2722 5172 2714 5173 2722 5173 2660 5173 2660 5174 2722 5174 2661 5174 2663 5175 2661 5175 2723 5175 2723 5176 2661 5176 2722 5176 2723 5177 2722 5177 2724 5177 2724 5178 2722 5178 2721 5178 2725 5179 2726 5179 2727 5179 2728 5180 2720 5180 2729 5180 2729 5181 2720 5181 2719 5181 2729 5182 2719 5182 2730 5182 2727 5183 2724 5183 2728 5183 2728 5184 2724 5184 2721 5184 2728 5185 2721 5185 2720 5185 2726 5186 2663 5186 2727 5186 2727 5187 2663 5187 2723 5187 2727 5188 2723 5188 2724 5188 2731 5189 2725 5189 2732 5189 2732 5190 2725 5190 2727 5190 2732 5191 2727 5191 2733 5191 2733 5192 2727 5192 2728 5192 2733 5193 2728 5193 2734 5193 2734 5194 2728 5194 2729 5194 2734 5195 2729 5195 2735 5195 2735 5196 2729 5196 2730 5196 2735 5197 2736 5197 2734 5197 2734 5198 2736 5198 2737 5198 2734 5199 2737 5199 2733 5199 2733 5200 2737 5200 2738 5200 2733 5201 2738 5201 2732 5201 2732 5202 2738 5202 2739 5202 2732 5203 2739 5203 2731 5203 2731 5204 2739 5204 2740 5204 2736 5205 2741 5205 2737 5205 2737 5206 2741 5206 2742 5206 2737 5207 2742 5207 2738 5207 2738 5208 2742 5208 2743 5208 2738 5209 2743 5209 2739 5209 2739 5210 2743 5210 2744 5210 2739 5211 2744 5211 2740 5211 2740 5212 2744 5212 2745 5212 2740 5213 2746 5213 2747 5213 2740 5214 2747 5214 2731 5214 2747 5215 2748 5215 2731 5215 2731 5216 2748 5216 2749 5216 2731 5217 2749 5217 2725 5217 2725 5218 2749 5218 2750 5218 2725 5219 2750 5219 2726 5219 2726 5220 2750 5220 2664 5220 2726 5221 2664 5221 2663 5221 2751 5222 2752 5222 2674 5222 2667 5223 2679 5223 2668 5223 2668 5224 2679 5224 2682 5224 2668 5225 2682 5225 2669 5225 2669 5226 2682 5226 2666 5226 2669 5227 2666 5227 2670 5227 2753 5228 2754 5228 2755 5228 2755 5229 2679 5229 2753 5229 2753 5230 2679 5230 2667 5230 2753 5231 2667 5231 2756 5231 2756 5232 2667 5232 2678 5232 2756 5233 2678 5233 2757 5233 2757 5234 2678 5234 2758 5234 2749 5235 2759 5235 2750 5235 2750 5236 2759 5236 2664 5236 2760 5237 2761 5237 2677 5237 2677 5238 2761 5238 2762 5238 2677 5239 2762 5239 2678 5239 2678 5240 2762 5240 2763 5240 2678 5241 2763 5241 2758 5241 2751 5242 2674 5242 2764 5242 2764 5243 2674 5243 2673 5243 2764 5244 2673 5244 2759 5244 2759 5245 2673 5245 2672 5245 2759 5246 2672 5246 2671 5246 2670 5247 2666 5247 2671 5247 2671 5248 2666 5248 2659 5248 2671 5249 2659 5249 2759 5249 2759 5250 2659 5250 2662 5250 2759 5251 2662 5251 2664 5251 2765 5252 2766 5252 2676 5252 2676 5253 2766 5253 2767 5253 2676 5254 2767 5254 2677 5254 2677 5255 2767 5255 2768 5255 2677 5256 2768 5256 2760 5256 2765 5257 2676 5257 2769 5257 2769 5258 2676 5258 2675 5258 2769 5259 2675 5259 2770 5259 2752 5260 2771 5260 2674 5260 2674 5261 2771 5261 2772 5261 2674 5262 2772 5262 2675 5262 2675 5263 2772 5263 2773 5263 2675 5264 2773 5264 2770 5264 2774 5265 2775 5265 2683 5265 2680 5266 2679 5266 2703 5266 2703 5267 2679 5267 2755 5267 2703 5268 2755 5268 2702 5268 2702 5269 2755 5269 2754 5269 2702 5270 2754 5270 2701 5270 2701 5271 2754 5271 2776 5271 2701 5272 2776 5272 2683 5272 2683 5273 2776 5273 2777 5273 2683 5274 2777 5274 2774 5274 2778 5275 2694 5275 2779 5275 2779 5276 2694 5276 2686 5276 2779 5277 2686 5277 2780 5277 2780 5278 2686 5278 2684 5278 2683 5279 2781 5279 2684 5279 2684 5280 2781 5280 2782 5280 2684 5281 2782 5281 2780 5281 2783 5282 2784 5282 1697 5282 1696 5283 2785 5283 2786 5283 1697 5284 1696 5284 2783 5284 2783 5285 1696 5285 2786 5285 2783 5286 2786 5286 2787 5286 2787 5287 2786 5287 2788 5287 2787 5288 2788 5288 2789 5288 2690 5289 2692 5289 2790 5289 2706 5290 2790 5290 2791 5290 2778 5291 2792 5291 2793 5291 2706 5292 2705 5292 2790 5292 2790 5293 2705 5293 2688 5293 2790 5294 2688 5294 2690 5294 2793 5295 2789 5295 2778 5295 2778 5296 2789 5296 2788 5296 2778 5297 2788 5297 2694 5297 2694 5298 2788 5298 2790 5298 2694 5299 2790 5299 2693 5299 2693 5300 2790 5300 2692 5300 2735 5301 2730 5301 2716 5301 2716 5302 2730 5302 2719 5302 2716 5303 2719 5303 2718 5303 2791 5304 2794 5304 2706 5304 2706 5305 2794 5305 2741 5305 2706 5306 2741 5306 2716 5306 2716 5307 2741 5307 2736 5307 2716 5308 2736 5308 2735 5308 2795 5309 2788 5309 2796 5309 2796 5310 2788 5310 2786 5310 2795 5311 2796 5311 2797 5311 2797 5312 2796 5312 2798 5312 2797 5313 2798 5313 2799 5313 2799 5314 2798 5314 2800 5314 2800 5315 2798 5315 2801 5315 2800 5316 2801 5316 2802 5316 2802 5317 2801 5317 2803 5317 2802 5318 2803 5318 2804 5318 2805 5319 2806 5319 2804 5319 2804 5320 2806 5320 2802 5320 2802 5321 2806 5321 2800 5321 2800 5322 2806 5322 2807 5322 2800 5323 2807 5323 2799 5323 2797 5324 2808 5324 2795 5324 2795 5325 2808 5325 2809 5325 2808 5326 2791 5326 2809 5326 2809 5327 2791 5327 2790 5327 2809 5328 2790 5328 2795 5328 2795 5329 2790 5329 2788 5329 2810 5330 2811 5330 2808 5330 2808 5331 2811 5331 2812 5331 2808 5332 2812 5332 2791 5332 2805 5333 2813 5333 2806 5333 2806 5334 2813 5334 2810 5334 2806 5335 2810 5335 2807 5335 2807 5336 2810 5336 2808 5336 2807 5337 2808 5337 2799 5337 2799 5338 2808 5338 2797 5338 2810 5339 2813 5339 2814 5339 2811 5340 2815 5340 2812 5340 2812 5341 2815 5341 2794 5341 2812 5342 2794 5342 2791 5342 2816 5343 2817 5343 2811 5343 2811 5344 2817 5344 2818 5344 2811 5345 2818 5345 2815 5345 2810 5346 2814 5346 2811 5346 2811 5347 2814 5347 2819 5347 2811 5348 2819 5348 2816 5348 2744 5349 2819 5349 2745 5349 2745 5350 2819 5350 2814 5350 2815 5351 2818 5351 2743 5351 2743 5352 2818 5352 2817 5352 2743 5353 2817 5353 2744 5353 2744 5354 2817 5354 2816 5354 2744 5355 2816 5355 2819 5355 2743 5356 2742 5356 2815 5356 2815 5357 2742 5357 2741 5357 2815 5358 2741 5358 2794 5358 2740 5359 2745 5359 2746 5359 2746 5360 2745 5360 2820 5360 2746 5361 2821 5361 2747 5361 2747 5362 2821 5362 2822 5362 2747 5363 2822 5363 2748 5363 2748 5364 2822 5364 2759 5364 2748 5365 2759 5365 2749 5365 2820 5366 2823 5366 2746 5366 2746 5367 2823 5367 2824 5367 2746 5368 2824 5368 2821 5368 2821 5369 2824 5369 2825 5369 2824 5370 2823 5370 2826 5370 2824 5371 2826 5371 2825 5371 2825 5372 2826 5372 2827 5372 2825 5373 2827 5373 2828 5373 2828 5374 2827 5374 2829 5374 2828 5375 2829 5375 2830 5375 2830 5376 2829 5376 2831 5376 2830 5377 2831 5377 2832 5377 2832 5378 2831 5378 2833 5378 2832 5379 2833 5379 2834 5379 2834 5380 2833 5380 2835 5380 2834 5381 2835 5381 2836 5381 2836 5382 2835 5382 2837 5382 2836 5383 2837 5383 2838 5383 2838 5384 2837 5384 2839 5384 2838 5385 2839 5385 2840 5385 2840 5386 2839 5386 2841 5386 2840 5387 2841 5387 2842 5387 2842 5388 2841 5388 2843 5388 2842 5389 2843 5389 2844 5389 2844 5390 2843 5390 2845 5390 2844 5391 2845 5391 2846 5391 2846 5392 2845 5392 2847 5392 2846 5393 2847 5393 2848 5393 2848 5394 2847 5394 2849 5394 2848 5395 2849 5395 2850 5395 2850 5396 2849 5396 2851 5396 2850 5397 2851 5397 2852 5397 2852 5398 2851 5398 2853 5398 2852 5399 2853 5399 2854 5399 2854 5400 2853 5400 2855 5400 2854 5401 2855 5401 2856 5401 2856 5402 2855 5402 2857 5402 2856 5403 2857 5403 2858 5403 2858 5404 2857 5404 2859 5404 2858 5405 2859 5405 2860 5405 2860 5406 2859 5406 2861 5406 2860 5407 2861 5407 2862 5407 2861 5408 2863 5408 2864 5408 2759 5409 2822 5409 2865 5409 2865 5410 2822 5410 2821 5410 2861 5411 2864 5411 2862 5411 2862 5412 2864 5412 2866 5412 2862 5413 2866 5413 2867 5413 2821 5414 2825 5414 2865 5414 2865 5415 2825 5415 2828 5415 2865 5416 2828 5416 2868 5416 2868 5417 2828 5417 2830 5417 2868 5418 2830 5418 2869 5418 2869 5419 2830 5419 2832 5419 2869 5420 2832 5420 2870 5420 2870 5421 2832 5421 2834 5421 2870 5422 2834 5422 2871 5422 2871 5423 2834 5423 2836 5423 2871 5424 2836 5424 2872 5424 2872 5425 2836 5425 2838 5425 2872 5426 2838 5426 2873 5426 2873 5427 2838 5427 2840 5427 2873 5428 2840 5428 2874 5428 2874 5429 2840 5429 2842 5429 2874 5430 2842 5430 2875 5430 2875 5431 2842 5431 2844 5431 2875 5432 2844 5432 2876 5432 2876 5433 2844 5433 2846 5433 2876 5434 2846 5434 2877 5434 2877 5435 2846 5435 2848 5435 2877 5436 2848 5436 2878 5436 2878 5437 2848 5437 2850 5437 2878 5438 2850 5438 2879 5438 2879 5439 2850 5439 2852 5439 2879 5440 2852 5440 2880 5440 2880 5441 2852 5441 2854 5441 2880 5442 2854 5442 2881 5442 2881 5443 2854 5443 2856 5443 2881 5444 2856 5444 2882 5444 2882 5445 2856 5445 2858 5445 2882 5446 2858 5446 2883 5446 2883 5447 2858 5447 2860 5447 2883 5448 2860 5448 2884 5448 2884 5449 2860 5449 2862 5449 2884 5450 2862 5450 2885 5450 2885 5451 2862 5451 2867 5451 2885 5452 2867 5452 2886 5452 2759 5453 2865 5453 2764 5453 2764 5454 2865 5454 2868 5454 2764 5455 2868 5455 2751 5455 2751 5456 2868 5456 2869 5456 2751 5457 2869 5457 2752 5457 2752 5458 2869 5458 2870 5458 2752 5459 2870 5459 2771 5459 2771 5460 2870 5460 2871 5460 2771 5461 2871 5461 2772 5461 2772 5462 2871 5462 2872 5462 2772 5463 2872 5463 2773 5463 2773 5464 2872 5464 2873 5464 2773 5465 2873 5465 2770 5465 2770 5466 2873 5466 2874 5466 2770 5467 2874 5467 2769 5467 2769 5468 2874 5468 2875 5468 2769 5469 2875 5469 2765 5469 2765 5470 2875 5470 2876 5470 2765 5471 2876 5471 2887 5471 2887 5472 2876 5472 2877 5472 2887 5473 2877 5473 2767 5473 2767 5474 2877 5474 2878 5474 2767 5475 2878 5475 2768 5475 2768 5476 2878 5476 2879 5476 2768 5477 2879 5477 2760 5477 2760 5478 2879 5478 2880 5478 2760 5479 2880 5479 2761 5479 2761 5480 2880 5480 2881 5480 2761 5481 2881 5481 2762 5481 2762 5482 2881 5482 2882 5482 2762 5483 2882 5483 2763 5483 2763 5484 2882 5484 2883 5484 2763 5485 2883 5485 2758 5485 2758 5486 2883 5486 2884 5486 2758 5487 2884 5487 2757 5487 2757 5488 2884 5488 2885 5488 2757 5489 2885 5489 2756 5489 2756 5490 2885 5490 2886 5490 2756 5491 2886 5491 2753 5491 2864 5492 2863 5492 2775 5492 2775 5493 2863 5493 2888 5493 2754 5494 2753 5494 2776 5494 2776 5495 2753 5495 2886 5495 2776 5496 2886 5496 2867 5496 2864 5497 2775 5497 2866 5497 2866 5498 2775 5498 2774 5498 2866 5499 2774 5499 2867 5499 2867 5500 2774 5500 2777 5500 2867 5501 2777 5501 2776 5501 2781 5502 2683 5502 2888 5502 2888 5503 2683 5503 2775 5503 2889 5504 2792 5504 2778 5504 2778 5505 2779 5505 2889 5505 2889 5506 2779 5506 2780 5506 2889 5507 2780 5507 2890 5507 2890 5508 2780 5508 2782 5508 2890 5509 2782 5509 2891 5509 2891 5510 2782 5510 2781 5510 2891 5511 2781 5511 2892 5511 2893 5512 2793 5512 2792 5512 2892 5513 2894 5513 2895 5513 2892 5514 2895 5514 2891 5514 2891 5515 2895 5515 2896 5515 2891 5516 2896 5516 2890 5516 2893 5517 2792 5517 2896 5517 2896 5518 2792 5518 2889 5518 2896 5519 2889 5519 2890 5519 2787 5520 2789 5520 2897 5520 2898 5521 2899 5521 2900 5521 2900 5522 2899 5522 2901 5522 2900 5523 2901 5523 2897 5523 2897 5524 2901 5524 2902 5524 2897 5525 2902 5525 2787 5525 2903 5526 2904 5526 2905 5526 2905 5527 2904 5527 2906 5527 2905 5528 2894 5528 2903 5528 2903 5529 2894 5529 2907 5529 2903 5530 2907 5530 2904 5530 2904 5531 2907 5531 2908 5531 2893 5532 2896 5532 2905 5532 2905 5533 2896 5533 2895 5533 2905 5534 2895 5534 2894 5534 2789 5535 2793 5535 2897 5535 2897 5536 2793 5536 2893 5536 2897 5537 2893 5537 2900 5537 2900 5538 2893 5538 2905 5538 2900 5539 2905 5539 2898 5539 2898 5540 2905 5540 2906 5540 2908 5541 2909 5541 2904 5541 2904 5542 2909 5542 2910 5542 2901 5543 2899 5543 2911 5543 2911 5544 2899 5544 2898 5544 2911 5545 2898 5545 2910 5545 2910 5546 2898 5546 2906 5546 2910 5547 2906 5547 2904 5547 2901 5548 2911 5548 2902 5548 2902 5549 2911 5549 2783 5549 2902 5550 2783 5550 2787 5550 2912 5551 2913 5551 2914 5551 2915 5552 2916 5552 2917 5552 2917 5553 2916 5553 2918 5553 2919 5554 2920 5554 2921 5554 2922 5555 2923 5555 2924 5555 2924 5556 2923 5556 2919 5556 2924 5557 2919 5557 2925 5557 2925 5558 2919 5558 2921 5558 2914 5559 2913 5559 2924 5559 2918 5560 2916 5560 2914 5560 2914 5561 2916 5561 2926 5561 2914 5562 2926 5562 2912 5562 2913 5563 2927 5563 2924 5563 2924 5564 2927 5564 2928 5564 2924 5565 2928 5565 2929 5565 2930 5566 2931 5566 2924 5566 2924 5567 2931 5567 2932 5567 2924 5568 2932 5568 2922 5568 2929 5569 2933 5569 2924 5569 2924 5570 2933 5570 2934 5570 2924 5571 2934 5571 2935 5571 2935 5572 2936 5572 2924 5572 2924 5573 2936 5573 2937 5573 2924 5574 2937 5574 2938 5574 2938 5575 2939 5575 2924 5575 2924 5576 2939 5576 2940 5576 2924 5577 2940 5577 2930 5577 2941 5578 2863 5578 2942 5578 2942 5579 2863 5579 2861 5579 2942 5580 2861 5580 2943 5580 2943 5581 2861 5581 2859 5581 2943 5582 2859 5582 2944 5582 2944 5583 2859 5583 2857 5583 2944 5584 2857 5584 2945 5584 2945 5585 2857 5585 2855 5585 2945 5586 2855 5586 2946 5586 2946 5587 2855 5587 2853 5587 2946 5588 2853 5588 2947 5588 2947 5589 2853 5589 2851 5589 2947 5590 2851 5590 2948 5590 2948 5591 2851 5591 2849 5591 2948 5592 2849 5592 2949 5592 2949 5593 2849 5593 2847 5593 2949 5594 2847 5594 2950 5594 2950 5595 2847 5595 2845 5595 2950 5596 2845 5596 2951 5596 2951 5597 2845 5597 2952 5597 2951 5598 2952 5598 2953 5598 2953 5599 2952 5599 2841 5599 2953 5600 2841 5600 2954 5600 2954 5601 2841 5601 2839 5601 2954 5602 2839 5602 2955 5602 2955 5603 2839 5603 2837 5603 2955 5604 2837 5604 2956 5604 2956 5605 2837 5605 2835 5605 2956 5606 2835 5606 2957 5606 2957 5607 2835 5607 2833 5607 2957 5608 2833 5608 2958 5608 2958 5609 2833 5609 2831 5609 2958 5610 2831 5610 2959 5610 2959 5611 2831 5611 2829 5611 2959 5612 2829 5612 2960 5612 2960 5613 2829 5613 2827 5613 2960 5614 2827 5614 2961 5614 2961 5615 2827 5615 2826 5615 2961 5616 2826 5616 2962 5616 2962 5617 2826 5617 2823 5617 2963 5618 1698 5618 2803 5618 2803 5619 1698 5619 1692 5619 1692 5620 2964 5620 2965 5620 2965 5621 2966 5621 1692 5621 1692 5622 2966 5622 2967 5622 1692 5623 2967 5623 2803 5623 2803 5624 2967 5624 2804 5624 2962 5625 2823 5625 2968 5625 2968 5626 2823 5626 2820 5626 2967 5627 2969 5627 2804 5627 2804 5628 2969 5628 2968 5628 2804 5629 2968 5629 2805 5629 2805 5630 2968 5630 2820 5630 2805 5631 2820 5631 2813 5631 2813 5632 2820 5632 2745 5632 2813 5633 2745 5633 2814 5633 2970 5634 2971 5634 2972 5634 2972 5635 2971 5635 2968 5635 2972 5636 2968 5636 2973 5636 2973 5637 2968 5637 2969 5637 2974 5638 2975 5638 2976 5638 2976 5639 2975 5639 2977 5639 2976 5640 2977 5640 2978 5640 2974 5641 2979 5641 2975 5641 2975 5642 2979 5642 2980 5642 2975 5643 2980 5643 2981 5643 2981 5644 2982 5644 2975 5644 2975 5645 2982 5645 2983 5645 2975 5646 2983 5646 2984 5646 2985 5647 2986 5647 2987 5647 2987 5648 2986 5648 2988 5648 2987 5649 2988 5649 2975 5649 2975 5650 2988 5650 2989 5650 2975 5651 2989 5651 2977 5651 2990 5652 2991 5652 2992 5652 2992 5653 2991 5653 2975 5653 2992 5654 2975 5654 2993 5654 2993 5655 2975 5655 2984 5655 1663 5656 1670 5656 2909 5656 2909 5657 1670 5657 2994 5657 2863 5658 2941 5658 2888 5658 2888 5659 2941 5659 2995 5659 2888 5660 2995 5660 2908 5660 2996 5661 2997 5661 2998 5661 2998 5662 2997 5662 1663 5662 2998 5663 1663 5663 2999 5663 2999 5664 1663 5664 2909 5664 2999 5665 2909 5665 3000 5665 3000 5666 2909 5666 2908 5666 3000 5667 2908 5667 3001 5667 3001 5668 2908 5668 2995 5668 3001 5669 2995 5669 3002 5669 3002 5670 2995 5670 3003 5670 3002 5671 3003 5671 3004 5671 2892 5672 2781 5672 2894 5672 2894 5673 2781 5673 2888 5673 2894 5674 2888 5674 2907 5674 2907 5675 2888 5675 2908 5675 3005 5676 2978 5676 2977 5676 2977 5677 3006 5677 3005 5677 3005 5678 3006 5678 3007 5678 3005 5679 3007 5679 3008 5679 3008 5680 3007 5680 3009 5680 3008 5681 3009 5681 3010 5681 3010 5682 3009 5682 2971 5682 3010 5683 2971 5683 2970 5683 3011 5684 3004 5684 3003 5684 3003 5685 3012 5685 3011 5685 3011 5686 3012 5686 3013 5686 3011 5687 3013 5687 3014 5687 3014 5688 3013 5688 3015 5688 3014 5689 3015 5689 3016 5689 3016 5690 3015 5690 2984 5690 3016 5691 2984 5691 2983 5691 3017 5692 3018 5692 3019 5692 3020 5693 3021 5693 2921 5693 2921 5694 2920 5694 3020 5694 3020 5695 2920 5695 3022 5695 3020 5696 3022 5696 3019 5696 3019 5697 3022 5697 3023 5697 3019 5698 3023 5698 3017 5698 2917 5699 3024 5699 2915 5699 2915 5700 3024 5700 3025 5700 2915 5701 3025 5701 3026 5701 3027 5702 3028 5702 3029 5702 3027 5703 3029 5703 3025 5703 3025 5704 3029 5704 3030 5704 3025 5705 3030 5705 3026 5705 3031 5706 2914 5706 3032 5706 3032 5707 2914 5707 2924 5707 2914 5708 3031 5708 3033 5708 2914 5709 3033 5709 2918 5709 2918 5710 3033 5710 3024 5710 2918 5711 3024 5711 2917 5711 2921 5712 3021 5712 3034 5712 2921 5713 3034 5713 2925 5713 2925 5714 3034 5714 3032 5714 2925 5715 3032 5715 2924 5715 2989 5716 2988 5716 3035 5716 3035 5717 2988 5717 3036 5717 3035 5718 3036 5718 3037 5718 3037 5719 3036 5719 3038 5719 3037 5720 3038 5720 3019 5720 3019 5721 3038 5721 3020 5721 2988 5722 2986 5722 3036 5722 3036 5723 2986 5723 3039 5723 3036 5724 3039 5724 3038 5724 3038 5725 3039 5725 3040 5725 3038 5726 3040 5726 3020 5726 3020 5727 3040 5727 3021 5727 2986 5728 2985 5728 3039 5728 3039 5729 2985 5729 3041 5729 3039 5730 3041 5730 3040 5730 3040 5731 3041 5731 3042 5731 3040 5732 3042 5732 3021 5732 3021 5733 3042 5733 3034 5733 2985 5734 2987 5734 3041 5734 3041 5735 2987 5735 3043 5735 3041 5736 3043 5736 3042 5736 3042 5737 3043 5737 3044 5737 3042 5738 3044 5738 3034 5738 3034 5739 3044 5739 3032 5739 3031 5740 3032 5740 3044 5740 3031 5741 3044 5741 3045 5741 3045 5742 3044 5742 3043 5742 3045 5743 3043 5743 3046 5743 3046 5744 3043 5744 2987 5744 3046 5745 2987 5745 2975 5745 3047 5746 2991 5746 2990 5746 2975 5747 2991 5747 3046 5747 3046 5748 2991 5748 3047 5748 3046 5749 3047 5749 3045 5749 3045 5750 3047 5750 3048 5750 3045 5751 3048 5751 3031 5751 3031 5752 3048 5752 3033 5752 2990 5753 3049 5753 3047 5753 3047 5754 3049 5754 3050 5754 3047 5755 3050 5755 3048 5755 3048 5756 3050 5756 3051 5756 3048 5757 3051 5757 3033 5757 3033 5758 3051 5758 3024 5758 2992 5759 2993 5759 3052 5759 2990 5760 2992 5760 3053 5760 2990 5761 3053 5761 3049 5761 3049 5762 3053 5762 3054 5762 3049 5763 3054 5763 3050 5763 3050 5764 3054 5764 3055 5764 3050 5765 3055 5765 3051 5765 3051 5766 3055 5766 3025 5766 3051 5767 3025 5767 3024 5767 2992 5768 3052 5768 3053 5768 3053 5769 3052 5769 3056 5769 3053 5770 3056 5770 3054 5770 3054 5771 3056 5771 3057 5771 3054 5772 3057 5772 3055 5772 3055 5773 3057 5773 3027 5773 3055 5774 3027 5774 3025 5774 3003 5775 2995 5775 3027 5775 3027 5776 2995 5776 3028 5776 2993 5777 2984 5777 3052 5777 3052 5778 2984 5778 3015 5778 3052 5779 3015 5779 3056 5779 3056 5780 3015 5780 3013 5780 3056 5781 3013 5781 3057 5781 3057 5782 3013 5782 3012 5782 3057 5783 3012 5783 3027 5783 3027 5784 3012 5784 3003 5784 3019 5785 3018 5785 2971 5785 2971 5786 3018 5786 2968 5786 2977 5787 2989 5787 3006 5787 3006 5788 2989 5788 3035 5788 3006 5789 3035 5789 3007 5789 3007 5790 3035 5790 3037 5790 3019 5791 2971 5791 3037 5791 3037 5792 2971 5792 3009 5792 3037 5793 3009 5793 3007 5793 3058 5794 3059 5794 3060 5794 3060 5795 3059 5795 3061 5795 3062 5796 3063 5796 3064 5796 3064 5797 3063 5797 3065 5797 3064 5798 3065 5798 3061 5798 3061 5799 3065 5799 3066 5799 3061 5800 3066 5800 3060 5800 3062 5801 3064 5801 3067 5801 3067 5802 3064 5802 2999 5802 3067 5803 2999 5803 3000 5803 2969 5804 2967 5804 3068 5804 3068 5805 2967 5805 3069 5805 3070 5806 3071 5806 3072 5806 3072 5807 3071 5807 3073 5807 3072 5808 3073 5808 3069 5808 3069 5809 3073 5809 3074 5809 3069 5810 3074 5810 3068 5810 3070 5811 3072 5811 3075 5811 3075 5812 3072 5812 3076 5812 3075 5813 3076 5813 3077 5813 3078 5814 2976 5814 2978 5814 2970 5815 2972 5815 3079 5815 2970 5816 3079 5816 3010 5816 3010 5817 3079 5817 3080 5817 3010 5818 3080 5818 3008 5818 3078 5819 2978 5819 3080 5819 3080 5820 2978 5820 3005 5820 3080 5821 3005 5821 3008 5821 3081 5822 3002 5822 3004 5822 2983 5823 2982 5823 3082 5823 2983 5824 3082 5824 3016 5824 3016 5825 3082 5825 3083 5825 3016 5826 3083 5826 3014 5826 3081 5827 3004 5827 3083 5827 3083 5828 3004 5828 3011 5828 3083 5829 3011 5829 3014 5829 3084 5830 2962 5830 3018 5830 3018 5831 2962 5831 2968 5831 2920 5832 2919 5832 3022 5832 3022 5833 2919 5833 3085 5833 3022 5834 3085 5834 3086 5834 3084 5835 3018 5835 3087 5835 3087 5836 3018 5836 3017 5836 3087 5837 3017 5837 3086 5837 3086 5838 3017 5838 3023 5838 3086 5839 3023 5839 3022 5839 3086 5840 3085 5840 3088 5840 3085 5841 2919 5841 2923 5841 3085 5842 2923 5842 3088 5842 3088 5843 2923 5843 2922 5843 3088 5844 2922 5844 3089 5844 3089 5845 2922 5845 2932 5845 3089 5846 2932 5846 3090 5846 3090 5847 2932 5847 2931 5847 3090 5848 2931 5848 3091 5848 3091 5849 2931 5849 2930 5849 3091 5850 2930 5850 3092 5850 3092 5851 2930 5851 2940 5851 3092 5852 2940 5852 3093 5852 3093 5853 2940 5853 2939 5853 3093 5854 2939 5854 3094 5854 3094 5855 2939 5855 2938 5855 3094 5856 2938 5856 3095 5856 3095 5857 2938 5857 2937 5857 3095 5858 2937 5858 3096 5858 3096 5859 2937 5859 3097 5859 3096 5860 3097 5860 3098 5860 3098 5861 3097 5861 2935 5861 3098 5862 2935 5862 3099 5862 3099 5863 2935 5863 2934 5863 3099 5864 2934 5864 3100 5864 3100 5865 2934 5865 2933 5865 3100 5866 2933 5866 3101 5866 3101 5867 2933 5867 2929 5867 3101 5868 2929 5868 3102 5868 3102 5869 2929 5869 2928 5869 3102 5870 2928 5870 3103 5870 3103 5871 2928 5871 2927 5871 3103 5872 2927 5872 3104 5872 3104 5873 2927 5873 2913 5873 3104 5874 2913 5874 3105 5874 3105 5875 2913 5875 2912 5875 3105 5876 2912 5876 3106 5876 3106 5877 2912 5877 2926 5877 3106 5878 2926 5878 3107 5878 3084 5879 3087 5879 3108 5879 3108 5880 3087 5880 3086 5880 2926 5881 2916 5881 3107 5881 3107 5882 2916 5882 3109 5882 3107 5883 3109 5883 3110 5883 3086 5884 3088 5884 3108 5884 3108 5885 3088 5885 3089 5885 3108 5886 3089 5886 3111 5886 3111 5887 3089 5887 3090 5887 3111 5888 3090 5888 3112 5888 3112 5889 3090 5889 3091 5889 3112 5890 3091 5890 3113 5890 3113 5891 3091 5891 3092 5891 3113 5892 3092 5892 3114 5892 3114 5893 3092 5893 3093 5893 3114 5894 3093 5894 3115 5894 3115 5895 3093 5895 3094 5895 3115 5896 3094 5896 3116 5896 3116 5897 3094 5897 3095 5897 3116 5898 3095 5898 3117 5898 3117 5899 3095 5899 3096 5899 3117 5900 3096 5900 3118 5900 3118 5901 3096 5901 3098 5901 3118 5902 3098 5902 3119 5902 3119 5903 3098 5903 3099 5903 3119 5904 3099 5904 3120 5904 3120 5905 3099 5905 3100 5905 3120 5906 3100 5906 3121 5906 3121 5907 3100 5907 3101 5907 3121 5908 3101 5908 3122 5908 3122 5909 3101 5909 3102 5909 3122 5910 3102 5910 3123 5910 3123 5911 3102 5911 3103 5911 3123 5912 3103 5912 3124 5912 3124 5913 3103 5913 3104 5913 3124 5914 3104 5914 3125 5914 3125 5915 3104 5915 3105 5915 3125 5916 3105 5916 3126 5916 3126 5917 3105 5917 3106 5917 3126 5918 3106 5918 3127 5918 3127 5919 3106 5919 3107 5919 3127 5920 3107 5920 3128 5920 3128 5921 3107 5921 3110 5921 3128 5922 3110 5922 3129 5922 2961 5923 2962 5923 3084 5923 3084 5924 3108 5924 2961 5924 2961 5925 3108 5925 3111 5925 2961 5926 3111 5926 2960 5926 2960 5927 3111 5927 3112 5927 2960 5928 3112 5928 2959 5928 2959 5929 3112 5929 3113 5929 2959 5930 3113 5930 2958 5930 2958 5931 3113 5931 3114 5931 2958 5932 3114 5932 2957 5932 2957 5933 3114 5933 3115 5933 2957 5934 3115 5934 2956 5934 2956 5935 3115 5935 3116 5935 2956 5936 3116 5936 2955 5936 2955 5937 3116 5937 3117 5937 2955 5938 3117 5938 2954 5938 2954 5939 3117 5939 3118 5939 2954 5940 3118 5940 2953 5940 2953 5941 3118 5941 3119 5941 2953 5942 3119 5942 3130 5942 3130 5943 3119 5943 3120 5943 3130 5944 3120 5944 2950 5944 2950 5945 3120 5945 3121 5945 2950 5946 3121 5946 2949 5946 2949 5947 3121 5947 3122 5947 2949 5948 3122 5948 2948 5948 2948 5949 3122 5949 3123 5949 2948 5950 3123 5950 2947 5950 2947 5951 3123 5951 3124 5951 2947 5952 3124 5952 2946 5952 2946 5953 3124 5953 3125 5953 2946 5954 3125 5954 2945 5954 2945 5955 3125 5955 3126 5955 2945 5956 3126 5956 2944 5956 2944 5957 3126 5957 3127 5957 2944 5958 3127 5958 2943 5958 2943 5959 3127 5959 3128 5959 2943 5960 3128 5960 2942 5960 2942 5961 3128 5961 3129 5961 2942 5962 3129 5962 2941 5962 3028 5963 3110 5963 3029 5963 3029 5964 3110 5964 3109 5964 3029 5965 3109 5965 3030 5965 2916 5966 2915 5966 3109 5966 3109 5967 2915 5967 3026 5967 3109 5968 3026 5968 3030 5968 2995 5969 2941 5969 3028 5969 3028 5970 2941 5970 3129 5970 3028 5971 3129 5971 3110 5971 3000 5972 3001 5972 3131 5972 3065 5973 3063 5973 3132 5973 3132 5974 3063 5974 3062 5974 3132 5975 3062 5975 3131 5975 3131 5976 3062 5976 3067 5976 3131 5977 3067 5977 3000 5977 3133 5978 3060 5978 3134 5978 3134 5979 3060 5979 3066 5979 3134 5980 2982 5980 3133 5980 3133 5981 2982 5981 2981 5981 3133 5982 2981 5982 3060 5982 3060 5983 2981 5983 2980 5983 3060 5984 2980 5984 3058 5984 3081 5985 3083 5985 3134 5985 3134 5986 3083 5986 3082 5986 3134 5987 3082 5987 2982 5987 3001 5988 3002 5988 3131 5988 3131 5989 3002 5989 3081 5989 3131 5990 3081 5990 3132 5990 3132 5991 3081 5991 3134 5991 3132 5992 3134 5992 3065 5992 3065 5993 3134 5993 3066 5993 2979 5994 2974 5994 3135 5994 3077 5995 2979 5995 3075 5995 3075 5996 2979 5996 3135 5996 3075 5997 3135 5997 3070 5997 3070 5998 3135 5998 3136 5998 3070 5999 3136 5999 3071 5999 3071 6000 3136 6000 3073 6000 3137 6001 3068 6001 3138 6001 3138 6002 3068 6002 3074 6002 3138 6003 2972 6003 3137 6003 3137 6004 2972 6004 2973 6004 3137 6005 2973 6005 3068 6005 3068 6006 2973 6006 2969 6006 3078 6007 3080 6007 3138 6007 3138 6008 3080 6008 3079 6008 3138 6009 3079 6009 2972 6009 2974 6010 2976 6010 3135 6010 3135 6011 2976 6011 3078 6011 3135 6012 3078 6012 3136 6012 3136 6013 3078 6013 3138 6013 3136 6014 3138 6014 3073 6014 3073 6015 3138 6015 3074 6015 2796 6016 2786 6016 2785 6016 2963 6017 2803 6017 2801 6017 2963 6018 2801 6018 3139 6018 3139 6019 2801 6019 2798 6019 3139 6020 2798 6020 3140 6020 2796 6021 2785 6021 2798 6021 2798 6022 2785 6022 3141 6022 2798 6023 3141 6023 3140 6023 2784 6024 2783 6024 2911 6024 3142 6025 2784 6025 3143 6025 3143 6026 2784 6026 2911 6026 3143 6027 2911 6027 2994 6027 2994 6028 2911 6028 2910 6028 2994 6029 2910 6029 2909 6029 2999 6030 3064 6030 2998 6030 2998 6031 3064 6031 3061 6031 2998 6032 3061 6032 3059 6032 3076 6033 3072 6033 2966 6033 2966 6034 3072 6034 3069 6034 2966 6035 3069 6035 2967 6035 3077 6036 3076 6036 2979 6036 2979 6037 3076 6037 2966 6037 2979 6038 2966 6038 2965 6038 2996 6039 2998 6039 2980 6039 2980 6040 2998 6040 3059 6040 2980 6041 3059 6041 3058 6041 2997 6042 2996 6042 2980 6042 2979 6043 2965 6043 2964 6043 2979 6044 3144 6044 2980 6044 2980 6045 3144 6045 3145 6045 3146 6046 3144 6046 3147 6046 3147 6047 3144 6047 2979 6047 3147 6048 2979 6048 3148 6048 3148 6049 2979 6049 2964 6049 3145 6050 3149 6050 2980 6050 2980 6051 3149 6051 3150 6051 2980 6052 3150 6052 2997 6052 3144 6053 1681 6053 3145 6053 3145 6054 1681 6054 1680 6054 3145 6055 1680 6055 1679 6055 3145 6056 1679 6056 3149 6056 3149 6057 1679 6057 1662 6057 3149 6058 1662 6058 3150 6058 3150 6059 1662 6059 1663 6059 3150 6060 1663 6060 2997 6060 1681 6061 3144 6061 3146 6061 1681 6062 3146 6062 1675 6062 1675 6063 3146 6063 3147 6063 1675 6064 3147 6064 1677 6064 1677 6065 3147 6065 3148 6065 1677 6066 3148 6066 1691 6066 1691 6067 3148 6067 2964 6067 1691 6068 2964 6068 1692 6068 2994 6069 1670 6069 1672 6069 2994 6070 1672 6070 3143 6070 3143 6071 1672 6071 1673 6071 3143 6072 1673 6072 3142 6072 3142 6073 1673 6073 1697 6073 3142 6074 1697 6074 2784 6074 2785 6075 1696 6075 1695 6075 2785 6076 1695 6076 3141 6076 3141 6077 1695 6077 1690 6077 3141 6078 1690 6078 3140 6078 3140 6079 1690 6079 1689 6079 3140 6080 1689 6080 3139 6080 3139 6081 1689 6081 1698 6081 3139 6082 1698 6082 2963 6082 2086 6083 2129 6083 2128 6083 2126 6084 2125 6084 2089 6084 2089 6085 2125 6085 2085 6085 2089 6086 2085 6086 2092 6086 2124 6087 2123 6087 2080 6087 2080 6088 2123 6088 2078 6088 2080 6089 2078 6089 2079 6089 2079 6090 2078 6090 2086 6090 2079 6091 2086 6091 2127 6091 2127 6092 2086 6092 2128 6092 2122 6093 2121 6093 2077 6093 2077 6094 2121 6094 2092 6094 2077 6095 2092 6095 2078 6095 2078 6096 2092 6096 2085 6096 2078 6097 2085 6097 2086 6097 3151 6098 3152 6098 3153 6098 3153 6099 3152 6099 3154 6099 3153 6100 3154 6100 3155 6100 3155 6101 3154 6101 3156 6101 3155 6102 3156 6102 3157 6102 3157 6103 3156 6103 3158 6103 3157 6104 3158 6104 3159 6104 3159 6105 3158 6105 3160 6105 3159 6106 3160 6106 3161 6106 3161 6107 3160 6107 3162 6107 3161 6108 3162 6108 3163 6108 3163 6109 3162 6109 3164 6109 3163 6110 3164 6110 3165 6110 3165 6111 3164 6111 3166 6111 3165 6112 3166 6112 3167 6112 3167 6113 3166 6113 3168 6113 3167 6114 3168 6114 3169 6114 3169 6115 3168 6115 3170 6115 3169 6116 3170 6116 3171 6116 3171 6117 3170 6117 3172 6117 3171 6118 3172 6118 3173 6118 3173 6119 3172 6119 3174 6119 3173 6120 3174 6120 3175 6120 3175 6121 3174 6121 3176 6121 3175 6122 3176 6122 3177 6122 3177 6123 3176 6123 3178 6123 3177 6124 3178 6124 3179 6124 3179 6125 3178 6125 3180 6125 3179 6126 3180 6126 3181 6126 3181 6127 3180 6127 3182 6127 3181 6128 3182 6128 3183 6128 3183 6129 3182 6129 3184 6129 3183 6130 3184 6130 3185 6130 3185 6131 3184 6131 3186 6131 3185 6132 3186 6132 3187 6132 3187 6133 3186 6133 3188 6133 3187 6134 3188 6134 3189 6134 3189 6135 3188 6135 3190 6135 3189 6136 3190 6136 3191 6136 3191 6137 3190 6137 3192 6137 3191 6138 3192 6138 3193 6138 3193 6139 3192 6139 3194 6139 3195 6140 3196 6140 3197 6140 3195 6141 3197 6141 3198 6141 3198 6142 3197 6142 3199 6142 3198 6143 3199 6143 3200 6143 3200 6144 3199 6144 3201 6144 3200 6145 3201 6145 3202 6145 3202 6146 3201 6146 3203 6146 3202 6147 3203 6147 3204 6147 3204 6148 3203 6148 3205 6148 3204 6149 3205 6149 3206 6149 3206 6150 3205 6150 3207 6150 3206 6151 3207 6151 3208 6151 3208 6152 3207 6152 3209 6152 3208 6153 3209 6153 3210 6153 3210 6154 3209 6154 3211 6154 3210 6155 3211 6155 3212 6155 3212 6156 3211 6156 3213 6156 3212 6157 3213 6157 3214 6157 3214 6158 3213 6158 3215 6158 3214 6159 3215 6159 3216 6159 3216 6160 3215 6160 3217 6160 3216 6161 3217 6161 3218 6161 3218 6162 3217 6162 3219 6162 3218 6163 3219 6163 3220 6163 3220 6164 3219 6164 3221 6164 3220 6165 3221 6165 3222 6165 3222 6166 3221 6166 3223 6166 3222 6167 3223 6167 3224 6167 3224 6168 3223 6168 3225 6168 3224 6169 3225 6169 3226 6169 3226 6170 3225 6170 3227 6170 3226 6171 3227 6171 3228 6171 3228 6172 3227 6172 3229 6172 3228 6173 3229 6173 3230 6173 3230 6174 3229 6174 3231 6174 3230 6175 3231 6175 3232 6175 3232 6176 3231 6176 3233 6176 3232 6177 3233 6177 3234 6177 3234 6178 3233 6178 3235 6178 3234 6179 3235 6179 3236 6179 3236 6180 3235 6180 3237 6180 3236 6181 3237 6181 3238 6181 3238 6182 3237 6182 3239 6182 3238 6183 3239 6183 3240 6183 3240 6184 3239 6184 3241 6184 3240 6185 3241 6185 3242 6185 3242 6186 3241 6186 3243 6186 3242 6187 3243 6187 3244 6187 3244 6188 3243 6188 3245 6188 3244 6189 3245 6189 3246 6189 3246 6190 3245 6190 3247 6190 3246 6191 3247 6191 3248 6191 3248 6192 3247 6192 3249 6192 3248 6193 3249 6193 3250 6193 3250 6194 3249 6194 3251 6194 3250 6195 3251 6195 3252 6195 3252 6196 3251 6196 3253 6196 3252 6197 3253 6197 3254 6197 3254 6198 3253 6198 3255 6198 3254 6199 3255 6199 3256 6199 3256 6200 3255 6200 3257 6200 3256 6201 3257 6201 3258 6201 3258 6202 3257 6202 3259 6202 3258 6203 3259 6203 3260 6203 3260 6204 3259 6204 3261 6204 3260 6205 3261 6205 3262 6205 3262 6206 3261 6206 3263 6206 3262 6207 3263 6207 3264 6207 3265 6208 3266 6208 3195 6208 3158 6273 3156 6273 3259 6273 3275 6274 3276 6274 3277 6274 3277 6275 3276 6275 3194 6275 3277 6276 3194 6276 3278 6276 3278 6277 3194 6277 3279 6277 3186 6278 3203 6278 3188 6278 3188 6279 3203 6279 3201 6279 3188 6280 3201 6280 3190 6280 3190 6281 3201 6281 3199 6281 3190 6282 3199 6282 3192 6282 3192 6283 3199 6283 3197 6283 3192 6284 3197 6284 3194 6284 3194 6285 3197 6285 3196 6285 3194 6286 3196 6286 3279 6286 3180 6287 3178 6287 3217 6287 3237 6288 3170 6288 3168 6288 3166 6289 3241 6289 3168 6289 3168 6290 3241 6290 3239 6290 3168 6291 3239 6291 3237 6291 3164 6292 3245 6292 3166 6292 3166 6293 3245 6293 3243 6293 3166 6294 3243 6294 3241 6294 3182 6295 3209 6295 3184 6295 3184 6296 3209 6296 3207 6296 3184 6297 3207 6297 3186 6297 3186 6298 3207 6298 3205 6298 3186 6299 3205 6299 3203 6299 3217 6300 3215 6300 3180 6300 3180 6301 3215 6301 3213 6301 3180 6302 3213 6302 3182 6302 3182 6303 3213 6303 3211 6303 3182 6304 3211 6304 3209 6304 3176 6305 3221 6305 3178 6305 3178 6306 3221 6306 3219 6306 3178 6307 3219 6307 3217 6307 3174 6308 3225 6308 3176 6308 3176 6309 3225 6309 3223 6309 3176 6310 3223 6310 3221 6310 3237 6311 3235 6311 3170 6311 3170 6312 3235 6312 3233 6312 3170 6313 3233 6313 3172 6313 3162 6314 3249 6314 3164 6314 3164 6315 3249 6315 3247 6315 3164 6316 3247 6316 3245 6316 3280 6317 3281 6317 3152 6317 3152 6318 3281 6318 3282 6318 3259 6319 3156 6319 3261 6319 3261 6320 3156 6320 3154 6320 3261 6321 3154 6321 3263 6321 3263 6322 3154 6322 3152 6322 3263 6323 3152 6323 3283 6323 3283 6324 3152 6324 3282 6324 3283 6325 3282 6325 3284 6325 3233 6326 3231 6326 3172 6326 3172 6327 3231 6327 3229 6327 3172 6328 3229 6328 3174 6328 3174 6329 3229 6329 3227 6329 3174 6330 3227 6330 3225 6330 3259 6331 3257 6331 3158 6331 3158 6332 3257 6332 3255 6332 3158 6333 3255 6333 3160 6333 3160 6334 3255 6334 3253 6334 3160 6335 3253 6335 3162 6335 3162 6336 3253 6336 3251 6336 3162 6337 3251 6337 3249 6337 3196 6338 3195 6338 3266 6338 3196 6339 3266 6339 3279 6339 3279 6340 3266 6340 3265 6340 3279 6341 3265 6341 3278 6341 3278 6342 3265 6342 3269 6342 3278 6343 3269 6343 3277 6343 3277 6344 3269 6344 3268 6344 3277 6345 3268 6345 3275 6345 3275 6346 3268 6346 3267 6346 3275 6347 3267 6347 3276 6347 3276 6348 3267 6348 3193 6348 3276 6349 3193 6349 3194 6349 3152 6350 3151 6350 3274 6350 3152 6351 3274 6351 3280 6351 3280 6352 3274 6352 3273 6352 3280 6353 3273 6353 3281 6353 3281 6354 3273 6354 3272 6354 3281 6355 3272 6355 3282 6355 3282 6356 3272 6356 3271 6356 3282 6357 3271 6357 3284 6357 3284 6358 3271 6358 3270 6358 3284 6359 3270 6359 3283 6359 3283 6360 3270 6360 3264 6360 3283 6361 3264 6361 3263 6361 3285 6362 3195 6362 3286 6362 3286 6363 3195 6363 3266 6363 3286 6364 3266 6364 3287 6364 3287 6365 3266 6365 3288 6365 3265 6366 3289 6366 3290 6366 3289 6367 3265 6367 3291 6367 3291 6368 3265 6368 3269 6368 3291 6369 3269 6369 3292 6369 3292 6370 3269 6370 3268 6370 3292 6371 3268 6371 3293 6371 3294 6372 3295 6372 3296 6372 3296 6373 3295 6373 3297 6373 3297 6374 3295 6374 3298 6374 3298 6375 3295 6375 3299 6375 3298 6376 3299 6376 3300 6376 3301 6377 3302 6377 3265 6377 3265 6378 3302 6378 3303 6378 3265 6379 3303 6379 3266 6379 3266 6380 3303 6380 3304 6380 3266 6381 3304 6381 3288 6381 3290 6382 3305 6382 3265 6382 3265 6383 3305 6383 3306 6383 3265 6384 3306 6384 3301 6384 3273 6385 3272 6385 3268 6385 3307 6386 3308 6386 3309 6386 3310 6387 3311 6387 3268 6387 3268 6388 3311 6388 3312 6388 3268 6389 3312 6389 3293 6389 3313 6390 3151 6390 3274 6390 3314 6391 3315 6391 3316 6391 3316 6392 3315 6392 3317 6392 3316 6393 3317 6393 3318 6393 3272 6394 3271 6394 3268 6394 3268 6395 3271 6395 3270 6395 3268 6396 3270 6396 3310 6396 3310 6397 3270 6397 3264 6397 3319 6398 3320 6398 3321 6398 3322 6399 3323 6399 3324 6399 3324 6400 3323 6400 3325 6400 3324 6401 3325 6401 3326 6401 3326 6402 3325 6402 3327 6402 3328 6403 3329 6403 3330 6403 3330 6404 3329 6404 3331 6404 3330 6405 3331 6405 3332 6405 3332 6406 3331 6406 3333 6406 3332 6407 3333 6407 3299 6407 3299 6408 3333 6408 3334 6408 3299 6409 3334 6409 3300 6409 3318 6410 3317 6410 3335 6410 3335 6411 3317 6411 3336 6411 3335 6412 3336 6412 3330 6412 3330 6413 3336 6413 3337 6413 3330 6414 3337 6414 3328 6414 3314 6415 3338 6415 3315 6415 3315 6416 3338 6416 3339 6416 3315 6417 3339 6417 3340 6417 3340 6418 3339 6418 3309 6418 3340 6419 3309 6419 3341 6419 3341 6420 3309 6420 3308 6420 3285 6421 3342 6421 3195 6421 3195 6422 3342 6422 3343 6422 3195 6423 3343 6423 3344 6423 3344 6424 3343 6424 3345 6424 3344 6425 3345 6425 3309 6425 3309 6426 3345 6426 3346 6426 3309 6427 3346 6427 3307 6427 3313 6428 3347 6428 3151 6428 3151 6429 3347 6429 3348 6429 3151 6430 3348 6430 3349 6430 3273 6431 3268 6431 3274 6431 3274 6432 3268 6432 3267 6432 3274 6433 3267 6433 3193 6433 3321 6434 3320 6434 3350 6434 3294 6435 3351 6435 3295 6435 3295 6436 3351 6436 3352 6436 3295 6437 3352 6437 3325 6437 3325 6438 3352 6438 3353 6438 3325 6439 3353 6439 3327 6439 3349 6440 3354 6440 3151 6440 3151 6441 3354 6441 3355 6441 3151 6442 3355 6442 3356 6442 3356 6443 3357 6443 3151 6443 3151 6444 3357 6444 3358 6444 3151 6445 3358 6445 3359 6445 3359 6446 3360 6446 3151 6446 3151 6447 3360 6447 3361 6447 3151 6448 3361 6448 3362 6448 3193 6449 3363 6449 3274 6449 3274 6450 3363 6450 3364 6450 3274 6451 3364 6451 3313 6451 3320 6452 3365 6452 3350 6452 3350 6453 3365 6453 3366 6453 3350 6454 3366 6454 3367 6454 3367 6455 3366 6455 3368 6455 3367 6456 3368 6456 3369 6456 3369 6457 3368 6457 3370 6457 3369 6458 3370 6458 3371 6458 3371 6459 3370 6459 3372 6459 3372 6460 3370 6460 3373 6460 3373 6461 3370 6461 3374 6461 3373 6462 3374 6462 3375 6462 3376 6463 3377 6463 3321 6463 3321 6464 3377 6464 3378 6464 3321 6465 3378 6465 3319 6465 3264 6466 3379 6466 3310 6466 3310 6467 3379 6467 3377 6467 3310 6468 3377 6468 3380 6468 3380 6469 3377 6469 3376 6469 3322 6470 3381 6470 3323 6470 3323 6471 3381 6471 3382 6471 3323 6472 3382 6472 3374 6472 3374 6473 3382 6473 3383 6473 3374 6474 3383 6474 3375 6474 3384 6475 3385 6475 3386 6475 3386 6476 3385 6476 3387 6476 3388 6477 3389 6477 3390 6477 3390 6478 3389 6478 3391 6478 3392 6479 3393 6479 3394 6479 3395 6480 3396 6480 3397 6480 3397 6481 3396 6481 3398 6481 3397 6482 3398 6482 3399 6482 3400 6483 3401 6483 3393 6483 3393 6484 3401 6484 3402 6484 3393 6485 3402 6485 3394 6485 3394 6486 3402 6486 3397 6486 3394 6487 3397 6487 3403 6487 3403 6488 3397 6488 3399 6488 3394 6489 3404 6489 3387 6489 3387 6490 3404 6490 3405 6490 3387 6491 3405 6491 3406 6491 3407 6492 3408 6492 3409 6492 3409 6493 3408 6493 3392 6493 3409 6494 3392 6494 3410 6494 3410 6495 3392 6495 3394 6495 3410 6496 3394 6496 3411 6496 3411 6497 3394 6497 3387 6497 3411 6498 3387 6498 3385 6498 3385 6499 3412 6499 3411 6499 3411 6500 3412 6500 3413 6500 3411 6501 3413 6501 3414 6501 3414 6502 3413 6502 3415 6502 3391 6503 3400 6503 3416 6503 3416 6504 3417 6504 3391 6504 3391 6505 3417 6505 3418 6505 3391 6506 3418 6506 3419 6506 3420 6507 3421 6507 3407 6507 3407 6508 3421 6508 3422 6508 3407 6509 3422 6509 3408 6509 3400 6510 3391 6510 3401 6510 3401 6511 3391 6511 3389 6511 3401 6512 3389 6512 3423 6512 3423 6513 3424 6513 3401 6513 3401 6514 3424 6514 3425 6514 3401 6515 3425 6515 3426 6515 3427 6516 3428 6516 3429 6516 3430 6517 3431 6517 3432 6517 3433 6518 3434 6518 3395 6518 3395 6519 3434 6519 3435 6519 3395 6520 3435 6520 3396 6520 3433 6521 3436 6521 3434 6521 3434 6522 3436 6522 3427 6522 3434 6523 3427 6523 3437 6523 3437 6524 3427 6524 3429 6524 3420 6525 3438 6525 3421 6525 3421 6526 3438 6526 3430 6526 3421 6527 3430 6527 3439 6527 3439 6528 3430 6528 3432 6528 3395 6529 3440 6529 3441 6529 3395 6530 3441 6530 3433 6530 3433 6531 3441 6531 3442 6531 3433 6532 3442 6532 3436 6532 3436 6533 3442 6533 3443 6533 3436 6534 3443 6534 3427 6534 3427 6535 3443 6535 3444 6535 3427 6536 3444 6536 3428 6536 3428 6537 3444 6537 3445 6537 3428 6538 3445 6538 3429 6538 3429 6539 3445 6539 3446 6539 3429 6540 3446 6540 3437 6540 3437 6541 3446 6541 3447 6541 3437 6542 3447 6542 3434 6542 3434 6543 3447 6543 3448 6543 3434 6544 3448 6544 3435 6544 3435 6545 3448 6545 3449 6545 3435 6546 3449 6546 3396 6546 3407 6547 3450 6547 3451 6547 3407 6548 3451 6548 3420 6548 3420 6549 3451 6549 3452 6549 3420 6550 3452 6550 3438 6550 3438 6551 3452 6551 3453 6551 3438 6552 3453 6552 3430 6552 3430 6553 3453 6553 3454 6553 3430 6554 3454 6554 3431 6554 3431 6555 3454 6555 3455 6555 3431 6556 3455 6556 3432 6556 3432 6557 3455 6557 3456 6557 3432 6558 3456 6558 3439 6558 3439 6559 3456 6559 3457 6559 3439 6560 3457 6560 3421 6560 3421 6561 3457 6561 3458 6561 3421 6562 3458 6562 3422 6562 3422 6563 3458 6563 3459 6563 3422 6564 3459 6564 3408 6564 3196 6565 3195 6565 3460 6565 3460 6566 3195 6566 3344 6566 3460 6567 3344 6567 3461 6567 3461 6568 3344 6568 3309 6568 3461 6569 3309 6569 3462 6569 3462 6570 3309 6570 3339 6570 3462 6571 3339 6571 3463 6571 3463 6572 3339 6572 3338 6572 3463 6573 3338 6573 3464 6573 3464 6574 3338 6574 3314 6574 3464 6575 3314 6575 3465 6575 3465 6576 3314 6576 3316 6576 3465 6577 3316 6577 3466 6577 3466 6578 3316 6578 3318 6578 3466 6579 3318 6579 3467 6579 3467 6580 3318 6580 3335 6580 3467 6581 3335 6581 3468 6581 3468 6582 3335 6582 3330 6582 3468 6583 3330 6583 3469 6583 3469 6584 3330 6584 3332 6584 3469 6585 3332 6585 3470 6585 3470 6586 3332 6586 3299 6586 3470 6587 3299 6587 3471 6587 3471 6588 3299 6588 3295 6588 3471 6589 3295 6589 3472 6589 3472 6590 3295 6590 3325 6590 3472 6591 3325 6591 3473 6591 3473 6592 3325 6592 3323 6592 3473 6593 3323 6593 3474 6593 3474 6594 3323 6594 3374 6594 3474 6595 3374 6595 3475 6595 3475 6596 3374 6596 3370 6596 3475 6597 3370 6597 3476 6597 3476 6598 3370 6598 3368 6598 3476 6599 3368 6599 3477 6599 3477 6600 3368 6600 3366 6600 3477 6601 3366 6601 3478 6601 3478 6602 3366 6602 3365 6602 3478 6603 3365 6603 3479 6603 3479 6604 3365 6604 3320 6604 3479 6605 3320 6605 3480 6605 3480 6606 3320 6606 3319 6606 3480 6607 3319 6607 3481 6607 3481 6608 3319 6608 3378 6608 3481 6609 3378 6609 3482 6609 3482 6610 3378 6610 3377 6610 3482 6611 3377 6611 3483 6611 3483 6612 3377 6612 3379 6612 3483 6613 3379 6613 3263 6613 3263 6614 3379 6614 3264 6614 3152 6615 3151 6615 3362 6615 3152 6616 3362 6616 3484 6616 3484 6617 3362 6617 3361 6617 3484 6618 3361 6618 3485 6618 3485 6619 3361 6619 3360 6619 3485 6620 3360 6620 3486 6620 3486 6621 3360 6621 3359 6621 3486 6622 3359 6622 3487 6622 3487 6623 3359 6623 3358 6623 3487 6624 3358 6624 3488 6624 3488 6625 3358 6625 3357 6625 3488 6626 3357 6626 3489 6626 3489 6627 3357 6627 3356 6627 3489 6628 3356 6628 3490 6628 3490 6629 3356 6629 3491 6629 3490 6630 3491 6630 3492 6630 3492 6631 3491 6631 3354 6631 3492 6632 3354 6632 3493 6632 3493 6633 3354 6633 3349 6633 3493 6634 3349 6634 3494 6634 3494 6635 3349 6635 3348 6635 3494 6636 3348 6636 3495 6636 3495 6638 3347 6638 3496 6638 3496 6639 3347 6639 3313 6639 3496 6640 3313 6640 3497 6640 3497 6641 3313 6641 3364 6641 3497 6642 3364 6642 3498 6642 3498 6643 3364 6643 3363 6643 3498 6644 3363 6644 3499 6644 3499 6645 3363 6645 3193 6645 3499 6646 3193 6646 3194 6646 3497 6647 3498 6647 3461 6647 3263 6648 3283 6648 3284 6648 3461 6649 3498 6649 3460 6649 3460 6650 3498 6650 3499 6650 3460 6651 3499 6651 3196 6651 3196 6652 3499 6652 3194 6652 3196 6653 3194 6653 3276 6653 3278 6654 3279 6654 3277 6654 3277 6655 3279 6655 3196 6655 3277 6656 3196 6656 3275 6656 3275 6657 3196 6657 3276 6657 3487 6658 3480 6658 3486 6658 3486 6659 3480 6659 3481 6659 3486 6660 3481 6660 3485 6660 3485 6661 3481 6661 3482 6661 3485 6662 3482 6662 3484 6662 3484 6663 3482 6663 3483 6663 3484 6664 3483 6664 3152 6664 3152 6665 3483 6665 3263 6665 3152 6666 3263 6666 3281 6666 3281 6667 3263 6667 3284 6667 3281 6668 3284 6668 3282 6668 3488 6669 3478 6669 3487 6669 3487 6670 3478 6670 3479 6670 3487 6671 3479 6671 3480 6671 3489 6672 3476 6672 3488 6672 3488 6673 3476 6673 3477 6673 3488 6674 3477 6674 3478 6674 3471 6675 3472 6675 3500 6675 3500 6676 3472 6676 3473 6676 3500 6677 3473 6677 3490 6677 3490 6678 3473 6678 3474 6678 3490 6679 3474 6679 3489 6679 3489 6680 3474 6680 3475 6680 3489 6681 3475 6681 3476 6681 3495 6682 3467 6682 3494 6682 3494 6683 3467 6683 3468 6683 3494 6684 3468 6684 3493 6684 3493 6685 3468 6685 3469 6685 3493 6686 3469 6686 3500 6686 3500 6687 3469 6687 3470 6687 3500 6688 3470 6688 3471 6688 3496 6689 3465 6689 3495 6689 3495 6690 3465 6690 3466 6690 3495 6691 3466 6691 3467 6691 3461 6692 3462 6692 3497 6692 3497 6693 3462 6693 3463 6693 3497 6694 3463 6694 3496 6694 3496 6695 3463 6695 3464 6695 3496 6696 3464 6696 3465 6696 3390 6697 3391 6697 3419 6697 3390 6698 3419 6698 3501 6698 3501 6699 3419 6699 3418 6699 3501 6700 3418 6700 3502 6700 3502 6701 3418 6701 3417 6701 3502 6702 3417 6702 3503 6702 3503 6703 3417 6703 3416 6703 3503 6704 3416 6704 3504 6704 3504 6705 3416 6705 3400 6705 3504 6706 3400 6706 3505 6706 3506 6707 3411 6707 3414 6707 3506 6708 3414 6708 3507 6708 3507 6709 3414 6709 3415 6709 3507 6710 3415 6710 3508 6710 3508 6711 3415 6711 3413 6711 3508 6712 3413 6712 3509 6712 3509 6713 3413 6713 3412 6713 3509 6714 3412 6714 3510 6714 3510 6715 3412 6715 3385 6715 3510 6716 3385 6716 3384 6716 3386 6717 3387 6717 3406 6717 3386 6718 3406 6718 3511 6718 3511 6719 3406 6719 3405 6719 3511 6720 3405 6720 3512 6720 3512 6721 3405 6721 3404 6721 3512 6722 3404 6722 3513 6722 3513 6723 3404 6723 3394 6723 3513 6724 3394 6724 3514 6724 3514 6725 3394 6725 3403 6725 3514 6726 3403 6726 3515 6726 3516 6727 3401 6727 3426 6727 3516 6728 3426 6728 3517 6728 3517 6729 3426 6729 3425 6729 3517 6730 3425 6730 3518 6730 3518 6731 3425 6731 3424 6731 3518 6732 3424 6732 3519 6732 3519 6733 3424 6733 3423 6733 3519 6734 3423 6734 3520 6734 3520 6735 3423 6735 3389 6735 3520 6736 3389 6736 3388 6736 3505 6737 3400 6737 3521 6737 3521 6738 3400 6738 3393 6738 3521 6739 3393 6739 3522 6739 3522 6740 3393 6740 3523 6740 3523 6741 3393 6741 3524 6741 3524 6742 3393 6742 3392 6742 3524 6743 3392 6743 3525 6743 3525 6744 3392 6744 3408 6744 3525 6745 3408 6745 3459 6745 3450 6746 3407 6746 3526 6746 3526 6747 3407 6747 3409 6747 3526 6748 3409 6748 3527 6748 3527 6749 3409 6749 3528 6749 3528 6750 3409 6750 3410 6750 3528 6751 3410 6751 3529 6751 3529 6752 3410 6752 3530 6752 3530 6753 3410 6753 3411 6753 3530 6754 3411 6754 3506 6754 3515 6755 3403 6755 3531 6755 3531 6756 3403 6756 3399 6756 3531 6757 3399 6757 3532 6757 3532 6758 3399 6758 3533 6758 3533 6759 3399 6759 3534 6759 3534 6760 3399 6760 3398 6760 3534 6761 3398 6761 3535 6761 3535 6762 3398 6762 3396 6762 3535 6763 3396 6763 3449 6763 3440 6764 3395 6764 3536 6764 3536 6765 3395 6765 3397 6765 3536 6766 3397 6766 3537 6766 3402 6767 3401 6767 3516 6767 3516 6768 3538 6768 3402 6768 3402 6769 3538 6769 3539 6769 3402 6770 3539 6770 3397 6770 3397 6771 3539 6771 3540 6771 3397 6772 3540 6772 3537 6772 3386 6773 3317 6773 3384 6773 3384 6774 3317 6774 3315 6774 3317 6775 3386 6775 3511 6775 3317 6776 3511 6776 3336 6776 3336 6777 3511 6777 3512 6777 3336 6778 3512 6778 3337 6778 3337 6779 3512 6779 3513 6779 3337 6780 3513 6780 3328 6780 3328 6781 3513 6781 3514 6781 3328 6782 3514 6782 3329 6782 3329 6783 3514 6783 3515 6783 3329 6784 3515 6784 3331 6784 3346 6785 3506 6785 3507 6785 3346 6786 3507 6786 3307 6786 3307 6787 3507 6787 3508 6787 3307 6788 3508 6788 3308 6788 3308 6789 3508 6789 3509 6789 3308 6790 3509 6790 3341 6790 3341 6791 3509 6791 3510 6791 3341 6792 3510 6792 3340 6792 3340 6793 3510 6793 3384 6793 3340 6794 3384 6794 3315 6794 3333 6795 3331 6795 3515 6795 3515 6796 3531 6796 3333 6796 3333 6797 3531 6797 3532 6797 3333 6798 3532 6798 3334 6798 3334 6799 3532 6799 3533 6799 3334 6800 3533 6800 3300 6800 3449 6801 3298 6801 3535 6801 3535 6802 3298 6802 3300 6802 3535 6803 3300 6803 3534 6803 3534 6804 3300 6804 3533 6804 3506 6805 3346 6805 3530 6805 3530 6806 3346 6806 3345 6806 3530 6807 3345 6807 3529 6807 3529 6808 3345 6808 3343 6808 3529 6809 3343 6809 3528 6809 3528 6810 3343 6810 3342 6810 3528 6811 3342 6811 3527 6811 3527 6812 3342 6812 3285 6812 3527 6813 3285 6813 3526 6813 3526 6814 3285 6814 3286 6814 3526 6815 3286 6815 3450 6815 3450 6816 3286 6816 3287 6816 3298 6817 3449 6817 3448 6817 3298 6818 3448 6818 3297 6818 3297 6819 3448 6819 3447 6819 3297 6820 3447 6820 3296 6820 3296 6821 3447 6821 3446 6821 3296 6822 3446 6822 3294 6822 3294 6823 3446 6823 3445 6823 3294 6824 3445 6824 3351 6824 3351 6825 3445 6825 3444 6825 3351 6826 3444 6826 3352 6826 3352 6827 3444 6827 3443 6827 3352 6828 3443 6828 3353 6828 3353 6829 3443 6829 3442 6829 3353 6830 3442 6830 3327 6830 3327 6831 3442 6831 3441 6831 3327 6832 3441 6832 3326 6832 3326 6833 3441 6833 3440 6833 3326 6834 3440 6834 3324 6834 3289 6835 3459 6835 3458 6835 3289 6836 3458 6836 3290 6836 3290 6837 3458 6837 3457 6837 3290 6838 3457 6838 3305 6838 3305 6839 3457 6839 3456 6839 3305 6840 3456 6840 3306 6840 3306 6841 3456 6841 3455 6841 3306 6842 3455 6842 3301 6842 3301 6843 3455 6843 3454 6843 3301 6844 3454 6844 3302 6844 3302 6845 3454 6845 3453 6845 3302 6846 3453 6846 3303 6846 3303 6847 3453 6847 3452 6847 3303 6848 3452 6848 3304 6848 3304 6849 3452 6849 3451 6849 3304 6850 3451 6850 3288 6850 3288 6851 3451 6851 3450 6851 3288 6852 3450 6852 3287 6852 3516 6853 3373 6853 3538 6853 3538 6854 3373 6854 3375 6854 3538 6855 3375 6855 3539 6855 3539 6856 3375 6856 3383 6856 3539 6857 3383 6857 3540 6857 3540 6858 3383 6858 3382 6858 3540 6859 3382 6859 3537 6859 3537 6860 3382 6860 3381 6860 3537 6861 3381 6861 3536 6861 3536 6862 3381 6862 3322 6862 3536 6863 3322 6863 3440 6863 3440 6864 3322 6864 3324 6864 3293 6865 3312 6865 3505 6865 3505 6866 3521 6866 3293 6866 3293 6867 3521 6867 3522 6867 3293 6868 3522 6868 3292 6868 3292 6869 3522 6869 3523 6869 3292 6870 3523 6870 3291 6870 3459 6871 3289 6871 3525 6871 3525 6872 3289 6872 3291 6872 3525 6873 3291 6873 3524 6873 3524 6874 3291 6874 3523 6874 3373 6875 3516 6875 3517 6875 3373 6876 3517 6876 3372 6876 3372 6877 3517 6877 3518 6877 3372 6878 3518 6878 3371 6878 3371 6879 3518 6879 3519 6879 3371 6880 3519 6880 3369 6880 3369 6881 3519 6881 3520 6881 3369 6882 3520 6882 3367 6882 3367 6883 3520 6883 3388 6883 3367 6884 3388 6884 3350 6884 3321 6885 3390 6885 3501 6885 3321 6886 3501 6886 3376 6886 3376 6887 3501 6887 3502 6887 3376 6888 3502 6888 3380 6888 3380 6889 3502 6889 3503 6889 3380 6890 3503 6890 3310 6890 3310 6891 3503 6891 3504 6891 3310 6892 3504 6892 3311 6892 3311 6893 3504 6893 3505 6893 3311 6894 3505 6894 3312 6894 3390 6895 3321 6895 3388 6895 3388 6896 3321 6896 3350 6896</p>
        </triangles>
        <triangles material="silver-material" count="366">
          <input semantic="VERTEX" source="#link_base-mesh-vertices" offset="0"/>
          <input semantic="NORMAL" source="#link_base-mesh-normals" offset="1"/>
          <p>15 11 16 11 17 11 18 15 14 15 17 15 12 163 4 163 159 163 8 164 7 164 160 164 160 165 161 165 8 165 8 166 161 166 162 166 8 167 162 167 10 167 159 168 4 168 163 168 4 169 3 169 163 169 163 170 3 170 6 170 163 171 6 171 162 171 162 172 6 172 11 172 162 173 11 173 10 173 12 174 159 174 13 174 13 175 159 175 164 175 13 176 164 176 14 176 14 177 164 177 165 177 14 178 165 178 17 178 17 179 165 179 166 179 17 180 166 180 15 180 165 198 164 198 159 198 172 199 171 199 175 199 175 200 171 200 170 200 175 201 170 201 169 201 161 202 160 202 176 202 175 203 177 203 168 203 168 204 177 204 178 204 179 205 180 205 181 205 182 206 177 206 183 206 183 207 177 207 184 207 183 208 184 208 185 208 176 209 160 209 179 209 180 210 179 210 186 210 174 212 172 212 175 212 181 215 187 215 179 215 179 216 187 216 188 216 179 217 188 217 177 217 177 218 188 218 189 218 177 219 189 219 184 219 166 220 165 220 176 220 176 221 165 221 159 221 176 222 159 222 161 222 161 223 159 223 163 223 161 224 163 224 162 224 182 225 190 225 177 225 177 226 190 226 191 226 177 227 191 227 178 227 192 228 186 228 193 228 193 229 186 229 179 229 193 230 179 230 194 230 194 231 179 231 160 231 160 1981 7 1981 194 1981 194 1982 7 1982 28 1982 182 1995 33 1995 46 1995 63 2011 181 2011 180 2011 63 2012 180 2012 69 2012 69 2013 180 2013 186 2013 1158 2097 243 2097 242 2097 1158 2098 242 2098 1159 2098 1159 2099 242 2099 240 2099 1159 2100 240 2100 1160 2100 1160 2101 240 2101 239 2101 1160 2102 239 2102 1161 2102 1161 2103 239 2103 246 2103 1161 2104 246 2104 1162 2104 1162 2105 246 2105 245 2105 1162 2106 245 2106 1163 2106 1158 2107 1164 2107 243 2107 243 2108 1164 2108 1165 2108 243 2109 1165 2109 234 2109 234 2110 1165 2110 1166 2110 234 2111 1166 2111 235 2111 235 2112 1166 2112 1167 2112 235 2113 1167 2113 222 2113 222 2114 1167 2114 1168 2114 222 2115 1168 2115 224 2115 224 2116 1168 2116 1169 2116 224 2117 1169 2117 226 2117 226 2118 1169 2118 1170 2118 226 2119 1170 2119 229 2119 229 2120 1170 2120 1171 2120 229 2121 1171 2121 230 2121 230 2122 1171 2122 1172 2122 230 2123 1172 2123 231 2123 231 2124 1172 2124 1173 2124 231 2125 1173 2125 232 2125 232 2126 1173 2126 1163 2126 232 2127 1163 2127 244 2127 244 2128 1163 2128 245 2128 1371 2396 1163 2396 1372 2396 1372 2397 1163 2397 1173 2397 1372 2398 1173 2398 1373 2398 1373 2399 1173 2399 1172 2399 1373 2400 1172 2400 1374 2400 1374 2401 1172 2401 1171 2401 1374 2402 1171 2402 1375 2402 1375 2403 1171 2403 1170 2403 1375 2404 1170 2404 1376 2404 1376 2405 1170 2405 1169 2405 1376 2406 1169 2406 1377 2406 1169 2407 1168 2407 1377 2407 1377 2408 1168 2408 1167 2408 1377 2409 1167 2409 1378 2409 1378 2410 1167 2410 1166 2410 1378 2411 1166 2411 1379 2411 1379 2412 1166 2412 1165 2412 1379 2413 1165 2413 1380 2413 1380 2414 1165 2414 1164 2414 1380 2415 1164 2415 1381 2415 1381 2416 1164 2416 1158 2416 1381 2417 1158 2417 1382 2417 1382 2418 1158 2418 1159 2418 1382 2419 1159 2419 1383 2419 1383 2420 1159 2420 1160 2420 1383 2421 1160 2421 1384 2421 1384 2422 1160 2422 1161 2422 1384 2423 1161 2423 1371 2423 1371 2424 1161 2424 1162 2424 1371 2425 1162 2425 1163 2425 1385 2426 1386 2426 1387 2426 1388 2427 1376 2427 1389 2427 1389 2428 1376 2428 1377 2428 1389 2429 1377 2429 1387 2429 1387 2430 1377 2430 1378 2430 1387 2431 1378 2431 1385 2431 1385 2432 1378 2432 1379 2432 1385 2433 1379 2433 1390 2433 1390 2434 1379 2434 1380 2434 1390 2435 1380 2435 1391 2435 1391 2436 1380 2436 1381 2436 1391 2437 1381 2437 1392 2437 1381 2438 1382 2438 1392 2438 1392 2439 1382 2439 1383 2439 1392 2440 1383 2440 1393 2440 1393 2441 1383 2441 1384 2441 1393 2442 1384 2442 1394 2442 1394 2443 1384 2443 1371 2443 1394 2444 1371 2444 1395 2444 1395 2445 1371 2445 1372 2445 1395 2446 1372 2446 1396 2446 1396 2447 1372 2447 1373 2447 1396 2448 1373 2448 1397 2448 1397 2449 1373 2449 1374 2449 1397 2450 1374 2450 1398 2450 1398 2451 1374 2451 1375 2451 1398 2452 1375 2452 1399 2452 1399 2453 1375 2453 1376 2453 1399 2454 1376 2454 1400 2454 1400 2455 1376 2455 1388 2455 1400 2456 1388 2456 1401 2456 1402 2457 1403 2457 1386 2457 1401 2458 1404 2458 1400 2458 1400 2459 1404 2459 1405 2459 1400 2460 1405 2460 1399 2460 1399 2461 1405 2461 1406 2461 1399 2462 1406 2462 1398 2462 1398 2463 1406 2463 1407 2463 1398 2464 1407 2464 1397 2464 1407 2465 1408 2465 1397 2465 1397 2466 1408 2466 1409 2466 1397 2467 1409 2467 1396 2467 1396 2468 1409 2468 1410 2468 1396 2469 1410 2469 1395 2469 1395 2470 1410 2470 1411 2470 1395 2471 1411 2471 1394 2471 1394 2472 1411 2472 1412 2472 1394 2473 1412 2473 1393 2473 1393 2474 1412 2474 1413 2474 1393 2475 1413 2475 1392 2475 1392 2476 1413 2476 1414 2476 1392 2477 1414 2477 1391 2477 1391 2478 1414 2478 1415 2478 1391 2479 1415 2479 1390 2479 1390 2480 1415 2480 1402 2480 1390 2481 1402 2481 1385 2481 1385 2482 1402 2482 1386 2482 1520 2771 1388 2771 1389 2771 1523 2773 1522 2773 1524 2773 1523 2774 1524 2774 1387 2774 1387 2775 1524 2775 1525 2775 1387 2776 1525 2776 1389 2776 1389 2777 1525 2777 1526 2777 1389 2778 1526 2778 1520 2778 1520 2779 1526 2779 1527 2779 1386 2780 1403 2780 1528 2780 1206 2781 1208 2781 1529 2781 1529 2782 1208 2782 1523 2782 1529 2783 1523 2783 1528 2783 1528 2784 1523 2784 1387 2784 1528 2785 1387 2785 1386 2785 1404 2786 1401 2786 1530 2786 1530 2787 1401 2787 1388 2787 1530 2788 1388 2788 1531 2788 1531 2789 1388 2789 1520 2789 1531 2790 1520 2790 1221 2790 1221 2791 1520 2791 1219 2791 1525 2792 1212 2792 1526 2792 1526 2793 1212 2793 1215 2793 1526 2794 1215 2794 1527 2794 1527 2795 1215 2795 1217 2795 1527 2796 1217 2796 1520 2796 1520 2797 1217 2797 1219 2797 1525 2798 1524 2798 1212 2798 1212 2799 1524 2799 1214 2799 1523 2800 1208 2800 1521 2800 1521 2801 1208 2801 1210 2801 1521 2802 1210 2802 1522 2802 1522 2803 1210 2803 1281 2803 1522 2804 1281 2804 1524 2804 1524 2805 1281 2805 1214 2805 1528 2806 1403 2806 1532 2806 1532 2807 1403 2807 1402 2807 1532 2808 1402 2808 1533 2808 1533 2809 1402 2809 1415 2809 1533 2810 1415 2810 1534 2810 1534 2811 1415 2811 1414 2811 1534 2812 1414 2812 1535 2812 1535 2813 1414 2813 1413 2813 1535 2814 1413 2814 1536 2814 1536 2815 1413 2815 1412 2815 1536 2816 1412 2816 1537 2816 1537 2817 1412 2817 1411 2817 1537 2818 1411 2818 1538 2818 1538 2819 1411 2819 1410 2819 1538 2820 1410 2820 1539 2820 1539 2821 1410 2821 1409 2821 1539 2822 1409 2822 1540 2822 1540 2823 1409 2823 1408 2823 1540 2824 1408 2824 1541 2824 1541 2825 1408 2825 1407 2825 1541 2826 1407 2826 1542 2826 1542 2827 1407 2827 1406 2827 1542 2828 1406 2828 1543 2828 1543 2829 1406 2829 1405 2829 1543 2830 1405 2830 1530 2830 1530 2831 1405 2831 1404 2831 1529 2832 1528 2832 1544 2832 1544 2833 1528 2833 1532 2833 1544 2834 1532 2834 1545 2834 1530 2835 1531 2835 1543 2835 1543 2836 1531 2836 1546 2836 1543 2837 1546 2837 1542 2837 1542 2838 1546 2838 1547 2838 1542 2839 1547 2839 1541 2839 1541 2840 1547 2840 1548 2840 1541 2841 1548 2841 1540 2841 1540 2842 1548 2842 1549 2842 1540 2843 1549 2843 1539 2843 1539 2844 1549 2844 1550 2844 1539 2845 1550 2845 1538 2845 1538 2846 1550 2846 1551 2846 1538 2847 1551 2847 1537 2847 1537 2848 1551 2848 1552 2848 1537 2849 1552 2849 1536 2849 1536 2850 1552 2850 1553 2850 1536 2851 1553 2851 1535 2851 1535 2852 1553 2852 1554 2852 1535 2853 1554 2853 1534 2853 1534 2854 1554 2854 1545 2854 1534 2855 1545 2855 1533 2855 1533 2856 1545 2856 1532 2856 1221 2857 1220 2857 1531 2857 1531 2858 1220 2858 1546 2858 1220 2859 1218 2859 1546 2859 1546 2860 1218 2860 1227 2860 1546 2861 1227 2861 1547 2861 1547 2862 1227 2862 1230 2862 1547 2863 1230 2863 1243 2863 1243 2864 1242 2864 1547 2864 1547 2865 1242 2865 1246 2865 1547 2866 1246 2866 1548 2866 1548 2867 1246 2867 1250 2867 1548 2868 1250 2868 1549 2868 1549 2870 1251 2870 1252 2870 1549 2871 1252 2871 1550 2871 1550 2872 1252 2872 1204 2872 1204 2873 1203 2873 1550 2873 1550 2874 1203 2874 1200 2874 1550 2875 1200 2875 1551 2875 1551 2877 1259 2877 1257 2877 1257 2878 1256 2878 1551 2878 1551 2879 1256 2879 1199 2879 1551 2880 1199 2880 1552 2880 1552 2882 1197 2882 1196 2882 1196 2883 1260 2883 1552 2883 1552 2885 1262 2885 1553 2885 1553 2887 1195 2887 1263 2887 1263 2888 1192 2888 1553 2888 1553 2889 1192 2889 1191 2889 1553 2890 1191 2890 1554 2890 1554 2891 1191 2891 1189 2891 1189 2892 1186 2892 1554 2892 1554 2893 1186 2893 1269 2893 1554 2894 1269 2894 1545 2894 1269 2895 1268 2895 1545 2895 1545 2896 1268 2896 1267 2896 1545 2897 1267 2897 1544 2897 1544 2898 1267 2898 1272 2898 1544 2899 1272 2899 1274 2899 1274 2900 1280 2900 1544 2900 1544 2901 1280 2901 1209 2901 1544 2902 1209 2902 1529 2902 1529 2903 1209 2903 1207 2903 1529 2904 1207 2904 1206 2904 15 2946 176 2946 1565 2946 15 2947 1565 2947 16 2947 16 2948 1565 2948 1566 2948 16 2949 1566 2949 169 2949 169 2950 1566 2950 175 2950 1567 2951 1565 2951 179 2951 179 2952 1565 2952 176 2952 1568 2953 1567 2953 177 2953 177 2954 1567 2954 179 2954 1570 2956 1568 2956 177 2956 1570 2957 177 2957 1571 2957 1571 2958 177 2958 175 2958 1571 2959 175 2959 1572 2959 1572 2960 175 2960 1566 2960 1568 2961 1569 2961 1573 2961 1574 2962 1575 2962 1576 2962 1576 2963 1575 2963 1577 2963 1578 2964 1572 2964 1579 2964 1579 2965 1572 2965 1566 2965 1579 2966 1566 2966 1577 2966 1577 2967 1566 2967 1565 2967 1577 2968 1565 2968 1576 2968 1573 2969 1580 2969 1568 2969 1568 2970 1580 2970 1581 2970 1568 2971 1581 2971 1567 2971 1582 2972 1583 2972 1581 2972 1581 2973 1583 2973 1584 2973 1581 2974 1584 2974 1567 2974 1567 2975 1584 2975 1585 2975 1567 2976 1585 2976 1565 2976 1565 2977 1585 2977 1586 2977 1565 2978 1586 2978 1576 2978 1590 2993 1571 2993 1578 2993 1578 2994 1571 2994 1572 2994 1573 2995 1569 2995 1587 2995 1587 2996 1569 2996 1570 2996 1596 2997 1595 2997 1586 2997 1586 2998 1595 2998 1576 2998 1595 2999 1597 2999 1576 2999 1576 3000 1597 3000 1574 3000 1597 3001 1591 3001 1574 3001 1574 3002 1591 3002 1575 3002 1591 3003 1589 3003 1575 3003 1575 3004 1589 3004 1577 3004 1589 3005 1588 3005 1577 3005 1577 3006 1588 3006 1579 3006 1588 3007 1590 3007 1579 3007 1579 3008 1590 3008 1578 3008 1587 3009 1593 3009 1573 3009 1573 3010 1593 3010 1580 3010 1593 3011 1592 3011 1580 3011 1580 3012 1592 3012 1581 3012 1592 3013 1594 3013 1581 3013 1581 3014 1594 3014 1582 3014 1594 3015 1599 3015 1582 3015 1582 3016 1599 3016 1583 3016 1599 3017 1600 3017 1583 3017 1583 3018 1600 3018 1584 3018 1600 3019 1598 3019 1584 3019 1584 3020 1598 3020 1585 3020 1598 3021 1596 3021 1585 3021 1585 3022 1596 3022 1586 3022</p>
        </triangles>
        <triangles material="logo-material" count="98">
          <input semantic="VERTEX" source="#link_base-mesh-vertices" offset="0"/>
          <input semantic="NORMAL" source="#link_base-mesh-normals" offset="1"/>
          <p>197 2905 210 2905 1555 2905 1555 2906 210 2906 209 2906 1555 2907 209 2907 208 2907 1155 2908 198 2908 1555 2908 1555 2909 198 2909 199 2909 195 2911 197 2911 1555 2911 195 2912 1555 2912 200 2912 200 2913 1555 2913 199 2913 204 2914 203 2914 1556 2914 1557 2915 1558 2915 1556 2915 1556 2916 1558 2916 1559 2916 1556 2917 1559 2917 204 2917 203 2918 1560 2918 1556 2918 1556 2919 1560 2919 1561 2919 1556 2920 1561 2920 1557 2920 208 2921 207 2921 1555 2921 1555 2922 207 2922 206 2922 1555 2923 206 2923 1562 2923 206 2924 205 2924 1562 2924 1562 2925 205 2925 204 2925 1562 2926 204 2926 1563 2926 1563 2927 204 2927 1559 2927 1563 2928 1559 2928 1564 2928 217 2929 219 2929 1559 2929 1559 2930 219 2930 1564 2930 241 2931 1155 2931 1555 2931 1564 2932 219 2932 1563 2932 1563 2933 219 2933 241 2933 1563 2934 241 2934 1562 2934 1562 2935 241 2935 1555 2935 215 2937 1559 2937 1558 2937 1558 2939 1557 2939 215 2939 215 2940 1557 2940 1561 2940 3267 6209 3268 6209 3193 6209 3193 6210 3268 6210 3269 6210 3270 6211 3271 6211 3264 6211 3264 6212 3271 6212 3272 6212 3264 6213 3272 6213 3273 6213 3163 6214 3250 6214 3161 6214 3161 6215 3250 6215 3252 6215 3161 6216 3252 6216 3159 6216 3165 6217 3246 6217 3163 6217 3163 6218 3246 6218 3248 6218 3163 6219 3248 6219 3250 6219 3252 6220 3254 6220 3159 6220 3159 6221 3254 6221 3256 6221 3159 6222 3256 6222 3157 6222 3157 6223 3256 6223 3258 6223 3157 6224 3258 6224 3155 6224 3155 6225 3258 6225 3260 6225 3155 6226 3260 6226 3153 6226 3153 6227 3260 6227 3262 6227 3153 6228 3262 6228 3151 6228 3151 6229 3262 6229 3264 6229 3151 6230 3264 6230 3274 6230 3274 6231 3264 6231 3273 6231 3169 6232 3171 6232 3234 6232 3173 6233 3230 6233 3171 6233 3171 6234 3230 6234 3232 6234 3171 6235 3232 6235 3234 6235 3175 6236 3226 6236 3173 6236 3173 6237 3226 6237 3228 6237 3173 6238 3228 6238 3230 6238 3177 6239 3222 6239 3175 6239 3175 6240 3222 6240 3224 6240 3175 6241 3224 6241 3226 6241 3179 6242 3218 6242 3177 6242 3177 6243 3218 6243 3220 6243 3177 6244 3220 6244 3222 6244 3181 6245 3214 6245 3179 6245 3179 6246 3214 6246 3216 6246 3179 6247 3216 6247 3218 6247 3167 6248 3242 6248 3165 6248 3165 6249 3242 6249 3244 6249 3165 6250 3244 6250 3246 6250 3234 6251 3236 6251 3169 6251 3169 6252 3236 6252 3238 6252 3169 6253 3238 6253 3167 6253 3167 6254 3238 6254 3240 6254 3167 6255 3240 6255 3242 6255 3183 6256 3210 6256 3181 6256 3181 6257 3210 6257 3212 6257 3181 6258 3212 6258 3214 6258 3187 6259 3204 6259 3185 6259 3185 6260 3204 6260 3206 6260 3185 6261 3206 6261 3183 6261 3183 6262 3206 6262 3208 6262 3183 6263 3208 6263 3210 6263 3269 6264 3265 6264 3193 6264 3193 6265 3265 6265 3195 6265 3193 6266 3195 6266 3191 6266 3191 6267 3195 6267 3198 6267 3191 6268 3198 6268 3189 6268 3189 6269 3198 6269 3200 6269 3189 6270 3200 6270 3187 6270 3187 6271 3200 6271 3202 6271 3187 6272 3202 6272 3204 6272 3495 6637 3348 6637 3347 6637</p>
        </triangles>
        <triangles material="black-material" count="3178">
          <input semantic="VERTEX" source="#link_base-mesh-vertices" offset="0"/>
          <input semantic="NORMAL" source="#link_base-mesh-normals" offset="1"/>
          <p>0 0 1 0 2 0 3 1 4 1 5 1 3 2 5 2 6 2 7 3 8 3 9 3 9 4 8 4 10 4 9 5 10 5 5 5 5 6 10 6 11 6 5 7 11 7 6 7 4 8 12 8 5 8 5 9 12 9 13 9 5 10 13 10 14 10 17 12 16 12 18 12 19 13 5 13 18 13 18 14 5 14 14 14 20 16 21 16 22 16 22 17 21 17 23 17 23 18 24 18 22 18 22 19 24 19 25 19 22 20 25 20 26 20 26 21 25 21 27 21 26 22 27 22 0 22 7 23 9 23 28 23 28 24 9 24 29 24 28 25 29 25 30 25 30 26 29 26 31 26 30 27 31 27 32 27 33 28 34 28 35 28 35 29 34 29 36 29 35 30 36 30 37 30 38 31 39 31 40 31 40 32 39 32 41 32 42 33 43 33 44 33 44 34 43 34 40 34 44 35 40 35 45 35 45 36 40 36 41 36 45 37 41 37 35 37 35 38 41 38 46 38 35 39 46 39 33 39 36 40 47 40 37 40 37 41 47 41 48 41 37 42 48 42 49 42 50 43 51 43 52 43 52 44 51 44 53 44 52 45 53 45 54 45 50 46 55 46 51 46 51 47 55 47 56 47 51 48 56 48 57 48 49 49 58 49 37 49 37 50 58 50 59 50 37 51 59 51 60 51 59 52 61 52 60 52 60 53 61 53 62 53 60 54 62 54 63 54 64 55 32 55 65 55 65 56 32 56 31 56 65 57 31 57 66 57 66 58 31 58 51 58 66 59 51 59 67 59 67 60 51 60 57 60 67 61 57 61 68 61 68 62 57 62 60 62 68 63 60 63 69 63 69 64 60 64 63 64 0 65 2 65 26 65 26 66 2 66 70 66 26 67 70 67 71 67 71 68 70 68 72 68 71 69 72 69 40 69 40 70 72 70 73 70 40 71 73 71 38 71 74 72 75 72 76 72 76 73 75 73 77 73 76 74 77 74 78 74 78 75 79 75 76 75 76 76 79 76 80 76 76 77 80 77 81 77 81 78 82 78 83 78 83 79 82 79 84 79 83 80 84 80 85 80 85 81 86 81 83 81 83 82 86 82 87 82 83 83 87 83 88 83 88 84 87 84 89 84 42 85 90 85 43 85 43 86 90 86 91 86 43 87 91 87 92 87 92 88 91 88 74 88 92 89 74 89 93 89 93 90 74 90 76 90 54 91 53 91 94 91 94 92 53 92 95 92 94 93 95 93 96 93 89 94 97 94 88 94 88 95 97 95 98 95 88 96 98 96 95 96 95 97 98 97 99 97 95 98 99 98 96 98 81 99 83 99 76 99 76 100 83 100 100 100 76 101 100 101 101 101 101 102 100 102 102 102 101 103 102 103 103 103 103 104 102 104 104 104 103 105 104 105 105 105 105 106 104 106 106 106 105 107 106 107 107 107 107 108 106 108 108 108 107 109 108 109 109 109 109 110 108 110 110 110 110 111 108 111 111 111 110 112 111 112 112 112 112 113 111 113 113 113 112 114 113 114 114 114 114 115 113 115 115 115 114 116 115 116 116 116 116 117 115 117 117 117 116 118 117 118 118 118 118 119 117 119 119 119 118 120 119 120 120 120 120 121 119 121 121 121 120 122 121 122 122 122 122 123 121 123 123 123 122 124 123 124 124 124 124 125 123 125 125 125 124 126 125 126 126 126 126 127 125 127 127 127 126 128 127 128 128 128 128 129 127 129 129 129 128 130 129 130 130 130 130 131 129 131 131 131 130 132 131 132 132 132 132 133 131 133 133 133 132 134 133 134 134 134 134 135 133 135 135 135 134 136 135 136 136 136 136 137 135 137 137 137 136 138 137 138 138 138 138 139 137 139 139 139 138 140 139 140 140 140 140 141 139 141 141 141 140 142 141 142 142 142 142 143 141 143 143 143 142 144 143 144 144 144 144 145 143 145 145 145 144 146 145 146 146 146 146 147 145 147 147 147 146 148 147 148 148 148 148 149 147 149 149 149 148 150 149 150 150 150 150 151 149 151 151 151 150 152 151 152 152 152 152 153 151 153 153 153 152 154 153 154 154 154 154 155 153 155 155 155 154 156 155 156 156 156 156 157 155 157 157 157 156 158 157 158 158 158 158 159 157 159 5 159 158 160 5 160 22 160 22 161 5 161 19 161 22 162 19 162 20 162 167 181 168 181 1 181 16 182 169 182 18 182 18 183 169 183 170 183 18 184 170 184 171 184 172 185 20 185 171 185 171 186 20 186 19 186 171 187 19 187 18 187 173 188 23 188 172 188 172 189 23 189 21 189 172 190 21 190 20 190 1 191 0 191 167 191 167 192 0 192 27 192 167 193 27 193 174 193 174 194 27 194 25 194 174 195 25 195 173 195 173 196 25 196 24 196 173 197 24 197 23 197 173 211 172 211 174 211 174 213 175 213 167 213 167 214 175 214 168 214 219 268 218 268 220 268 221 269 222 269 223 269 223 270 222 270 224 270 223 271 224 271 225 271 225 272 224 272 226 272 220 273 227 273 226 273 226 274 227 274 228 274 226 275 228 275 225 275 226 276 229 276 220 276 220 277 229 277 230 277 220 278 230 278 219 278 219 279 230 279 231 279 219 280 231 280 232 280 233 281 234 281 221 281 221 282 234 282 235 282 221 283 235 283 222 283 233 284 236 284 234 284 234 285 236 285 237 285 234 286 237 286 238 286 239 287 240 287 241 287 241 288 240 288 242 288 241 289 242 289 238 289 238 290 242 290 243 290 238 291 243 291 234 291 232 292 244 292 219 292 219 293 244 293 245 293 219 294 245 294 241 294 241 295 245 295 246 295 241 296 246 296 239 296 247 297 248 297 249 297 250 298 251 298 252 298 253 299 254 299 255 299 250 300 252 300 255 300 255 301 252 301 256 301 255 302 256 302 253 302 257 303 258 303 259 303 259 304 258 304 260 304 259 305 260 305 261 305 262 306 263 306 264 306 264 307 263 307 259 307 264 308 259 308 265 308 265 309 259 309 261 309 266 310 267 310 268 310 266 311 268 311 269 311 262 312 270 312 263 312 263 313 270 313 271 313 263 314 271 314 268 314 268 315 271 315 272 315 268 316 272 316 269 316 273 317 274 317 275 317 275 318 274 318 276 318 276 319 277 319 275 319 275 320 277 320 278 320 275 321 278 321 250 321 250 322 278 322 279 322 250 323 279 323 251 323 280 324 281 324 282 324 280 325 282 325 248 325 248 326 282 326 283 326 248 327 283 327 284 327 284 328 285 328 248 328 248 329 285 329 286 329 248 330 286 330 249 330 286 331 287 331 249 331 249 332 287 332 288 332 249 333 288 333 289 333 290 334 291 334 292 334 292 335 291 335 249 335 292 336 249 336 293 336 293 337 249 337 289 337 294 338 295 338 296 338 294 339 296 339 297 339 290 340 298 340 291 340 291 341 298 341 299 341 291 342 299 342 296 342 296 343 299 343 300 343 296 344 300 344 297 344 301 345 302 345 303 345 303 346 302 346 304 346 304 347 305 347 303 347 303 348 305 348 306 348 303 349 306 349 280 349 280 350 306 350 307 350 280 351 307 351 281 351 308 352 309 352 310 352 311 353 312 353 313 353 311 354 313 354 310 354 310 355 313 355 314 355 310 356 314 356 308 356 315 357 316 357 317 357 317 358 316 358 318 358 317 359 318 359 319 359 320 360 321 360 322 360 322 361 321 361 317 361 322 362 317 362 323 362 323 363 317 363 319 363 324 364 325 364 326 364 324 365 326 365 327 365 320 366 328 366 321 366 321 367 328 367 329 367 321 368 329 368 326 368 326 369 329 369 330 369 326 370 330 370 327 370 331 371 332 371 333 371 332 372 334 372 333 372 333 373 334 373 335 373 333 374 335 374 336 374 336 375 335 375 337 375 312 376 311 376 338 376 338 377 311 377 339 377 338 378 339 378 337 378 337 379 339 379 340 379 337 380 340 380 336 380 341 382 343 382 344 382 343 383 345 383 344 383 344 384 345 384 346 384 344 385 346 385 347 385 347 386 348 386 344 386 344 387 348 387 349 387 344 388 349 388 259 388 259 389 349 389 255 389 259 390 255 390 257 390 257 391 255 391 254 391 267 392 273 392 268 392 268 393 273 393 275 393 268 394 275 394 350 394 350 395 275 395 351 395 350 396 351 396 352 396 352 397 351 397 353 397 352 398 353 398 354 398 354 399 353 399 355 399 354 400 355 400 356 400 356 401 355 401 357 401 356 402 357 402 358 402 358 403 357 403 359 403 358 404 359 404 360 404 360 405 361 405 358 405 358 406 361 406 362 406 358 407 362 407 363 407 362 408 364 408 363 408 363 409 364 409 365 409 363 410 365 410 366 410 366 411 367 411 363 411 363 412 367 412 368 412 363 413 368 413 369 413 369 414 368 414 370 414 369 415 370 415 317 415 317 416 370 416 310 416 317 417 310 417 315 417 315 418 310 418 309 418 325 419 331 419 326 419 326 420 331 420 333 420 326 421 333 421 371 421 371 422 333 422 372 422 371 423 372 423 373 423 373 424 374 424 371 424 371 425 374 425 375 425 371 426 375 426 376 426 376 427 377 427 371 427 371 428 377 428 378 428 371 429 378 429 379 429 378 430 380 430 379 430 379 431 380 431 381 431 379 432 381 432 382 432 382 433 381 433 383 433 382 434 383 434 384 434 384 435 383 435 385 435 384 436 385 436 386 436 385 437 387 437 386 437 386 438 387 438 388 438 386 439 388 439 389 439 389 440 388 440 390 440 389 441 390 441 391 441 391 442 392 442 389 442 389 443 392 443 393 443 389 444 393 444 394 444 394 445 393 445 395 445 394 446 395 446 396 446 396 447 397 447 394 447 394 448 397 448 398 448 394 449 398 449 249 449 249 450 398 450 399 450 249 451 399 451 247 451 295 452 301 452 296 452 296 453 301 453 303 453 296 454 303 454 400 454 400 455 303 455 401 455 400 456 401 456 402 456 402 457 401 457 403 457 402 458 403 458 404 458 404 459 403 459 405 459 404 460 405 460 406 460 406 461 405 461 407 461 406 462 407 462 408 462 408 463 407 463 409 463 408 464 409 464 341 464 341 465 409 465 410 465 341 466 410 466 342 466 411 467 412 467 413 467 413 468 412 468 414 468 413 469 414 469 415 469 415 470 414 470 416 470 415 471 416 471 417 471 417 472 416 472 418 472 417 473 418 473 419 473 420 474 421 474 422 474 422 475 421 475 423 475 422 476 423 476 424 476 424 477 423 477 425 477 424 478 425 478 426 478 426 479 425 479 427 479 426 480 427 480 411 480 411 481 427 481 428 481 411 482 428 482 412 482 418 483 429 483 419 483 419 484 429 484 430 484 419 485 430 485 431 485 431 486 430 486 432 486 431 487 432 487 433 487 433 488 432 488 434 488 433 489 434 489 435 489 435 490 434 490 436 490 435 491 436 491 437 491 438 492 439 492 420 492 420 493 439 493 440 493 420 494 440 494 421 494 441 495 442 495 443 495 443 496 442 496 444 496 443 497 444 497 445 497 445 498 444 498 446 498 445 499 446 499 447 499 447 500 446 500 448 500 447 501 448 501 438 501 438 502 448 502 449 502 438 503 449 503 439 503 450 504 451 504 452 504 452 505 451 505 453 505 452 506 453 506 454 506 454 507 453 507 455 507 454 508 455 508 456 508 456 509 455 509 457 509 456 510 457 510 458 510 436 511 459 511 437 511 437 512 459 512 460 512 437 513 460 513 461 513 461 514 460 514 462 514 461 515 462 515 463 515 463 516 462 516 464 516 463 517 464 517 465 517 465 518 464 518 466 518 465 519 466 519 467 519 467 520 466 520 468 520 467 521 468 521 450 521 450 522 468 522 469 522 450 523 469 523 451 523 457 524 470 524 458 524 458 525 470 525 471 525 458 526 471 526 472 526 472 527 471 527 473 527 472 528 473 528 474 528 474 529 473 529 475 529 474 530 475 530 476 530 476 531 475 531 477 531 476 532 477 532 441 532 441 533 477 533 478 533 441 534 478 534 442 534 110 535 479 535 109 535 109 536 479 536 480 536 109 537 480 537 107 537 107 538 480 538 481 538 107 539 481 539 105 539 105 540 481 540 482 540 105 541 482 541 103 541 103 542 482 542 483 542 103 543 483 543 101 543 101 544 483 544 484 544 101 545 484 545 76 545 76 546 484 546 485 546 76 547 485 547 93 547 93 548 485 548 486 548 93 549 486 549 92 549 92 550 486 550 487 550 92 551 487 551 43 551 43 552 487 552 488 552 43 553 488 553 40 553 40 554 488 554 489 554 40 555 489 555 71 555 71 556 489 556 490 556 71 557 490 557 26 557 26 558 490 558 491 558 26 559 491 559 22 559 22 560 491 560 492 560 22 561 492 561 158 561 158 562 492 562 493 562 158 563 493 563 156 563 156 564 493 564 494 564 156 565 494 565 154 565 154 566 494 566 495 566 154 567 495 567 152 567 152 568 495 568 496 568 152 569 496 569 150 569 150 570 496 570 497 570 150 571 497 571 498 571 498 572 497 572 499 572 498 573 499 573 146 573 146 574 499 574 500 574 146 575 500 575 144 575 144 576 500 576 501 576 144 577 501 577 142 577 142 578 501 578 502 578 142 579 502 579 140 579 140 580 502 580 503 580 140 581 503 581 138 581 138 582 503 582 504 582 138 583 504 583 136 583 136 584 504 584 505 584 136 585 505 585 134 585 134 586 505 586 506 586 134 587 506 587 132 587 132 588 506 588 507 588 132 589 507 589 130 589 130 590 507 590 508 590 130 591 508 591 128 591 128 592 508 592 509 592 128 593 509 593 126 593 126 594 509 594 510 594 126 595 510 595 124 595 124 596 510 596 511 596 124 597 511 597 122 597 122 598 511 598 512 598 122 599 512 599 120 599 120 600 512 600 513 600 120 601 513 601 118 601 118 602 513 602 514 602 118 603 514 603 116 603 116 604 514 604 515 604 116 605 515 605 114 605 114 606 515 606 516 606 114 607 516 607 112 607 112 608 516 608 440 608 112 609 440 609 110 609 110 610 440 610 479 610 338 611 337 611 517 611 518 612 519 612 327 612 520 613 325 613 519 613 519 614 325 614 324 614 519 615 324 615 327 615 517 616 337 616 521 616 337 617 335 617 521 617 521 618 335 618 334 618 521 619 334 619 522 619 522 620 334 620 332 620 522 621 332 621 520 621 520 622 332 622 331 622 520 623 331 623 325 623 338 624 517 624 523 624 523 625 517 625 524 625 523 626 524 626 313 626 313 627 524 627 525 627 313 628 525 628 314 628 314 629 525 629 308 629 308 630 525 630 526 630 308 631 526 631 309 631 309 632 526 632 315 632 315 633 526 633 527 633 315 634 527 634 316 634 316 635 527 635 318 635 318 636 527 636 528 636 318 637 528 637 319 637 529 638 322 638 528 638 528 639 322 639 323 639 528 640 323 640 319 640 327 641 330 641 518 641 289 649 288 649 532 649 532 650 288 650 533 650 532 652 292 652 293 652 532 653 293 653 289 653 294 662 536 662 295 662 295 663 536 663 537 663 295 664 537 664 301 664 301 665 537 665 302 665 302 666 537 666 538 666 302 667 538 667 304 667 281 668 307 668 539 668 539 669 307 669 306 669 539 670 306 670 538 670 538 671 306 671 305 671 538 672 305 672 304 672 540 673 282 673 541 673 541 674 282 674 281 674 541 675 281 675 542 675 542 676 281 676 539 676 543 677 284 677 540 677 540 678 284 678 283 678 540 679 283 679 282 679 288 680 287 680 533 680 533 681 287 681 286 681 533 682 286 682 543 682 543 683 286 683 285 683 543 684 285 684 284 684 261 686 260 686 545 686 545 687 260 687 546 687 545 689 264 689 265 689 545 690 265 690 261 690 272 696 548 696 269 696 269 697 548 697 549 697 269 698 549 698 266 698 266 699 549 699 267 699 267 700 549 700 550 700 267 701 550 701 273 701 273 702 550 702 551 702 273 703 551 703 274 703 274 704 551 704 552 704 274 705 552 705 276 705 553 706 278 706 552 706 552 707 278 707 277 707 552 708 277 708 276 708 554 709 252 709 555 709 555 710 252 710 251 710 555 711 251 711 553 711 553 712 251 712 279 712 553 713 279 713 278 713 556 714 253 714 554 714 554 715 253 715 256 715 554 716 256 716 252 716 260 717 258 717 546 717 546 718 258 718 257 718 546 719 257 719 556 719 556 720 257 720 254 720 556 721 254 721 253 721 317 722 557 722 369 722 369 723 557 723 558 723 369 724 558 724 363 724 363 725 558 725 559 725 363 726 559 726 358 726 358 727 559 727 560 727 358 728 560 728 356 728 356 729 560 729 561 729 356 730 561 730 354 730 354 731 561 731 562 731 354 732 562 732 352 732 352 733 562 733 563 733 352 734 563 734 350 734 350 735 563 735 564 735 350 736 564 736 268 736 268 737 564 737 565 737 268 738 565 738 263 738 263 739 565 739 566 739 263 740 566 740 259 740 259 741 566 741 567 741 259 742 567 742 344 742 344 743 567 743 568 743 344 744 568 744 341 744 341 745 568 745 569 745 341 746 569 746 408 746 408 747 569 747 570 747 408 748 570 748 406 748 406 749 570 749 420 749 406 750 420 750 404 750 404 751 420 751 571 751 404 752 571 752 402 752 402 753 571 753 572 753 402 754 572 754 400 754 400 755 572 755 573 755 400 756 573 756 296 756 296 757 573 757 574 757 296 758 574 758 291 758 291 759 574 759 575 759 291 760 575 760 249 760 249 761 575 761 576 761 249 762 576 762 394 762 394 763 576 763 577 763 394 764 577 764 389 764 389 765 577 765 578 765 389 766 578 766 386 766 386 767 578 767 579 767 386 768 579 768 384 768 384 769 579 769 580 769 384 770 580 770 382 770 382 771 580 771 581 771 382 772 581 772 379 772 379 773 581 773 582 773 379 774 582 774 371 774 371 775 582 775 583 775 371 776 583 776 326 776 326 777 583 777 584 777 326 778 584 778 585 778 585 779 584 779 586 779 585 780 586 780 317 780 317 781 586 781 557 781 587 782 588 782 589 782 590 783 591 783 592 783 593 784 594 784 595 784 596 785 597 785 598 785 603 788 604 788 605 788 606 789 607 789 608 789 333 790 336 790 609 790 407 791 405 791 610 791 610 792 405 792 403 792 610 793 403 793 401 793 407 794 610 794 409 794 409 795 610 795 611 795 409 796 611 796 410 796 410 797 611 797 612 797 410 798 612 798 342 798 342 799 612 799 613 799 342 800 613 800 343 800 343 801 613 801 614 801 343 802 614 802 345 802 345 803 614 803 615 803 345 804 615 804 346 804 346 805 615 805 616 805 346 806 616 806 347 806 347 807 616 807 617 807 347 808 617 808 348 808 348 809 617 809 349 809 349 810 617 810 618 810 349 811 618 811 255 811 353 812 351 812 608 812 608 813 351 813 275 813 608 814 275 814 250 814 353 815 608 815 355 815 355 816 608 816 607 816 355 817 607 817 357 817 357 818 607 818 619 818 357 819 619 819 359 819 359 820 619 820 620 820 359 821 620 821 621 821 622 822 361 822 623 822 623 823 361 823 360 823 623 824 360 824 624 824 624 825 360 825 359 825 624 826 359 826 625 826 625 827 359 827 621 827 625 828 621 828 626 828 627 829 364 829 622 829 622 830 364 830 362 830 622 831 362 831 361 831 628 832 366 832 365 832 629 833 370 833 368 833 630 834 631 834 632 834 632 835 631 835 633 835 333 836 609 836 372 836 370 837 629 837 310 837 310 838 629 838 634 838 310 839 634 839 635 839 635 840 634 840 636 840 635 841 636 841 339 841 339 842 636 842 637 842 339 843 637 843 340 843 340 844 637 844 632 844 340 845 632 845 336 845 336 846 632 846 633 846 336 847 633 847 609 847 638 848 639 848 640 848 641 849 377 849 639 849 639 850 377 850 376 850 639 851 376 851 640 851 640 852 376 852 642 852 609 853 643 853 372 853 372 854 643 854 644 854 372 855 644 855 373 855 373 856 644 856 645 856 373 857 645 857 374 857 374 858 645 858 642 858 374 859 642 859 375 859 375 860 642 860 376 860 641 861 646 861 587 861 647 862 387 862 385 862 385 863 383 863 647 863 647 864 383 864 381 864 647 865 381 865 380 865 648 866 649 866 650 866 651 867 652 867 647 867 647 868 652 868 653 868 647 869 653 869 387 869 387 870 653 870 654 870 387 871 654 871 388 871 388 872 654 872 655 872 388 873 655 873 390 873 390 874 655 874 656 874 390 875 656 875 391 875 391 876 656 876 657 876 391 877 657 877 658 877 659 878 660 878 589 878 396 879 395 879 661 879 661 880 395 880 393 880 661 881 393 881 662 881 662 882 393 882 392 882 662 883 392 883 663 883 663 884 392 884 391 884 663 885 391 885 650 885 650 886 391 886 658 886 650 887 658 887 648 887 664 888 397 888 396 888 665 889 398 889 397 889 399 890 398 890 666 890 401 891 303 891 667 891 303 892 280 892 667 892 667 893 280 893 248 893 667 894 248 894 247 894 668 895 669 895 670 895 670 896 669 896 671 896 672 897 673 897 674 897 674 898 673 898 675 898 674 899 675 899 676 899 603 900 605 900 677 900 678 901 679 901 680 901 681 902 682 902 683 902 683 903 682 903 684 903 685 904 686 904 679 904 679 905 686 905 687 905 679 906 687 906 680 906 680 907 687 907 677 907 685 908 688 908 686 908 686 909 688 909 689 909 686 910 689 910 684 910 684 911 689 911 690 911 684 912 690 912 683 912 691 913 692 913 693 913 693 914 692 914 694 914 693 915 694 915 695 915 696 916 697 916 698 916 698 917 697 917 699 917 698 918 699 918 700 918 700 919 699 919 701 919 702 920 696 920 703 920 703 921 696 921 704 921 702 922 705 922 696 922 696 923 705 923 706 923 696 924 706 924 697 924 705 925 707 925 706 925 706 926 707 926 708 926 706 927 708 927 709 927 709 928 708 928 710 928 709 929 710 929 711 929 712 930 713 930 714 930 714 931 713 931 715 931 714 932 715 932 716 932 712 933 717 933 713 933 713 934 717 934 718 934 713 935 718 935 704 935 396 936 661 936 664 936 664 937 661 937 719 937 664 938 719 938 720 938 720 939 721 939 664 939 664 940 721 940 722 940 664 941 722 941 715 941 715 942 722 942 711 942 715 943 711 943 716 943 716 944 711 944 710 944 723 945 724 945 650 945 650 946 724 946 725 946 650 947 725 947 663 947 663 948 725 948 726 948 663 949 726 949 662 949 662 950 726 950 727 950 662 951 727 951 661 951 661 952 727 952 728 952 661 953 728 953 719 953 646 954 729 954 587 954 587 955 729 955 730 955 587 956 730 956 588 956 588 957 730 957 723 957 588 958 723 958 589 958 589 959 723 959 650 959 589 960 650 960 659 960 659 961 650 961 649 961 731 962 732 962 733 962 733 963 732 963 734 963 733 964 734 964 735 964 736 965 737 965 738 965 738 966 737 966 739 966 740 967 735 967 618 967 618 968 735 968 734 968 618 969 734 969 255 969 255 970 734 970 732 970 255 971 732 971 250 971 250 972 732 972 670 972 250 973 670 973 608 973 608 974 670 974 671 974 608 975 671 975 606 975 741 976 742 976 743 976 744 977 745 977 746 977 746 978 745 978 747 978 747 979 745 979 748 979 747 980 748 980 749 980 749 981 748 981 750 981 750 982 748 982 751 982 750 983 751 983 752 983 752 984 751 984 753 984 752 985 753 985 743 985 743 986 753 986 754 986 743 987 754 987 741 987 747 988 755 988 746 988 746 989 755 989 756 989 746 990 756 990 757 990 758 991 759 991 760 991 760 992 759 992 761 992 762 993 763 993 676 993 676 994 763 994 764 994 676 995 764 995 674 995 674 996 764 996 765 996 674 997 765 997 766 997 766 998 765 998 767 998 766 999 767 999 768 999 768 1000 767 1000 769 1000 768 1001 769 1001 770 1001 770 1002 769 1002 771 1002 770 1003 771 1003 760 1003 760 1004 771 1004 772 1004 760 1005 772 1005 758 1005 731 1006 773 1006 732 1006 732 1007 773 1007 762 1007 732 1008 762 1008 670 1008 670 1009 762 1009 676 1009 670 1010 676 1010 668 1010 668 1011 676 1011 675 1011 774 1012 775 1012 776 1012 776 1013 775 1013 367 1013 776 1014 367 1014 366 1014 366 1015 628 1015 776 1015 776 1016 628 1016 777 1016 776 1017 777 1017 774 1017 778 1018 779 1018 780 1018 780 1019 779 1019 781 1019 780 1020 781 1020 782 1020 782 1021 781 1021 783 1021 782 1022 783 1022 628 1022 628 1023 783 1023 784 1023 628 1024 784 1024 777 1024 774 1025 785 1025 775 1025 775 1026 785 1026 786 1026 775 1027 786 1027 787 1027 787 1028 786 1028 788 1028 787 1029 788 1029 789 1029 789 1030 788 1030 790 1030 789 1031 790 1031 791 1031 640 1032 792 1032 638 1032 638 1033 792 1033 793 1033 638 1034 793 1034 604 1034 604 1035 793 1035 794 1035 604 1036 794 1036 605 1036 605 1037 794 1037 630 1037 605 1038 630 1038 795 1038 795 1039 630 1039 632 1039 796 1040 797 1040 798 1040 798 1041 797 1041 799 1041 798 1042 799 1042 665 1042 665 1043 799 1043 800 1043 665 1044 800 1044 398 1044 398 1045 800 1045 801 1045 398 1046 801 1046 666 1046 802 1047 803 1047 804 1047 804 1048 803 1048 796 1048 666 1049 805 1049 399 1049 399 1050 805 1050 806 1050 399 1051 806 1051 247 1051 247 1052 806 1052 807 1052 247 1053 807 1053 667 1053 667 1054 807 1054 808 1054 667 1055 808 1055 809 1055 809 1056 808 1056 802 1056 810 1057 811 1057 812 1057 811 1058 813 1058 812 1058 812 1059 813 1059 814 1059 812 1060 814 1060 815 1060 815 1061 814 1061 816 1061 746 1062 817 1062 744 1062 744 1063 817 1063 818 1063 744 1064 818 1064 819 1064 819 1065 818 1065 816 1065 819 1066 816 1066 820 1066 820 1067 816 1067 814 1067 820 1068 814 1068 821 1068 821 1069 814 1069 813 1069 822 1070 823 1070 741 1070 741 1071 823 1071 824 1071 741 1072 824 1072 825 1072 825 1073 824 1073 826 1073 822 1074 741 1074 827 1074 827 1075 741 1075 754 1075 827 1076 754 1076 828 1076 828 1077 754 1077 829 1077 828 1078 829 1078 830 1078 831 1079 832 1079 833 1079 681 1080 834 1080 682 1080 682 1081 834 1081 831 1081 682 1082 831 1082 835 1082 835 1083 831 1083 833 1083 836 1084 693 1084 837 1084 837 1085 693 1085 695 1085 837 1086 695 1086 838 1086 839 1087 840 1087 592 1087 839 1088 841 1088 842 1088 842 1089 841 1089 843 1089 842 1090 843 1090 844 1090 844 1091 843 1091 845 1091 844 1092 845 1092 846 1092 846 1093 845 1093 693 1093 846 1094 693 1094 847 1094 847 1095 693 1095 836 1095 848 1096 849 1096 850 1096 591 1097 590 1097 851 1097 852 1098 853 1098 854 1098 854 1099 853 1099 855 1099 854 1100 855 1100 856 1100 856 1101 855 1101 857 1101 856 1102 857 1102 590 1102 590 1103 857 1103 858 1103 590 1104 858 1104 851 1104 851 1105 859 1105 591 1105 591 1106 859 1106 860 1106 591 1107 860 1107 861 1107 861 1108 860 1108 862 1108 861 1109 862 1109 863 1109 841 1110 864 1110 865 1110 839 1111 592 1111 841 1111 841 1112 592 1112 866 1112 841 1113 866 1113 864 1113 867 1114 868 1114 869 1114 869 1115 868 1115 870 1115 869 1116 870 1116 871 1116 867 1117 872 1117 868 1117 868 1118 872 1118 873 1118 868 1119 873 1119 592 1119 592 1120 873 1120 874 1120 592 1121 874 1121 866 1121 875 1122 876 1122 696 1122 704 1123 696 1123 713 1123 713 1124 696 1124 876 1124 713 1125 876 1125 870 1125 870 1126 876 1126 877 1126 870 1127 877 1127 871 1127 878 1128 879 1128 880 1128 878 1129 880 1129 861 1129 881 1130 591 1130 882 1130 882 1131 591 1131 861 1131 882 1132 861 1132 883 1132 883 1133 861 1133 880 1133 879 1134 878 1134 884 1134 884 1135 878 1135 885 1135 884 1136 885 1136 886 1136 886 1137 885 1137 887 1137 886 1138 887 1138 888 1138 597 1139 868 1139 598 1139 598 1140 868 1140 592 1140 598 1141 592 1141 889 1141 889 1142 592 1142 591 1142 889 1143 591 1143 890 1143 890 1144 591 1144 881 1144 757 1145 756 1145 891 1145 891 1146 756 1146 892 1146 891 1147 892 1147 893 1147 893 1148 892 1148 894 1148 893 1149 894 1149 761 1149 761 1150 894 1150 895 1150 761 1151 895 1151 760 1151 760 1152 895 1152 896 1152 760 1153 896 1153 897 1153 897 1154 896 1154 898 1154 897 1155 898 1155 899 1155 899 1156 898 1156 900 1156 899 1157 900 1157 901 1157 902 1158 903 1158 812 1158 812 1159 903 1159 904 1159 812 1160 904 1160 810 1160 810 1161 904 1161 905 1161 810 1162 905 1162 830 1162 830 1163 905 1163 906 1163 830 1164 906 1164 828 1164 826 1165 907 1165 825 1165 825 1166 907 1166 908 1166 825 1167 908 1167 850 1167 850 1168 908 1168 909 1168 850 1169 909 1169 595 1169 595 1170 909 1170 910 1170 595 1171 910 1171 593 1171 626 1172 672 1172 625 1172 625 1173 672 1173 674 1173 625 1174 674 1174 624 1174 624 1175 674 1175 766 1175 624 1176 766 1176 623 1176 623 1177 766 1177 768 1177 623 1178 768 1178 622 1178 622 1179 768 1179 770 1179 622 1180 770 1180 627 1180 627 1181 770 1181 760 1181 678 1182 680 1182 911 1182 911 1183 680 1183 912 1183 911 1184 912 1184 832 1184 832 1185 912 1185 913 1185 832 1186 913 1186 833 1186 833 1187 913 1187 914 1187 833 1188 914 1188 915 1188 915 1189 914 1189 789 1189 915 1190 789 1190 916 1190 916 1191 789 1191 791 1191 916 1192 791 1192 778 1192 852 1193 917 1193 849 1193 849 1194 917 1194 918 1194 849 1195 918 1195 850 1195 850 1196 918 1196 919 1196 850 1197 919 1197 825 1197 825 1198 919 1198 899 1198 825 1199 899 1199 741 1199 741 1200 899 1200 901 1200 741 1201 901 1201 742 1201 677 1202 605 1202 680 1202 680 1203 605 1203 795 1203 680 1204 795 1204 912 1204 912 1205 795 1205 632 1205 912 1206 632 1206 913 1206 913 1207 632 1207 637 1207 913 1208 637 1208 914 1208 914 1209 637 1209 636 1209 914 1210 636 1210 789 1210 789 1211 636 1211 634 1211 789 1212 634 1212 787 1212 787 1213 634 1213 629 1213 787 1214 629 1214 775 1214 775 1215 629 1215 368 1215 775 1216 368 1216 367 1216 852 1217 854 1217 917 1217 917 1218 854 1218 920 1218 917 1219 920 1219 918 1219 918 1220 920 1220 921 1220 918 1221 921 1221 919 1221 919 1222 921 1222 922 1222 919 1223 922 1223 899 1223 899 1224 922 1224 780 1224 899 1225 780 1225 897 1225 897 1226 780 1226 782 1226 897 1227 782 1227 760 1227 760 1228 782 1228 628 1228 760 1229 628 1229 627 1229 627 1230 628 1230 365 1230 627 1231 365 1231 364 1231 594 1232 885 1232 595 1232 595 1233 885 1233 878 1233 595 1234 878 1234 850 1234 850 1235 878 1235 861 1235 850 1236 861 1236 848 1236 848 1237 861 1237 863 1237 778 1238 780 1238 916 1238 916 1239 780 1239 922 1239 916 1240 922 1240 915 1240 915 1241 922 1241 921 1241 915 1242 921 1242 833 1242 833 1243 921 1243 920 1243 833 1244 920 1244 835 1244 835 1245 920 1245 854 1245 835 1246 854 1246 682 1246 682 1247 854 1247 856 1247 682 1248 856 1248 684 1248 694 1249 686 1249 695 1249 695 1250 686 1250 684 1250 695 1251 684 1251 838 1251 838 1252 684 1252 856 1252 838 1253 856 1253 602 1253 602 1254 856 1254 590 1254 602 1255 590 1255 601 1255 601 1256 590 1256 592 1256 601 1257 592 1257 599 1257 599 1258 592 1258 840 1258 865 1259 875 1259 841 1259 841 1260 875 1260 696 1260 841 1261 696 1261 843 1261 843 1262 696 1262 698 1262 843 1263 698 1263 845 1263 845 1264 698 1264 700 1264 845 1265 700 1265 693 1265 693 1266 700 1266 701 1266 796 1268 798 1268 804 1268 804 1269 798 1269 923 1269 804 1270 923 1270 924 1270 924 1271 923 1271 925 1271 924 1272 925 1272 926 1272 926 1273 925 1273 927 1273 926 1274 927 1274 928 1274 928 1275 927 1275 887 1275 928 1276 887 1276 929 1276 929 1277 887 1277 885 1277 929 1278 885 1278 930 1278 930 1279 885 1279 594 1279 930 1280 594 1280 902 1280 902 1281 594 1281 593 1281 902 1282 593 1282 903 1282 802 1283 804 1283 809 1283 809 1284 804 1284 924 1284 809 1285 924 1285 931 1285 931 1286 924 1286 926 1286 931 1287 926 1287 932 1287 932 1288 926 1288 928 1288 932 1289 928 1289 933 1289 933 1290 928 1290 929 1290 933 1291 929 1291 934 1291 934 1292 929 1292 930 1292 934 1293 930 1293 935 1293 935 1294 930 1294 902 1294 935 1295 902 1295 936 1295 936 1296 902 1296 812 1296 936 1297 812 1297 737 1297 737 1298 812 1298 815 1298 737 1299 815 1299 739 1299 660 1300 651 1300 589 1300 589 1301 651 1301 647 1301 589 1302 647 1302 587 1302 587 1303 647 1303 380 1303 587 1304 380 1304 641 1304 641 1305 380 1305 378 1305 641 1306 378 1306 377 1306 397 1307 664 1307 665 1307 665 1308 664 1308 715 1308 665 1309 715 1309 798 1309 798 1310 715 1310 713 1310 798 1311 713 1311 923 1311 923 1312 713 1312 870 1312 923 1313 870 1313 925 1313 925 1314 870 1314 868 1314 925 1315 868 1315 927 1315 927 1316 868 1316 597 1316 927 1317 597 1317 887 1317 887 1318 597 1318 596 1318 887 1319 596 1319 888 1319 401 1320 667 1320 610 1320 610 1321 667 1321 809 1321 610 1322 809 1322 611 1322 611 1323 809 1323 931 1323 611 1324 931 1324 612 1324 612 1325 931 1325 932 1325 612 1326 932 1326 613 1326 613 1327 932 1327 933 1327 613 1328 933 1328 614 1328 614 1329 933 1329 934 1329 614 1330 934 1330 615 1330 615 1331 934 1331 935 1331 615 1332 935 1332 616 1332 616 1333 935 1333 936 1333 616 1334 936 1334 617 1334 617 1335 936 1335 737 1335 617 1336 737 1336 618 1336 618 1337 737 1337 736 1337 618 1338 736 1338 740 1338 937 1339 938 1339 675 1339 675 1340 938 1340 939 1340 675 1341 939 1341 668 1341 668 1342 939 1342 940 1342 668 1343 940 1343 669 1343 669 1344 940 1344 941 1344 669 1345 941 1345 671 1345 671 1346 941 1346 942 1346 671 1347 942 1347 606 1347 606 1348 942 1348 943 1348 606 1349 943 1349 607 1349 607 1350 943 1350 944 1350 607 1351 944 1351 619 1351 619 1352 944 1352 945 1352 619 1353 945 1353 620 1353 620 1354 945 1354 946 1354 620 1355 946 1355 621 1355 621 1356 946 1356 947 1356 621 1357 947 1357 626 1357 626 1358 947 1358 948 1358 626 1359 948 1359 672 1359 672 1360 948 1360 949 1360 672 1361 949 1361 673 1361 673 1362 949 1362 937 1362 673 1363 937 1363 675 1363 950 1364 951 1364 655 1364 655 1365 951 1365 952 1365 655 1366 952 1366 656 1366 656 1367 952 1367 953 1367 656 1368 953 1368 657 1368 657 1369 953 1369 954 1369 657 1370 954 1370 658 1370 658 1371 954 1371 955 1371 658 1372 955 1372 648 1372 648 1373 955 1373 956 1373 648 1374 956 1374 649 1374 649 1375 956 1375 957 1375 649 1376 957 1376 659 1376 659 1377 957 1377 958 1377 659 1378 958 1378 660 1378 660 1379 958 1379 959 1379 660 1380 959 1380 651 1380 651 1381 959 1381 960 1381 651 1382 960 1382 652 1382 652 1383 960 1383 961 1383 652 1384 961 1384 653 1384 653 1385 961 1385 962 1385 653 1386 962 1386 654 1386 654 1387 962 1387 950 1387 654 1388 950 1388 655 1388 729 1389 646 1389 963 1389 728 1390 727 1390 964 1390 964 1391 727 1391 726 1391 964 1392 726 1392 725 1392 725 1393 724 1393 964 1393 964 1394 724 1394 723 1394 964 1395 723 1395 963 1395 963 1396 723 1396 730 1396 963 1397 730 1397 729 1397 677 1398 687 1398 965 1398 965 1400 686 1400 694 1400 699 1401 697 1401 966 1401 966 1402 697 1402 706 1402 966 1403 706 1403 709 1403 694 1404 692 1404 965 1404 965 1405 692 1405 691 1405 965 1406 691 1406 966 1406 966 1407 691 1407 701 1407 966 1408 701 1408 699 1408 815 1409 967 1409 739 1409 739 1410 967 1410 738 1410 815 1411 816 1411 967 1411 967 1412 816 1412 818 1412 967 1413 818 1413 968 1413 968 1414 818 1414 817 1414 817 1415 746 1415 968 1415 968 1416 746 1416 757 1416 968 1417 757 1417 891 1417 762 1418 773 1418 969 1418 970 1419 769 1419 767 1419 767 1420 765 1420 970 1420 970 1421 765 1421 764 1421 970 1422 764 1422 969 1422 969 1423 764 1423 763 1423 969 1424 763 1424 762 1424 968 1425 891 1425 971 1425 971 1426 891 1426 893 1426 971 1427 893 1427 972 1427 972 1428 893 1428 761 1428 972 1429 761 1429 973 1429 973 1430 761 1430 759 1430 973 1431 759 1431 974 1431 974 1432 759 1432 758 1432 974 1433 758 1433 975 1433 975 1434 758 1434 772 1434 975 1435 772 1435 976 1435 976 1436 772 1436 771 1436 976 1437 771 1437 970 1437 970 1438 771 1438 769 1438 969 1439 773 1439 977 1439 977 1440 773 1440 731 1440 977 1441 731 1441 978 1441 978 1442 731 1442 733 1442 978 1443 733 1443 979 1443 979 1444 733 1444 735 1444 979 1445 735 1445 980 1445 980 1446 735 1446 740 1446 980 1447 740 1447 981 1447 981 1448 740 1448 736 1448 981 1449 736 1449 967 1449 967 1450 736 1450 738 1450 966 1451 709 1451 982 1451 982 1452 709 1452 711 1452 982 1453 711 1453 983 1453 983 1454 711 1454 722 1454 983 1455 722 1455 984 1455 984 1456 722 1456 721 1456 984 1457 721 1457 985 1457 985 1458 721 1458 720 1458 985 1459 720 1459 986 1459 986 1460 720 1460 719 1460 986 1461 719 1461 964 1461 964 1462 719 1462 728 1462 963 1463 646 1463 987 1463 987 1464 646 1464 641 1464 987 1465 641 1465 988 1465 988 1466 641 1466 639 1466 988 1467 639 1467 989 1467 989 1468 639 1468 638 1468 989 1469 638 1469 990 1469 990 1470 638 1470 604 1470 990 1471 604 1471 991 1471 991 1472 604 1472 603 1472 991 1473 603 1473 965 1473 965 1474 603 1474 677 1474 992 1475 786 1475 993 1475 993 1476 786 1476 785 1476 993 1477 785 1477 994 1477 994 1478 785 1478 774 1478 994 1479 774 1479 995 1479 995 1480 774 1480 777 1480 995 1481 777 1481 996 1481 996 1482 777 1482 784 1482 996 1483 784 1483 997 1483 997 1484 784 1484 783 1484 997 1485 783 1485 998 1485 998 1486 783 1486 781 1486 998 1487 781 1487 999 1487 999 1488 781 1488 779 1488 999 1489 779 1489 1000 1489 1000 1490 779 1490 778 1490 1000 1491 778 1491 1001 1491 1001 1492 778 1492 791 1492 1001 1493 791 1493 1002 1493 1002 1494 791 1494 790 1494 1002 1495 790 1495 1003 1495 1003 1496 790 1496 788 1496 1003 1497 788 1497 992 1497 992 1498 788 1498 786 1498 1002 1499 1003 1499 1004 1499 1004 1500 1003 1500 992 1500 1004 1501 992 1501 993 1501 999 1502 1000 1502 1004 1502 1004 1503 1000 1503 1001 1503 1004 1504 1001 1504 1002 1504 996 1505 997 1505 1004 1505 1004 1506 997 1506 998 1506 1004 1507 998 1507 999 1507 993 1508 994 1508 1004 1508 1004 1509 994 1509 995 1509 1004 1510 995 1510 996 1510 1005 1511 643 1511 1006 1511 1006 1512 643 1512 609 1512 1006 1513 609 1513 1007 1513 1007 1514 609 1514 633 1514 1007 1515 633 1515 1008 1515 1008 1516 633 1516 631 1516 1008 1517 631 1517 1009 1517 1009 1518 631 1518 630 1518 1009 1519 630 1519 1010 1519 1010 1520 630 1520 794 1520 1010 1521 794 1521 1011 1521 1011 1522 794 1522 793 1522 1011 1523 793 1523 1012 1523 1012 1524 793 1524 792 1524 1012 1525 792 1525 1013 1525 1013 1526 792 1526 640 1526 1013 1527 640 1527 1014 1527 1014 1528 640 1528 642 1528 1014 1529 642 1529 1015 1529 1015 1530 642 1530 645 1530 1015 1531 645 1531 1016 1531 1016 1532 645 1532 644 1532 1016 1533 644 1533 1005 1533 1005 1534 644 1534 643 1534 1015 1535 1016 1535 1017 1535 1017 1536 1016 1536 1005 1536 1017 1537 1005 1537 1006 1537 1012 1538 1013 1538 1017 1538 1017 1539 1013 1539 1014 1539 1017 1540 1014 1540 1015 1540 1009 1541 1010 1541 1017 1541 1017 1542 1010 1542 1011 1542 1017 1543 1011 1543 1012 1543 1006 1544 1007 1544 1017 1544 1017 1545 1007 1545 1008 1545 1017 1546 1008 1546 1009 1546 1018 1547 799 1547 1019 1547 1019 1548 799 1548 797 1548 1019 1549 797 1549 1020 1549 1020 1550 797 1550 796 1550 1020 1551 796 1551 1021 1551 1021 1552 796 1552 803 1552 1021 1553 803 1553 1022 1553 1022 1554 803 1554 802 1554 1022 1555 802 1555 1023 1555 1023 1556 802 1556 808 1556 1023 1557 808 1557 1024 1557 1024 1558 808 1558 807 1558 1024 1559 807 1559 1025 1559 1025 1560 807 1560 806 1560 1025 1561 806 1561 1026 1561 1026 1562 806 1562 805 1562 1026 1563 805 1563 1027 1563 1027 1564 805 1564 666 1564 1027 1565 666 1565 1028 1565 1028 1566 666 1566 801 1566 1028 1567 801 1567 1029 1567 1029 1568 801 1568 800 1568 1029 1569 800 1569 1018 1569 1018 1570 800 1570 799 1570 1028 1571 1029 1571 1030 1571 1030 1572 1029 1572 1018 1572 1030 1573 1018 1573 1019 1573 1025 1574 1026 1574 1030 1574 1030 1575 1026 1575 1027 1575 1030 1576 1027 1576 1028 1576 1022 1577 1023 1577 1030 1577 1030 1578 1023 1578 1024 1578 1030 1579 1024 1579 1025 1579 1019 1580 1020 1580 1030 1580 1030 1581 1020 1581 1021 1581 1030 1582 1021 1582 1022 1582 1031 1583 829 1583 1032 1583 1032 1584 829 1584 754 1584 1032 1585 754 1585 1033 1585 1033 1586 754 1586 753 1586 1033 1587 753 1587 1034 1587 1034 1588 753 1588 751 1588 1034 1589 751 1589 1035 1589 1035 1590 751 1590 748 1590 1035 1591 748 1591 1036 1591 1036 1592 748 1592 745 1592 1036 1593 745 1593 1037 1593 1037 1594 745 1594 744 1594 1031 1595 1038 1595 829 1595 829 1596 1038 1596 830 1596 1039 1597 819 1597 1040 1597 1040 1598 819 1598 820 1598 1040 1599 820 1599 1041 1599 1041 1600 820 1600 821 1600 1041 1601 821 1601 1042 1601 1042 1602 821 1602 813 1602 1042 1603 813 1603 1043 1603 1043 1604 813 1604 811 1604 1043 1605 811 1605 1044 1605 1044 1606 811 1606 810 1606 1044 1607 810 1607 1038 1607 1038 1608 810 1608 830 1608 1039 1609 1037 1609 819 1609 819 1610 1037 1610 744 1610 1043 1611 1044 1611 1038 1611 1031 1612 1032 1612 1037 1612 1037 1613 1032 1613 1033 1613 1039 1614 1040 1614 1041 1614 1033 1615 1034 1615 1037 1615 1037 1616 1034 1616 1035 1616 1037 1617 1035 1617 1036 1617 1031 1618 1037 1618 1038 1618 1038 1619 1037 1619 1039 1619 1038 1620 1039 1620 1043 1620 1043 1621 1039 1621 1041 1621 1043 1622 1041 1622 1042 1622 1045 1623 678 1623 1046 1623 1046 1624 678 1624 911 1624 1046 1625 911 1625 1047 1625 1047 1626 911 1626 832 1626 1047 1627 832 1627 1048 1627 1048 1628 832 1628 831 1628 1048 1629 831 1629 1049 1629 1049 1630 831 1630 834 1630 1049 1631 834 1631 1050 1631 1050 1632 834 1632 681 1632 1050 1633 681 1633 1051 1633 1051 1634 681 1634 683 1634 1051 1635 683 1635 1052 1635 1052 1636 683 1636 690 1636 1052 1637 690 1637 1053 1637 1053 1638 690 1638 689 1638 1053 1639 689 1639 1054 1639 1054 1640 689 1640 688 1640 1054 1641 688 1641 1055 1641 1055 1642 688 1642 685 1642 1055 1643 685 1643 1056 1643 1056 1644 685 1644 679 1644 1056 1645 679 1645 1045 1645 1045 1646 679 1646 678 1646 1055 1647 1056 1647 1057 1647 1057 1648 1056 1648 1045 1648 1057 1649 1045 1649 1046 1649 1052 1650 1053 1650 1057 1650 1057 1651 1053 1651 1054 1651 1057 1652 1054 1652 1055 1652 1049 1653 1050 1653 1057 1653 1057 1654 1050 1654 1051 1654 1057 1655 1051 1655 1052 1655 1046 1656 1047 1656 1057 1656 1057 1657 1047 1657 1048 1657 1057 1658 1048 1658 1049 1658 1058 1659 837 1659 1059 1659 1059 1660 837 1660 838 1660 1059 1661 838 1661 1060 1661 1060 1662 838 1662 602 1662 1060 1663 602 1663 1061 1663 1061 1664 602 1664 600 1664 1061 1665 600 1665 1062 1665 1062 1666 600 1666 599 1666 1062 1667 599 1667 1063 1667 1063 1668 599 1668 840 1668 1063 1669 840 1669 1064 1669 1064 1670 840 1670 839 1670 1064 1671 839 1671 1065 1671 1065 1672 839 1672 842 1672 1065 1673 842 1673 1066 1673 1066 1674 842 1674 844 1674 1066 1675 844 1675 1067 1675 1067 1676 844 1676 846 1676 1067 1677 846 1677 1068 1677 1068 1678 846 1678 847 1678 1068 1679 847 1679 1069 1679 1069 1680 847 1680 836 1680 1069 1681 836 1681 1058 1681 1058 1682 836 1682 837 1682 1068 1683 1069 1683 1070 1683 1070 1684 1069 1684 1058 1684 1070 1685 1058 1685 1059 1685 1065 1686 1066 1686 1070 1686 1070 1687 1066 1687 1067 1687 1070 1688 1067 1688 1068 1688 1062 1689 1063 1689 1070 1689 1070 1690 1063 1690 1064 1690 1070 1691 1064 1691 1065 1691 1059 1692 1060 1692 1070 1692 1070 1693 1060 1693 1061 1693 1070 1694 1061 1694 1062 1694 1071 1695 853 1695 1072 1695 1072 1696 853 1696 852 1696 1072 1697 852 1697 1073 1697 1073 1698 852 1698 849 1698 1073 1699 849 1699 1074 1699 1074 1700 849 1700 848 1700 1074 1701 848 1701 1075 1701 1075 1702 848 1702 863 1702 1075 1703 863 1703 1076 1703 1076 1704 863 1704 862 1704 1076 1705 862 1705 1077 1705 1077 1706 862 1706 860 1706 1077 1707 860 1707 1078 1707 1078 1708 860 1708 859 1708 1078 1709 859 1709 1079 1709 1079 1710 859 1710 851 1710 1079 1711 851 1711 1080 1711 1080 1712 851 1712 858 1712 1080 1713 858 1713 1081 1713 1081 1714 858 1714 857 1714 1081 1715 857 1715 1082 1715 1082 1716 857 1716 855 1716 1082 1717 855 1717 1071 1717 1071 1718 855 1718 853 1718 1081 1719 1082 1719 1083 1719 1083 1720 1082 1720 1071 1720 1083 1721 1071 1721 1072 1721 1078 1722 1079 1722 1083 1722 1083 1723 1079 1723 1080 1723 1083 1724 1080 1724 1081 1724 1075 1725 1076 1725 1083 1725 1083 1726 1076 1726 1077 1726 1083 1727 1077 1727 1078 1727 1072 1728 1073 1728 1083 1728 1083 1729 1073 1729 1074 1729 1083 1730 1074 1730 1075 1730 1084 1731 702 1731 1085 1731 1085 1732 702 1732 703 1732 1085 1733 703 1733 1086 1733 1086 1734 703 1734 704 1734 1086 1735 704 1735 1087 1735 1087 1736 704 1736 718 1736 1087 1737 718 1737 1088 1737 1088 1738 718 1738 717 1738 1088 1739 717 1739 1089 1739 1089 1740 717 1740 712 1740 1089 1741 712 1741 1090 1741 1090 1742 712 1742 714 1742 1090 1743 714 1743 1091 1743 1091 1744 714 1744 716 1744 1091 1745 716 1745 1092 1745 1092 1746 716 1746 710 1746 1092 1747 710 1747 1093 1747 1093 1748 710 1748 708 1748 1093 1749 708 1749 1094 1749 1094 1750 708 1750 707 1750 1094 1751 707 1751 1095 1751 1095 1752 707 1752 705 1752 1095 1753 705 1753 1084 1753 1084 1754 705 1754 702 1754 1094 1755 1095 1755 1096 1755 1096 1756 1095 1756 1084 1756 1096 1757 1084 1757 1085 1757 1091 1758 1092 1758 1096 1758 1096 1759 1092 1759 1093 1759 1096 1760 1093 1760 1094 1760 1088 1761 1089 1761 1096 1761 1096 1762 1089 1762 1090 1762 1096 1763 1090 1763 1091 1763 1085 1764 1086 1764 1096 1764 1096 1765 1086 1765 1087 1765 1096 1766 1087 1766 1088 1766 1097 1767 866 1767 1098 1767 1098 1768 866 1768 874 1768 1098 1769 874 1769 1099 1769 1099 1770 874 1770 873 1770 1099 1771 873 1771 1100 1771 1100 1772 873 1772 872 1772 1100 1773 872 1773 1101 1773 1101 1774 872 1774 867 1774 1101 1775 867 1775 1102 1775 1102 1776 867 1776 869 1776 1102 1777 869 1777 1103 1777 1103 1778 869 1778 871 1778 1103 1779 871 1779 1104 1779 1104 1780 871 1780 877 1780 1104 1781 877 1781 1105 1781 1105 1782 877 1782 876 1782 1105 1783 876 1783 1106 1783 1106 1784 876 1784 875 1784 1106 1785 875 1785 1107 1785 1107 1786 875 1786 865 1786 1107 1787 865 1787 1108 1787 1108 1788 865 1788 864 1788 1108 1789 864 1789 1097 1789 1097 1790 864 1790 866 1790 1107 1791 1108 1791 1109 1791 1109 1792 1108 1792 1097 1792 1109 1793 1097 1793 1098 1793 1104 1794 1105 1794 1109 1794 1109 1795 1105 1795 1106 1795 1109 1796 1106 1796 1107 1796 1101 1797 1102 1797 1109 1797 1109 1798 1102 1798 1103 1798 1109 1799 1103 1799 1104 1799 1098 1800 1099 1800 1109 1800 1109 1801 1099 1801 1100 1801 1109 1802 1100 1802 1101 1802 1110 1803 882 1803 1111 1803 1111 1804 882 1804 883 1804 1111 1805 883 1805 1112 1805 1112 1806 883 1806 880 1806 1112 1807 880 1807 1113 1807 1113 1808 880 1808 879 1808 1113 1809 879 1809 1114 1809 1114 1810 879 1810 884 1810 1114 1811 884 1811 1115 1811 1115 1812 884 1812 886 1812 1115 1813 886 1813 1116 1813 1116 1814 886 1814 888 1814 1116 1815 888 1815 1117 1815 1117 1816 888 1816 596 1816 1117 1817 596 1817 1118 1817 1118 1818 596 1818 598 1818 1118 1819 598 1819 1119 1819 1119 1820 598 1820 889 1820 1119 1821 889 1821 1120 1821 1120 1822 889 1822 890 1822 1120 1823 890 1823 1121 1823 1121 1824 890 1824 881 1824 1121 1825 881 1825 1110 1825 1110 1826 881 1826 882 1826 1120 1827 1121 1827 1122 1827 1122 1828 1121 1828 1110 1828 1122 1829 1110 1829 1111 1829 1117 1830 1118 1830 1122 1830 1122 1831 1118 1831 1119 1831 1122 1832 1119 1832 1120 1832 1114 1833 1115 1833 1122 1833 1122 1834 1115 1834 1116 1834 1122 1835 1116 1835 1117 1835 1111 1836 1112 1836 1122 1836 1122 1837 1112 1837 1113 1837 1122 1838 1113 1838 1114 1838 1123 1839 901 1839 1124 1839 1124 1840 901 1840 900 1840 1124 1841 900 1841 1125 1841 1125 1842 900 1842 898 1842 1125 1843 898 1843 1126 1843 1126 1844 898 1844 896 1844 1126 1845 896 1845 1127 1845 1127 1846 896 1846 895 1846 1127 1847 895 1847 1128 1847 1128 1848 895 1848 894 1848 1128 1849 894 1849 1129 1849 1129 1850 894 1850 892 1850 1129 1851 892 1851 1130 1851 1130 1852 892 1852 756 1852 1123 1853 1131 1853 901 1853 901 1854 1131 1854 742 1854 1132 1855 755 1855 1133 1855 1133 1856 755 1856 747 1856 1133 1857 747 1857 1134 1857 1134 1858 747 1858 749 1858 1134 1859 749 1859 1135 1859 1135 1860 749 1860 750 1860 1135 1861 750 1861 1136 1861 1136 1862 750 1862 752 1862 1136 1863 752 1863 1137 1863 1137 1864 752 1864 743 1864 1137 1865 743 1865 1131 1865 1131 1866 743 1866 742 1866 1132 1867 1130 1867 755 1867 755 1868 1130 1868 756 1868 1137 1869 1131 1869 1133 1869 1136 1870 1137 1870 1135 1870 1135 1871 1137 1871 1133 1871 1135 1872 1133 1872 1134 1872 1126 1873 1127 1873 1125 1873 1125 1874 1127 1874 1128 1874 1125 1875 1128 1875 1124 1875 1124 1876 1128 1876 1129 1876 1124 1877 1129 1877 1123 1877 1123 1878 1129 1878 1130 1878 1123 1879 1130 1879 1131 1879 1131 1880 1130 1880 1132 1880 1131 1881 1132 1881 1133 1881 1138 1882 908 1882 1139 1882 1139 1883 908 1883 907 1883 1139 1884 907 1884 1140 1884 1140 1885 907 1885 826 1885 1140 1886 826 1886 1141 1886 1141 1887 826 1887 824 1887 1141 1888 824 1888 1142 1888 1142 1889 824 1889 823 1889 1142 1890 823 1890 1143 1890 1143 1891 823 1891 822 1891 1143 1892 822 1892 1144 1892 1144 1893 822 1893 827 1893 1144 1894 827 1894 1145 1894 1145 1895 827 1895 828 1895 1138 1896 1146 1896 908 1896 908 1897 1146 1897 909 1897 1147 1898 906 1898 1148 1898 1148 1899 906 1899 905 1899 1148 1900 905 1900 1149 1900 1149 1901 905 1901 904 1901 1149 1902 904 1902 1150 1902 1150 1903 904 1903 903 1903 1150 1904 903 1904 1151 1904 1151 1905 903 1905 593 1905 1151 1906 593 1906 1152 1906 1152 1907 593 1907 910 1907 1152 1908 910 1908 1146 1908 1146 1909 910 1909 909 1909 1147 1910 1145 1910 906 1910 906 1911 1145 1911 828 1911 1144 1912 1145 1912 1138 1912 1151 1913 1152 1913 1146 1913 1142 1914 1143 1914 1144 1914 1147 1915 1148 1915 1149 1915 1138 1916 1139 1916 1140 1916 1138 1917 1145 1917 1146 1917 1146 1918 1145 1918 1147 1918 1146 1919 1147 1919 1151 1919 1151 1920 1147 1920 1149 1920 1151 1921 1149 1921 1150 1921 1144 1922 1138 1922 1142 1922 1142 1923 1138 1923 1140 1923 1142 1924 1140 1924 1141 1924 990 1925 991 1925 965 1925 987 1926 988 1926 963 1926 963 1927 988 1927 989 1927 989 1928 990 1928 963 1928 963 1929 990 1929 965 1929 963 1930 965 1930 964 1930 964 1931 965 1931 966 1931 964 1932 966 1932 982 1932 985 1933 986 1933 984 1933 984 1934 986 1934 964 1934 984 1935 964 1935 983 1935 983 1936 964 1936 982 1936 968 1937 970 1937 967 1937 967 1938 970 1938 969 1938 967 1939 969 1939 977 1939 968 1940 971 1940 970 1940 970 1941 971 1941 972 1941 970 1942 972 1942 973 1942 973 1943 974 1943 970 1943 970 1944 974 1944 975 1944 970 1945 975 1945 976 1945 980 1946 981 1946 979 1946 979 1947 981 1947 967 1947 979 1948 967 1948 978 1948 978 1949 967 1949 977 1949 952 1950 951 1950 1153 1950 955 1951 954 1951 1153 1951 1153 1952 954 1952 953 1952 1153 1953 953 1953 952 1953 958 1954 957 1954 1153 1954 1153 1955 957 1955 956 1955 1153 1956 956 1956 955 1956 961 1957 960 1957 1153 1957 1153 1958 960 1958 959 1958 1153 1959 959 1959 958 1959 951 1960 950 1960 1153 1960 1153 1961 950 1961 962 1961 1153 1962 962 1962 961 1962 939 1963 938 1963 1154 1963 942 1964 941 1964 1154 1964 1154 1965 941 1965 940 1965 1154 1966 940 1966 939 1966 945 1967 944 1967 1154 1967 1154 1968 944 1968 943 1968 1154 1969 943 1969 942 1969 948 1970 947 1970 1154 1970 1154 1971 947 1971 946 1971 1154 1972 946 1972 945 1972 938 1973 937 1973 1154 1973 1154 1974 937 1974 949 1974 1154 1975 949 1975 948 1975 178 1976 73 1976 72 1976 1 1977 168 1977 2 1977 2 1978 168 1978 178 1978 2 1979 178 1979 70 1979 70 1980 178 1980 72 1980 28 1983 30 1983 194 1983 194 1984 30 1984 32 1984 194 1985 32 1985 64 1985 49 1986 189 1986 58 1986 58 1987 189 1987 188 1987 190 1988 38 1988 191 1988 191 1989 38 1989 73 1989 191 1990 73 1990 178 1990 182 1991 41 1991 190 1991 190 1992 41 1992 39 1992 190 1993 39 1993 38 1993 183 1994 33 1994 182 1994 182 1996 46 1996 41 1996 47 1997 36 1997 183 1997 183 1998 36 1998 34 1998 183 1999 34 1999 33 1999 183 2000 185 2000 47 2000 47 2001 185 2001 184 2001 47 2002 184 2002 48 2002 48 2003 184 2003 189 2003 48 2004 189 2004 49 2004 62 2005 61 2005 181 2005 181 2006 61 2006 59 2006 181 2007 59 2007 187 2007 187 2008 59 2008 58 2008 187 2009 58 2009 188 2009 62 2010 181 2010 63 2010 69 2014 186 2014 68 2014 68 2015 186 2015 67 2015 67 2016 186 2016 192 2016 67 2017 192 2017 66 2017 66 2018 192 2018 193 2018 66 2019 193 2019 65 2019 65 2020 193 2020 194 2020 65 2021 194 2021 64 2021 223 2022 75 2022 221 2022 221 2023 75 2023 74 2023 74 2024 91 2024 221 2024 221 2025 91 2025 90 2025 221 2026 90 2026 42 2026 1155 2027 241 2027 238 2027 238 2028 37 2028 1155 2028 82 2031 81 2031 218 2031 218 2032 81 2032 220 2032 84 2035 82 2035 218 2035 214 2039 85 2039 84 2039 214 2040 84 2040 216 2040 220 2042 81 2042 227 2042 227 2043 81 2043 80 2043 77 2044 75 2044 223 2044 80 2045 79 2045 227 2045 227 2046 79 2046 78 2046 227 2047 78 2047 228 2047 228 2048 78 2048 77 2048 228 2049 77 2049 225 2049 225 2050 77 2050 223 2050 233 2051 221 2051 42 2051 35 2052 37 2052 238 2052 42 2053 44 2053 233 2053 233 2054 44 2054 45 2054 233 2055 45 2055 236 2055 236 2056 45 2056 35 2056 236 2057 35 2057 237 2057 237 2058 35 2058 238 2058 51 2059 31 2059 1156 2059 51 2060 1156 2060 53 2060 83 2061 88 2061 1156 2061 1156 2062 88 2062 95 2062 1156 2063 95 2063 53 2063 104 2064 102 2064 1156 2064 1156 2065 102 2065 100 2065 1156 2066 100 2066 83 2066 111 2067 108 2067 1156 2067 1156 2068 108 2068 106 2068 1156 2069 106 2069 104 2069 117 2070 115 2070 1156 2070 1156 2071 115 2071 113 2071 1156 2072 113 2072 111 2072 123 2073 121 2073 1156 2073 1156 2074 121 2074 119 2074 1156 2075 119 2075 117 2075 129 2076 127 2076 1156 2076 1156 2077 127 2077 125 2077 1156 2078 125 2078 123 2078 135 2079 133 2079 1156 2079 1156 2080 133 2080 131 2080 1156 2081 131 2081 129 2081 141 2082 139 2082 1156 2082 1156 2083 139 2083 137 2083 1156 2084 137 2084 135 2084 1157 2085 145 2085 1156 2085 1156 2086 145 2086 143 2086 1156 2087 143 2087 141 2087 153 2088 151 2088 1156 2088 1156 2089 151 2089 149 2089 1156 2090 149 2090 1157 2090 5 2091 157 2091 1156 2091 1156 2092 157 2092 155 2092 1156 2093 155 2093 153 2093 31 2094 29 2094 1156 2094 1156 2095 29 2095 9 2095 1156 2096 9 2096 5 2096 1174 2129 1175 2129 1176 2129 1177 2130 1178 2130 1179 2130 1180 2131 1181 2131 1182 2131 1183 2132 1184 2132 1185 2132 1186 2133 1187 2133 1188 2133 1187 2134 1186 2134 1189 2134 1190 2135 1191 2135 1192 2135 1193 2136 1194 2136 1195 2136 1196 2137 1197 2137 1198 2137 1198 2138 1197 2138 1199 2138 1200 2139 1201 2139 1202 2139 1203 2140 1204 2140 1205 2140 1206 2141 1207 2141 1208 2141 1208 2142 1207 2142 1209 2142 1208 2143 1209 2143 1210 2143 1211 2144 1212 2144 1213 2144 1213 2145 1212 2145 1214 2145 1215 2146 1216 2146 1217 2146 1217 2147 1216 2147 1218 2147 1217 2148 1218 2148 1219 2148 1219 2149 1218 2149 1220 2149 1219 2150 1220 2150 1221 2150 1216 2151 1222 2151 1223 2151 1223 2152 1224 2152 1216 2152 1216 2153 1224 2153 1225 2153 1216 2154 1225 2154 1218 2154 1218 2155 1225 2155 1226 2155 1218 2156 1226 2156 1227 2156 1226 2157 1228 2157 1227 2157 1227 2158 1228 2158 1229 2158 1227 2159 1229 2159 1230 2159 1229 2160 1231 2160 1230 2160 1230 2161 1231 2161 1232 2161 1230 2162 1232 2162 1233 2162 1233 2163 1234 2163 1235 2163 1235 2164 1234 2164 1236 2164 1235 2165 1236 2165 1222 2165 1222 2166 1236 2166 1237 2166 1222 2167 1237 2167 1223 2167 1238 2168 1239 2168 1240 2168 1240 2169 1239 2169 1241 2169 1242 2170 1243 2170 1244 2170 1233 2171 1235 2171 1230 2171 1230 2172 1235 2172 1240 2172 1230 2173 1240 2173 1243 2173 1243 2174 1240 2174 1241 2174 1243 2175 1241 2175 1244 2175 1245 2176 1246 2176 1247 2176 1247 2177 1246 2177 1242 2177 1247 2178 1242 2178 1248 2178 1248 2179 1242 2179 1244 2179 1246 2180 1249 2180 1250 2180 1250 2181 1249 2181 1179 2181 1250 2182 1179 2182 1251 2182 1251 2183 1179 2183 1178 2183 1251 2184 1178 2184 1252 2184 1178 2185 1253 2185 1252 2185 1252 2186 1253 2186 1254 2186 1252 2187 1254 2187 1204 2187 1204 2188 1254 2188 1255 2188 1204 2189 1255 2189 1205 2189 1256 2190 1257 2190 1258 2190 1258 2191 1257 2191 1259 2191 1196 2192 1198 2192 1260 2192 1260 2193 1198 2193 1261 2193 1260 2194 1261 2194 1262 2194 1195 2195 1194 2195 1263 2195 1264 2196 1265 2196 1266 2196 1265 2197 1267 2197 1266 2197 1266 2198 1267 2198 1268 2198 1266 2199 1268 2199 1188 2199 1188 2200 1268 2200 1269 2200 1188 2201 1269 2201 1186 2201 1265 2202 1270 2202 1267 2202 1267 2203 1270 2203 1271 2203 1267 2204 1271 2204 1272 2204 1272 2205 1271 2205 1273 2205 1272 2206 1273 2206 1274 2206 1275 2207 1276 2207 1277 2207 1273 2208 1278 2208 1274 2208 1274 2209 1278 2209 1279 2209 1274 2210 1279 2210 1280 2210 1280 2211 1279 2211 1275 2211 1280 2212 1275 2212 1209 2212 1209 2213 1275 2213 1277 2213 1209 2214 1277 2214 1210 2214 1210 2215 1277 2215 1281 2215 1282 2216 1258 2216 1202 2216 1202 2217 1258 2217 1259 2217 1202 2218 1259 2218 1200 2218 1283 2219 1284 2219 1285 2219 1285 2220 1284 2220 1286 2220 1285 2221 1286 2221 1287 2221 1287 2222 1286 2222 1258 2222 1287 2223 1258 2223 1288 2223 1288 2224 1258 2224 1282 2224 1289 2225 1290 2225 1291 2225 1291 2226 1290 2226 1292 2226 1291 2227 1292 2227 1293 2227 1293 2228 1292 2228 1294 2228 1293 2229 1294 2229 1201 2229 1201 2230 1294 2230 1295 2230 1201 2231 1295 2231 1202 2231 1202 2232 1295 2232 1296 2232 1202 2233 1296 2233 1282 2233 1297 2234 1298 2234 1299 2234 1300 2235 1301 2235 1298 2235 1298 2236 1301 2236 1302 2236 1298 2237 1302 2237 1299 2237 1303 2238 1304 2238 1305 2238 1306 2239 1307 2239 1308 2239 1309 2240 1310 2240 1311 2240 1311 2241 1310 2241 1312 2241 1311 2242 1312 2242 1304 2242 1304 2243 1312 2243 1313 2243 1304 2244 1313 2244 1305 2244 1314 2245 1315 2245 1316 2245 1255 2246 1317 2246 1205 2246 1205 2247 1317 2247 1318 2247 1205 2248 1318 2248 1319 2248 1319 2249 1318 2249 1320 2249 1319 2250 1320 2250 1321 2250 1322 2251 1323 2251 1324 2251 1324 2252 1323 2252 1325 2252 1324 2253 1325 2253 1316 2253 1316 2254 1325 2254 1326 2254 1316 2255 1326 2255 1327 2255 1327 2256 1326 2256 1328 2256 1327 2257 1328 2257 1329 2257 1195 2258 1262 2258 1193 2258 1193 2259 1262 2259 1261 2259 1193 2260 1261 2260 1330 2260 1330 2261 1261 2261 1331 2261 1332 2262 1333 2262 1334 2262 1334 2263 1333 2263 1335 2263 1334 2264 1335 2264 1284 2264 1336 2265 1337 2265 1338 2265 1338 2266 1337 2266 1339 2266 1338 2267 1339 2267 1340 2267 1340 2268 1339 2268 1341 2268 1340 2269 1341 2269 1332 2269 1332 2270 1341 2270 1342 2270 1332 2271 1342 2271 1333 2271 1176 2272 1175 2272 1190 2272 1190 2273 1175 2273 1343 2273 1190 2274 1343 2274 1344 2274 1189 2275 1191 2275 1187 2275 1187 2276 1191 2276 1190 2276 1187 2277 1190 2277 1345 2277 1345 2278 1190 2278 1344 2278 1345 2279 1346 2279 1187 2279 1187 2280 1346 2280 1347 2280 1187 2281 1347 2281 1188 2281 1188 2282 1347 2282 1348 2282 1188 2283 1348 2283 1266 2283 1348 2284 1349 2284 1266 2284 1266 2285 1349 2285 1350 2285 1266 2286 1350 2286 1351 2286 1351 2287 1350 2287 1352 2287 1351 2288 1352 2288 1353 2288 1276 2289 1183 2289 1277 2289 1277 2290 1183 2290 1185 2290 1277 2291 1185 2291 1354 2291 1354 2292 1185 2292 1355 2292 1354 2293 1355 2293 1311 2293 1311 2294 1355 2294 1182 2294 1311 2295 1182 2295 1309 2295 1309 2296 1182 2296 1181 2296 1184 2297 1356 2297 1185 2297 1185 2298 1356 2298 1357 2298 1185 2299 1357 2299 1355 2299 1355 2300 1357 2300 1358 2300 1355 2301 1358 2301 1182 2301 1182 2302 1358 2302 1297 2302 1182 2303 1297 2303 1180 2303 1180 2304 1297 2304 1299 2304 1194 2305 1359 2305 1263 2305 1263 2306 1359 2306 1336 2306 1263 2307 1336 2307 1192 2307 1192 2308 1336 2308 1338 2308 1192 2309 1338 2309 1190 2309 1190 2310 1338 2310 1340 2310 1190 2311 1340 2311 1176 2311 1215 2312 1212 2312 1216 2312 1216 2313 1212 2313 1211 2313 1216 2314 1211 2314 1222 2314 1222 2315 1211 2315 1360 2315 1222 2316 1360 2316 1235 2316 1235 2317 1360 2317 1361 2317 1235 2318 1361 2318 1240 2318 1240 2319 1361 2319 1329 2319 1240 2320 1329 2320 1238 2320 1238 2321 1329 2321 1328 2321 1356 2322 1264 2322 1357 2322 1357 2323 1264 2323 1266 2323 1357 2324 1266 2324 1358 2324 1358 2325 1266 2325 1351 2325 1358 2326 1351 2326 1297 2326 1297 2327 1351 2327 1362 2327 1297 2328 1362 2328 1298 2328 1298 2329 1362 2329 1363 2329 1298 2330 1363 2330 1300 2330 1300 2331 1363 2331 1364 2331 1300 2332 1364 2332 1291 2332 1291 2333 1364 2333 1365 2333 1291 2334 1365 2334 1289 2334 1289 2335 1365 2335 1366 2335 1353 2336 1174 2336 1351 2336 1351 2337 1174 2337 1176 2337 1351 2338 1176 2338 1362 2338 1362 2339 1176 2339 1340 2339 1362 2340 1340 2340 1363 2340 1363 2341 1340 2341 1332 2341 1363 2342 1332 2342 1364 2342 1364 2343 1332 2343 1334 2343 1364 2344 1334 2344 1365 2344 1365 2345 1334 2345 1284 2345 1365 2346 1284 2346 1366 2346 1366 2347 1284 2347 1283 2347 1214 2348 1281 2348 1213 2348 1213 2349 1281 2349 1277 2349 1213 2350 1277 2350 1211 2350 1211 2351 1277 2351 1354 2351 1211 2352 1354 2352 1360 2352 1360 2353 1354 2353 1311 2353 1360 2354 1311 2354 1361 2354 1361 2355 1311 2355 1304 2355 1361 2356 1304 2356 1329 2356 1329 2357 1304 2357 1303 2357 1329 2358 1303 2358 1327 2358 1327 2359 1303 2359 1367 2359 1327 2360 1367 2360 1316 2360 1316 2361 1367 2361 1368 2361 1316 2362 1368 2362 1314 2362 1314 2363 1368 2363 1369 2363 1305 2364 1306 2364 1303 2364 1303 2365 1306 2365 1308 2365 1303 2366 1308 2366 1367 2366 1367 2367 1308 2367 1370 2367 1367 2368 1370 2368 1368 2368 1368 2369 1370 2369 1319 2369 1368 2370 1319 2370 1369 2370 1369 2371 1319 2371 1321 2371 1335 2372 1331 2372 1284 2372 1284 2373 1331 2373 1261 2373 1284 2374 1261 2374 1286 2374 1286 2375 1261 2375 1198 2375 1286 2376 1198 2376 1258 2376 1258 2377 1198 2377 1199 2377 1258 2378 1199 2378 1256 2378 1245 2379 1322 2379 1246 2379 1246 2380 1322 2380 1324 2380 1246 2381 1324 2381 1249 2381 1249 2382 1324 2382 1316 2382 1249 2383 1316 2383 1179 2383 1179 2384 1316 2384 1315 2384 1179 2385 1315 2385 1177 2385 1307 2386 1301 2386 1308 2386 1308 2387 1301 2387 1300 2387 1308 2388 1300 2388 1370 2388 1370 2389 1300 2389 1291 2389 1370 2390 1291 2390 1319 2390 1319 2391 1291 2391 1293 2391 1319 2392 1293 2392 1205 2392 1205 2393 1293 2393 1201 2393 1205 2394 1201 2394 1203 2394 1203 2395 1201 2395 1200 2395 1416 2483 1283 2483 1417 2483 1417 2484 1283 2484 1285 2484 1417 2485 1285 2485 1418 2485 1418 2486 1285 2486 1287 2486 1418 2487 1287 2487 1419 2487 1419 2488 1287 2488 1288 2488 1419 2489 1288 2489 1420 2489 1420 2490 1288 2490 1282 2490 1420 2491 1282 2491 1421 2491 1421 2492 1282 2492 1296 2492 1421 2493 1296 2493 1422 2493 1422 2494 1296 2494 1295 2494 1422 2495 1295 2495 1423 2495 1423 2496 1295 2496 1294 2496 1423 2497 1294 2497 1424 2497 1424 2498 1294 2498 1292 2498 1424 2499 1292 2499 1425 2499 1425 2500 1292 2500 1290 2500 1425 2501 1290 2501 1426 2501 1426 2502 1290 2502 1289 2502 1426 2503 1289 2503 1427 2503 1427 2504 1289 2504 1366 2504 1427 2505 1366 2505 1416 2505 1416 2506 1366 2506 1283 2506 1426 2507 1427 2507 1428 2507 1428 2508 1427 2508 1416 2508 1428 2509 1416 2509 1417 2509 1423 2510 1424 2510 1428 2510 1428 2511 1424 2511 1425 2511 1428 2512 1425 2512 1426 2512 1420 2513 1421 2513 1428 2513 1428 2514 1421 2514 1422 2514 1428 2515 1422 2515 1423 2515 1417 2516 1418 2516 1428 2516 1428 2517 1418 2517 1419 2517 1428 2518 1419 2518 1420 2518 1429 2519 1180 2519 1430 2519 1430 2520 1180 2520 1299 2520 1430 2521 1299 2521 1431 2521 1431 2522 1299 2522 1302 2522 1431 2523 1302 2523 1432 2523 1432 2524 1302 2524 1301 2524 1432 2525 1301 2525 1433 2525 1433 2526 1301 2526 1307 2526 1433 2527 1307 2527 1434 2527 1434 2528 1307 2528 1306 2528 1434 2529 1306 2529 1435 2529 1435 2530 1306 2530 1305 2530 1435 2531 1305 2531 1436 2531 1436 2532 1305 2532 1313 2532 1436 2533 1313 2533 1437 2533 1437 2534 1313 2534 1312 2534 1437 2535 1312 2535 1438 2535 1438 2536 1312 2536 1310 2536 1438 2537 1310 2537 1439 2537 1439 2538 1310 2538 1309 2538 1439 2539 1309 2539 1440 2539 1440 2540 1309 2540 1181 2540 1440 2541 1181 2541 1429 2541 1429 2542 1181 2542 1180 2542 1439 2543 1440 2543 1441 2543 1441 2544 1440 2544 1429 2544 1441 2545 1429 2545 1430 2545 1436 2546 1437 2546 1441 2546 1441 2547 1437 2547 1438 2547 1441 2548 1438 2548 1439 2548 1433 2549 1434 2549 1441 2549 1441 2550 1434 2550 1435 2550 1441 2551 1435 2551 1436 2551 1430 2552 1431 2552 1441 2552 1441 2553 1431 2553 1432 2553 1441 2554 1432 2554 1433 2554 1442 2555 1320 2555 1443 2555 1443 2556 1320 2556 1318 2556 1443 2557 1318 2557 1444 2557 1444 2558 1318 2558 1317 2558 1444 2559 1317 2559 1445 2559 1445 2560 1317 2560 1255 2560 1445 2561 1255 2561 1446 2561 1446 2562 1255 2562 1254 2562 1446 2563 1254 2563 1447 2563 1447 2564 1254 2564 1253 2564 1447 2565 1253 2565 1448 2565 1448 2566 1253 2566 1178 2566 1448 2567 1178 2567 1449 2567 1449 2568 1178 2568 1177 2568 1449 2569 1177 2569 1450 2569 1450 2570 1177 2570 1315 2570 1450 2571 1315 2571 1451 2571 1451 2572 1315 2572 1314 2572 1451 2573 1314 2573 1452 2573 1452 2574 1314 2574 1369 2574 1452 2575 1369 2575 1453 2575 1453 2576 1369 2576 1321 2576 1453 2577 1321 2577 1442 2577 1442 2578 1321 2578 1320 2578 1446 2579 1447 2579 1454 2579 1454 2580 1447 2580 1448 2580 1454 2581 1448 2581 1449 2581 1443 2582 1444 2582 1454 2582 1454 2583 1444 2583 1445 2583 1454 2584 1445 2584 1446 2584 1452 2585 1453 2585 1454 2585 1454 2586 1453 2586 1442 2586 1454 2587 1442 2587 1443 2587 1449 2588 1450 2588 1454 2588 1454 2589 1450 2589 1451 2589 1454 2590 1451 2590 1452 2590 1455 2591 1238 2591 1456 2591 1456 2592 1238 2592 1328 2592 1456 2593 1328 2593 1457 2593 1457 2594 1328 2594 1326 2594 1457 2595 1326 2595 1458 2595 1458 2596 1326 2596 1325 2596 1458 2597 1325 2597 1459 2597 1459 2598 1325 2598 1323 2598 1459 2599 1323 2599 1460 2599 1460 2600 1323 2600 1322 2600 1460 2601 1322 2601 1461 2601 1461 2602 1322 2602 1245 2602 1461 2603 1245 2603 1462 2603 1462 2604 1245 2604 1247 2604 1462 2605 1247 2605 1463 2605 1463 2606 1247 2606 1248 2606 1463 2607 1248 2607 1464 2607 1464 2608 1248 2608 1244 2608 1464 2609 1244 2609 1465 2609 1465 2610 1244 2610 1241 2610 1465 2611 1241 2611 1466 2611 1466 2612 1241 2612 1239 2612 1466 2613 1239 2613 1455 2613 1455 2614 1239 2614 1238 2614 1459 2615 1460 2615 1467 2615 1467 2616 1460 2616 1461 2616 1467 2617 1461 2617 1462 2617 1456 2618 1457 2618 1467 2618 1467 2619 1457 2619 1458 2619 1467 2620 1458 2620 1459 2620 1465 2621 1466 2621 1467 2621 1467 2622 1466 2622 1455 2622 1467 2623 1455 2623 1456 2623 1462 2624 1463 2624 1467 2624 1467 2625 1463 2625 1464 2625 1467 2626 1464 2626 1465 2626 1468 2627 1223 2627 1469 2627 1469 2628 1223 2628 1237 2628 1469 2629 1237 2629 1470 2629 1470 2630 1237 2630 1236 2630 1470 2631 1236 2631 1471 2631 1471 2632 1236 2632 1234 2632 1471 2633 1234 2633 1472 2633 1472 2634 1234 2634 1233 2634 1472 2635 1233 2635 1473 2635 1473 2636 1233 2636 1232 2636 1473 2637 1232 2637 1474 2637 1474 2638 1232 2638 1231 2638 1474 2639 1231 2639 1475 2639 1475 2640 1231 2640 1229 2640 1475 2641 1229 2641 1476 2641 1476 2642 1229 2642 1228 2642 1476 2643 1228 2643 1477 2643 1477 2644 1228 2644 1226 2644 1477 2645 1226 2645 1478 2645 1478 2646 1226 2646 1225 2646 1478 2647 1225 2647 1479 2647 1479 2648 1225 2648 1224 2648 1479 2649 1224 2649 1468 2649 1468 2650 1224 2650 1223 2650 1472 2651 1473 2651 1480 2651 1480 2652 1473 2652 1474 2652 1480 2653 1474 2653 1475 2653 1469 2654 1470 2654 1480 2654 1480 2655 1470 2655 1471 2655 1480 2656 1471 2656 1472 2656 1478 2657 1479 2657 1480 2657 1480 2658 1479 2658 1468 2658 1480 2659 1468 2659 1469 2659 1475 2660 1476 2660 1480 2660 1480 2661 1476 2661 1477 2661 1480 2662 1477 2662 1478 2662 1481 2663 1336 2663 1482 2663 1482 2664 1336 2664 1359 2664 1482 2665 1359 2665 1483 2665 1483 2666 1359 2666 1194 2666 1483 2667 1194 2667 1484 2667 1484 2668 1194 2668 1193 2668 1484 2669 1193 2669 1485 2669 1485 2670 1193 2670 1330 2670 1485 2671 1330 2671 1486 2671 1486 2672 1330 2672 1331 2672 1486 2673 1331 2673 1487 2673 1487 2674 1331 2674 1335 2674 1487 2675 1335 2675 1488 2675 1488 2676 1335 2676 1333 2676 1488 2677 1333 2677 1489 2677 1489 2678 1333 2678 1342 2678 1489 2679 1342 2679 1490 2679 1490 2680 1342 2680 1341 2680 1490 2681 1341 2681 1491 2681 1491 2682 1341 2682 1339 2682 1491 2683 1339 2683 1492 2683 1492 2684 1339 2684 1337 2684 1492 2685 1337 2685 1481 2685 1481 2686 1337 2686 1336 2686 1491 2687 1492 2687 1493 2687 1493 2688 1492 2688 1481 2688 1493 2689 1481 2689 1482 2689 1488 2690 1489 2690 1493 2690 1493 2691 1489 2691 1490 2691 1493 2692 1490 2692 1491 2692 1485 2693 1486 2693 1493 2693 1493 2694 1486 2694 1487 2694 1493 2695 1487 2695 1488 2695 1482 2696 1483 2696 1493 2696 1493 2697 1483 2697 1484 2697 1493 2698 1484 2698 1485 2698 1494 2699 1346 2699 1495 2699 1495 2700 1346 2700 1345 2700 1495 2701 1345 2701 1496 2701 1496 2702 1345 2702 1344 2702 1496 2703 1344 2703 1497 2703 1497 2704 1344 2704 1343 2704 1497 2705 1343 2705 1498 2705 1498 2706 1343 2706 1175 2706 1498 2707 1175 2707 1499 2707 1499 2708 1175 2708 1174 2708 1499 2709 1174 2709 1500 2709 1500 2710 1174 2710 1353 2710 1500 2711 1353 2711 1501 2711 1501 2712 1353 2712 1352 2712 1501 2713 1352 2713 1502 2713 1502 2714 1352 2714 1350 2714 1502 2715 1350 2715 1503 2715 1503 2716 1350 2716 1349 2716 1503 2717 1349 2717 1504 2717 1504 2718 1349 2718 1348 2718 1504 2719 1348 2719 1505 2719 1505 2720 1348 2720 1347 2720 1505 2721 1347 2721 1494 2721 1494 2722 1347 2722 1346 2722 1504 2723 1505 2723 1506 2723 1506 2724 1505 2724 1494 2724 1506 2725 1494 2725 1495 2725 1501 2726 1502 2726 1506 2726 1506 2727 1502 2727 1503 2727 1506 2728 1503 2728 1504 2728 1498 2729 1499 2729 1506 2729 1506 2730 1499 2730 1500 2730 1506 2731 1500 2731 1501 2731 1495 2732 1496 2732 1506 2732 1506 2733 1496 2733 1497 2733 1506 2734 1497 2734 1498 2734 1507 2735 1271 2735 1508 2735 1508 2736 1271 2736 1270 2736 1508 2737 1270 2737 1509 2737 1509 2738 1270 2738 1265 2738 1509 2739 1265 2739 1510 2739 1510 2740 1265 2740 1264 2740 1510 2741 1264 2741 1511 2741 1511 2742 1264 2742 1356 2742 1511 2743 1356 2743 1512 2743 1512 2744 1356 2744 1184 2744 1512 2745 1184 2745 1513 2745 1513 2746 1184 2746 1183 2746 1513 2747 1183 2747 1514 2747 1514 2748 1183 2748 1276 2748 1514 2749 1276 2749 1515 2749 1515 2750 1276 2750 1275 2750 1515 2751 1275 2751 1516 2751 1516 2752 1275 2752 1279 2752 1516 2753 1279 2753 1517 2753 1517 2754 1279 2754 1278 2754 1517 2755 1278 2755 1518 2755 1518 2756 1278 2756 1273 2756 1518 2757 1273 2757 1507 2757 1507 2758 1273 2758 1271 2758 1517 2759 1518 2759 1519 2759 1519 2760 1518 2760 1507 2760 1519 2761 1507 2761 1508 2761 1514 2762 1515 2762 1519 2762 1519 2763 1515 2763 1516 2763 1519 2764 1516 2764 1517 2764 1511 2765 1512 2765 1519 2765 1519 2766 1512 2766 1513 2766 1519 2767 1513 2767 1514 2767 1508 2768 1509 2768 1519 2768 1519 2769 1509 2769 1510 2769 1519 2770 1510 2770 1511 2770 1552 2884 1260 2884 1262 2884 1587 2979 1570 2979 1571 2979 1588 2980 1589 2980 1590 2980 1590 2981 1589 2981 1591 2981 1592 2982 1593 2982 1594 2982 1594 2983 1593 2983 1587 2983 1595 2984 1596 2984 1597 2984 1597 2985 1596 2985 1598 2985 1597 2986 1598 2986 1599 2986 1599 2987 1598 2987 1600 2987 1587 2988 1571 2988 1594 2988 1594 2989 1571 2989 1590 2989 1594 2990 1590 2990 1599 2990 1599 2991 1590 2991 1591 2991 1599 2992 1591 2992 1597 2992 550 3023 549 3023 1601 3023 553 3024 552 3024 1601 3024 1601 3025 552 3025 551 3025 1601 3026 551 3026 550 3026 556 3027 554 3027 1601 3027 1601 3028 554 3028 555 3028 1601 3029 555 3029 553 3029 544 3030 545 3030 1601 3030 1601 3031 545 3031 546 3031 1601 3032 546 3032 556 3032 549 3033 548 3033 1601 3033 1601 3034 548 3034 547 3034 1601 3035 547 3035 544 3035 522 3036 520 3036 1602 3036 1603 3037 517 3037 1602 3037 1602 3038 517 3038 521 3038 1602 3039 521 3039 522 3039 527 3040 526 3040 1602 3040 1602 3041 526 3041 525 3041 1602 3042 525 3042 1603 3042 1604 3043 529 3043 1602 3043 1602 3044 529 3044 528 3044 1602 3045 528 3045 527 3045 520 3046 519 3046 1602 3046 1602 3047 519 3047 518 3047 1602 3048 518 3048 1604 3048 541 3049 542 3049 1605 3049 533 3050 543 3050 1605 3050 1605 3051 543 3051 540 3051 1605 3052 540 3052 541 3052 534 3053 531 3053 1605 3053 1605 3054 531 3054 532 3054 1605 3055 532 3055 533 3055 537 3056 536 3056 1605 3056 1605 3057 536 3057 535 3057 1605 3058 535 3058 534 3058 542 3059 539 3059 1605 3059 1605 3060 539 3060 538 3060 1605 3061 538 3061 537 3061 1699 3203 1700 3203 1701 3203 1702 3204 1703 3204 1704 3204 1704 3205 1703 3205 1705 3205 1706 3206 1707 3206 1708 3206 1708 3207 1707 3207 1703 3207 1708 3208 1703 3208 1709 3208 1709 3209 1703 3209 1710 3209 1709 3210 1710 3210 1711 3210 1711 3211 1710 3211 1712 3211 1711 3212 1712 3212 1713 3212 1701 3213 1714 3213 1699 3213 1699 3214 1714 3214 1715 3214 1699 3215 1715 3215 1716 3215 1717 3216 1718 3216 1716 3216 1716 3217 1718 3217 1719 3217 1716 3218 1719 3218 1720 3218 1706 3225 1727 3225 1707 3225 1707 3226 1727 3226 1728 3226 1707 3227 1728 3227 1716 3227 1728 3228 1729 3228 1716 3228 1716 3229 1729 3229 1730 3229 1716 3230 1730 3230 1699 3230 1699 3231 1730 3231 1731 3231 1699 3232 1731 3232 1732 3232 1732 3233 1731 3233 1733 3233 1732 3234 1733 3234 1712 3234 1712 3235 1733 3235 1734 3235 1712 3236 1734 3236 1713 3236 1741 3242 1742 3242 1707 3242 1707 3243 1742 3243 1743 3243 1707 3244 1743 3244 1703 3244 1703 3245 1743 3245 1744 3245 1703 3246 1744 3246 1705 3246 1715 3247 1745 3247 1716 3247 1716 3248 1745 3248 1746 3248 1716 3249 1746 3249 1747 3249 1740 3250 1748 3250 1707 3250 1707 3251 1748 3251 1749 3251 1707 3252 1749 3252 1750 3252 1751 3253 1717 3253 1752 3253 1752 3254 1717 3254 1716 3254 1752 3255 1716 3255 1753 3255 1753 3256 1716 3256 1747 3256 1754 3257 1741 3257 1755 3257 1755 3258 1741 3258 1707 3258 1755 3259 1707 3259 1756 3259 1756 3260 1707 3260 1750 3260 1757 3261 1758 3261 1759 3261 1760 3262 1761 3262 1762 3262 1763 3263 1764 3263 1765 3263 1765 3264 1764 3264 1766 3264 1765 3265 1766 3265 1760 3265 1760 3266 1766 3266 1767 3266 1760 3267 1767 3267 1757 3267 1768 3268 1763 3268 1769 3268 1769 3269 1763 3269 1770 3269 1762 3270 1771 3270 1760 3270 1760 3271 1771 3271 1772 3271 1760 3272 1772 3272 1773 3272 1773 3273 1772 3273 1774 3273 1776 3275 1777 3275 1765 3275 1765 3276 1777 3276 1778 3276 1765 3277 1778 3277 1763 3277 1763 3278 1778 3278 1779 3278 1763 3279 1779 3279 1770 3279 1759 3280 1780 3280 1757 3280 1757 3281 1780 3281 1781 3281 1757 3282 1781 3282 1760 3282 1760 3283 1781 3283 1782 3283 1760 3284 1782 3284 1783 3284 1784 3285 1765 3285 1785 3285 1785 3286 1765 3286 1786 3286 1785 3287 1786 3287 1787 3287 1787 3288 1786 3288 1788 3288 1787 3289 1788 3289 1789 3289 1784 3290 1790 3290 1765 3290 1765 3291 1790 3291 1791 3291 1765 3292 1791 3292 1792 3292 1783 3293 1793 3293 1760 3293 1760 3294 1793 3294 1794 3294 1760 3295 1794 3295 1761 3295 1795 3296 1776 3296 1796 3296 1796 3297 1776 3297 1765 3297 1796 3298 1765 3298 1797 3298 1797 3299 1765 3299 1792 3299 1798 3300 1799 3300 1800 3300 1800 3301 1799 3301 1793 3301 1800 3302 1793 3302 1801 3302 1801 3303 1793 3303 1783 3303 1666 3304 1760 3304 1773 3304 1671 3307 1737 3307 1707 3307 1684 3311 1786 3311 1765 3311 1768 3312 1802 3312 1803 3312 1702 3313 1804 3313 1805 3313 1806 3314 1807 3314 1758 3314 1703 3315 1702 3315 1808 3315 1809 3316 1732 3316 1810 3316 1810 3317 1732 3317 1811 3317 1810 3318 1811 3318 1812 3318 1812 3319 1811 3319 1710 3319 1812 3320 1710 3320 1813 3320 1813 3321 1710 3321 1703 3321 1813 3322 1703 3322 1814 3322 1814 3323 1703 3323 1808 3323 1815 3324 1816 3324 1700 3324 1763 3325 1768 3325 1817 3325 1818 3326 1767 3326 1819 3326 1819 3327 1767 3327 1820 3327 1819 3328 1820 3328 1821 3328 1821 3329 1820 3329 1764 3329 1821 3330 1764 3330 1822 3330 1822 3331 1764 3331 1763 3331 1822 3332 1763 3332 1823 3332 1823 3333 1763 3333 1817 3333 1702 3334 1805 3334 1808 3334 1808 3335 1805 3335 1824 3335 1808 3336 1824 3336 1825 3336 1825 3337 1824 3337 1826 3337 1825 3338 1826 3338 1827 3338 1827 3339 1826 3339 1828 3339 1827 3340 1828 3340 1829 3340 1829 3341 1828 3341 1830 3341 1829 3342 1830 3342 1831 3342 1831 3343 1830 3343 1832 3343 1831 3344 1832 3344 1833 3344 1833 3345 1832 3345 1834 3345 1833 3346 1834 3346 1835 3346 1835 3347 1834 3347 1836 3347 1835 3348 1836 3348 1837 3348 1837 3349 1836 3349 1838 3349 1837 3350 1838 3350 1839 3350 1839 3351 1838 3351 1840 3351 1839 3352 1840 3352 1841 3352 1841 3353 1840 3353 1842 3353 1841 3354 1842 3354 1843 3354 1843 3355 1842 3355 1844 3355 1843 3356 1844 3356 1845 3356 1845 3357 1844 3357 1806 3357 1845 3358 1806 3358 1846 3358 1846 3359 1806 3359 1758 3359 1846 3360 1758 3360 1818 3360 1818 3361 1758 3361 1757 3361 1818 3362 1757 3362 1767 3362 1768 3363 1803 3363 1817 3363 1817 3364 1803 3364 1847 3364 1817 3365 1847 3365 1848 3365 1848 3366 1847 3366 1849 3366 1848 3367 1849 3367 1850 3367 1850 3368 1849 3368 1851 3368 1850 3369 1851 3369 1852 3369 1852 3370 1851 3370 1853 3370 1852 3371 1853 3371 1854 3371 1854 3372 1853 3372 1855 3372 1854 3373 1855 3373 1856 3373 1856 3374 1855 3374 1857 3374 1856 3375 1857 3375 1858 3375 1858 3376 1857 3376 1859 3376 1858 3377 1859 3377 1860 3377 1860 3378 1859 3378 1861 3378 1860 3379 1861 3379 1862 3379 1862 3380 1861 3380 1863 3380 1862 3381 1863 3381 1864 3381 1864 3382 1863 3382 1865 3382 1864 3383 1865 3383 1866 3383 1866 3384 1865 3384 1867 3384 1866 3385 1867 3385 1868 3385 1868 3386 1867 3386 1815 3386 1868 3387 1815 3387 1869 3387 1869 3388 1815 3388 1700 3388 1869 3389 1700 3389 1809 3389 1809 3390 1700 3390 1699 3390 1809 3391 1699 3391 1732 3391 1818 3392 1819 3392 1870 3392 1870 3393 1819 3393 1821 3393 1870 3394 1821 3394 1822 3394 1843 3395 1845 3395 1870 3395 1870 3396 1845 3396 1846 3396 1870 3397 1846 3397 1818 3397 1837 3398 1839 3398 1870 3398 1870 3399 1839 3399 1841 3399 1870 3400 1841 3400 1843 3400 1831 3401 1833 3401 1870 3401 1870 3402 1833 3402 1871 3402 1870 3403 1871 3403 1837 3403 1825 3404 1827 3404 1870 3404 1870 3405 1827 3405 1829 3405 1870 3406 1829 3406 1831 3406 1813 3407 1814 3407 1870 3407 1870 3408 1814 3408 1808 3408 1870 3409 1808 3409 1825 3409 1809 3410 1810 3410 1870 3410 1870 3411 1810 3411 1872 3411 1870 3412 1872 3412 1813 3412 1866 3413 1868 3413 1870 3413 1870 3414 1868 3414 1869 3414 1870 3415 1869 3415 1809 3415 1860 3416 1862 3416 1870 3416 1870 3417 1862 3417 1864 3417 1870 3418 1864 3418 1866 3418 1854 3419 1856 3419 1870 3419 1870 3420 1856 3420 1873 3420 1870 3421 1873 3421 1860 3421 1848 3422 1850 3422 1870 3422 1870 3423 1850 3423 1852 3423 1870 3424 1852 3424 1854 3424 1822 3425 1823 3425 1870 3425 1870 3426 1823 3426 1817 3426 1870 3427 1817 3427 1848 3427 1760 3431 1684 3431 1765 3431 1876 3436 1733 3436 1877 3436 1877 3437 1733 3437 1731 3437 1877 3438 1731 3438 1878 3438 1878 3439 1731 3439 1730 3439 1878 3440 1730 3440 1879 3440 1879 3441 1730 3441 1729 3441 1879 3442 1729 3442 1880 3442 1880 3443 1729 3443 1881 3443 1880 3444 1881 3444 1882 3444 1882 3445 1881 3445 1727 3445 1882 3446 1727 3446 1883 3446 1883 3447 1727 3447 1706 3447 1883 3448 1706 3448 1884 3448 1884 3449 1706 3449 1708 3449 1885 3456 1886 3456 1887 3456 1887 3457 1886 3457 1874 3457 1887 3458 1874 3458 1875 3458 1882 3459 1883 3459 1887 3459 1887 3460 1883 3460 1884 3460 1887 3461 1884 3461 1885 3461 1878 3462 1879 3462 1887 3462 1887 3463 1879 3463 1888 3463 1887 3464 1888 3464 1882 3464 1875 3465 1876 3465 1887 3465 1887 3466 1876 3466 1877 3466 1887 3467 1877 3467 1878 3467 1889 3468 1890 3468 1891 3468 1892 3469 1893 3469 1894 3469 1894 3470 1893 3470 1895 3470 1894 3471 1895 3471 1896 3471 1896 3472 1895 3472 1897 3472 1897 3473 1895 3473 1898 3473 1897 3474 1898 3474 1891 3474 1891 3475 1898 3475 1899 3475 1891 3476 1899 3476 1900 3476 1901 3477 1902 3477 1903 3477 1903 3478 1902 3478 1890 3478 1890 3479 1902 3479 1904 3479 1890 3480 1904 3480 1891 3480 1905 3481 1906 3481 1907 3481 1907 3482 1906 3482 1908 3482 1907 3483 1908 3483 1909 3483 1909 3484 1908 3484 1910 3484 1909 3485 1910 3485 1903 3485 1903 3486 1910 3486 1911 3486 1903 3487 1911 3487 1901 3487 1912 3488 1913 3488 1914 3488 1914 3489 1913 3489 1892 3489 1915 3490 1916 3490 1893 3490 1893 3491 1916 3491 1917 3491 1893 3492 1917 3492 1918 3492 1918 3493 1917 3493 1919 3493 1918 3494 1919 3494 1920 3494 1921 3495 1922 3495 1923 3495 1924 3496 1925 3496 1926 3496 1926 3497 1925 3497 1927 3497 1926 3498 1927 3498 1928 3498 1929 3499 1930 3499 1931 3499 1931 3500 1930 3500 1932 3500 1913 3501 1933 3501 1892 3501 1892 3502 1933 3502 1934 3502 1892 3503 1934 3503 1893 3503 1893 3504 1934 3504 1935 3504 1893 3505 1935 3505 1936 3505 1937 3506 1938 3506 1939 3506 1940 3507 1941 3507 1942 3507 1942 3508 1941 3508 1943 3508 1942 3509 1943 3509 1944 3509 1945 3510 1946 3510 1938 3510 1938 3511 1946 3511 1947 3511 1938 3512 1947 3512 1939 3512 1932 3513 1948 3513 1931 3513 1931 3514 1948 3514 1889 3514 1931 3515 1889 3515 1949 3515 1949 3516 1889 3516 1891 3516 1949 3517 1891 3517 1950 3517 1950 3518 1891 3518 1900 3518 1950 3519 1900 3519 1951 3519 1951 3520 1900 3520 1952 3520 1951 3521 1952 3521 1953 3521 1924 3522 1954 3522 1925 3522 1925 3523 1954 3523 1938 3523 1925 3524 1938 3524 1955 3524 1955 3525 1938 3525 1956 3525 1955 3526 1956 3526 1923 3526 1923 3527 1956 3527 1957 3527 1923 3528 1957 3528 1958 3528 1922 3529 1941 3529 1923 3529 1923 3530 1941 3530 1940 3530 1923 3531 1940 3531 1959 3531 1959 3532 1940 3532 1960 3532 1961 3533 1962 3533 1963 3533 1963 3534 1962 3534 1964 3534 1963 3535 1964 3535 1965 3535 1965 3536 1964 3536 1966 3536 1965 3537 1966 3537 1967 3537 1967 3538 1966 3538 1968 3538 1915 3539 1893 3539 1969 3539 1969 3540 1893 3540 1936 3540 1969 3541 1936 3541 1970 3541 1968 3542 1971 3542 1967 3542 1967 3543 1971 3543 1972 3543 1967 3544 1972 3544 1940 3544 1940 3545 1972 3545 1973 3545 1940 3546 1973 3546 1960 3546 1919 3547 1974 3547 1920 3547 1920 3548 1974 3548 1975 3548 1920 3549 1975 3549 1976 3549 1976 3550 1975 3550 1921 3550 1976 3551 1921 3551 1977 3551 1977 3552 1921 3552 1923 3552 1977 3553 1923 3553 1978 3553 1978 3554 1923 3554 1958 3554 1979 3555 1980 3555 1943 3555 1943 3556 1980 3556 1981 3556 1943 3557 1981 3557 1944 3557 1970 3558 1982 3558 1969 3558 1969 3559 1982 3559 1983 3559 1969 3560 1983 3560 1984 3560 1939 3561 1985 3561 1937 3561 1937 3562 1985 3562 1986 3562 1937 3563 1986 3563 1953 3563 1953 3564 1986 3564 1987 3564 1953 3565 1987 3565 1951 3565 1988 3566 1989 3566 1990 3566 1990 3567 1989 3567 1945 3567 1990 3568 1945 3568 1991 3568 1991 3569 1945 3569 1938 3569 1991 3570 1938 3570 1992 3570 1992 3571 1938 3571 1954 3571 1738 3572 1736 3572 1969 3572 1969 3573 1736 3573 1915 3573 1931 3574 1949 3574 1772 3574 1772 3575 1949 3575 1774 3575 1785 3576 1787 3576 1945 3576 1945 3577 1787 3577 1946 3577 1786 3580 1723 3580 1993 3580 1996 3585 1997 3585 1998 3585 1998 3586 1997 3586 1999 3586 1998 3587 1999 3587 1993 3587 1993 3588 1999 3588 2000 3588 1993 3589 2000 3589 1786 3589 1987 3590 1986 3590 1997 3590 1997 3591 1986 3591 1999 3591 1996 3592 1998 3592 1919 3592 1919 3593 1998 3593 1974 3593 1774 3594 1949 3594 1775 3594 1775 3595 1949 3595 1950 3595 1775 3596 1950 3596 1773 3596 1773 3597 1950 3597 1951 3597 1987 3598 1997 3598 1951 3598 1951 3599 1997 3599 1995 3599 1951 3600 1995 3600 1773 3600 1999 3601 1986 3601 2000 3601 2000 3602 1986 3602 1985 3602 2000 3603 1985 3603 1786 3603 1786 3604 1985 3604 1939 3604 1946 3605 1787 3605 1947 3605 1947 3606 1787 3606 1789 3606 1947 3607 1789 3607 1939 3607 1939 3608 1789 3608 1788 3608 1939 3609 1788 3609 1786 3609 1996 3610 1919 3610 1994 3610 1994 3611 1919 3611 1917 3611 1994 3612 1917 3612 1737 3612 1737 3613 1917 3613 1916 3613 1915 3614 1736 3614 1916 3614 1916 3615 1736 3615 1735 3615 1916 3616 1735 3616 1737 3616 1974 3623 1998 3623 1975 3623 1975 3624 1998 3624 1993 3624 1975 3625 1993 3625 1723 3625 2001 3626 1928 3626 1927 3626 1803 3627 1802 3627 2002 3627 2003 3628 2004 3628 2002 3628 2002 3629 2004 3629 2005 3629 2002 3630 2005 3630 1803 3630 1803 3631 2005 3631 2006 3631 1803 3632 2006 3632 2001 3632 1802 3633 2007 3633 2002 3633 2002 3634 2007 3634 2008 3634 2002 3635 2008 3635 2003 3635 2009 3636 2010 3636 1815 3636 1815 3637 2010 3637 2011 3637 2012 3638 2013 3638 2014 3638 2014 3639 2013 3639 2015 3639 2011 3640 2015 3640 1815 3640 1815 3641 2015 3641 2013 3641 1815 3642 2013 3642 1816 3642 1816 3643 2013 3643 2012 3643 1816 3644 2012 3644 2016 3644 2001 3645 1927 3645 1803 3645 1803 3646 1927 3646 1925 3646 1803 3647 1925 3647 1847 3647 1847 3648 1925 3648 1955 3648 1847 3649 1955 3649 1849 3649 1849 3650 1955 3650 1923 3650 1849 3651 1923 3651 1851 3651 1851 3652 1923 3652 1959 3652 1851 3653 1959 3653 1853 3653 1853 3654 1959 3654 1960 3654 1853 3655 1960 3655 1855 3655 1855 3656 1960 3656 2017 3656 1855 3657 2017 3657 2018 3657 2018 3658 2017 3658 1972 3658 2018 3659 1972 3659 1859 3659 1859 3660 1972 3660 1971 3660 1859 3661 1971 3661 1861 3661 1861 3662 1971 3662 1968 3662 1861 3663 1968 3663 1863 3663 1863 3664 1968 3664 1966 3664 1863 3665 1966 3665 1865 3665 1865 3666 1966 3666 1964 3666 1865 3667 1964 3667 1867 3667 1867 3668 1964 3668 1962 3668 1867 3669 1962 3669 1815 3669 1815 3670 1962 3670 1961 3670 1815 3671 1961 3671 2009 3671 2019 3672 1912 3672 1914 3672 2020 3673 2021 3673 1806 3673 1806 3674 2021 3674 2022 3674 2023 3675 2024 3675 2025 3675 2025 3676 2024 3676 2026 3676 2022 3677 2026 3677 1806 3677 1806 3678 2026 3678 2024 3678 1806 3679 2024 3679 1807 3679 1807 3680 2024 3680 2023 3680 1807 3681 2023 3681 2027 3681 1805 3682 1804 3682 2028 3682 2029 3683 2030 3683 2028 3683 2028 3684 2030 3684 2031 3684 2028 3685 2031 3685 1805 3685 1805 3686 2031 3686 2032 3686 1805 3687 2032 3687 2019 3687 1804 3688 2033 3688 2028 3688 2028 3689 2033 3689 2034 3689 2028 3690 2034 3690 2029 3690 2019 3691 1914 3691 1805 3691 1805 3692 1914 3692 1892 3692 1805 3693 1892 3693 1824 3693 1824 3694 1892 3694 1894 3694 1824 3695 1894 3695 1826 3695 1826 3696 1894 3696 1896 3696 1826 3697 1896 3697 1828 3697 1828 3698 1896 3698 1897 3698 1828 3699 1897 3699 1830 3699 1830 3700 1897 3700 1891 3700 1830 3701 1891 3701 1832 3701 1832 3702 1891 3702 2035 3702 1832 3703 2035 3703 2036 3703 2036 3704 2035 3704 1902 3704 2036 3705 1902 3705 1836 3705 1836 3706 1902 3706 1901 3706 1836 3707 1901 3707 1838 3707 1838 3708 1901 3708 1911 3708 1838 3709 1911 3709 1840 3709 1840 3710 1911 3710 1910 3710 1840 3711 1910 3711 1842 3711 1842 3712 1910 3712 1908 3712 1842 3713 1908 3713 1844 3713 1844 3714 1908 3714 1906 3714 1844 3715 1906 3715 1806 3715 1806 3716 1906 3716 1905 3716 1806 3717 1905 3717 2020 3717 1905 3718 1907 3718 2037 3718 2037 3719 1907 3719 1801 3719 2037 3720 1801 3720 2021 3720 2021 3721 1801 3721 1783 3721 1889 3722 1948 3722 1793 3722 1793 3723 1948 3723 1794 3723 2032 3724 1742 3724 2038 3724 2038 3725 1742 3725 1741 3725 2038 3726 1741 3726 1912 3726 1912 3727 1741 3727 1913 3727 1750 3728 1749 3728 1936 3728 1936 3729 1749 3729 1970 3729 2006 3730 1777 3730 2039 3730 2039 3731 1777 3731 1776 3731 2039 3732 1776 3732 1928 3732 1928 3733 1776 3733 1926 3733 1990 3734 1991 3734 1791 3734 1791 3735 1991 3735 1792 3735 1961 3736 1963 3736 2040 3736 2040 3737 1963 3737 1747 3737 2040 3738 1747 3738 2010 3738 2010 3739 1747 3739 1746 3739 1942 3740 1944 3740 1717 3740 1717 3741 1944 3741 1718 3741 1701 3742 1700 3742 1816 3742 2010 3743 1746 3743 2011 3743 2011 3744 1746 3744 1745 3744 2011 3745 1745 3745 1715 3745 2012 3746 2014 3746 1715 3746 1715 3747 2014 3747 2015 3747 1715 3748 2015 3748 2011 3748 1816 3749 2016 3749 1701 3749 1701 3750 2016 3750 2012 3750 1701 3751 2012 3751 1714 3751 1714 3752 2012 3752 1715 3752 1747 3753 1963 3753 1753 3753 1753 3754 1963 3754 1965 3754 1753 3755 1965 3755 1752 3755 1752 3756 1965 3756 1967 3756 1752 3757 1967 3757 1751 3757 1751 3758 1967 3758 1940 3758 1751 3759 1940 3759 1717 3759 1717 3760 1940 3760 1942 3760 1718 3761 1944 3761 1981 3761 1718 3762 1981 3762 1719 3762 1719 3763 1981 3763 1980 3763 1719 3764 1980 3764 1720 3764 1720 3765 1980 3765 1979 3765 1720 3766 1979 3766 1721 3766 2033 3769 1804 3769 1702 3769 1702 3770 1704 3770 2033 3770 2033 3771 1704 3771 1705 3771 2033 3772 1705 3772 2034 3772 2034 3773 1705 3773 1744 3773 2034 3774 1744 3774 2029 3774 2029 3775 1744 3775 1743 3775 2029 3776 1743 3776 2030 3776 2030 3777 1743 3777 2031 3777 2031 3778 1743 3778 1742 3778 2031 3779 1742 3779 2032 3779 1750 3780 1936 3780 1756 3780 1756 3781 1936 3781 1935 3781 1756 3782 1935 3782 1755 3782 1755 3783 1935 3783 1934 3783 1755 3784 1934 3784 1754 3784 1754 3785 1934 3785 1933 3785 1754 3786 1933 3786 1741 3786 1741 3787 1933 3787 1913 3787 1970 3788 1749 3788 1748 3788 1970 3789 1748 3789 1982 3789 1982 3790 1748 3790 1740 3790 1982 3791 1740 3791 1983 3791 1983 3792 1740 3792 1739 3792 1983 3793 1739 3793 1984 3793 1984 3794 1739 3794 1738 3794 1984 3795 1738 3795 1969 3795 1759 3796 1758 3796 1807 3796 2021 3797 1783 3797 2022 3797 2022 3798 1783 3798 1782 3798 2022 3799 1782 3799 1781 3799 2023 3800 2025 3800 1781 3800 1781 3801 2025 3801 2026 3801 1781 3802 2026 3802 2022 3802 1807 3803 2027 3803 1759 3803 1759 3804 2027 3804 2023 3804 1759 3805 2023 3805 1780 3805 1780 3806 2023 3806 1781 3806 1801 3807 1907 3807 1800 3807 1800 3808 1907 3808 1909 3808 1800 3809 1909 3809 1798 3809 1798 3810 1909 3810 1903 3810 1798 3811 1903 3811 1799 3811 1799 3812 1903 3812 1890 3812 1799 3813 1890 3813 1793 3813 1793 3814 1890 3814 1889 3814 1794 3815 1948 3815 1932 3815 1794 3816 1932 3816 1761 3816 1761 3817 1932 3817 1930 3817 1761 3818 1930 3818 1762 3818 1762 3819 1930 3819 1929 3819 1762 3820 1929 3820 1771 3820 1771 3821 1929 3821 1931 3821 1771 3822 1931 3822 1772 3822 1990 3823 1791 3823 1790 3823 1990 3824 1790 3824 1988 3824 1988 3825 1790 3825 1784 3825 1988 3826 1784 3826 1989 3826 1989 3827 1784 3827 1785 3827 1989 3828 1785 3828 1945 3828 1792 3829 1991 3829 1797 3829 1797 3830 1991 3830 1992 3830 1797 3831 1992 3831 1796 3831 1796 3832 1992 3832 1954 3832 1796 3833 1954 3833 1795 3833 1795 3834 1954 3834 1924 3834 1795 3835 1924 3835 1776 3835 1776 3836 1924 3836 1926 3836 2007 3837 1802 3837 1768 3837 1768 3838 1769 3838 2007 3838 2007 3839 1769 3839 1770 3839 2007 3840 1770 3840 2008 3840 2008 3841 1770 3841 1779 3841 2008 3842 1779 3842 2003 3842 2003 3843 1779 3843 1778 3843 2003 3844 1778 3844 2004 3844 2004 3845 1778 3845 2005 3845 2005 3846 1778 3846 1777 3846 2005 3847 1777 3847 2006 3847</p>
        </triangles>
      </mesh>
    </geometry>
  </library_geometries>
  <library_visual_scenes>
    <visual_scene id="Scene" name="Scene">
      <node id="link_base" name="link_base" type="NODE">
        <matrix sid="transform">1 0 0 0 0 1 0 0 0 0 1 0 0 0 0 1</matrix>
        <instance_geometry url="#link_base-mesh" name="link_base">
          <bind_material>
            <technique_common>
              <instance_material symbol="base-material" target="#base-material"/>
              <instance_material symbol="silver-material" target="#silver-material"/>
              <instance_material symbol="logo-material" target="#logo-material"/>
              <instance_material symbol="black-material" target="#black-material"/>
            </technique_common>
          </bind_material>
        </instance_geometry>
      </node>
    </visual_scene>
  </library_visual_scenes>
  <scene>
    <instance_visual_scene url="#Scene"/>
  </scene>
</COLLADA>