<?xml version="1.0" encoding="utf-8"?>
<COLLADA xmlns="http://www.collada.org/2005/11/COLLADASchema" version="1.4.1" xmlns:xsi="http://www.w3.org/2001/XMLSchema-instance">
  <asset>
    <contributor>
      <author>Blender User</author>
      <authoring_tool>Blender 4.5.7 LTS commit date:2026-02-16, commit time:13:34, hash:a9874eeece8d</authoring_tool>
    </contributor>
    <created>2026-09-30T16:39:17</created>
    <modified>2026-09-30T16:39:17</modified>
    <unit name="meter" meter="1"/>
    <up_axis>Z_UP</up_axis>
  </asset>
  <library_effects>
    <effect id="base-effect">
      <profile_COMMON>
        <technique sid="common">
          <lambert>
            <emission>
              <color sid="emission">0 0 0 1</color>
            </emission>
            <diffuse>
              <color sid="diffuse">0.22 0.22 0.17 1</color>
            </diffuse>
            <index_of_refraction>
              <float sid="ior">1.5</float>
            </index_of_refraction>
          </lambert>
        </technique>
      </profile_COMMON>
    </effect>
  </library_effects>
  <library_images/>
  <library_materials>
    <material id="base-material" name="base">
      <instance_effect url="#base-effect"/>
    </material>
  </library_materials>
  <library_geometries>
    <geometry id="link_2-mesh" name="link_2">
      <mesh>
        <source id="link_2-mesh-positions">
          <float_array id="link_2-mesh-positions-array" count="3291">0.02081418 -0.009454786 0.008260667 0.02051281 -0.009499967 0.008271753 0.02081418 -0.009499967 0.007699966 0.02043795 -0.009499967 0.008420169 0.02081418 -0.005999982 0.01119995 0.02056002 -0.006480038 0.01119995 0.02081418 -0.006560683 0.01115477 0.02081418 -0.006923556 0.01107591 0.02043658 -0.006722986 0.01119995 0.02081418 -0.007397353 0.0109089 0.02043151 -0.007427752 0.01097869 0.02081418 -0.008147239 0.01046389 0.02043151 -0.009278714 0.009127736 0.02081418 -0.009208917 0.009097337 0.02043151 -0.00882399 0.009893953 0.02081418 -0.008763849 0.009847283 0.02043151 -0.008193969 0.01052397 0.02010709 -0.009477436 0.009214282 0.02010709 -0.009499967 0.009161472 0.02022415 -0.009499967 0.008876979 0.02010709 -0.008995175 0.01002693 0.02010709 -0.008326947 0.01069515 0.02010709 -0.007514297 0.01117748 0.02010709 -0.007461488 0.01119995 0.02081418 0.006560683 0.01115477 0.02051281 0.006571769 0.01119995 0.02081418 0.005999982 0.01119995 0.02043795 0.006720185 0.01119995 0.02081418 0.009499967 0.007699966 0.02056002 0.009499967 0.008180081 0.02081418 0.009454786 0.008260667 0.02043658 0.009499967 0.00842297 0.02081418 0.009208917 0.009097337 0.02043151 0.009278714 0.009127736 0.02081418 0.008763849 0.009847283 0.02043151 0.007427752 0.01097869 0.02081418 0.007397353 0.0109089 0.02043151 0.008193969 0.01052397 0.02081418 0.008147239 0.01046389 0.02043151 0.00882399 0.009893953 0.02010709 0.007514297 0.01117748 0.02010709 0.007461488 0.01119995 0.02022415 0.007176995 0.01119995 0.02010709 0.008326947 0.01069515 0.02010709 0.008995175 0.01002693 0.02010709 0.009477436 0.009214282 0.02010709 0.009499967 0.009161472 0 0.008999943 0.005966007 0.007561206 0.008919 0.006008148 0.008242964 0.009189903 0.00582391 0 0.008499979 0.006099998 0.006723701 0.008499979 0.006099998 0.006878137 0.008584916 0.006096482 0.009679973 0.009499967 0.005099952 0 0.009499967 0.005099952 0.009033322 0.009429454 0.005468845 0 0.009438157 0.005446076 0.008871018 0.009388864 0.005558073 0 0.009365975 0.005599975 0 0.009207069 0.005807101 0 -0.009207069 0.005807101 0 -0.008999943 0.005966007 -0.001084804 -0.008934378 0.005966007 -0.001084804 0.008934378 0.005966007 -0.001024544 0.008437991 0.006099998 -0.002153813 0.008738458 0.005966007 -0.002034127 0.008252978 0.006099998 -0.003191411 0.008415102 0.005966007 -0.003014087 0.007947623 0.006099998 -0.004182457 0.007969081 0.005966007 -0.003950119 0.007526338 0.006099998 -0.005112528 0.00740683 0.005966007 -0.004828512 0.00699532 0.006099998 -0.005968093 0.006736576 0.005966007 -0.005636513 0.006362318 0.006099998 -0.006736576 0.005968093 0.005966007 -0.006362318 0.005636513 0.006099998 -0.00740683 0.005112528 0.005966007 -0.00699532 0.004828512 0.006099998 -0.007969081 0.004182457 0.005966007 -0.007526338 0.003950119 0.006099998 -0.008415102 0.003191411 0.005966007 -0.007947623 0.003014087 0.006099998 -0.008738458 0.002153813 0.005966007 -0.008252978 0.002034127 0.006099998 -0.008934378 0.001084804 0.005966007 -0.008437991 0.001024544 0.006099998 -0.008999943 0 0.005966007 -0.008499979 0 0.006099998 -0.008934378 -0.001084804 0.005966007 -0.008437991 -0.001024544 0.006099998 -0.008738458 -0.002153813 0.005966007 -0.008252978 -0.002034127 0.006099998 -0.008415102 -0.003191411 0.005966007 -0.007947623 -0.003014087 0.006099998 -0.007969081 -0.004182457 0.005966007 -0.007526338 -0.003950119 0.006099998 -0.00740683 -0.005112528 0.005966007 -0.00699532 -0.004828512 0.006099998 -0.006736576 -0.005968093 0.005966007 -0.006362318 -0.005636513 0.006099998 -0.005968093 -0.006736576 0.005966007 -0.005636513 -0.006362318 0.006099998 -0.005112528 -0.00740683 0.005966007 -0.004828512 -0.00699532 0.006099998 -0.004182457 -0.007969081 0.005966007 -0.003950119 -0.007526338 0.006099998 -0.003191411 -0.008415102 0.005966007 -0.003014087 -0.007947623 0.006099998 -0.002153813 -0.008738458 0.005966007 -0.002034127 -0.008252978 0.006099998 -0.001024544 -0.008437991 0.006099998 0 -0.008499979 0.006099998 0 -0.009438157 0.005446076 0 -0.009365975 0.005599975 -0.001128911 -0.009297728 0.005599975 -0.002241432 -0.009093821 0.005599975 -0.00332123 -0.008757352 0.005599975 -0.004352569 -0.008293151 0.005599975 -0.005320489 -0.007708072 0.005599975 -0.006210803 -0.007010519 0.005599975 -0.007010519 -0.006210803 0.005599975 -0.007708072 -0.005320489 0.005599975 -0.008293151 -0.004352569 0.005599975 -0.008757352 -0.00332123 0.005599975 -0.009093821 -0.002241432 0.005599975 -0.009297728 -0.001128911 0.005599975 -0.009365975 0 0.005599975 -0.009297728 0.001128911 0.005599975 -0.009093821 0.002241432 0.005599975 -0.008757352 0.00332123 0.005599975 -0.008293151 0.004352569 0.005599975 -0.007708072 0.005320489 0.005599975 -0.007010519 0.006210803 0.005599975 -0.006210803 0.007010519 0.005599975 -0.005320489 0.007708072 0.005599975 -0.004352569 0.008293151 0.005599975 -0.00332123 0.008757352 0.005599975 -0.002241432 0.009093821 0.005599975 -0.001128911 0.009297728 0.005599975 -0.001145064 -0.009430706 0.005099952 0 -0.009499967 0.005099952 -0.00227344 -0.009223937 0.005099952 -0.003368735 -0.008882641 0.005099952 -0.004414856 -0.008411824 0.005099952 -0.005396604 -0.007818341 0.005099952 -0.006299614 -0.007110834 0.005099952 -0.007110834 -0.006299614 0.005099952 -0.007818341 -0.005396604 0.005099952 -0.008411824 -0.004414856 0.005099952 -0.008882641 -0.003368735 0.005099952 -0.009223937 -0.00227344 0.005099952 -0.009430706 -0.001145064 0.005099952 -0.009499967 0 0.005099952 -0.009430706 0.001145064 0.005099952 -0.009223937 0.00227344 0.005099952 -0.008882641 0.003368735 0.005099952 -0.008411824 0.004414856 0.005099952 -0.007818341 0.005396604 0.005099952 -0.007110834 0.006299614 0.005099952 -0.006299614 0.007110834 0.005099952 -0.005396604 0.007818341 0.005099952 -0.004414856 0.008411824 0.005099952 -0.003368735 0.008882641 0.005099952 -0.00227344 0.009223937 0.005099952 -0.001145064 0.009430706 0.005099952 0.009679973 -0.009499967 0.005099952 0.009469151 -0.009492576 0.005221426 0.006723701 -0.008499979 0.006099998 0.007422089 -0.008856236 0.006034672 0 -0.008999943 0.005966007 0.008871018 -0.009388864 0.005558073 0 -0.009365975 0.005599975 0.008810162 -0.009371638 0.00559014 0.008173823 -0.009165048 0.005846798 0.02006965 0.009499967 0.009256005 0.01968854 0.008342206 0.01119995 0.01957178 0.009498834 0.01024788 0.01943749 0.009438633 0.01054483 0.01937282 0.009301841 0.01079744 0.01936441 0.009207069 0.01090711 0.01937311 0.009095132 0.01100355 0.01945626 0.008794307 0.01115566 0.01959884 0.008499979 0.01119995 0.01959884 0.009499967 0.01019996 0.02006965 -0.007556021 0.01119995 0.01968854 -0.009499967 0.01004219 0.01957178 -0.008547842 0.01119881 0.01943749 -0.008844792 0.01113861 0.01937282 -0.009097456 0.01100182 0.01936441 -0.009207069 0.01090705 0.01937311 -0.009303569 0.01079511 0.01945626 -0.00945568 0.01049435 0.01959884 -0.009499967 0.01019996 0.01959884 -0.008499979 0.01119995 0.02927368 -0.005999982 0.01119995 0.02891635 -0.006940126 0.01107132 0.02883458 -0.007179737 0.01099509 0.02862495 -0.007848501 0.01067203 0.02857828 -0.008010327 0.01056504 0.02852028 -0.008218944 0.01040667 0.02850854 -0.008262097 0.01037067 0.02828186 -0.009191811 0.009136021 0.02832132 -0.009015202 0.009477138 0.02779996 -0.009191811 0.009136021 0.02779996 -0.009375929 0.00862354 0.02833634 -0.008949816 0.009583652 0.02835673 -0.008862555 0.009713768 0.0284121 -0.008634269 0.0100044 0.02779996 -0.009499967 0.007699966 0.02779996 0.009499967 0.007699966 0.02833634 0.008949816 0.009583652 0.02828186 0.009191811 0.009136021 0.02779996 0.009191811 0.009136021 0.02779996 0.009375929 0.00862354 0.02843809 0.008531153 0.01011723 0.02835673 0.008862495 0.009713828 0.02862495 0.007848501 0.01067203 0.02857834 0.00800997 0.01056528 0.02927368 0.005999982 0.01119995 0.0290727 0.006509363 0.01116281 0.02892345 0.006919801 0.01107692 0.02870386 0.007586479 0.01081973 0.009679973 -0.008499979 0.01119995 0.00914067 -0.008425891 0.01119995 0.009679973 -0.008882641 0.01112383 0.009037494 -0.008794426 0.01112383 0.009679973 -0.009207069 0.01090705 0.008949995 -0.009106814 0.01090705 0.009679973 -0.009423851 0.01058268 0.008891582 -0.00931555 0.01058268 0.009679973 -0.009499967 0.01019996 0.008871018 -0.009388864 0.01019996 0.00914067 0.008425891 0.01119995 0.009679973 0.008499979 0.01119995 0.009037494 0.008794426 0.01112383 0.009679973 0.008882641 0.01112383 0.009005844 0.008907377 0.01106601 0.009679973 0.009207069 0.01090705 0.009679973 0.009423851 0.01058268 0.008907139 0.009259819 0.01069998 0.008949995 0.009106814 0.01090705 0.009679973 0.009499967 0.01019996 0.008871018 0.009388864 0.01019996 0.008891582 0.00931555 0.01058268 0.007816791 0.007937014 0.01119995 0.007606327 0.008390545 0.01106601 0.007452249 0.008722543 0.01069998 0.006588697 0.007241666 0.01119995 0.006308019 0.007655441 0.01106601 0.006102561 0.007958352 0.01069998 0.0060274 0.008069276 0.01019996 0.007395803 0.008844077 0.01019996 0.005442857 0.006413996 0.01090705 0.005649983 0.006413996 0.01106601 0.00569427 0.006775975 0.01106601 0.006149947 0.006413996 0.01119995 0.006179511 0.006655335 0.01119995 0.006266415 0.006882369 0.01119995 0.005824685 0.007116556 0.01106601 0.006405532 0.007081747 0.01119995 0.00603336 0.007415592 0.01106601 0.00514996 0.006413996 0.01019996 0.005283951 0.006413996 0.01069998 0.005339086 0.006864309 0.01069998 0.00550127 0.007287979 0.01069998 0.005760848 0.007659971 0.01069998 0.005209088 0.006896615 0.01019996 0.005382895 0.007350742 0.01019996 0.005661129 0.007749438 0.01019996 0.00514996 -0.006413996 0.01019996 0.005226075 -0.006413996 0.01058268 0.005442857 -0.006413996 0.01090705 0.005767285 -0.006413996 0.01112383 0.006149947 -0.006413996 0.01119995 0.006588697 -0.007241666 0.01119995 0.006353855 -0.007019102 0.01119995 0.006373882 -0.007558345 0.01112383 0.006049156 -0.007250666 0.01112383 0.00619179 -0.007826864 0.01090705 0.005790889 -0.007447004 0.01090705 0.006070137 -0.008006274 0.01058268 0.005618274 -0.007578194 0.01058268 0.0060274 -0.008069276 0.01019996 0.00620228 -0.006733298 0.01119995 0.005839645 -0.006855428 0.01112383 0.005532205 -0.006959021 0.01090705 0.005326747 -0.007028222 0.01058268 0.005254626 -0.00705254 0.01019996 0.005382895 -0.007350742 0.01019996 0.005557656 -0.007624208 0.01019996 0.007816791 -0.007937014 0.01119995 0.00765568 -0.008284151 0.01112383 0.007519125 -0.008578419 0.01090705 0.007427871 -0.008775055 0.01058268 0.007395803 -0.008844077 0.01019996 0.0060274 -0.008069276 0.006099998 0.005382895 -0.007350742 0.006099998 0.00514996 -0.006413996 0.006099998 0.00514996 0.006413996 0.006099998 0.005382895 0.007350742 0.006099998 0.0060274 0.008069276 0.006099998 0.02779996 0.009499967 -0.006781697 0.02779996 0.009499967 -0.007699966 0.02081418 0.009499967 -0.007699966 0.02779996 0.009499967 0.006781697 0.02043795 0.009499967 -0.008420169 0.02022415 0.009499967 -0.008876979 0.009547412 0.009499967 -0.006099998 0 0.009499967 -0.006099998 0.02051281 0.009499967 -0.008271753 0.01959884 0.009499967 -0.01019996 0.009547412 0.009499967 -0.01019996 0.01968854 0.009499967 -0.01004219 0.02010709 0.009499967 -0.009161472 0.02992588 -0.004999995 0.01119995 0.02979999 -0.004999995 0.01119995 0.02658605 -0.003830194 0.01119995 0.02546983 -0.002499997 0.01119995 0.02808988 -0.004698455 0.01119995 0.02487593 8.68241e-4 0.01119995 0.02546983 0.002499997 0.01119995 0.02487593 -8.68241e-4 0.01119995 0.02658605 0.003830194 0.01119995 0.02808988 0.004698455 0.01119995 0.02979999 0.004999995 0.01119995 0.02992588 0.004999995 0.01119995 0.02779996 -0.009499967 0.006781697 0.02779996 -0.009499967 -0.006781697 0 -0.009499967 -0.006099998 0.009547412 -0.009499967 -0.006099998 0.02010709 -0.009499967 -0.009161472 0.02006965 -0.009499967 -0.009256005 0.009547412 -0.009499967 -0.01019996 0.01959884 -0.009499967 -0.01019996 0.02081418 -0.009499967 -0.007699966 0.02056002 -0.009499967 -0.008180081 0.02043658 -0.009499967 -0.00842297 0.02779996 -0.009499967 -0.007699966 -0.001145064 0.009430706 -0.006099998 -0.00227344 0.009223937 -0.006099998 -0.003368735 0.008882641 -0.006099998 -0.004414856 0.008411824 -0.006099998 -0.005396604 0.007818341 -0.006099998 -0.006299614 0.007110834 -0.006099998 -0.007110834 0.006299614 -0.006099998 -0.007818341 0.005396604 -0.006099998 -0.008411824 0.004414856 -0.006099998 -0.008882641 0.003368735 -0.006099998 -0.009223937 0.00227344 -0.006099998 -0.009430706 0.001145064 -0.006099998 -0.009499967 0 0.005099952 -0.009499967 0 -0.006099998 -0.009430706 -0.001145064 -0.006099998 -0.009223937 -0.00227344 -0.006099998 -0.008882641 -0.003368735 -0.006099998 -0.008411824 -0.004414856 -0.006099998 -0.007818341 -0.005396604 -0.006099998 -0.007110834 -0.006299614 -0.006099998 -0.006299614 -0.007110834 -0.006099998 -0.005396604 -0.007818341 -0.006099998 -0.004414856 -0.008411824 -0.006099998 -0.003368735 -0.008882641 -0.006099998 -0.00227344 -0.009223937 -0.006099998 -0.001145064 -0.009430706 -0.006099998 -0.008499979 0 0.006099998 0.02927368 0.005999982 -0.01119995 0.02081418 0.005999982 -0.01119995 0.02891635 0.006940126 -0.01107132 0.02081418 0.006560683 -0.01115477 0.02883458 0.007179737 -0.01099509 0.02081418 0.006923556 -0.01107591 0.02862495 0.007848501 -0.01067203 0.02081418 0.007397353 -0.0109089 0.02857828 0.008010327 -0.01056504 0.02081418 0.008147239 -0.01046389 0.02852028 0.008218944 -0.01040667 0.02850854 0.008262097 -0.01037067 0.02828186 0.009191811 -0.009136021 0.02832132 0.009015202 -0.009477138 0.02779996 0.009191811 -0.009136021 0.02081418 0.008763849 -0.009847283 0.02779996 0.009375929 -0.00862354 0.02833634 0.008949816 -0.009583652 0.02835673 0.008862555 -0.009713768 0.0284121 0.008634269 -0.0100044 0.02081418 0.009454786 -0.008260667 0.02081418 0.009208917 -0.009097337 0.02056002 0.006480038 -0.01119995 0.02043658 0.006722986 -0.01119995 0.02043151 0.007427752 -0.01097869 0.02043151 0.009278714 -0.009127736 0.02043151 0.00882399 -0.009893953 0.02043151 0.008193969 -0.01052397 0.02010709 0.009477436 -0.009214282 0.02010709 0.008995175 -0.01002693 0.02010709 0.008326947 -0.01069515 0.02010709 0.007514297 -0.01117748 0.02010709 0.007461488 -0.01119995 0.02006965 0.007556021 -0.01119995 0.01957178 0.008547842 -0.01119881 0.01943749 0.008844792 -0.01113861 0.01937282 0.009097456 -0.01100182 0.01936441 0.009207069 -0.01090705 0.01937311 0.009303569 -0.01079511 0.01945626 0.00945568 -0.01049435 0.01959884 0.008499979 -0.01119995 0.009547412 0.008999943 -0.01106601 0.009547412 0.008499979 -0.01119995 0.009547412 0.009207069 -0.01090705 0.009547412 0.009365975 -0.01069998 0.009043514 0.009435474 -0.01019996 0.009043514 0.009435474 -0.006453335 0 0.009438157 -0.006446063 0.006723701 0.008499979 -0.007099986 0 0.008499979 -0.007099986 0.007422387 0.008856356 -0.007034897 0 0.008999943 -0.006965994 0 0.009207069 -0.006807088 0 0.009365975 -0.006599962 0.008781373 0.009363293 -0.006604909 0.008183002 0.009168386 -0.006843864 0 -0.009438157 -0.006446063 0 -0.009207069 -0.006807088 0 -0.009365975 -0.006599962 -0.001128911 -0.009297728 -0.006599962 -0.002241432 -0.009093821 -0.006599962 -0.00332123 -0.008757352 -0.006599962 -0.004352569 -0.008293151 -0.006599962 -0.005320489 -0.007708072 -0.006599962 -0.006210803 -0.007010519 -0.006599962 -0.007010519 -0.006210803 -0.006599962 -0.007708072 -0.005320489 -0.006599962 -0.008293151 -0.004352569 -0.006599962 -0.008757352 -0.00332123 -0.006599962 -0.009093821 -0.002241432 -0.006599962 -0.009297728 -0.001128911 -0.006599962 -0.009499967 0 -0.006099998 -0.009365975 0 -0.006599962 -0.009297728 0.001128911 -0.006599962 -0.009093821 0.002241432 -0.006599962 -0.008757352 0.00332123 -0.006599962 -0.008293151 0.004352569 -0.006599962 -0.007708072 0.005320489 -0.006599962 -0.007010519 0.006210803 -0.006599962 -0.006210803 0.007010519 -0.006599962 -0.005320489 0.007708072 -0.006599962 -0.004352569 0.008293151 -0.006599962 -0.00332123 0.008757352 -0.006599962 -0.002241432 0.009093821 -0.006599962 -0.001128911 0.009297728 -0.006599962 0 -0.008499979 -0.007099986 0 -0.008999943 -0.006965994 -0.001084804 -0.008934378 -0.006965994 -0.002153813 -0.008738458 -0.006965994 -0.003191411 -0.008415102 -0.006965994 -0.004182457 -0.007969081 -0.006965994 -0.005112528 -0.00740683 -0.006965994 -0.005968093 -0.006736576 -0.006965994 -0.006736576 -0.005968093 -0.006965994 -0.00740683 -0.005112528 -0.006965994 -0.007969081 -0.004182457 -0.006965994 -0.008415102 -0.003191411 -0.006965994 -0.008738458 -0.002153813 -0.006965994 -0.008934378 -0.001084804 -0.006965994 -0.008999943 0 -0.006965994 -0.008934378 0.001084804 -0.006965994 -0.008738458 0.002153813 -0.006965994 -0.008415102 0.003191411 -0.006965994 -0.007969081 0.004182457 -0.006965994 -0.00740683 0.005112528 -0.006965994 -0.006736576 0.005968093 -0.006965994 -0.005968093 0.006736576 -0.006965994 -0.005112528 0.00740683 -0.006965994 -0.004182457 0.007969081 -0.006965994 -0.003191411 0.008415102 -0.006965994 -0.002153813 0.008738458 -0.006965994 -0.001084804 0.008934378 -0.006965994 -0.001024544 -0.008437991 -0.007099986 -0.002034127 -0.008252978 -0.007099986 -0.003014087 -0.007947623 -0.007099986 -0.003950119 -0.007526338 -0.007099986 -0.004828512 -0.00699532 -0.007099986 -0.005636513 -0.006362318 -0.007099986 -0.006362318 -0.005636513 -0.007099986 -0.00699532 -0.004828512 -0.007099986 -0.007526338 -0.003950119 -0.007099986 -0.007947623 -0.003014087 -0.007099986 -0.008252978 -0.002034127 -0.007099986 -0.008437991 -0.001024544 -0.007099986 -0.008499979 0 -0.007099986 -0.008437991 0.001024544 -0.007099986 -0.008252978 0.002034127 -0.007099986 -0.007947623 0.003014087 -0.007099986 -0.007526338 0.003950119 -0.007099986 -0.00699532 0.004828512 -0.007099986 -0.006362318 0.005636513 -0.007099986 -0.005636513 0.006362318 -0.007099986 -0.004828512 0.00699532 -0.007099986 -0.003950119 0.007526338 -0.007099986 -0.003014087 0.007947623 -0.007099986 -0.002034127 0.008252978 -0.007099986 -0.001024544 0.008437991 -0.007099986 0 -0.009365975 -0.006599962 0.008534729 -0.009288132 -0.006715476 0.008286297 -0.009205102 -0.006809115 0 -0.008999943 -0.006965994 0.007776856 -0.009011089 -0.006959557 0.006723701 -0.008499979 -0.007099986 0.00702852 -0.00866419 -0.007086813 0.009043514 -0.009435474 -0.006453335 0.009049296 -0.009436964 -0.006449341 0.009043514 -0.009435474 -0.01019996 0.01937282 -0.009301841 -0.01079744 0.01943749 -0.009438633 -0.01054483 0.009547412 -0.009423851 -0.01058268 0.01957178 -0.009498834 -0.01024788 0.01936441 -0.009207069 -0.01090711 0.009547412 -0.009207069 -0.01090705 0.01937311 -0.009095132 -0.01100355 0.009547412 -0.008882641 -0.01112383 0.01945626 -0.008794307 -0.01115566 0.009547412 -0.008499979 -0.01119995 0.01959884 -0.008499979 -0.01119995 0.02010709 -0.009477436 -0.009214282 0.02010709 -0.008326947 -0.01069515 0.01968854 -0.008342206 -0.01119995 0.02010709 -0.007514297 -0.01117748 0.02010709 -0.007461488 -0.01119995 0.02010709 -0.008995175 -0.01002693 0.02081418 -0.006560683 -0.01115477 0.02051281 -0.006571769 -0.01119995 0.02081418 -0.005999982 -0.01119995 0.02043795 -0.006720185 -0.01119995 0.02081418 -0.009454786 -0.008260667 0.02081418 -0.009208917 -0.009097337 0.02043151 -0.009278714 -0.009127736 0.02081418 -0.008763849 -0.009847283 0.02043151 -0.007427752 -0.01097869 0.02081418 -0.007397353 -0.0109089 0.02043151 -0.008193969 -0.01052397 0.02081418 -0.008147239 -0.01046389 0.02043151 -0.00882399 -0.009893953 0.02022415 -0.007176995 -0.01119995 0.02833634 -0.008949816 -0.009583652 0.02828186 -0.009191811 -0.009136021 0.02779996 -0.009191811 -0.009136021 0.02779996 -0.009375929 -0.00862354 0.02843809 -0.008531153 -0.01011723 0.02835673 -0.008862495 -0.009713828 0.02862495 -0.007848501 -0.01067203 0.02857834 -0.00800997 -0.01056528 0.02927368 -0.005999982 -0.01119995 0.0290727 -0.006509363 -0.01116281 0.02892345 -0.006919801 -0.01107692 0.02870386 -0.007586479 -0.01081973 0.0248 0 -0.01119995 0.02506637 -0.001339375 -0.01119995 0.004649996 0.005083262 -0.01119995 0.004649996 -0.005083262 -0.01119995 0.02582508 -0.002474844 -0.01119995 0.02696061 -0.003233551 -0.01119995 0.02829998 -0.003499984 -0.01119995 0.02582508 0.002474844 -0.01119995 0.02506637 0.001339375 -0.01119995 0.03125011 -0.003499984 -0.01119995 0.03093934 -0.00380516 -0.01119995 0.02997678 -0.004930973 -0.01119995 0.004713237 0.00543338 -0.01119995 0.009295463 0.008467733 -0.01119995 0.008501231 0.008220076 -0.01119995 0.02829998 0.003499984 -0.01119995 0.02696061 0.003233551 -0.01119995 0.00489515 0.005739212 -0.01119995 0.005470037 0.006340503 -0.01119995 0.006099462 0.006884515 -0.01119995 0.009295463 -0.008467733 -0.01119995 0.008053362 -0.008042573 -0.01119995 0.006888866 -0.007436394 -0.01119995 0.005828142 -0.006662786 -0.01119995 0.00489515 -0.005739212 -0.01119995 0.004713237 -0.00543338 -0.01119995 0.02997678 0.004930973 -0.01119995 0.03093934 0.00380516 -0.01119995 0.03125011 0.003499984 -0.01119995 0.006888866 0.007436394 -0.01119995 0.007734119 0.007898151 -0.01119995 0.009169518 0.008951604 -0.01106601 0.00907725 0.009305775 -0.01069998 0.008158504 0.009159505 -0.01019996 0.007303774 0.008800804 -0.01019996 0.006361901 0.008286237 -0.01019996 0.005482256 0.007671296 -0.007099986 0.004140317 0.006395101 -0.01019996 0.004140317 0.006395101 -0.007099986 0.004780888 0.007065117 -0.01019996 0.005482256 0.007671296 -0.01019996 -2.5e-4 0 -0.007099986 -0.008499979 0 -0.007099986 -2.16506e-4 1.25e-4 -0.007099986 -2.16506e-4 -1.25e-4 -0.007099986 1.25e-4 -2.16506e-4 -0.007099986 0 -2.5e-4 -0.007099986 -1.25e-4 2.16506e-4 -0.007099986 -1.25e-4 -2.16506e-4 -0.007099986 0.00364995 -0.005083262 -0.007099986 0.00377655 -0.005783498 -0.007099986 0.004140317 -0.006395101 -0.007099986 0.005482256 -0.007671296 -0.007099986 0 2.5e-4 -0.007099986 1.25e-4 2.16506e-4 -0.007099986 0.00377655 0.005783498 -0.007099986 2.16506e-4 1.25e-4 -0.007099986 0.00364995 0.005083262 -0.007099986 2.5e-4 0 -0.007099986 2.16506e-4 -1.25e-4 -0.007099986 0.004140317 -0.006395101 -0.01019996 0.005179941 -0.007424235 -0.01019996 0.005482256 -0.007671296 -0.01019996 0.006361901 -0.008286237 -0.01019996 0.007659494 -0.008961737 -0.01019996 0.007303774 -0.008800804 -0.01019996 0.009199023 -0.008838057 -0.01112383 0.009117305 -0.009151995 -0.01090705 0.009062707 -0.009361803 -0.01058268 0.006402015 -0.008221566 -0.01058268 0.005580067 -0.006954193 -0.01112383 0.006687164 -0.007761597 -0.01112383 0.005369782 -0.007201194 -0.01090705 0.006516218 -0.008037328 -0.01090705 0.005229294 -0.007366299 -0.01058268 0.004517734 -0.006067156 -0.01106601 0.004361391 -0.006202995 -0.01090705 0.004241406 -0.006307244 -0.01069998 0.007689476 -0.008891761 -0.01058268 0.007774829 -0.008692502 -0.01090705 0.007902622 -0.0083943 -0.01112383 0.004244923 -0.005608439 -0.01106601 0.004149973 -0.005083262 -0.01106601 0.003783941 -0.005083262 -0.01069998 0.003902077 -0.005736589 -0.01069998 0.00364995 -0.005083262 -0.01019996 0.00377655 -0.005783498 -0.01019996 0.00364995 0.005083262 -0.01019996 0.003783941 0.005083262 -0.01069998 0.004149973 0.005083262 -0.01106601 0.004517734 0.006067156 -0.01106601 0.004244923 0.005608439 -0.01106601 0.004241406 0.006307244 -0.01069998 0.003902077 0.005736589 -0.01069998 0.00377655 0.005783498 -0.01019996 0.00820446 0.009033679 -0.01069998 0.008329868 0.00868982 -0.01106601 0.007518947 0.008349478 -0.01106601 0.006625354 0.007861316 -0.01106601 0.005790889 0.007277905 -0.01106601 0.005125463 0.00670284 -0.01106601 0.007361412 0.008679866 -0.01069998 0.006432473 0.008172392 -0.01069998 0.005564928 0.007565915 -0.01069998 0.004873216 0.00696808 -0.01069998 0 2.5e-4 -0.006099998 1.25e-4 2.16506e-4 -0.006099998 2.16506e-4 1.25e-4 -0.006099998 2.5e-4 0 -0.006099998 2.16506e-4 -1.25e-4 -0.006099998 1.25e-4 -2.16506e-4 -0.006099998 0 -2.5e-4 -0.006099998 -1.25e-4 -2.16506e-4 -0.006099998 -2.16506e-4 -1.25e-4 -0.006099998 -2.5e-4 0 -0.006099998 -2.16506e-4 1.25e-4 -0.006099998 -1.25e-4 2.16506e-4 -0.006099998 0 0 -0.006099998 0.02779996 -0.008800446 0.009451866 0.02779996 -0.009243786 0.006420135 0.02779996 -0.005905747 0.006976127 0.02779996 -0.0084154 0.005863904 0.02779996 -0.007421374 0.00577712 0.02779996 -0.006509125 0.006181418 0.02779996 -0.006870269 0.009546101 0.02779996 -0.007847487 0.009747564 0.02779996 -0.006111979 0.008897542 0.02779996 -0.005761384 0.007963418 0.02779996 0.009243786 0.006420135 0.02779996 0.007421374 0.00577712 0.02779996 0.0084154 0.005863904 0.02779996 0.006509125 0.006181418 0.02779996 0.005905747 0.006976127 0.02779996 0.005761384 0.007963418 0.02779996 0.006870269 0.009546101 0.02779996 0.006111979 0.008897542 0.02779996 0.007847487 0.009747564 0.02779996 0.008800446 0.009451866 0.03129923 -0.004999935 0.01056414 0.03123509 -0.005102455 0.01019996 0.03143537 -0.004999935 0.01043736 0.03144973 -0.005025923 0.01019996 0.03167605 -0.004999995 0.01019996 0.03120332 -0.005037784 0.01057261 0.03099781 -0.005169749 0.01057261 0.03104341 -0.005225539 0.01019996 0.0308845 -0.005388855 0.01019996 0.03082752 -0.005344867 0.01057261 0.0306307 -0.005192875 0.01093381 0.03117698 -0.004999935 0.01067054 0.03105986 -0.004999995 0.01076453 0.03082209 -0.004999935 0.01092857 0.03061115 -0.004999935 0.01104217 0.03038084 -0.004999995 0.01113152 0.02957344 -0.006173014 0.01113814 0.02988606 -0.006353497 0.01090705 0.03008621 -0.00646907 0.01054608 0.03013974 -0.006499946 0.01019996 0.0308845 0.005388855 0.01019996 0.03082752 0.005344867 0.01057261 0.03099781 0.005169749 0.01057261 0.03104341 0.005225539 0.01019996 0.03120332 0.005037784 0.01057261 0.03123509 0.005102455 0.01019996 0.03038084 0.004999995 0.01113152 0.03083533 0.004999935 0.01092046 0.0306307 0.005192875 0.01093381 0.0308566 0.004999935 0.01090711 0.03167605 0.004999995 0.01019996 0.03144973 0.005025923 0.01019996 0.03136509 0.004999995 0.01050364 0.0312947 0.004999935 0.0105682 0.03117412 0.004999935 0.01067292 0.03013974 0.006499946 0.01019996 0.03008621 0.00646907 0.01054608 0.02988606 0.006353497 0.01090705 0.03036421 0.004999995 0.01113653 0.02957344 0.006173014 0.01113814 0.03167605 0.004999995 0.006299972 0.03123509 0.005102455 0.006299972 0.0308845 0.005388855 0.006299972 0.0308845 -0.005388855 0.006299972 0.03123509 -0.005102455 0.006299972 0.03167605 -0.004999995 0.006299972 0.03185325 0.004999995 0.006299972 0.03185325 0.004999995 0.01139998 0.03207069 0.004950225 0.01139998 0.03207069 0.004950225 0.006299972 0.03224486 0.004810869 0.01139998 0.03224486 0.004810869 0.006299972 0.02979999 0.003999948 0.01239997 0.02979999 0.004999995 0.01139998 0.02808988 0.004698455 0.01139998 0.02843189 0.003758728 0.01239997 0.02658605 0.003830194 0.01139998 0.02722883 0.003064155 0.01239997 0.02546983 0.002499997 0.01139998 0.02633589 0.001999974 0.01239997 0.02487593 8.68241e-4 0.01139998 0.02586072 6.94593e-4 0.01239997 0.02487593 -8.68241e-4 0.01139998 0.02586072 -6.94593e-4 0.01239997 0.02546983 -0.002499997 0.01139998 0.02633589 -0.001999974 0.01239997 0.02658605 -0.003830194 0.01139998 0.02722883 -0.003064155 0.01239997 0.02808988 -0.004698455 0.01139998 0.02843189 -0.003758728 0.01239997 0.02979999 -0.004999995 0.01139998 0.02979999 -0.003999948 0.01239997 0.04327207 0.004999995 0.01139998 0.04339998 0.003999948 0.01239997 0.04339998 0.004999995 0.01139998 0.04339998 -0.003999948 0.01239997 0.04339998 -0.004999995 0.01139998 0.04511004 -0.004698455 0.01139998 0.04476803 -0.003758728 0.01239997 0.04661393 -0.003830194 0.01139998 0.04597115 -0.003064155 0.01239997 0.04773008 -0.002499997 0.01139998 0.04686409 -0.001999974 0.01239997 0.04832398 -8.68241e-4 0.01139998 0.0473392 -6.94593e-4 0.01239997 0.04832398 8.68241e-4 0.01139998 0.0473392 6.94593e-4 0.01239997 0.04773008 0.002499997 0.01139998 0.04686409 0.001999974 0.01239997 0.04661393 0.003830194 0.01139998 0.04597115 0.003064155 0.01239997 0.04511004 0.004698455 0.01139998 0.04476803 0.003758728 0.01239997 0.03475868 0.002802133 0.01139998 0.03379553 0.003249049 0.01139998 0.03581893 0.0028584 0.01139998 0.04239499 0.004868865 0.01139998 0.04327207 0.004999995 0.006299972 0.04239499 0.004868865 0.006299972 0.03581893 0.0028584 0.006299972 0.03379553 0.003249049 0.006299972 0.03475868 0.002802133 0.006299972 0.04339998 -0.004999995 0.006299972 0.04511004 -0.004698455 0.006299972 0.04661393 -0.003830194 0.006299972 0.04773008 -0.002499997 0.006299972 0.04832398 -8.68241e-4 0.006299972 0.04832398 8.68241e-4 0.006299972 0.04773008 0.002499997 0.006299972 0.04661393 0.003830194 0.006299972 0.04511004 0.004698455 0.006299972 0.04339998 0.004999995 0.006299972 0.02922916 -0.007065355 0.01097244 0.02881765 -0.008295714 0.01027256 0.02864617 -0.008936107 0.009510755 0.02867376 -0.009046554 0.009272754 0.02898699 -0.008737325 0.009489178 0.02929824 -0.0082556 0.009684979 0.029509 -0.007801651 0.009749293 0.02954995 -0.007700324 0.009822845 0.02901315 -0.008564889 0.009760618 0.0291779 -0.008464276 0.009618163 0.02846044 -0.009160518 0.009167909 0.02952033 -0.007145285 0.01074898 0.0297262 -0.007158398 0.0104354 0.02978563 -0.007170796 0.01008856 0.02922505 -0.00790584 0.01036792 0.02944076 -0.007827937 0.01010012 0.02872145 -0.008642077 0.00991702 0.02893447 -0.007910966 0.01056808 0.02846622 0.009158492 0.009169876 0.02872115 0.009010553 0.009302675 0.02864617 0.008936107 0.009510755 0.0290361 0.008673429 0.009523987 0.02901315 0.008564889 0.009760618 0.02929437 0.008262813 0.009683132 0.02978563 0.007170796 0.01008856 0.02922916 0.007065355 0.01097244 0.02893447 0.007910966 0.01056808 0.02881765 0.008295714 0.01027256 0.02872145 0.008642077 0.00991702 0.02922505 0.00790584 0.01036792 0.02944076 0.007827877 0.01010012 0.02952039 0.007145285 0.01074898 0.0297262 0.007158398 0.01043534 0.02954995 0.007700324 0.009822845 0.029509 0.007801651 0.009749293 0.0302146 0.006372451 0.006299972 0.03041821 0.006045937 0.00670284 0.03051066 0.005906522 0.006974041 0.03055673 0.005838811 0.007160246 0.03061687 0.005752146 0.007653772 0.03061038 0.005761444 0.007963895 0.03059142 0.005788624 0.008141636 0.03049701 0.005926728 0.008572041 0.03037524 0.006112575 0.008898675 0.03033936 0.00616914 0.008975207 0.03011697 0.006539583 0.009342253 0.02989512 0.006949841 0.009583055 0.02978563 0.007170796 0.01008856 0.02965122 0.007462561 0.009729325 0.0302146 -0.006372451 0.006299972 0.02879995 -0.006372451 0.006299972 0.02879995 0.006372451 0.006299972 0.03040057 -0.006073176 0.008840382 0.0302217 -0.00636059 0.009188652 0.02998036 -0.006786763 0.009502828 0.03060603 -0.005767643 0.007484138 0.03060925 -0.005763113 0.007978796 0.03053969 -0.005863726 0.008415043 0.03053128 -0.005876004 0.007050812 0.03038537 -0.00609672 0.006624281 0.02973389 -0.00728029 0.009694039 0.02978563 -0.007170796 0.01008856 0.02993631 -0.00687009 0.00954616 0.02879995 0.0084154 0.005863904 0.02879995 0.008499979 0.005895912 0.02875059 0.008810281 0.006054282 0.02879995 0.007421374 0.00577712 0.02879995 0.006509125 0.006181418 0.02802157 0.009475111 0.006738066 0.02829927 0.009366393 0.006572425 0.02856653 0.00914216 0.006314277 0.02879995 -0.0084154 0.005863904 0.02879995 -0.007421374 0.00577712 0.02879995 -0.006509125 0.006181418 0.02873748 -0.008847892 0.006078302 0.02875572 -0.008794248 0.006044328 0.02879995 -0.008499979 0.005895912 0.02815049 -0.009436488 0.006674945 0.02802765 -0.009473741 0.006735682 0.02830302 -0.009364247 0.006569385 0.02850735 -0.009206771 0.006379663 0.02858203 -0.009123146 0.006296157 0.02879995 -0.005905747 -0.006976127 0.02879995 -0.00580126 -0.007299959 0.02879995 0.00580126 -0.007299959 0.02879995 -0.008499979 -0.005895912 0.02879995 -0.0084154 -0.005863904 0.02879995 -0.007421374 -0.00577712 0.02879995 -0.006509125 -0.006181418 0.02879995 0.005905747 -0.006976127 0.02879995 0.006509125 -0.006181418 0.02879995 0.007421374 -0.00577712 0.02879995 0.0084154 -0.005863904 0.02879995 0.008499979 -0.005895912 0.02875059 -0.008810281 -0.006054282 0.02856653 -0.00914216 -0.006314277 0.02829927 -0.009366393 -0.006572425 0.02802157 -0.009475111 -0.006738066 0.02802765 0.009473741 -0.006735682 0.02830302 0.009364247 -0.006569385 0.02858203 0.009123146 -0.006296157 0.02875572 0.008794248 -0.006044328 0.02779996 0.008800446 -0.009451866 0.02867376 0.009046554 -0.009272754 0.02846044 0.009160518 -0.009167909 0.029509 0.007801651 -0.009749293 0.02929824 0.0082556 -0.009684979 0.02779996 0.007847487 -0.009747564 0.0291779 0.008464276 -0.009618163 0.02898699 0.008737325 -0.009489178 0.02973365 0.007280766 -0.009694159 0.02779996 0.006870269 -0.009546101 0.02997976 0.006787836 -0.009503364 0.03022116 0.006361484 -0.009189486 0.02779996 0.006111979 -0.008897542 0.030375 0.006112933 -0.008898973 0.03042364 0.006037652 -0.0087834 0.02779996 0.005761384 -0.007963418 0.03056007 0.005833983 -0.00832355 0.03058266 0.00580126 -0.007299959 0.03059208 0.00578767 -0.007363438 0.03061687 0.005752146 -0.007843554 0.03061038 0.005761444 -0.007964253 0.02779996 0.005905747 -0.006976127 0.02779996 0.006509125 -0.006181418 0.02779996 0.007421374 -0.00577712 0.02779996 0.0084154 -0.005863904 0.02779996 0.009243786 -0.006420135 0.03029471 -0.006240665 -0.00906223 0.030375 -0.006112933 -0.008899033 0.02779996 -0.006111979 -0.008897542 0.03057384 -0.005813896 -0.008251667 0.03061038 -0.005761444 -0.007964253 0.02779996 -0.005761384 -0.007963418 0.02779996 -0.0084154 -0.005863904 0.02779996 -0.009243786 -0.006420135 0.0306183 -0.005750179 -0.007780373 0.03058266 -0.00580126 -0.007299959 0.02779996 -0.005905747 -0.006976127 0.02779996 -0.006509125 -0.006181418 0.02779996 -0.007421374 -0.00577712 0.03045904 -0.00598371 -0.008688211 0.02958297 -0.00762099 -0.009745836 0.02779996 -0.006870269 -0.009546101 0.029509 -0.007801651 -0.009749293 0.02779996 -0.007847487 -0.009747564 0.02929437 -0.008262813 -0.009683132 0.02981543 -0.007109284 -0.009644627 0.02993625 -0.006870269 -0.009546101 0.0300641 -0.006633341 -0.009409248 0.02779996 -0.008800446 -0.009451866 0.0290361 -0.008673429 -0.009523987 0.02872115 -0.009010553 -0.009302675 0.02846622 -0.009158492 -0.009169876 0.04473936 0.003233551 -0.007299959 0.04339998 0.003499984 -0.007299959 0.04339998 -0.003499984 -0.007299959 0.04663354 -0.001339375 -0.007299959 0.04689997 0 -0.007299959 0.04663354 0.001339375 -0.007299959 0.0430479 0.003499984 -0.007299959 0.03753012 0.001812994 -0.007299959 0.0331431 -0.003499984 -0.007299959 0.0313344 -0.004846751 -0.007299959 0.03251457 -0.00372219 -0.007299959 0.03280979 0.003557145 -0.007299959 0.03280979 -0.003557145 -0.007299959 0.0331431 0.003499984 -0.007299959 0.0313344 0.004846751 -0.007299959 0.03251457 0.00372219 -0.007299959 0.04473936 -0.003233551 -0.007299959 0.04587483 -0.002474844 -0.007299959 0.04587483 0.002474844 -0.007299959 0.03349632 0.003499984 -0.007299959 0.03468477 0.002610027 -0.007299959 0.03599244 0.001906931 -0.007299959 0.03675282 0.001720964 -0.007299959 0.02922916 0.007065355 -0.01097244 0.02957344 0.006173014 -0.01113814 0.02881765 0.008295714 -0.01027256 0.02864617 0.008936107 -0.009510755 0.02954995 0.007700324 -0.009822845 0.02901315 0.008564889 -0.009760618 0.02988606 0.006353497 -0.01090705 0.02952033 0.007145285 -0.01074898 0.03008621 0.00646907 -0.01054608 0.0297262 0.007158398 -0.0104354 0.03013974 0.006499946 -0.01019996 0.02978563 0.007170796 -0.01008856 0.02922505 0.00790584 -0.01036792 0.02944076 0.007827937 -0.01010012 0.02872145 0.008642077 -0.00991702 0.02893447 0.007910966 -0.01056808 0.0331431 0.003499984 -0.01019996 0.03349632 0.003499984 -0.01119995 0.02829998 0.003499984 -0.01139998 0.03138023 0.003500044 -0.01119601 0.03191101 0.003500044 -0.01109665 0.03233498 0.003499984 -0.01089984 0.03255176 0.003499805 -0.01074546 0.0430479 0.003499984 -0.01119995 0.04339998 0.003499984 -0.01139998 0.03275674 0.003499925 -0.01057273 0.03278052 0.003499925 -0.01055133 0.02696061 0.003233551 -0.01139998 0.02582508 0.002474844 -0.01139998 0.02506637 0.001339375 -0.01139998 0.0248 0 -0.01139998 0.02506637 -0.001339375 -0.01139998 0.02582508 -0.002474844 -0.01139998 0.02696061 -0.003233551 -0.01139998 0.02829998 -0.003499984 -0.01139998 0.03118669 0.004047274 -0.01113814 0.03144466 0.004299759 -0.01090705 0.03160977 0.004461407 -0.01054608 0.03246742 0.003663837 -0.01058006 0.03251457 0.00372219 -0.01019996 0.03165394 0.00450468 -0.01019996 0.0313344 0.004846751 -0.01019996 0.03077888 0.005528151 -0.01019996 0.03025442 0.005137681 -0.01113814 0.03054398 0.005353271 -0.01090705 0.03072935 0.005491256 -0.01054608 0.04339998 -0.003499984 -0.01139998 0.0331431 -0.003499984 -0.01019996 0.03233498 -0.003499984 -0.01089984 0.03225934 -0.003499984 -0.01094537 0.03179734 -0.003499984 -0.01112973 0.03284484 -0.003499925 -0.0104919 0.03275424 -0.003499925 -0.01057499 0.02957344 -0.006173014 -0.01113814 0.03025442 -0.005137681 -0.01113814 0.02988606 -0.006353497 -0.01090705 0.03054398 -0.005353271 -0.01090705 0.03008621 -0.00646907 -0.01054608 0.03072935 -0.005491256 -0.01054608 0.03077888 -0.005528151 -0.01019996 0.03021752 -0.006367564 -0.01019996 0.03013974 -0.006499946 -0.01019996 0.0324757 -0.003674089 -0.01054608 0.03251457 -0.00372219 -0.01019996 0.03165394 -0.00450468 -0.01019996 0.03160977 -0.004461407 -0.01054608 0.03144466 -0.004299759 -0.01090705 0.03118669 -0.004047274 -0.01113814 0.02864617 -0.008936107 -0.009510755 0.02901315 -0.008564889 -0.009760618 0.02978563 -0.007170796 -0.01008856 0.02922916 -0.007065355 -0.01097244 0.02893447 -0.007910966 -0.01056808 0.02881765 -0.008295714 -0.01027256 0.02872145 -0.008642077 -0.00991702 0.02922505 -0.00790584 -0.01036792 0.02944076 -0.007827877 -0.01010012 0.02952039 -0.007145285 -0.01074898 0.0297262 -0.007158398 -0.01043534 0.02954995 -0.007700324 -0.009822845 0.02978563 0.007170796 -0.01008856 0.02978563 -0.007170796 -0.01008856 0.03280979 -0.003557145 -0.01019996 0.04473936 -0.003233551 -0.01139998 0.04587483 -0.002474844 -0.01139998 0.04663354 -0.001339375 -0.01139998 0.04689997 0 -0.01139998 0.04663354 0.001339375 -0.01139998 0.04587483 0.002474844 -0.01139998 0.04473936 0.003233551 -0.01139998 0.03753012 0.001812994 -0.01119995 0.03675282 0.001720964 -0.01119995 0.03599244 0.001906931 -0.01119995 0.03468477 0.002610027 -0.01119995 0.03280979 0.003557145 -0.01019996 0.04339998 0.002499997 -0.01239997 0.02829998 0.002499997 -0.01239997 0.02829998 -0.002499997 -0.01239997 0.02734327 -0.002309679 -0.01239997 0.02653223 -0.001767754 -0.01239997 0.0259903 -9.56709e-4 -0.01239997 0.02579998 0 -0.01239997 0.0259903 9.56709e-4 -0.01239997 0.02653223 0.001767754 -0.01239997 0.02734327 0.002309679 -0.01239997 0.04339998 -0.002499997 -0.01239997 0.0443567 0.002309679 -0.01239997 0.04516774 0.001767754 -0.01239997 0.04570966 9.56709e-4 -0.01239997 0.04689997 0 -0.01139998 0.04589998 0 -0.01239997 0.04570966 -9.56709e-4 -0.01239997 0.04516774 -0.001767754 -0.01239997 0.0443567 -0.002309679 -0.01239997</float_array>
          <technique_common>
            <accessor source="#link_2-mesh-positions-array" count="1097" stride="3">
              <param name="X" type="float"/>
              <param name="Y" type="float"/>
              <param name="Z" type="float"/>
            </accessor>
          </technique_common>
        </source>
        <source id="link_2-mesh-normals">
          <float_array id="link_2-mesh-normals-array" count="6492">0.1507267 -0.9853783 0.07944226 0.1506429 -0.9856627 0.0759986 0.1500752 -0.07945013 0.9854771 0.1058531 -0.2111418 0.9717069 0.2484166 -0.126271 0.9603879 0.1320934 -0.3295053 0.9348677 0.1940533 -0.2951047 0.9355515 0.1936274 -0.5006952 0.8436899 0.1936274 -0.8436893 0.5006965 0.1936268 -0.8436895 0.5006963 0.1936266 -0.6937255 0.6937245 0.5555609 -0.7648258 0.3261805 0.2285808 -0.9340367 0.2744562 0.1940383 -0.9357773 0.2943978 0.5445299 -0.7990896 0.2548393 0.5644165 -0.7921414 0.2322629 0.552569 -0.7167515 0.4253644 0.5525683 -0.7167521 0.4253643 0.5525681 -0.5893511 0.5893503 0.552568 -0.5893512 0.5893503 0.5525681 -0.4253638 0.7167524 0.1936265 -0.6937255 0.6937245 0.1936267 -0.5006956 0.84369 0.552569 -0.4253631 0.7167522 0.553573 -0.2530621 0.7934208 0.6603416 -0.2945971 0.6907688 0.1507266 0.0794422 0.9853783 0.1506428 0.0759983 0.9856628 0.1500753 0.9854771 0.07945019 0.1509526 0.9855586 0.07672989 0.2296973 0.9337846 0.2743821 0.1940533 0.9355516 0.2951043 0.1936274 0.8436895 0.5006963 0.1936274 0.5006955 0.8436897 0.1936267 0.5006953 0.84369 0.1936265 0.6937255 0.6937245 0.5555609 0.3261805 0.7648258 0.228581 0.2744565 0.9340366 0.1940383 0.2943982 0.9357772 0.5445296 0.2548396 0.7990897 0.5644165 0.2322629 0.7921414 0.552569 0.4253635 0.7167519 0.5525681 0.4253634 0.7167527 0.5525681 0.5893511 0.5893503 0.5525681 0.5893511 0.5893502 0.5525683 0.7167519 0.4253646 0.1936265 0.6937255 0.6937245 0.1936267 0.8436893 0.5006965 0.552569 0.7167517 0.425364 0.553573 0.7934209 0.2530618 0.6603421 0.6907684 0.294597 0.001379549 0.5600375 0.8284661 0 0.2588192 0.9659258 -0.01481813 0.06803154 0.9975731 -0.002592742 0.2605258 0.9654634 0 0.9822139 0.1877654 5.06047e-4 0.9844267 0.175795 -1.64054e-4 0.9103998 0.4137297 -3.29143e-4 0.9053826 0.4245965 7.73524e-4 0.7996563 0.6004574 4.13358e-4 0.7933546 0.6087596 -3.48247e-4 0.6087599 0.7933545 -0.03679817 -0.6083476 0.7928172 -0.01565378 0.2587873 0.9658075 -0.04673278 0.2550137 0.9658075 -0.04673296 0.2550131 0.9658076 -0.07713073 0.2475207 0.9658076 -0.07713067 0.247521 0.9658075 -0.1064034 0.2364193 0.9658075 -0.1064035 0.2364191 0.9658075 -0.134125 0.2218698 0.9658076 -0.134125 0.2218698 0.9658076 -0.1598905 0.2040851 0.9658076 -0.1598905 0.2040852 0.9658075 -0.1833245 0.1833245 0.9658076 -0.1833245 0.1833245 0.9658075 -0.2040852 0.1598906 0.9658075 -0.2040851 0.1598904 0.9658075 -0.2218698 0.134125 0.9658076 -0.2218697 0.1341249 0.9658076 -0.2364192 0.1064034 0.9658076 -0.2364192 0.1064035 0.9658075 -0.2475209 0.07713085 0.9658075 -0.2475208 0.07713061 0.9658076 -0.2550132 0.04673272 0.9658076 -0.2550137 0.04673302 0.9658074 -0.2587873 0.01565372 0.9658075 -0.2587875 0.01565378 0.9658074 -0.2587875 -0.01565372 0.9658074 -0.2587873 -0.01565378 0.9658075 -0.2550137 -0.04673278 0.9658075 -0.2550131 -0.04673296 0.9658076 -0.2475207 -0.07713073 0.9658076 -0.247521 -0.07713067 0.9658075 -0.2364193 -0.1064034 0.9658075 -0.2364191 -0.1064035 0.9658075 -0.2218698 -0.134125 0.9658076 -0.2218698 -0.134125 0.9658076 -0.2040851 -0.1598905 0.9658076 -0.2040852 -0.1598905 0.9658075 -0.1833245 -0.1833245 0.9658076 -0.1833245 -0.1833245 0.9658075 -0.1598906 -0.2040852 0.9658075 -0.1598904 -0.2040851 0.9658075 -0.134125 -0.2218698 0.9658076 -0.1341249 -0.2218697 0.9658076 -0.1064034 -0.2364192 0.9658076 -0.1064035 -0.2364192 0.9658075 -0.07713085 -0.2475209 0.9658075 -0.07713061 -0.2475208 0.9658076 -0.04673272 -0.2550132 0.9658076 -0.04673302 -0.2550137 0.9658074 -0.01565372 -0.2587873 0.9658075 -0.01565378 -0.2587875 0.9658074 -0.05468314 -0.9040281 0.4239612 -0.04793351 -0.7924427 0.6080599 -0.0732463 -0.7033542 0.7070558 -0.1275753 -0.6961587 0.7064613 -0.1275762 -0.6961596 0.7064603 -0.210559 -0.6757062 0.7064602 -0.2105587 -0.6757059 0.7064606 -0.2904702 -0.6453995 0.7064606 -0.2904702 -0.6453995 0.7064606 -0.3661472 -0.6056812 0.7064606 -0.3661471 -0.6056811 0.7064607 -0.4364843 -0.5571308 0.7064607 -0.4364844 -0.5571308 0.7064606 -0.5004565 -0.5004565 0.7064606 -0.5004565 -0.5004565 0.7064607 -0.5571309 -0.4364843 0.7064607 -0.5571312 -0.4364844 0.7064603 -0.6056814 -0.3661473 0.7064604 -0.6056811 -0.3661473 0.7064607 -0.6453995 -0.2904702 0.7064607 -0.6453995 -0.2904702 0.7064605 -0.6757059 -0.210559 0.7064606 -0.6757062 -0.2105588 0.7064602 -0.6961598 -0.1275755 0.7064602 -0.6961586 -0.127576 0.7064613 -0.7064604 -0.04273289 0.7064614 -0.7064609 -0.04273259 0.7064609 -0.7064608 0.04273295 0.7064608 -0.7064604 0.04273259 0.7064614 -0.6961587 0.1275753 0.7064613 -0.6961596 0.1275762 0.7064603 -0.6757062 0.210559 0.7064602 -0.6757059 0.2105587 0.7064606 -0.6453995 0.2904702 0.7064606 -0.6453995 0.2904702 0.7064606 -0.6056812 0.3661472 0.7064606 -0.6056813 0.3661475 0.7064604 -0.5571311 0.4364845 0.7064604 -0.557131 0.4364842 0.7064607 -0.5004565 0.5004565 0.7064606 -0.5004565 0.5004565 0.7064607 -0.4364843 0.5571309 0.7064607 -0.4364844 0.5571312 0.7064603 -0.3661473 0.6056814 0.7064604 -0.3661473 0.6056811 0.7064607 -0.2904702 0.6453995 0.7064607 -0.2904702 0.6453995 0.7064605 -0.210559 0.6757059 0.7064606 -0.2105588 0.6757062 0.7064602 -0.1275755 0.6961598 0.7064602 -0.127576 0.6961586 0.7064613 -0.05944114 -0.9826861 0.1754842 -0.01565372 0.2587875 0.9658074 -0.03679817 0.6083476 0.7928172 -0.0732463 0.7033542 0.7070558 -0.04793351 0.7924427 0.6080599 -0.05468314 0.9040281 0.4239612 -0.08445638 -0.9622625 0.258685 -0.1741345 -0.9502198 0.2583782 -0.1741343 -0.9502198 0.2583786 -0.2874013 -0.922302 0.2583786 -0.2874013 -0.922302 0.2583787 -0.396476 -0.8809354 0.2583788 -0.3964767 -0.8809355 0.2583776 -0.4997712 -0.8267224 0.2583776 -0.4997708 -0.8267224 0.2583785 -0.5957776 -0.7604535 0.2583784 -0.5957774 -0.7604536 0.2583788 -0.683096 -0.683096 0.2583788 -0.6830961 -0.6830961 0.2583788 -0.7604537 -0.5957773 0.2583788 -0.7604535 -0.5957773 0.2583791 -0.8267218 -0.4997712 0.2583792 -0.8267226 -0.4997708 0.2583776 -0.8809357 -0.3964762 0.2583776 -0.8809351 -0.3964766 0.2583788 -0.922302 -0.2874013 0.2583788 -0.922302 -0.2874013 0.2583786 -0.9502198 -0.1741345 0.2583786 -0.95022 -0.1741343 0.2583782 -0.9642814 -0.05832779 0.2583782 -0.9642813 -0.05832785 0.2583783 -0.9642813 0.05832773 0.2583784 -0.9642814 0.05832785 0.2583782 -0.9502198 0.1741345 0.2583782 -0.9502198 0.1741343 0.2583786 -0.922302 0.2874013 0.2583786 -0.922302 0.2874013 0.2583787 -0.8809354 0.396476 0.2583788 -0.8809355 0.3964767 0.2583776 -0.8267222 0.4997715 0.2583776 -0.8267222 0.4997707 0.2583792 -0.7604536 0.5957773 0.2583791 -0.7604536 0.5957774 0.2583788 -0.683096 0.683096 0.2583788 -0.6830961 0.6830961 0.2583788 -0.5957773 0.7604537 0.2583788 -0.5957773 0.7604535 0.2583791 -0.4997712 0.8267218 0.2583792 -0.4997708 0.8267226 0.2583776 -0.3964762 0.8809357 0.2583776 -0.3964766 0.8809351 0.2583788 -0.2874013 0.922302 0.2583788 -0.2874013 0.922302 0.2583786 -0.1741345 0.9502198 0.2583786 -0.1741343 0.95022 0.2583782 -0.08445638 0.9622625 0.258685 -0.05944114 0.9826861 0.1754842 0 -0.9981431 0.06091302 0 -0.1802142 0.9836274 -0.003928661 -0.2588173 0.9659183 0.004445731 -0.6087539 0.7933467 -0.001484274 -0.9844257 0.1757948 0.001558363 -0.9549075 0.2968992 -3.29143e-4 -0.9053826 0.4245965 -3.33953e-5 -0.8806601 0.4737486 1.72573e-4 -0.7933546 0.6087597 9.45685e-4 -0.7778748 0.6284185 -0.001456439 -0.5224003 0.8526992 0.7037907 0.653462 0.2786864 0.7260233 0.3509554 0.5913717 0.6365913 0.3025352 0.7093828 0.7060052 0.5605675 0.4328057 0.7101528 0.5267868 0.467096 0.7179527 0.4985852 0.4857538 0.7233385 0.4821842 0.4942469 0.7327985 0.4572561 0.503908 0.7099508 0.4979812 0.4979805 0.7062192 0.4270474 0.5646989 0.7101927 0.4038624 0.5766467 0.7357233 0.5824381 0.3456546 0.7165684 0.5989841 0.3574182 0.7085179 0.5714753 0.4140271 0.7037924 -0.2786857 0.6534605 0.7260237 -0.5913709 0.3509558 0.6365911 -0.709383 0.3025353 0.7060049 -0.4328041 0.560569 0.7101529 -0.4670973 0.5267856 0.7179524 -0.485754 0.4985855 0.7233381 -0.4942471 0.4821843 0.7327983 -0.5039083 0.4572562 0.7099511 -0.497981 0.4979802 0.7062197 -0.5646983 0.4270476 0.7101932 -0.576646 0.4038627 0.7357251 -0.3456529 0.5824369 0.7165679 -0.357418 0.5989848 0.7085175 -0.4140269 0.571476 0 -0.135556 0.9907697 0.006499707 -0.08035856 0.9967449 -0.004320681 -0.3018673 0.9533402 0.003065168 -0.2123337 0.9771924 -0.004778325 -0.4338028 0.9009952 0.009406387 -0.3324035 0.9430904 -0.006445765 -0.5501195 0.8350611 -0.002203106 -0.5103524 0.8599626 2.87932e-4 -0.6046892 0.7964615 -2.51583e-4 -0.6401719 0.7682316 0 -0.8880127 0.4598187 -0.006529927 -0.8838837 0.4676612 -0.02321851 -0.9408522 0.3380206 -0.002718448 -0.8520945 0.5233808 -0.001006782 -0.8305129 0.5569985 0.003263413 -0.7071036 0.7071025 -0.01288807 -0.785176 0.6191387 -0.001832127 -0.7012029 0.7129594 0 -0.9967659 0.08036029 0.004271328 -0.9910907 0.1331195 -0.003814756 -0.9594309 0.281918 0.01405537 -0.8598791 0.5103042 0 0.9967659 0.08036029 0 0.8796684 0.4755876 0.004271328 0.9910907 0.1331195 -0.003814756 0.9594309 0.281918 4.34653e-4 0.9411059 0.3381118 -7.18035e-4 0.8599638 0.5103545 -0.004856884 0.8772116 0.4800794 -0.003453075 0.7071031 0.707102 0.001120567 0.7728334 0.6346079 -0.001006424 0.8305078 0.5570061 -0.003393471 0.5103507 0.8599597 -0.001152515 0.55114 0.834412 0.00163114 0.6521614 0.7580784 0 0.0726934 0.9973544 -4.75551e-4 0.08036023 0.9967658 3.16206e-4 0.2049724 0.9787676 -0.003277242 0.2819188 0.9594327 0.001900494 0.3604688 0.9327693 -0.001918196 0.4907612 0.8712921 -0.02678805 -0.1950187 0.9804336 -0.02678781 -0.1950185 0.9804337 -0.07609212 -0.5539595 0.8290591 -0.07609236 -0.5539597 0.8290588 -0.1134737 -0.8260992 0.5519818 -0.1134741 -0.8260995 0.5519812 -0.1335158 -0.9720044 0.193342 -0.1335142 -0.972004 0.193345 -0.136082 -0.9906976 0 -0.1677383 -0.9858155 0.005633294 -0.0351476 -0.9993821 0 -0.02678799 0.1950184 0.9804337 -0.02678787 0.1950187 0.9804337 -0.06064176 0.4414789 0.8952201 -0.05091947 0.5548495 0.830391 -0.09172958 0.8279641 0.5532279 -0.1083344 0.7886848 0.6051776 -0.08332896 0.6066429 0.7905952 -0.1335143 0.9720045 0.193342 -0.1335157 0.9720037 0.193345 -0.1222712 0.890143 0.4389708 -0.2426744 0.9701078 0 -0.136081 0.9906904 0.003833174 -0.1084062 0.9941067 0 -0.06779372 0.1835841 0.9806635 -0.1057172 0.2362686 0.9659198 -0.1536187 0.4159964 0.8962969 -0.2113158 0.5722391 0.7923938 -0.2659206 0.6556605 0.7066793 -0.1279135 0.2259075 0.9657142 -0.1279135 0.2259077 0.9657142 -0.3489724 0.6163192 0.7059526 -0.3489723 0.616319 0.7059527 -0.4760333 0.8407207 0.2580327 -0.4760333 0.8407208 0.2580327 -0.3397998 0.9201704 0.1944807 -0.3499211 0.9004566 0.2583277 -0.310887 0.841876 0.4411283 -0.2751605 0.7451294 0.6075104 -0.607075 0.07434403 0.7911592 -0.2586891 0.03167992 0.9654409 -0.258689 0.03167974 0.9654411 -0.2433997 0.09316766 0.965441 -0.2433996 0.09316706 0.9654411 -0.2137248 0.1491481 0.9654412 -0.2137248 0.1491484 0.9654411 -0.1714184 0.1963142 0.9654411 -0.1714184 0.196314 0.9654411 -0.959238 0.1174716 0.2570267 -0.7896351 0.09670144 0.6059086 -0.6871407 0.1668661 0.7071021 -0.6628339 0.2537157 0.7044711 -0.6628339 0.2537159 0.704471 -0.5820225 0.4061657 0.704471 -0.5820226 0.406165 0.7044713 -0.4668123 0.5346087 0.7044714 -0.4668118 0.5346099 0.7044708 -0.9592381 0.1174713 0.257027 -0.9025447 0.345471 0.2570272 -0.9025446 0.3454713 0.2570269 -0.7925085 0.5530528 0.2570269 -0.7925085 0.5530528 0.2570269 -0.6356319 0.7279487 0.2570269 -0.6356322 0.7279483 0.2570273 -0.9807854 0 0.1950899 -0.965924 0.001989305 0.2588183 -0.8314689 -0.001330912 0.5555697 -0.7933532 0 0.6087616 -0.5555702 0 0.8314696 -0.6087585 -0.001989185 0.7933531 -0.195088 0.002639174 0.9807822 -0.258819 0 0.9659259 -0.1358982 -0.1434363 0.9802845 -0.1358984 -0.1434363 0.9802845 -0.3856111 -0.4069997 0.8280431 -0.3856114 -0.4069998 0.8280429 -0.5741882 -0.6060362 0.5504798 -0.5741872 -0.6060363 0.5504809 -0.6748954 -0.7123305 0.1926175 -0.1949889 -0.03196281 0.9802845 -0.194989 -0.03196275 0.9802845 -0.5532802 -0.09069412 0.8280432 -0.5532806 -0.09069389 0.828043 -0.8238527 -0.1350462 0.5504809 -0.8238528 -0.1350461 0.5504809 -0.8722981 -0.3751813 0.3135843 -0.8265342 -0.5282255 0.1944715 -0.6748957 -0.7123304 0.1926169 -0.1745801 -0.0925424 0.9802845 -0.1745801 -0.0925424 0.9802845 -0.4953707 -0.2625889 0.8280429 -0.4953701 -0.2625891 0.8280431 -0.7376225 -0.3910039 0.5504806 -0.7376223 -0.391004 0.550481 -0.8669961 -0.4595834 0.1926164 -0.9683507 -0.1587322 0.1926162 -0.9683506 -0.1587323 0.1926164 -0.06779372 -0.1835842 0.9806635 -0.06779378 -0.1835843 0.9806634 -0.1928915 -0.5223461 0.8306307 -0.1928913 -0.522346 0.8306308 -0.2883223 -0.7807711 0.5543165 -0.2883222 -0.780771 0.5543166 -0.3397995 -0.9201704 0.1944807 -0.3397998 -0.9201706 0.1944796 -0.09642595 -0.1702975 0.9806634 -0.09642589 -0.1702974 0.9806635 -0.2743573 -0.4845415 0.8306308 -0.2743571 -0.4845413 0.830631 -0.4100925 -0.7242633 0.5543166 -0.4100928 -0.7242635 0.5543161 -0.4833109 -0.8535738 0.1944797 -0.4833109 -0.8535737 0.1944798 -0.6877749 -0.725924 0 -0.7443532 -0.6676634 -0.01280546 -0.9868299 -0.1617615 0 -0.9703691 -0.2412876 -0.0128054 -0.9186336 -0.3951105 0 -0.8426213 -0.5385066 0 -0.9925847 0.1215551 0 -0.970348 0.2412824 -0.01441377 -0.6577292 0.7532545 0 -0.7443369 0.6676487 -0.01441383 -0.820059 0.5722789 0 -0.9339204 0.3574812 0 -1 0 0 -1 0 0 -0.5260449 0.8504567 0 -0.4927039 0.8701627 0.007732689 -0.4818695 0.8762261 0.005447745 -0.4394751 0.8982539 -0.001292228 -0.3687945 0.9295087 0.002054452 -0.3464054 0.9380584 0.007064163 -0.3020151 0.9533031 0 -0.2727563 -0.9620832 0 -0.4927186 -0.8701887 0 -0.5259869 -0.850363 0.01485055 -0.4544445 -0.890775 -2.69098e-4 -0.346414 -0.9380816 5.49621e-4 -0.377251 -0.9260223 0.01281881 -0.3085058 -0.9512223 5.12553e-4 5.14905e-4 0.8793346 0.4762041 -7.29134e-4 0.9807853 0.1950886 -8.46426e-4 0.9801424 0.1982932 0 0.9997131 0.02394938 -0.004965245 0.7566501 0.6538013 2.65135e-7 0.8314697 0.5555702 0 0.6529219 0.7574253 -0.001861274 0.5555692 0.8314682 0.001175224 0.4514713 0.8922849 -0.001429319 0.1950885 0.9807846 0 0.1488301 0.9888627 5.14832e-4 -0.4762066 0.8793333 -7.29227e-4 -0.1950886 0.9807853 -8.46411e-4 -0.1982902 0.980143 0 -0.02394938 0.9997131 -0.004965245 -0.6538013 0.7566501 2.65135e-7 -0.5555702 0.8314697 0 -0.7574253 0.6529219 -0.001861274 -0.8314682 0.5555692 0.001175224 -0.8922849 0.4514713 -0.001429319 -0.9807846 0.1950885 0 -0.9888627 0.1488301 0 1 0 0 1 0 0 1 0 0 1 0 0 1 0 0 1 0 0 1 0 0 1 0 0 1 0 0 1 0 0 1 0 0 1 0 0 1 0 0 1 0 0 1 0 0 1 0 0 1 0 0 1 0 0 1 0 0 1 0 0 1 0 0 0 1 0 0 1 0 0 1 0 0 1 0 0 1 0 0 1 0 0 1 0 0 1 0 0 1 0 0 1 0 0 1 0 0 1 0 0 1 0 0 1 0 0 1 0 0 1 0 0 1 0 0 1 0 0 1 0 0 1 0 0 1 0 0 1 0 0 1 0 0 1 0 0 1 0 0 1 0 0 1 0 0 1 0 0 1 0 0 1 0 0 1 0 0 1 0 0 1 0 0 1 0 0 1 0 0 1 0 0 1 0 0 1 0 0 1 0 0 1 0 -1 0 0 -1 0 0 -1 0 0 -1 0 0 -1 0 0 -1 0 0 -1 0 0 -1 0 0 -1 0 0 -1 0 0 -1 0 0 -1 0 0 -1 0 0 -1 0 0 -1 0 0 -1 0 0 -1 0 0 -1 0 0 -1 0 0 -1 0 0 -1 0 -0.06037807 0.9981756 0 -0.06037807 0.9981756 0 -0.1802551 0.9836199 0 -0.1802551 0.9836199 0 -0.2975034 0.9547208 0 -0.2975034 0.9547208 0 -0.4104127 0.9118999 0 -0.4104127 0.9118999 0 -0.5173376 0.8557815 0 -0.5173376 0.8557815 0 -0.616719 0.7871835 0 -0.616719 0.7871835 0 -0.7071068 0.7071068 0 -0.7071068 0.7071068 0 -0.7871835 0.616719 0 -0.7871835 0.616719 0 -0.8557815 0.5173376 0 -0.8557815 0.5173376 0 -0.9118999 0.4104127 0 -0.9118999 0.4104127 0 -0.9547208 0.2975034 0 -0.9547208 0.2975034 0 -0.9836199 0.1802551 0 -0.9836199 0.1802551 0 -0.9981756 0.06037807 0 -0.9981756 0.06037807 0 -0.9981756 -0.06037807 0 -0.9981756 -0.06037807 0 -0.9836199 -0.1802551 0 -0.9836199 -0.1802551 0 -0.9547208 -0.2975034 0 -0.9547208 -0.2975034 0 -0.9118999 -0.4104127 0 -0.9118999 -0.4104127 0 -0.8557815 -0.5173376 0 -0.8557815 -0.5173376 0 -0.7871835 -0.616719 0 -0.7871835 -0.616719 0 -0.7071068 -0.7071068 0 -0.7071068 -0.7071068 0 -0.616719 -0.7871835 0 -0.616719 -0.7871835 0 -0.5173376 -0.8557815 0 -0.5173376 -0.8557815 0 -0.4104127 -0.9118999 0 -0.4104127 -0.9118999 0 -0.2975034 -0.9547208 0 -0.2975034 -0.9547208 0 -0.1802551 -0.9836199 0 -0.1802551 -0.9836199 0 -0.06037807 -0.9981756 0 -0.06037807 -0.9981756 0 0 0 1 0 0 1 0 0 1 0 0 1 0 0 1 0 0 1 0 0 1 0 0 1 0 0 1 0 0 1 0 0 1 0 0 1 0 0 1 0 0 1 0 0 1 0 0 1 0 0 1 0 0 1 0 0 1 0 0 1 0 0 1 0 0 1 0 0 1 0 0 1 0 0 1 0 0 1 0 0 1 0 0 1 0 0 1 0 0 1 0 0 1 0 0 1 0 0 1 0 0.135556 -0.9907697 0.006499707 0.08035856 -0.9967449 -0.004320681 0.3018673 -0.9533402 0.003065168 0.2123337 -0.9771924 -0.004778325 0.4338028 -0.9009952 0.009406387 0.3324035 -0.9430904 -0.006445765 0.5501195 -0.8350611 -0.002203106 0.5103524 -0.8599626 2.87932e-4 0.6046892 -0.7964615 -2.51583e-4 0.6401719 -0.7682316 0 0.8880127 -0.4598187 -0.006529927 0.8838837 -0.4676612 -0.02321851 0.9408522 -0.3380206 -0.002718448 0.8520945 -0.5233808 -0.001006782 0.8305129 -0.5569985 0.003263413 0.7071036 -0.7071025 -0.01288807 0.785176 -0.6191387 -0.001832127 0.7012029 -0.7129594 0 0.9967659 -0.08036029 0.004271328 0.9910907 -0.1331195 -0.003814756 0.9594309 -0.281918 0.01405537 0.8598791 -0.5103042 0.1507267 0.9853783 -0.07944226 0.1506429 0.9856627 -0.0759986 0.1500752 0.07945013 -0.9854771 0.1058531 0.2111418 -0.9717069 0.2484164 0.1262712 -0.960388 0.132093 0.3295053 -0.9348677 0.1940532 0.2951045 -0.9355515 0.1936274 0.5006952 -0.8436899 0.1936274 0.8436893 -0.5006965 0.1936268 0.8436895 -0.5006963 0.1936266 0.6937255 -0.6937245 0.5555609 0.7648258 -0.3261805 0.2285808 0.9340367 -0.2744562 0.1940383 0.9357773 -0.2943978 0.5445299 0.7990896 -0.2548393 0.5644165 0.7921414 -0.2322629 0.552569 0.7167515 -0.4253644 0.5525683 0.7167521 -0.4253643 0.5525681 0.5893511 -0.5893503 0.552568 0.5893512 -0.5893503 0.5525681 0.4253638 -0.7167524 0.1936265 0.6937255 -0.6937245 0.1936267 0.5006956 -0.84369 0.552569 0.4253631 -0.7167522 0.553573 0.2530619 -0.7934209 0.6603414 0.2945968 -0.6907692 0.7037924 0.2786857 -0.6534605 0.7260237 0.5913709 -0.3509558 0.6365911 0.709383 -0.3025353 0.7060049 0.4328041 -0.560569 0.7101529 0.4670973 -0.5267856 0.7179524 0.485754 -0.4985855 0.7233381 0.4942471 -0.4821843 0.7327983 0.5039083 -0.4572562 0.7099511 0.497981 -0.4979802 0.7062197 0.5646983 -0.4270476 0.7101932 0.576646 -0.4038627 0.7357251 0.3456529 -0.5824369 0.7165679 0.357418 -0.5989848 0.7085175 0.4140269 -0.571476 0.001014709 0.4763054 -0.8792793 -0.003033638 0.258818 -0.9659213 -8.35244e-4 0.1982951 -0.9801421 0 0.02394938 -0.9997132 -0.001549482 0.6539574 -0.7565298 1.98239e-7 0.6087588 -0.7933554 0 0.7574252 -0.6529219 -8.55946e-4 0.7933538 -0.6087603 0.001295685 0.8922713 -0.4514977 -0.003369748 0.9659204 -0.2588173 0 0.9888628 -0.1488301 -0.1269989 0.9919028 0 -0.1269988 0.9919028 0 1.53733e-4 0.9844269 -0.1757948 0 0.9837391 -0.1796036 0 0.1796783 -0.9837254 -0.003956019 0.2588172 -0.9659182 0.004415988 0.608754 -0.7933468 -6.94495e-5 0.9053827 -0.4245965 3.58166e-5 0.9028759 -0.4299014 -9.84986e-5 0.7933548 -0.6087597 8.11525e-4 0.7739262 -0.6332753 -0.001347303 0.5244954 -0.8514122 -0.05944114 -0.9826862 -0.175484 -0.04793351 -0.7924427 -0.6080599 -0.05468314 -0.9040281 -0.4239612 -0.08445644 -0.9622626 -0.2586848 -0.1741343 -0.95022 -0.2583779 -0.1741345 -0.9502199 -0.2583783 -0.2874013 -0.9223021 -0.2583784 -0.2874014 -0.9223021 -0.2583785 -0.3964766 -0.8809353 -0.2583785 -0.3964762 -0.8809357 -0.2583773 -0.4997709 -0.8267226 -0.2583773 -0.4997711 -0.8267222 -0.2583782 -0.5957776 -0.7604537 -0.2583782 -0.5957776 -0.7604536 -0.2583786 -0.6830961 -0.6830961 -0.2583786 -0.6830961 -0.6830961 -0.2583786 -0.7604536 -0.5957775 -0.2583786 -0.7604537 -0.5957773 -0.2583789 -0.8267222 -0.4997707 -0.2583789 -0.8267222 -0.4997715 -0.2583773 -0.8809356 -0.3964767 -0.2583773 -0.8809354 -0.396476 -0.2583785 -0.922302 -0.2874013 -0.2583785 -0.9223021 -0.2874014 -0.2583783 -0.9502199 -0.1741343 -0.2583783 -0.95022 -0.1741346 -0.2583779 -0.9642814 -0.05832785 -0.2583779 -0.9642814 -0.05832779 -0.2583782 -0.9642814 0.05832785 -0.2583782 -0.9642814 0.05832779 -0.2583779 -0.95022 0.1741343 -0.2583779 -0.9502199 0.1741345 -0.2583783 -0.9223021 0.2874013 -0.2583784 -0.9223021 0.2874014 -0.2583785 -0.8809353 0.3964766 -0.2583785 -0.8809357 0.3964762 -0.2583773 -0.8267226 0.4997709 -0.2583773 -0.8267218 0.4997712 -0.2583789 -0.7604536 0.5957775 -0.2583789 -0.7604537 0.5957773 -0.2583786 -0.6830961 0.6830961 -0.2583786 -0.6830961 0.6830961 -0.2583786 -0.5957775 0.7604536 -0.2583786 -0.5957773 0.7604537 -0.2583789 -0.4997707 0.8267222 -0.2583789 -0.4997715 0.8267222 -0.2583773 -0.3964767 0.8809356 -0.2583773 -0.396476 0.8809354 -0.2583785 -0.2874013 0.922302 -0.2583785 -0.2874014 0.9223021 -0.2583783 -0.1741343 0.9502199 -0.2583783 -0.1741346 0.95022 -0.2583779 -0.05944114 0.9826862 -0.175484 -0.01565372 -0.2587875 -0.9658074 -0.03679817 -0.6083476 -0.7928172 -0.08445644 0.9622626 -0.2586848 -0.05468314 0.9040281 -0.4239612 -0.04793351 0.7924427 -0.6080599 -0.0732463 -0.7033542 -0.7070558 -0.127576 -0.6961586 -0.7064614 -0.1275755 -0.6961598 -0.7064602 -0.2105588 -0.6757062 -0.7064602 -0.210559 -0.6757059 -0.7064606 -0.2904701 -0.6453995 -0.7064605 -0.2904702 -0.6453995 -0.7064607 -0.3661472 -0.6056812 -0.7064606 -0.3661472 -0.6056811 -0.7064607 -0.4364843 -0.5571308 -0.7064607 -0.4364843 -0.5571309 -0.7064606 -0.5004565 -0.5004565 -0.7064606 -0.5004565 -0.5004565 -0.7064606 -0.5571309 -0.4364842 -0.7064606 -0.5571311 -0.4364845 -0.7064603 -0.6056813 -0.3661475 -0.7064604 -0.6056812 -0.3661472 -0.7064606 -0.6453995 -0.2904701 -0.7064606 -0.6453996 -0.2904702 -0.7064605 -0.6757059 -0.2105588 -0.7064605 -0.6757062 -0.210559 -0.7064602 -0.6961596 -0.1275762 -0.7064603 -0.6961587 -0.1275753 -0.7064613 -0.7064604 -0.04273259 -0.7064614 -0.7064608 -0.04273295 -0.7064608 -0.7064609 0.04273265 -0.7064609 -0.7064604 0.04273289 -0.7064614 -0.6961586 0.127576 -0.7064614 -0.6961598 0.1275755 -0.7064602 -0.6757062 0.2105588 -0.7064602 -0.6757059 0.210559 -0.7064606 -0.6453995 0.2904701 -0.7064605 -0.6453995 0.2904702 -0.7064607 -0.6056811 0.3661473 -0.7064607 -0.6056814 0.3661473 -0.7064603 -0.5571312 0.4364844 -0.7064604 -0.5571309 0.4364843 -0.7064606 -0.5004565 0.5004565 -0.7064606 -0.5004565 0.5004565 -0.7064606 -0.4364842 0.5571309 -0.7064606 -0.4364845 0.5571311 -0.7064603 -0.3661475 0.6056813 -0.7064604 -0.3661472 0.6056812 -0.7064606 -0.2904701 0.6453995 -0.7064606 -0.2904702 0.6453996 -0.7064605 -0.2105588 0.6757059 -0.7064605 -0.210559 0.6757062 -0.7064602 -0.1275762 0.6961596 -0.7064603 -0.1275753 0.6961587 -0.7064613 -0.0732463 0.7033542 -0.7070558 -0.03679817 0.6083476 -0.7928172 -0.01565378 -0.2587873 -0.9658075 -0.04673278 -0.2550137 -0.9658075 -0.04673296 -0.2550131 -0.9658076 -0.07713073 -0.2475207 -0.9658076 -0.07713067 -0.247521 -0.9658075 -0.1064034 -0.2364193 -0.9658075 -0.1064035 -0.2364191 -0.9658075 -0.134125 -0.2218698 -0.9658076 -0.134125 -0.2218698 -0.9658076 -0.1598905 -0.2040851 -0.9658076 -0.1598905 -0.2040852 -0.9658075 -0.1833245 -0.1833245 -0.9658076 -0.1833245 -0.1833245 -0.9658075 -0.2040852 -0.1598906 -0.9658075 -0.2040851 -0.1598904 -0.9658075 -0.2218698 -0.134125 -0.9658076 -0.2218697 -0.1341249 -0.9658076 -0.2364192 -0.1064034 -0.9658076 -0.2364192 -0.1064035 -0.9658075 -0.2475209 -0.07713085 -0.9658075 -0.2475208 -0.07713061 -0.9658076 -0.2550132 -0.04673272 -0.9658076 -0.2550137 -0.04673302 -0.9658074 -0.2587873 -0.01565372 -0.9658075 -0.2587875 -0.01565378 -0.9658074 -0.2587875 0.01565372 -0.9658074 -0.2587873 0.01565378 -0.9658075 -0.2550137 0.04673278 -0.9658075 -0.2550131 0.04673296 -0.9658076 -0.2475207 0.07713073 -0.9658076 -0.247521 0.07713067 -0.9658075 -0.2364193 0.1064034 -0.9658075 -0.2364191 0.1064035 -0.9658075 -0.2218698 0.134125 -0.9658076 -0.2218698 0.134125 -0.9658076 -0.2040851 0.1598905 -0.9658076 -0.2040852 0.1598905 -0.9658075 -0.1833245 0.1833245 -0.9658076 -0.1833245 0.1833245 -0.9658075 -0.1598906 0.2040852 -0.9658075 -0.1598904 0.2040851 -0.9658075 -0.134125 0.2218698 -0.9658076 -0.1341249 0.2218697 -0.9658076 -0.1064034 0.2364192 -0.9658076 -0.1064035 0.2364192 -0.9658075 -0.07713085 0.2475209 -0.9658075 -0.07713061 0.2475208 -0.9658076 -0.04673272 0.2550132 -0.9658076 -0.04673302 0.2550137 -0.9658074 -0.01565372 0.2587873 -0.9658075 -0.01565378 0.2587875 -0.9658074 0.0025146 -0.9053798 -0.4245951 -0.002081453 -0.7510911 -0.6601952 3.73232e-5 -0.7933548 -0.6087597 -5.18999e-5 -0.6087599 -0.7933545 -2.22777e-4 -0.6131005 -0.7900049 0 -0.2588192 -0.9659258 -0.01219749 -0.1024916 -0.9946591 2.86892e-4 -0.3438006 -0.9390426 -1.31748e-4 -0.8718536 -0.4897665 -1.28593e-6 -0.9363208 -0.3511457 6.81895e-5 -0.9844269 -0.1757948 0 -0.9841198 -0.1775056 -0.2503577 -0.9681534 0 -0.1269988 -0.9919028 -2.00205e-4 -0.1255152 -0.9920917 0 5.07998e-4 -0.8793354 -0.4762027 -7.19363e-4 -0.9807853 -0.1950887 -8.35258e-4 -0.9801414 -0.198298 0 -0.9997132 -0.02394938 -0.004898309 -0.7566478 -0.6538044 2.61555e-7 -0.8314697 -0.5555702 0 -0.6529219 -0.7574252 -0.00183618 -0.5555693 -0.8314683 0.001159489 -0.4514679 -0.8922867 -0.001410245 -0.1950885 -0.9807847 0 -0.1488301 -0.9888628 0.7037907 -0.653462 -0.2786864 0.7260233 -0.3509554 -0.5913717 0.6365913 -0.3025352 -0.7093828 0.7060052 -0.5605675 -0.4328057 0.7101528 -0.5267868 -0.467096 0.7179527 -0.4985852 -0.4857538 0.7233385 -0.4821842 -0.4942469 0.7327985 -0.4572561 -0.503908 0.7099508 -0.4979812 -0.4979805 0.7062192 -0.4270474 -0.5646989 0.7101927 -0.4038624 -0.5766467 0.7357233 -0.5824381 -0.3456546 0.7165684 -0.5989841 -0.3574182 0.7085179 -0.5714753 -0.4140271 0.1507266 -0.0794422 -0.9853783 0.1506428 -0.0759983 -0.9856628 0.1500753 -0.9854771 -0.07945019 0.1509526 -0.9855586 -0.07672989 0.2296973 -0.9337846 -0.2743821 0.1940533 -0.9355516 -0.2951043 0.1936274 -0.8436895 -0.5006963 0.1936274 -0.5006955 -0.8436897 0.1936267 -0.5006953 -0.84369 0.1936265 -0.6937255 -0.6937245 0.5555609 -0.3261805 -0.7648258 0.228581 -0.2744565 -0.9340366 0.1940383 -0.2943982 -0.9357772 0.5445296 -0.2548396 -0.7990897 0.5644165 -0.2322629 -0.7921414 0.552569 -0.4253635 -0.7167519 0.5525681 -0.4253634 -0.7167527 0.5525681 -0.5893511 -0.5893503 0.5525681 -0.5893511 -0.5893502 0.5525683 -0.7167519 -0.4253646 0.1936265 -0.6937255 -0.6937245 0.1936267 -0.8436893 -0.5006965 0.552569 -0.7167517 -0.425364 0.553573 -0.7934209 -0.2530618 0.6603421 -0.6907684 -0.294597 0 -0.9967659 -0.08036029 0 -0.8796684 -0.4755876 0.004271328 -0.9910907 -0.1331195 -0.003814756 -0.9594309 -0.281918 4.34653e-4 -0.9411059 -0.3381118 -7.18035e-4 -0.8599638 -0.5103545 -0.004856884 -0.8772116 -0.4800794 -0.003453075 -0.7071031 -0.707102 0.001120567 -0.7728334 -0.6346079 -0.001006424 -0.8305078 -0.5570061 -0.003393471 -0.5103507 -0.8599597 -0.001152515 -0.55114 -0.834412 0.00163114 -0.6521614 -0.7580784 0 -0.0726934 -0.9973544 -4.75551e-4 -0.08036023 -0.9967658 3.16206e-4 -0.2049724 -0.9787676 -0.003277242 -0.2819188 -0.9594327 0.001900494 -0.3604688 -0.9327693 -0.001918196 -0.4907612 -0.8712921 0 0 -1 0 0 -1 0 0 -1 0 0 -1 0 0 -1 0 0 -1 0 0 -1 0 0 -1 0 0 -1 0 0 -1 0 0 -1 0 0 -1 0 0 -1 0 0 -1 0 0 -1 0 0 -1 0 0 -1 0 0 -1 0 0 -1 0 0 -1 0 0 -1 0 0 -1 0 0 -1 0 0 -1 0 0 -1 0 0 -1 0 0 -1 0 0 -1 0 0 -1 0 0 -1 0 0 -1 0 0 -1 0 0 -1 0 0 -1 0 0 -1 0 0 -1 0 0 -1 0 0 -1 0 0 -1 0 0 -1 0 0 -1 0 0 -1 0 0 -1 0 0 -1 0 0 -1 0 0 -1 -0.03312039 0.2586773 -0.9653959 -0.03312009 0.2586771 -0.9653959 -0.07770758 0.606918 -0.7909564 -0.1671952 0.6871016 -0.7070624 -0.1227377 0.9586224 -0.2568627 -0.1227387 0.9586226 -0.2568619 -0.1010583 0.7892925 -0.605644 -0.2654123 0.9641351 0 -0.3084483 0.9512351 -0.003396809 -0.2976647 0.9546704 -3.58536e-4 -0.3796139 0.925145 3.17444e-4 -0.3869836 0.922085 -0.001689732 -0.4545135 0.8907387 0.001391589 -0.479405 0.8775821 -0.004542231 -0.5551494 0.8317172 0.007461071 -0.722804 0.691053 0 -0.6890651 0.7245601 0.01421445 -0.6539071 0.7565749 0 -0.5729612 0.8195825 0 0 0 -1 0 0 -1 0 0 -1 0 0 -1 0 0 -1 0 0 -1 0 0 -1 0 0 -1 0 0 -1 0 0 -1 0 0 -1 0 0 -1 0 0 -1 0 0 -1 0 0 -1 0 0 -1 0 0 -1 0 0 -1 0 0 -1 0 0 -1 0 0 -1 0 0 -1 0 0 -1 0 0 -1 0 0 -1 0 0 -1 0 0 -1 0 0 -1 0 0 -1 0 0 -1 0 0 -1 0 0 -1 0 0 -1 0 0 -1 0 0 -1 0 0 -1 0 0 -1 0 0 -1 0 0 -1 0 0 -1 0 0 -1 0 0 -1 0 0 -1 0 0 -1 0 0 -1 0 0 -1 0 0 -1 0 0 -1 0 0 -1 -0.7035056 -0.7106897 0 -0.689104 -0.7246009 0.009448111 -0.6328316 -0.7742896 0 -0.5551648 -0.8317403 0 -0.5729303 -0.8195384 0.01037621 -0.4741283 -0.8804395 -0.005355179 -0.2781397 -0.9605407 0 -0.3149059 -0.9491049 -0.005851984 -0.3519564 -0.9358959 -0.01502329 -0.3238323 -0.9461107 -0.002691864 -0.4208101 -0.9071477 0.001414299 -0.4122186 -0.9110782 0.003531217 -0.4794063 -0.8775845 -0.003878355 -0.02497088 -0.1950278 -0.9804798 -0.02497082 -0.1950278 -0.9804797 -0.07095444 -0.55417 -0.829374 -0.0709545 -0.55417 -0.829374 -0.105861 -0.8267972 -0.5524491 -0.1058605 -0.8267976 -0.5524485 -0.124598 -0.9731423 -0.19357 -0.1245968 -0.9731428 -0.1935685 -0.4702252 -0.8607779 -0.1948071 -0.137619 -0.1390244 -0.9806801 -0.1152697 -0.1580497 -0.9806799 -0.1152696 -0.1580495 -0.9806801 -0.3280121 -0.4497467 -0.8307443 -0.328012 -0.4497464 -0.8307444 -0.4903749 -0.6723666 -0.5544866 -0.490375 -0.6723673 -0.5544859 -0.1948451 -0.1703618 -0.9659256 -0.3823916 -0.4037755 -0.8311089 -0.4290264 -0.4334078 -0.7925238 -0.585452 -0.5914309 -0.5544867 -0.5465095 -0.577008 -0.6069508 -0.7065183 -0.6805356 -0.1941727 -0.6796625 -0.6866031 -0.2581376 -0.5779956 -0.7925065 -0.1945626 -0.5525152 -0.790336 -0.2647565 -0.6206766 -0.7594176 -0.1950524 -0.4043035 -0.8935844 -0.1950532 -0.4474768 -0.8596108 -0.246645 -0.3842586 -0.7381675 -0.5544855 -0.3842586 -0.7381672 -0.5544859 -0.2570305 -0.4937599 -0.8307445 -0.2570306 -0.4937601 -0.8307444 -0.09032553 -0.1735169 -0.98068 -0.09032547 -0.1735166 -0.9806799 -0.06334787 -0.1850779 -0.9806799 -0.06334787 -0.1850778 -0.98068 -0.180263 -0.526658 -0.8307445 -0.180263 -0.5266587 -0.8307442 -0.2694916 -0.7873501 -0.5544854 -0.2694917 -0.7873489 -0.554487 -0.3176451 -0.9280341 -0.1945619 -0.3176451 -0.9280341 -0.1945617 -0.2258087 -0.134297 -0.9648703 -0.2585359 -0.04673767 -0.9648703 -0.258536 -0.04673773 -0.9648703 -0.7013987 -0.1267978 -0.7014002 -0.7013989 -0.126798 -0.7014 -0.951528 -0.172016 -0.2549609 -0.9515279 -0.1720157 -0.2549613 -0.2258087 -0.1342971 -0.9648703 -0.5285081 -0.314324 -0.7885935 -0.6359635 -0.3131213 -0.7053408 -0.6859065 -0.4079341 -0.6025961 -0.8310773 -0.4942725 -0.2549613 -0.8310772 -0.4942731 -0.2549605 -0.9659259 0 -0.2588188 -0.9659259 0 -0.2588188 -0.7071061 0 -0.7071075 -0.7071061 0 -0.7071075 -0.2588188 0 -0.9659259 -0.2588188 0 -0.9659259 -0.2258087 0.134297 -0.9648703 -0.2258088 0.134297 -0.9648703 -0.6126108 0.3643427 -0.7014003 -0.6126111 0.3643425 -0.7014001 -0.8310775 0.4942727 -0.2549605 -0.8310769 0.4942731 -0.2549613 -0.2585361 0.04673767 -0.9648703 -0.2585359 0.04673773 -0.9648704 -0.7013988 0.1267979 -0.7014001 -0.7013988 0.126798 -0.7014001 -0.9515278 0.172016 -0.2549613 -0.9515281 0.1720157 -0.2549609 -0.2875429 0.9222108 -0.2585469 -0.2105987 0.6754351 -0.7067075 -0.07712268 0.2473478 -0.9658525 -0.07712221 0.2473474 -0.9658526 -0.1002644 0.238905 -0.9658527 -0.1002647 0.2389052 -0.9658526 -0.124256 0.2274587 -0.9658277 -0.1242561 0.2274587 -0.9658276 -0.148503 0.2124239 -0.9658275 -0.1485031 0.2124239 -0.9658275 -0.1694223 0.1960226 -0.9658526 -0.1694221 0.1960226 -0.9658526 -0.1872727 0.1790465 -0.9658526 -0.1872728 0.1790465 -0.9658526 -0.210599 0.6754353 -0.7067074 -0.2737941 0.6523815 -0.7067073 -0.2737942 0.6523816 -0.7067072 -0.339251 0.6210206 -0.7065708 -0.3392501 0.6210201 -0.7065716 -0.4054509 0.5799709 -0.7065715 -0.4054517 0.5799712 -0.7065709 -0.4626432 0.5352813 -0.7067074 -0.4626427 0.5352812 -0.7067077 -0.5113878 0.488924 -0.7067077 -0.5113879 0.488924 -0.7067077 -0.2875438 0.9222108 -0.2585455 -0.373827 0.8907343 -0.2585456 -0.3738262 0.8907343 -0.258547 -0.4631209 0.8477739 -0.2584539 -0.4631214 0.8477739 -0.258453 -0.5534943 0.7917362 -0.258453 -0.5534941 0.7917363 -0.2584534 -0.6316732 0.7308508 -0.2585464 -0.6316737 0.7308506 -0.2585456 -0.698228 0.6675568 -0.2585455 -0.6982281 0.6675567 -0.2585453 -0.8594818 0.5111665 0 -0.8594818 0.5111665 0 -0.9840495 0.1778949 0 -0.9840495 0.1778949 0 -0.2588189 -0.9659259 0 -0.2588189 -0.9659259 0 -0.7071068 -0.7071067 0 -0.7071068 -0.7071067 0 -0.9659258 -0.2588192 0 -0.9659258 -0.2588192 0 -0.9659258 0.2588191 0 -0.9659258 0.2588191 0 -0.7071068 0.7071068 0 -0.7071068 0.7071068 0 -0.2588191 0.9659258 0 -0.2588191 0.9659258 0 0.2588192 0.9659258 0 0.2588192 0.9659258 0 0.7071067 0.7071068 0 0.7071067 0.7071068 0 0.9659258 0.2588191 0 0.9659258 0.2588191 0 0.9659258 -0.2588192 0 0.9659258 -0.2588192 0 0.7071068 -0.7071068 0 0.7071068 -0.7071068 0 0.2588189 -0.9659259 0 0.2588189 -0.9659259 0 -1 0 0 -1 0 0 -0.9840495 -0.1778949 0 -0.9840495 -0.1778949 0 -0.8594818 -0.5111665 0 -0.8594818 -0.5111665 0 0 0 -1 0 0 -1 0 0 -1 0 0 -1 0 0 -1 0 0 -1 0 0 -1 0 0 -1 0 0 -1 0 0 -1 0 0 -1 0 0 -1 1 0 0 1 0 0 1 0 0 1 0 0 1 0 0 1 0 0 1 0 0 1 0 0 1 0 0 1 0 0 1 0 0 1 0 0 1 0 0 1 0 0 1 0 0 1 0 0 1 0 0 1 0 0 1 0 0 1 0 0 1 0 0 1 0 0 1 0 0 1 0 0 0.2138367 -0.9495078 0.2295838 0.3333139 -0.9348286 0.1224636 0.113166 -0.986915 0.1148575 0.3750166 -0.9074677 0.1893801 0.5306409 -0.8263538 0.1885725 0.5306388 -0.8263556 0.1885709 0.7039154 -0.6847952 0.1885704 0.7039153 -0.6847952 0.1885703 0.5916347 -0.5755645 0.5645299 0.3651319 -0.8310948 0.419476 0.3345486 -0.8452363 0.4167168 0.4694699 -0.7310937 0.4950759 0.3747611 -0.7511495 0.5434415 0.5929261 -0.5727636 0.5660216 0.4330496 -0.4076669 0.8039128 0.3251208 -0.4378477 0.838204 0.1474592 -0.09616702 0.9843819 0.1481044 -0.09635478 0.9842666 0.447146 -0.3029835 0.8415827 0.4381458 -0.3006165 0.8471471 0.7035422 -0.4637697 0.5384665 0.6818526 -0.4629804 0.5663269 0.8199755 -0.5448425 0.175462 0.8156184 -0.5467289 0.1893517 0.7039153 0.6847952 0.1885703 0.7039153 0.6847952 0.1885703 0.530641 0.8263541 0.1885709 0.5306386 0.8263553 0.1885727 0.3932639 0.3583211 0.8467288 0.4741182 0.4503093 0.7565933 0.1131529 0.9868001 0.1158527 0.3308674 0.9279671 0.1714758 0.2108501 0.9500048 0.2302891 0.3835682 0.9038647 0.1894839 0.3645764 0.8311957 0.4197593 0.4881098 0.7601212 0.4289111 0.4008659 0.7373663 0.5436887 0.599124 0.5828503 0.5489408 0.5742683 0.5943674 0.5629771 0.8156184 0.5467289 0.1893517 0.8199754 0.5448425 0.175462 0.6977521 0.4728001 0.5381469 0.2801002 0.2558002 0.9252622 0.4381458 0.3006164 0.847147 0.6878957 0.454366 0.5659958 0.4483137 0.3010528 0.8416543 0.1466801 0.09751057 0.984366 0.1426062 0.09300214 0.9854005 0.11392 0.99349 0 0.2263499 0.9740234 0.006654858 0.3358418 0.9419184 0 0.5403326 0.8414516 0 0.6326581 0.7744026 0.006654977 0.7167745 0.697305 0 0.7167745 -0.697305 0 0.6326581 -0.7744026 0.006654977 0.5403326 -0.8414516 0 0.3358418 -0.9419184 0 0.2263499 -0.9740234 0.006654858 0.11392 -0.99349 0 0.2230548 0.9748059 0 0.2230548 0.9748059 0 0.6247811 0.7808 0 0.6247811 0.7808 0 -0.123724 0.701674 0.7016737 -0.1237242 0.7016738 0.7016739 -0.356249 0.6170416 0.7016741 -0.3562489 0.6170419 0.7016738 -0.5458055 0.4579849 0.7016738 -0.5458056 0.4579848 0.7016739 -0.6695293 0.2436888 0.7016739 -0.6695293 0.2436885 0.7016741 -0.7124981 0 0.701674 -0.7124981 0 0.7016741 -0.6695292 -0.2436887 0.701674 -0.6695295 -0.2436886 0.7016739 -0.5458055 -0.4579849 0.7016739 -0.5458056 -0.4579849 0.7016738 -0.356249 -0.6170417 0.7016738 -0.3562487 -0.6170417 0.701674 -0.1237239 -0.7016738 0.7016739 -0.1237243 -0.7016741 0.7016737 0 0.7071069 0.7071066 0 0.707107 0.7071067 0 0.707107 0.7071067 0 0.707107 0.7071066 0 -0.707107 0.7071067 0 -0.707107 0.7071067 0.1237241 -0.701674 0.7016736 0.1237242 -0.7016739 0.7016738 0.3562488 -0.617042 0.7016737 0.3562489 -0.6170419 0.7016738 0.5458059 -0.4579845 0.7016738 0.5458059 -0.4579842 0.7016739 0.6695293 -0.2436888 0.7016739 0.6695296 -0.2436896 0.7016733 0.7124988 0 0.7016733 0.7124989 0 0.7016734 0.6695298 0.243689 0.7016734 0.6695291 0.2436894 0.7016739 0.5458059 0.4579845 0.7016739 0.5458061 0.4579843 0.7016737 0.3562487 0.617042 0.7016738 0.3562489 0.617042 0.7016737 0.1237241 0.7016739 0.7016738 0.1237243 0.7016741 0.7016737 -0.1736481 -0.9848077 0 -0.1736481 -0.9848077 0 -0.4999998 -0.8660255 0 -0.4999998 -0.8660255 0 -0.7660447 -0.6427873 0 -0.7660447 -0.6427873 0 -0.9396926 -0.3420202 0 -0.9396926 -0.3420202 0 -1 0 0 -1 0 0 -0.9396926 0.3420202 0 -0.9396926 0.3420202 0 -0.7660447 0.6427873 0 -0.7660447 0.6427873 0 -0.4999998 0.8660255 0 -0.4999998 0.8660255 0 -0.1736481 0.9848077 0 -0.1736481 0.9848077 0 0 0 -1 0 0 -1 0 0 -1 0 0 -1 0 0 -1 0 0 -1 -0.1478096 0.9890158 0 -0.1478096 0.9890158 0 -0.2923716 0.9563048 0 -0.2923716 0.9563048 0 0.4208965 0.9071087 0 0.4208965 0.9071087 0 -0.05296814 0.9985962 0 -0.05296814 0.9985962 0 0.7096278 0.7045767 0 0.7096278 0.7045767 0 0.1736482 -0.9848077 0 0.1736482 -0.9848077 0 0.4999994 -0.8660258 0 0.4999994 -0.8660258 0 0.7660452 -0.6427867 0 0.7660452 -0.6427867 0 0.9396926 -0.3420202 0 0.9396926 -0.3420202 0 1 0 0 1 0 0 0.9396926 0.3420202 0 0.9396926 0.3420202 0 0.7660452 0.6427867 0 0.7660452 0.6427867 0 0.4999994 0.8660258 0 0.4999994 0.8660258 0 0.1736482 0.9848077 0 0.1736482 0.9848077 0 0 0 1 0 0 1 0 0 1 0 0 1 0 0 1 0 0 1 0 0 1 0 0 1 0 0 1 0 0 1 0 0 1 0 0 1 0 0 1 0 0 1 0 0 1 0 0 1 0 0 1 0 0 1 0 1 0 0 1 0 0 -1 0 0 -1 0 0 -1 0 1.18411e-5 -0.9999998 -5.74246e-4 -5.43193e-6 -1 4.31873e-5 -1.36073e-5 -1 2.61315e-4 1.42447e-5 -1 -2.79555e-4 -6.43729e-6 -1 6.70124e-5 0 -1 0 0 -1 0 -1.10954e-5 -1 1.08401e-4 1.62268e-6 -1 -4.96781e-5 0 1 0 2.21829e-4 0.9999992 -0.00121665 0 1 3.71194e-5 -2.45421e-5 1 -1.54469e-5 0 1 0 -5.3748e-5 1 1.36983e-5 -6.02251e-5 1 1.97487e-5 1.03885e-5 1 -1.23047e-4 3.004e-5 1 -1.64764e-4 0 1 0 6.54391e-6 1 -9.66302e-7 -1.96967e-4 1 1.0987e-4 0.07884216 -0.2113851 0.9742178 0.16216 -0.6572855 0.7359892 0.4778854 -0.7743346 0.4147667 0.8981307 -0.4299871 0.09204596 0.7124461 -0.5502805 0.4354446 0.1618201 -0.8311957 0.5319097 0.1553861 -0.8515391 0.5007357 0.2509189 -0.8666332 0.4312615 0.1606347 -0.8634837 0.4781134 0.07515066 -0.8890238 0.4516515 0.7185267 -0.4395263 0.5390139 0.7321506 -0.4626612 0.4999001 0.8607293 -0.4777534 0.1757744 0.8607178 -0.4816704 0.1647984 0.7056146 -0.5168443 0.4847474 0.7296803 -0.5284016 0.4340029 0.8743285 -0.4559864 0.1662108 0.8783217 -0.4586328 0.1349331 0.1477357 -0.7912837 0.5933331 0.1822382 -0.8122295 0.5541412 0.4514318 -0.760457 0.4668132 0.473149 -0.7635318 0.4394875 0.6869029 -0.6415714 0.3413953 0.886557 -0.4384938 0.1474443 0.6965283 -0.6056053 0.3848254 0.7257497 -0.5776491 0.3736426 0.509756 -0.6658824 0.5447471 0.4748865 -0.691188 0.5447404 0.1343684 -0.7277635 0.6725366 0.173905 -0.7132824 0.678959 0.2162737 -0.212579 0.9529091 0.1537539 -0.346874 0.9252233 0.1874401 -0.476123 0.85917 0.1923896 -0.4751291 0.858626 0.1535901 -0.5753588 0.8033508 0.4125835 -0.3578559 0.8376838 0.5105819 -0.343425 0.7882674 0.4189765 -0.531504 0.7361808 0.4943106 -0.5091456 0.7045763 0.4498765 -0.6258952 0.6370764 0.1698464 -0.6321967 0.7559626 0.1804309 -0.6260452 0.7586252 0.07328999 0.8810068 0.4673922 0.2288618 0.838367 0.4947353 0.1287105 0.9181299 0.3747949 0.4899801 0.7497736 0.4447013 0.502597 0.7662594 0.4003034 0.7299035 0.5916879 0.3422666 0.8582484 0.4821915 0.175787 0.1948488 0.2683063 0.9434223 0.06464838 0.6201304 0.7818304 0.1618272 0.8311904 0.5319157 0.1822423 0.8122298 0.5541393 0.4514436 0.7604542 0.4668062 0.4798238 0.6729884 0.5628994 0.7245655 0.5783653 0.3748311 0.697126 0.6044069 0.3856263 0.4125795 0.3578618 0.8376831 0.7185282 0.439524 0.539014 0.7321592 0.4626697 0.4998796 0.863121 0.4772689 0.1650353 0.8674784 0.4691419 0.1654908 0.1801996 0.6686791 0.7213851 0.1536155 0.5753106 0.8033804 0.1745432 0.5230178 0.8342584 0.1288238 0.7788649 0.613819 0.1815294 0.7285326 0.6605205 0.5261213 0.6759509 0.5160298 0.4498888 0.6258944 0.6370685 0.4943219 0.5091471 0.7045673 0.2364665 0.4849768 0.8419508 0.1246824 0.3925964 0.9112203 0.89738 0.4311236 0.09403032 0.8862711 0.4392296 0.1469725 0.8829665 0.4474847 0.1418722 0.7296931 0.5283989 0.4339845 0.7056285 0.5168415 0.4847301 0.4189921 0.5315057 0.7361707 0.5105978 0.343426 0.7882567 0.2208554 0.2598345 0.9400579 0.131475 0.1235688 0.9835878 0.825895 0.5625113 0.03844839 0.8197636 0.5725041 0.01505404 0.8157624 0.5783268 0.008363008 0.811529 0.5843008 0.003625392 0.8034344 0.5953928 -9.51284e-4 0.8054674 0.5926402 0 0.8123813 0.5831216 -0.002433657 0.8183701 0.5746703 -0.004927814 0.8271864 0.5618146 -0.01127403 0.8327986 0.5532763 -0.01821917 0.8305519 0.556739 -0.01501297 0.8578116 0.5139633 9.84998e-4 0.8793053 0.4762567 -0.001327931 0.8851035 0.4652482 -0.01165562 0.9039963 0.4274464 0.008959352 0.9170377 0.3983201 -0.01956993 0.9223709 0.385896 0.01778453 0 0 -1 0 0 -1 0 0 -1 0 0 -1 0 0 -1 0 0 -1 0 0 -1 0 0 -1 0 0 -1 0 0 -1 0 0 -1 0 0 -1 0 0 -1 0 0 -1 0 0 -1 0 0 -1 0 0 -1 0 0 -1 0 0 -1 0 0 -1 0 0 -1 0 0 -1 0 0 -1 0 0 -1 0 0 -1 0 0 -1 0.8365123 -0.5474987 -0.02218902 0.8306087 -0.5567772 -0.00940454 0.8710736 -0.4911439 0.002923607 0.8060677 -0.5918232 2.52026e-4 0.8055285 -0.5925571 0 0.8153665 -0.5789345 -0.003514647 0.8246386 -0.5655907 -0.008855938 0.8133399 -0.5817657 0.005179584 0.8204297 -0.5715468 0.01514536 0.8257321 -0.5624004 0.04327094 0.9189617 -0.3932209 0.02977728 0.9150898 -0.4031671 -0.008184015 0.8833067 -0.4685824 0.01413589 0.8930875 -0.4492688 -0.02349901 0.882381 -0.4704647 -0.008168995 -0.00285542 -0.143399 -0.9896609 0 -0.3539456 0.9352661 0.009800851 -0.4532029 0.8913535 0.06520062 -0.5562436 0.8284576 0 0.7769007 0.6296232 0 -0.08695417 0.9962123 0 -0.08695417 0.9962123 0 0.4051632 0.9142443 0 0.4051632 0.9142443 0 0.6552505 0.7554117 0.03713512 0.7958872 0.604305 0.01771819 0.8104019 0.5856064 -1.40843e-5 0.9995514 -0.02994978 0.02194666 0.9851523 0.1702743 0.01436841 0.9893757 0.1446698 4.39131e-6 0.9398107 0.3416957 1.07056e-4 0.8892953 0.4573334 5.91779e-5 0.8043932 -0.5940971 1.87018e-6 0.86913 -0.4945836 0.02189147 0.9360145 -0.3512797 0.01009428 0.9527606 -0.3035545 8.20559e-6 0.9885243 -0.1510621 0.005784451 0.7055678 -0.7086188 0.0258904 0.6497536 -0.7597039 -0.00393778 0.5046234 -0.8633307 0.006396293 0.2019224 -0.9793806 0.07018095 0.08799755 -0.9936453 0.00642699 0.2771143 -0.9608154 0 -0.6280645 -0.7781613 0.05171757 -0.3323357 -0.9417421 0.02527338 -0.2962836 -0.9547656 -0.008383214 -0.5542473 -0.8323098 0.02349466 -0.645251 -0.7636094 0.02390849 -0.6446797 -0.7640788 0.02077156 -0.8196305 0.5725158 0.02407634 -0.8157407 0.5779166 -0.01119941 -0.7605809 0.6491465 0.02934247 -0.606352 0.7946548 0 0.6280645 -0.7781613 0.02605229 0.6470816 -0.7619755 0.01935184 0.6571736 -0.7534908 -0.002804934 0.1415264 -0.9899305 0.03761947 0.2850168 -0.957784 0.04292017 0.2961052 -0.9541906 0.00593996 0.423721 -0.9057732 -0.004993796 0.5767926 -0.8168754 0.003866016 -0.1070303 -0.9942483 0.03209382 -0.2018225 -0.9788962 3.6933e-5 -0.3392387 -0.9407004 4.47609e-5 -0.4614035 -0.8871904 0.00979036 -0.6499403 -0.7599223 0.03348678 -0.6051805 -0.7953837 0.0229578 -0.9359923 -0.3512713 0.00368762 -0.8975454 -0.4409067 -0.002520501 -0.7707089 -0.6371824 0.02249681 -0.9892274 0.1446481 -6.61164e-4 -0.9999574 0.009204089 6.37979e-4 -0.9744513 -0.2245982 0.03002905 -0.7692531 0.6382381 -0.002924025 -0.8877145 0.460385 0.003948748 -0.9702809 0.2419493 0 0.08695417 0.9962123 0 0.08695417 0.9962123 0 -0.4051632 0.9142443 0 -0.4051632 0.9142443 0 -0.7964366 0.6047222 0.2007673 -0.6419089 0.7400307 0 -0.8229739 0.5680792 0.04665935 0.523004 0.8510521 0.009392797 0.4491546 0.8934047 0 0.3539456 0.9352661 0.03476595 0.8195284 0.5719831 0.02271598 0.8157666 0.577935 0.02052897 0.8107985 0.5849652 -0.004002451 0.7716444 0.6360415 0.01829677 0.5573364 0.8300852 0.1480116 0.6294444 0.7628186 0.08710485 0.5875772 0.8044662 1 0 0 1 0 0 1 0 0 1 0 0 1 0 0 1 0 0 1 0 0 1 0 0 1 0 0 1 0 0 1 0 0 1 0 0 1 0 0 1 0 0 1 0 0 1 0 0 1 0 0 1 0 0 1 0 0 1 0 0 0.9875798 -0.1571182 0 0.9888547 -0.1488839 -2.19106e-4 0.9470052 -0.3212182 2.7769e-5 0.8746594 -0.4847376 -5.57324e-4 0.8706287 -0.4919407 -3.30701e-4 0.7459531 -0.6659985 8.51532e-5 0.6432801 -0.7656304 -9.00647e-4 0.6103 -0.7921704 -4.36133e-5 0.4283416 -0.903617 2.73076e-5 0.3649466 -0.9310281 -8.29447e-4 0.2896954 -0.9571189 -3.10252e-5 0.1114938 -0.9937652 5.27291e-5 0.114584 -0.9934136 0 0.114584 0.9934136 0 0.1114938 0.9937652 -5.27291e-5 0.3694003 0.9292704 6.96708e-5 0.3644916 0.9312067 -5.02752e-5 0.6428025 0.7660319 5.73198e-5 0.6539654 0.7565245 -3.34863e-4 0.8745895 0.4848642 3.46244e-4 0.8844115 0.4667079 -2.47688e-4 0.9875962 0.1570148 2.0776e-4 0.9888709 0.1487758 0 0 -0.6280645 0.7781613 0.02605229 -0.6470816 0.7619755 0.01935184 -0.6571736 0.7534908 -0.002804934 -0.1415264 0.9899305 0.03761947 -0.2850168 0.957784 0.04292017 -0.2961052 0.9541906 0.00593996 -0.423721 0.9057732 -0.004993796 -0.5767926 0.8168754 0.0038625 0.1068983 0.9942624 0.03210771 0.2018224 0.9788957 -0.004724025 0.3588917 0.9333673 0.006760895 0.5953229 0.8034581 0.02464425 0.6497741 0.7597278 8.08667e-5 0.7598609 0.6500857 -5.36334e-6 0.8379165 0.5457984 0.01123988 0.9361798 0.3513417 0.02780228 0.9170171 0.3978779 0 0.9981998 -0.05997693 0.03468352 0.9783025 -0.2042576 0.006392121 0.9972804 -0.07342267 1.86688e-6 0.9970486 0.07677286 4.03594e-5 0.9802325 0.1978489 0.1635565 0.9388681 -0.3029455 0 0.9894778 -0.1446847 0 0.7964366 -0.6047222 0 0.7964366 -0.6047222 0 0.4051632 -0.9142443 0 0.4051632 -0.9142443 0 -0.08695417 -0.9962123 0 -0.08695417 -0.9962123 0 -0.3539456 -0.9352661 0.02271598 -0.8157666 -0.577935 0.02411437 -0.8162112 -0.5772501 -0.01301401 -0.7563341 -0.6540562 0.04553884 -0.5568515 -0.8293628 0.07693076 -0.580216 -0.8108212 0.009392797 -0.4491546 -0.8934047 5.27042e-5 -0.7875104 0.6163014 4.00669e-5 -0.9837337 0.1796328 0.009800851 0.4532029 -0.8913535 0.06520062 0.5562436 -0.8284576 0 -0.9944015 -0.1056682 3.47541e-6 -0.9981392 0.06097644 0.008702158 -0.9972911 -0.07303935 0.05645471 -0.9878997 -0.144454 0 -0.9516834 -0.3070807 0 -0.7964366 -0.6047222 0 -0.7964366 -0.6047222 0 -0.4051632 -0.9142443 0 -0.4051632 -0.9142443 0 0.08695417 -0.9962123 0 0.08695417 -0.9962123 0 0.3539456 -0.9352661 -1.50148e-4 -0.936239 0.3513639 0.06492877 -0.8620712 0.5026106 0.01952064 -0.9335387 0.3579446 0.08819198 -0.05515247 0.9945755 0.006396293 -0.2019224 0.9793806 -0.00285542 0.143399 0.9896609 0.02359825 -0.2043158 0.9786205 6.29755e-6 -0.3809682 0.9245882 5.39469e-6 -0.6499714 0.7599586 0.07003736 -0.527064 0.8469347 0.01475942 -0.6669936 0.7449172 0 0.6280645 0.7781613 0.05171757 0.3323357 0.9417421 0.02527338 0.2962836 0.9547656 -0.008383214 0.5542473 0.8323098 0.02349466 0.645251 0.7636094 0.02390849 0.6446797 0.7640788 0.02077156 0.8196305 -0.5725158 0.02407634 0.8157407 -0.5779166 -0.01119941 0.7605809 -0.6491465 0.02934247 0.606352 -0.7946548 1 0 0 1 0 0 1 0 0 1 0 0 1 0 0 1 0 0 1 0 0 1 0 0 1 0 0 1 0 0 1 0 0 1 0 0 1 0 0 1 0 0 1 0 0 1 0 0 1 0 0 1 0 0 1 0 0 1 0 0 1 0 0 1 0 0 1 0 0 1 0 0 0 0 1 0 0 1 0 0 1 0 0 1 0 0 1 0 0 1 0 0 1 0 0 1 0 0 1 0 0 1 0 0 1 0 0 1 0 0 1 0 0 1 0 0 1 0 0 1 0 0 1 0 0 1 0 0 1 0 0 1 0 0 1 0 0 1 0 0 1 0 0 1 0 0 1 0.07884216 0.2113851 -0.9742178 0.16216 0.6572855 -0.7359892 0.4778854 0.7743346 -0.4147667 0.8981307 0.4299871 -0.09204596 0.7124461 0.5502805 -0.4354446 0.1618201 0.8311957 -0.5319097 0.1553861 0.8515391 -0.5007357 0.2509189 0.8666332 -0.4312615 0.1606347 0.8634837 -0.4781134 0.07515066 0.8890238 -0.4516515 0.7185267 0.4395263 -0.5390139 0.7321506 0.4626612 -0.4999001 0.8607293 0.4777534 -0.1757744 0.8607178 0.4816704 -0.1647984 0.7056146 0.5168443 -0.4847474 0.7296803 0.5284016 -0.4340029 0.8743285 0.4559864 -0.1662108 0.8783217 0.4586328 -0.1349331 0.1477357 0.7912837 -0.5933331 0.1822382 0.8122295 -0.5541412 0.4514318 0.760457 -0.4668132 0.473149 0.7635318 -0.4394875 0.6869029 0.6415714 -0.3413953 0.886557 0.4384938 -0.1474443 0.6965283 0.6056053 -0.3848254 0.7257497 0.5776491 -0.3736426 0.509756 0.6658824 -0.5447471 0.4748865 0.691188 -0.5447404 0.1343684 0.7277635 -0.6725366 0.173905 0.7132824 -0.678959 0.2162737 0.212579 -0.9529091 0.1537539 0.346874 -0.9252233 0.1874401 0.476123 -0.85917 0.1923896 0.4751291 -0.858626 0.1535901 0.5753588 -0.8033508 0.4125835 0.3578559 -0.8376838 0.5105819 0.343425 -0.7882674 0.4189765 0.531504 -0.7361808 0.4943106 0.5091456 -0.7045763 0.4498765 0.6258952 -0.6370764 0.1698464 0.6321967 -0.7559626 0.1804309 0.6260452 -0.7586252 0 1 0 0 1 0 0 1 0 4.38116e-5 1 -2.24636e-4 7.81676e-5 1 3.0244e-4 1.71885e-4 0.9999998 6.65042e-4 0 1 0 0 1 0 0 1 0 0 1 0 4.21792e-5 0.9999994 -0.001095831 -0.001306295 0.9998135 0.01926952 -2.6649e-4 0.9999999 -2.45906e-4 -7.73863e-5 1 -2.29407e-5 -8.32377e-5 1 -2.93979e-5 -0.1950903 0.9807853 0 -0.1950903 0.9807853 0 -0.5555702 0.8314695 0 -0.5555702 0.8314695 0 -0.8314699 0.5555698 0 -0.8314699 0.5555698 0 -0.9807854 0.1950903 0 -0.9807854 0.1950903 0 -0.9807854 -0.1950903 0 -0.9807854 -0.1950903 0 -0.8314699 -0.5555698 0 -0.8314699 -0.5555698 0 -0.5555702 -0.8314695 0 -0.5555702 -0.8314695 0 -0.1950903 -0.9807853 0 -0.1950903 -0.9807853 0 0.03041881 0.03097987 -0.999057 0.1070226 0.1418876 -0.9840803 0.1814523 0.1666428 -0.9691776 0.3555647 0.4068084 -0.8414753 0.3825014 0.4183334 -0.8238264 0.5655463 0.6246889 -0.5384433 0.5571249 0.6224694 -0.5496761 0.660008 0.7259355 -0.1934095 0.6667067 0.724348 -0.1755626 0.7194072 0.6719869 -0.1757466 0.7721804 0.6294949 -0.08644962 0.1471149 0.09676194 -0.9843751 0.1471145 0.09676152 -0.9843751 0.4509797 0.2966225 -0.8418031 0.4509803 0.2966235 -0.8418024 0.7040026 0.463044 -0.5384892 0.7040026 0.4630439 -0.5384894 0.1339129 0.1144888 -0.9843575 0.1339129 0.1144889 -0.9843575 0.4104478 0.3509125 -0.8416609 0.4104474 0.3509119 -0.8416613 0.640574 0.5476585 -0.5382706 0.6405746 0.54766 -0.5382684 0.7482941 0.639755 -0.1754119 0.8225114 0.5409908 -0.1755103 0.8225114 0.5409908 -0.1755102 0 -1 0 0 -1 0 3.8669e-5 -0.9999996 8.55492e-4 0 -1 0 0 -1 0 -8.41595e-6 -0.9999999 -5.1126e-4 3.13233e-6 -1 -1.54282e-5 -1.23342e-5 -1 -1.05426e-4 -1.13593e-5 -1 -9.40929e-5 5.69447e-6 -1 1.25981e-4 0.1471144 -0.09676164 -0.9843752 0.147115 -0.09676182 -0.9843751 0.4509806 -0.2966232 -0.8418023 0.4509794 -0.2966229 -0.8418031 0.7040024 -0.4630439 -0.5384894 0.7040027 -0.4630439 -0.5384892 0.8225114 -0.5409908 -0.1755103 0.8217496 -0.5495738 -0.150653 0.8487351 -0.4987438 -0.1757937 0.6622686 -0.7284219 -0.1755048 0.6622684 -0.7284219 -0.1755052 0.5668463 -0.6234681 -0.5384913 0.5673145 -0.6266955 -0.5342352 0.1231883 -0.1254605 -0.9844208 0.1262851 -0.1257708 -0.9839887 0.3665163 -0.3960273 -0.8419193 0.3414427 -0.3888099 -0.8557124 0.4490273 -0.4931045 -0.7451325 0.1339129 -0.1144888 -0.9843575 0.1339128 -0.1144888 -0.9843574 0.4104474 -0.3509121 -0.8416613 0.410448 -0.3509123 -0.8416609 0.6405751 -0.5476593 -0.5382684 0.6405735 -0.547659 -0.5382707 0.7482941 -0.639755 -0.1754119 0.7482958 -0.6397546 -0.1754066 0.07328999 -0.8810068 -0.4673922 0.2288618 -0.838367 -0.4947353 0.1287105 -0.9181299 -0.3747949 0.4899801 -0.7497736 -0.4447013 0.502597 -0.7662594 -0.4003034 0.7299035 -0.5916879 -0.3422666 0.8582484 -0.4821915 -0.175787 0.1948488 -0.2683063 -0.9434223 0.06464838 -0.6201304 -0.7818304 0.1618272 -0.8311904 -0.5319157 0.1822423 -0.8122298 -0.5541393 0.4514436 -0.7604542 -0.4668062 0.4798238 -0.6729884 -0.5628994 0.7245655 -0.5783653 -0.3748311 0.697126 -0.6044069 -0.3856263 0.4125795 -0.3578618 -0.8376831 0.7185282 -0.439524 -0.539014 0.7321592 -0.4626697 -0.4998796 0.863121 -0.4772689 -0.1650353 0.8674784 -0.4691419 -0.1654908 0.1801996 -0.6686791 -0.7213851 0.1536155 -0.5753106 -0.8033804 0.1745432 -0.5230178 -0.8342584 0.1288238 -0.7788649 -0.613819 0.1815294 -0.7285326 -0.6605205 0.5261213 -0.6759509 -0.5160298 0.4498888 -0.6258944 -0.6370685 0.4943219 -0.5091471 -0.7045673 0.2364665 -0.4849768 -0.8419508 0.1246824 -0.3925964 -0.9112203 0.89738 -0.4311236 -0.09403032 0.8862711 -0.4392296 -0.1469725 0.8829665 -0.4474847 -0.1418722 0.7296931 -0.5283989 -0.4339845 0.7056285 -0.5168415 -0.4847301 0.4189921 -0.5315057 -0.7361707 0.5105978 -0.343426 -0.7882567 0.2208554 -0.2598345 -0.9400579 0.131475 -0.1235688 -0.9835878 0.8711271 0.4910489 -0.002914667 0.7307814 0.6826115 0 0.6898143 0.7239255 -0.00938791 0.67271 0.7399063 0 0.8354535 0.5495032 0.007972717 0.8407242 0.5411725 0.01775187 0.7743536 0.6312665 -0.04334729 0.8137873 0.5800742 0.03555357 0.8067259 0.5905069 0.02224302 0.786825 0.6171762 0 0.7775959 0.6285091 0.0179122 0.7820516 0.6231873 0.005728423 0.7852445 0.6191641 -0.005186736 0.785501 0.6186639 -0.01559853 0.9189711 0.3932016 -0.02974545 0.8917405 0.4521939 0.01787626 0.8833003 0.4685919 -0.0142138 0.9150965 0.4031512 0.008221685 0.8631382 -0.504963 -0.00222361 0.8621577 -0.5066313 -0.002974569 0.8791542 -0.4765227 0.003729879 0.8851234 -0.4652017 0.01199895 0.8920348 -0.4519583 0.00274223 0.9107223 -0.4130008 -0.003910839 0.9168119 -0.3989041 0.018206 0.9254701 -0.3787693 -0.006237447 0.7855746 -0.6187219 -0.007467091 0.7824958 -0.6226396 0.004489362 0.7797489 -0.6259759 0.01207691 0.6898142 -0.7239255 -0.00938791 0.67271 -0.7399063 0 0.7817811 -0.6233848 0.01448202 0.7918353 -0.6100448 0.02902007 0.8001752 -0.5978814 0.04751199 0.8452203 -0.5344132 0.002276957 0.831209 -0.5559 0.008179306 0.7588859 -0.6488084 -0.0560345 0.4879627 -0.8728646 0 0.4879627 -0.8728646 0 0.1691026 -0.9855984 0 0.1691026 -0.9855984 0 0.1950906 -0.9807852 0 0.1950906 -0.9807852 0 0.5555696 -0.83147 0 0.5555696 -0.83147 0 0.8314699 -0.5555698 0 0.8314699 -0.5555698 0 0.9807853 -0.1950902 0 0.9807853 -0.1950902 0 0.9807853 0.1950902 0 0.9807853 0.1950902 0 0.8314699 0.5555698 0 0.8314699 0.5555698 0 0.5555696 0.83147 0 0.5555696 0.83147 0 0.1950906 0.9807852 0 0.1950906 0.9807852 0 -0.2923716 0.9563047 0 -0.2923716 0.9563047 0 -0.1175862 0.9930626 0 -0.1175862 0.9930626 0 0.2375422 0.9713773 0 0.2375422 0.9713773 0 0.4735896 0.8807456 0 0.4735896 0.8807456 0 0.5993744 0.8004689 0 0.5993744 0.8004689 0 0.1691026 0.9855984 0 0.1691026 0.9855984 0 0.4879627 0.8728646 0 0.4879627 0.8728646 0 0 0 1 0 0 1 0 0 1 0 0 1 0 0.7071068 -0.7071068 0 0.7071068 -0.7071068 0.3866779 0.7458895 -0.5423368 0.1665814 0.9709036 -0.1720376 0.4800037 0.8586274 -0.1798756 0.468926 0.8624146 -0.1906554 0.4397249 0.7545928 -0.4870643 0.4325989 0.7408108 -0.5138652 -0.1392813 -0.7002145 -0.7002145 -0.1392813 -0.7002146 -0.7002145 -0.3966397 -0.5936132 -0.7002146 -0.3966394 -0.5936135 -0.7002144 -0.5936135 -0.3966394 -0.7002143 -0.5936135 -0.3966392 -0.7002145 -0.7002146 -0.1392813 -0.7002145 -0.7002146 -0.139281 -0.7002146 -0.7002145 0.1392813 -0.7002145 -0.7002146 0.1392811 -0.7002144 -0.5936135 0.3966394 -0.7002145 -0.5936136 0.3966393 -0.7002144 -0.3966397 0.5936133 -0.7002145 -0.3966394 0.5936133 -0.7002146 -0.1392813 0.7002146 -0.7002145 -0.1392812 0.7002145 -0.7002145 0 -0.7071068 -0.7071068 0 -0.7071068 -0.7071068 0.166631 -0.9711927 -0.170349 0.4849043 -0.8673937 -0.1117854 0.3055649 -0.8919213 -0.3333265 0.5091018 -0.842891 -0.1742127 0.4098606 -0.7431408 -0.5289196 0.1392815 0.7002145 -0.7002145 0.1392815 0.7002145 -0.7002145 0.3966392 0.5936135 -0.7002147 0.3966393 0.593613 -0.7002148 0.593613 0.3966391 -0.7002149 0.593613 0.3966403 -0.7002143 0.7002146 0.1392813 -0.7002145 0.700214 0.1392796 -0.7002153 0.7002139 -0.1392812 -0.7002152 0.7002151 -0.1392798 -0.7002143 0.5936135 -0.3966394 -0.7002145 0.5936124 -0.3966398 -0.700215 0.3966391 -0.5936133 -0.7002148 0.3966393 -0.5936133 -0.7002146 0.1392815 -0.7002145 -0.7002145 0.1392815 -0.7002145 -0.7002145 0 0 -1 0 0 -1 0 0 -1 0 0 -1 0 0 -1 0 0 -1 0 0 -1 0 0 -1 0 0 -1 0 0 -1 0 0 -1 0 0 -1 0 0 -1 0 0 -1 0 0 -1 0 0 -1</float_array>
          <technique_common>
            <accessor source="#link_2-mesh-normals-array" count="2164" stride="3">
              <param name="X" type="float"/>
              <param name="Y" type="float"/>
              <param name="Z" type="float"/>
            </accessor>
          </technique_common>
        </source>
        <vertices id="link_2-mesh-vertices">
          <input semantic="POSITION" source="#link_2-mesh-positions"/>
        </vertices>
        <triangles material="base-material" count="2164">
          <input semantic="VERTEX" source="#link_2-mesh-vertices" offset="0"/>
          <input semantic="NORMAL" source="#link_2-mesh-normals" offset="1"/>
          <p>0 0 1 0 2 0 1 1 0 1 3 1 4 2 5 2 6 2 6 3 5 3 7 3 7 4 5 4 8 4 7 5 8 5 9 5 9 6 8 6 10 6 9 7 10 7 11 7 12 8 13 8 14 8 14 9 13 9 15 9 14 10 15 10 16 10 12 11 17 11 18 11 0 12 13 12 3 12 3 13 13 13 12 13 3 14 12 14 19 14 19 15 12 15 18 15 17 16 12 16 20 16 20 17 12 17 14 17 20 18 14 18 21 18 21 19 14 19 16 19 21 20 16 20 22 20 15 21 11 21 16 21 16 22 11 22 10 22 16 23 10 23 22 23 22 24 10 24 8 24 22 25 8 25 23 25 24 26 25 26 26 26 25 27 24 27 27 27 28 28 29 28 30 28 30 29 29 29 31 29 30 30 31 30 32 30 32 31 31 31 33 31 32 32 33 32 34 32 35 33 36 33 37 33 37 34 36 34 38 34 37 35 38 35 39 35 35 36 40 36 41 36 24 37 36 37 27 37 27 38 36 38 35 38 27 39 35 39 42 39 42 40 35 40 41 40 40 41 35 41 43 41 43 42 35 42 37 42 43 43 37 43 44 43 44 44 37 44 39 44 44 45 39 45 45 45 38 46 34 46 39 46 39 47 34 47 33 47 39 48 33 48 45 48 45 49 33 49 31 49 45 50 31 50 46 50 47 51 48 51 49 51 50 52 51 52 47 52 47 53 51 53 52 53 47 54 52 54 48 54 53 55 54 55 55 55 55 56 54 56 56 56 55 57 56 57 57 57 57 58 56 58 58 58 57 59 58 59 49 59 49 60 58 60 59 60 49 61 59 61 47 61 60 62 61 62 62 62 50 63 63 63 64 63 64 64 63 64 65 64 64 65 65 65 66 65 66 66 65 66 67 66 66 67 67 67 68 67 68 68 67 68 69 68 68 69 69 69 70 69 70 70 69 70 71 70 70 71 71 71 72 71 72 72 71 72 73 72 72 73 73 73 74 73 74 74 73 74 75 74 74 75 75 75 76 75 76 76 75 76 77 76 76 77 77 77 78 77 78 78 77 78 79 78 78 79 79 79 80 79 80 80 79 80 81 80 80 81 81 81 82 81 82 82 81 82 83 82 82 83 83 83 84 83 84 84 83 84 85 84 84 85 85 85 86 85 86 86 85 86 87 86 86 87 87 87 88 87 88 88 87 88 89 88 88 89 89 89 90 89 90 90 89 90 91 90 90 91 91 91 92 91 92 92 91 92 93 92 92 93 93 93 94 93 94 94 93 94 95 94 94 95 95 95 96 95 96 96 95 96 97 96 96 97 97 97 98 97 98 98 97 98 99 98 98 99 99 99 100 99 100 100 99 100 101 100 100 101 101 101 102 101 102 102 101 102 103 102 102 103 103 103 104 103 104 104 103 104 105 104 104 105 105 105 106 105 106 106 105 106 107 106 106 107 107 107 108 107 108 108 107 108 109 108 108 109 109 109 110 109 110 110 109 110 62 110 110 111 62 111 111 111 111 112 62 112 61 112 111 113 61 113 112 113 113 114 114 114 115 114 115 115 114 115 60 115 60 116 62 116 115 116 115 117 62 117 109 117 115 118 109 118 116 118 116 119 109 119 107 119 116 120 107 120 117 120 117 121 107 121 105 121 117 122 105 122 118 122 118 123 105 123 103 123 118 124 103 124 119 124 119 125 103 125 101 125 119 126 101 126 120 126 120 127 101 127 99 127 120 128 99 128 121 128 121 129 99 129 97 129 121 130 97 130 122 130 122 131 97 131 95 131 122 132 95 132 123 132 123 133 95 133 93 133 123 134 93 134 124 134 124 135 93 135 91 135 124 136 91 136 125 136 125 137 91 137 89 137 125 138 89 138 126 138 126 139 89 139 87 139 126 140 87 140 127 140 127 141 87 141 85 141 127 142 85 142 128 142 128 143 85 143 83 143 128 144 83 144 129 144 129 145 83 145 81 145 129 146 81 146 130 146 130 147 81 147 79 147 130 148 79 148 131 148 131 149 79 149 77 149 131 150 77 150 132 150 132 151 77 151 75 151 132 152 75 152 133 152 133 153 75 153 73 153 133 154 73 154 134 154 134 155 73 155 71 155 134 156 71 156 135 156 135 157 71 157 69 157 135 158 69 158 136 158 136 159 69 159 67 159 136 160 67 160 137 160 137 161 67 161 65 161 137 162 65 162 138 162 138 163 65 163 63 163 138 164 63 164 139 164 140 165 141 165 113 165 50 166 47 166 63 166 63 167 47 167 59 167 63 168 59 168 139 168 139 169 59 169 58 169 139 170 58 170 56 170 113 171 115 171 140 171 140 172 115 172 116 172 140 173 116 173 142 173 142 174 116 174 117 174 142 175 117 175 143 175 143 176 117 176 118 176 143 177 118 177 144 177 144 178 118 178 119 178 144 179 119 179 145 179 145 180 119 180 120 180 145 181 120 181 146 181 146 182 120 182 121 182 146 183 121 183 147 183 147 184 121 184 122 184 147 185 122 185 148 185 148 186 122 186 123 186 148 187 123 187 149 187 149 188 123 188 124 188 149 189 124 189 150 189 150 190 124 190 125 190 150 191 125 191 151 191 151 192 125 192 126 192 151 193 126 193 152 193 152 194 126 194 127 194 152 195 127 195 153 195 153 196 127 196 128 196 153 197 128 197 154 197 154 198 128 198 129 198 154 199 129 199 155 199 155 200 129 200 130 200 155 201 130 201 156 201 156 202 130 202 131 202 156 203 131 203 157 203 157 204 131 204 132 204 157 205 132 205 158 205 158 206 132 206 133 206 158 207 133 207 159 207 159 208 133 208 134 208 159 209 134 209 160 209 160 210 134 210 135 210 160 211 135 211 161 211 161 212 135 212 136 212 161 213 136 213 162 213 162 214 136 214 137 214 162 215 137 215 163 215 163 216 137 216 138 216 163 217 138 217 164 217 164 218 138 218 139 218 164 219 139 219 165 219 165 220 139 220 56 220 165 221 56 221 54 221 141 222 166 222 167 222 168 223 112 223 169 223 169 224 112 224 170 224 169 225 170 225 60 225 141 226 167 226 113 226 113 227 167 227 171 227 113 228 171 228 172 228 172 229 171 229 173 229 172 230 173 230 60 230 60 231 173 231 174 231 60 232 174 232 169 232 45 233 46 233 175 233 43 234 176 234 40 234 40 235 176 235 41 235 177 236 178 236 44 236 44 237 178 237 179 237 44 238 179 238 180 238 180 239 181 239 44 239 44 240 181 240 182 240 44 241 182 241 43 241 43 242 182 242 183 242 43 243 183 243 176 243 45 244 175 244 44 244 44 245 175 245 184 245 44 246 184 246 177 246 22 247 23 247 185 247 20 248 186 248 17 248 17 249 186 249 18 249 187 250 188 250 21 250 21 251 188 251 189 251 21 252 189 252 190 252 190 253 191 253 21 253 21 254 191 254 192 254 21 255 192 255 20 255 20 256 192 256 193 256 20 257 193 257 186 257 22 258 185 258 21 258 21 259 185 259 194 259 21 260 194 260 187 260 195 261 4 261 196 261 196 262 4 262 6 262 196 263 6 263 197 263 197 264 6 264 7 264 197 265 7 265 198 265 198 266 7 266 9 266 198 267 9 267 199 267 199 268 9 268 11 268 199 269 11 269 200 269 200 270 11 270 201 270 202 271 203 271 204 271 204 272 203 272 15 272 204 273 15 273 205 273 203 274 206 274 15 274 15 275 206 275 207 275 15 276 207 276 11 276 11 277 207 277 208 277 11 278 208 278 201 278 2 279 209 279 0 279 0 280 209 280 205 280 0 281 205 281 13 281 13 282 205 282 15 282 210 283 28 283 30 283 211 284 212 284 213 284 210 285 30 285 214 285 214 286 30 286 32 286 214 287 32 287 213 287 213 288 32 288 34 288 213 289 34 289 211 289 38 290 215 290 34 290 34 291 215 291 216 291 34 292 216 292 211 292 36 293 217 293 38 293 38 294 217 294 218 294 38 295 218 295 215 295 26 296 219 296 220 296 26 297 220 297 24 297 24 298 220 298 221 298 24 299 221 299 36 299 36 300 221 300 222 300 36 301 222 301 217 301 223 302 224 302 225 302 225 303 224 303 226 303 225 304 226 304 227 304 227 305 226 305 228 305 227 306 228 306 229 306 229 307 228 307 230 307 229 308 230 308 231 308 231 309 230 309 232 309 232 310 171 310 231 310 231 311 171 311 167 311 231 312 167 312 166 312 233 313 234 313 235 313 235 314 234 314 236 314 235 315 236 315 237 315 237 316 236 316 238 316 239 317 240 317 238 317 238 318 240 318 241 318 238 319 241 319 237 319 242 320 243 320 239 320 239 321 243 321 244 321 239 322 244 322 240 322 57 323 243 323 55 323 55 324 243 324 242 324 55 325 242 325 53 325 233 326 235 326 245 326 245 327 235 327 246 327 235 328 237 328 246 328 246 329 237 329 241 329 246 330 241 330 247 330 248 331 245 331 249 331 249 332 245 332 246 332 249 333 246 333 250 333 250 334 246 334 247 334 250 335 247 335 251 335 251 336 247 336 252 336 243 337 252 337 244 337 244 338 252 338 247 338 244 339 247 339 240 339 240 340 247 340 241 340 253 341 254 341 255 341 254 342 256 342 257 342 254 343 257 343 255 343 255 344 257 344 258 344 255 345 258 345 259 345 259 346 258 346 260 346 259 347 260 347 261 347 261 348 260 348 248 348 261 349 248 349 249 349 262 350 263 350 264 350 264 351 263 351 253 351 253 352 255 352 264 352 264 353 255 353 259 353 264 354 259 354 265 354 265 355 259 355 261 355 265 356 261 356 266 356 266 357 261 357 249 357 266 358 249 358 250 358 262 359 264 359 267 359 267 360 264 360 265 360 267 361 265 361 268 361 268 362 265 362 266 362 268 363 266 363 269 363 269 364 266 364 250 364 269 365 250 365 251 365 262 366 270 366 271 366 262 367 271 367 263 367 263 368 271 368 272 368 263 369 272 369 253 369 253 370 272 370 273 370 253 371 273 371 254 371 254 372 273 372 274 372 254 373 274 373 256 373 275 374 276 374 277 374 277 375 276 375 278 375 277 376 278 376 279 376 279 377 278 377 280 377 279 378 280 378 281 378 281 379 280 379 282 379 281 380 282 380 283 380 284 381 274 381 285 381 285 382 274 382 273 382 285 383 273 383 286 383 286 384 273 384 272 384 286 385 272 385 287 385 287 386 272 386 271 386 288 387 289 387 282 387 282 388 289 388 290 388 282 389 290 389 283 389 276 390 284 390 278 390 278 391 284 391 285 391 278 392 285 392 280 392 280 393 285 393 286 393 280 394 286 394 282 394 282 395 286 395 287 395 282 396 287 396 288 396 288 397 287 397 271 397 288 398 271 398 270 398 224 399 291 399 226 399 226 400 291 400 292 400 226 401 292 401 228 401 228 402 292 402 293 402 228 403 293 403 230 403 230 404 293 404 294 404 230 405 294 405 232 405 232 406 294 406 295 406 291 407 275 407 292 407 292 408 275 408 277 408 292 409 277 409 293 409 293 410 277 410 279 410 293 411 279 411 294 411 294 412 279 412 281 412 294 413 281 413 295 413 295 414 281 414 283 414 283 415 290 415 296 415 296 416 290 416 297 416 270 417 298 417 288 417 288 418 298 418 297 418 288 419 297 419 289 419 289 420 297 420 290 420 262 421 267 421 299 421 299 422 267 422 300 422 251 423 301 423 269 423 269 424 301 424 300 424 269 425 300 425 268 425 268 426 300 426 267 426 262 427 299 427 270 427 270 428 299 428 298 428 301 429 251 429 51 429 51 430 251 430 252 430 51 431 252 431 52 431 52 432 252 432 48 432 48 433 252 433 49 433 49 434 252 434 243 434 49 435 243 435 57 435 173 436 171 436 232 436 295 437 283 437 296 437 296 438 168 438 295 438 295 439 168 439 169 439 295 440 169 440 232 440 232 441 169 441 174 441 232 442 174 442 173 442 179 443 178 443 239 443 239 444 178 444 242 444 242 445 178 445 177 445 242 446 177 446 184 446 179 447 239 447 180 447 180 448 239 448 238 448 180 449 238 449 181 449 181 450 238 450 236 450 181 451 236 451 182 451 182 452 236 452 234 452 182 453 234 453 183 453 189 454 188 454 225 454 225 455 188 455 223 455 223 456 188 456 187 456 223 457 187 457 194 457 189 458 225 458 190 458 190 459 225 459 227 459 190 460 227 460 191 460 191 461 227 461 229 461 191 462 229 462 192 462 192 463 229 463 231 463 192 464 231 464 193 464 302 465 303 465 304 465 28 466 210 466 305 466 306 467 307 467 308 467 309 468 54 468 308 468 308 469 54 469 53 469 46 470 53 470 175 470 175 471 53 471 242 471 175 472 242 472 184 472 28 473 308 473 29 473 29 474 308 474 53 474 29 475 53 475 31 475 31 476 53 476 46 476 305 477 302 477 28 477 28 478 302 478 304 478 28 479 304 479 308 479 308 480 304 480 310 480 308 481 310 481 306 481 311 482 312 482 313 482 313 483 312 483 308 483 313 484 308 484 314 484 314 485 308 485 307 485 256 486 274 486 42 486 195 487 315 487 316 487 23 488 223 488 185 488 185 489 223 489 194 489 317 490 318 490 4 490 42 491 41 491 256 491 256 492 41 492 176 492 256 493 176 493 183 493 195 494 316 494 4 494 4 495 316 495 319 495 4 496 319 496 317 496 320 497 321 497 26 497 320 498 26 498 322 498 321 499 323 499 26 499 26 500 323 500 324 500 26 501 324 501 219 501 219 502 324 502 325 502 219 503 325 503 326 503 223 504 26 504 224 504 224 505 26 505 25 505 224 506 25 506 291 506 291 507 25 507 275 507 183 508 234 508 256 508 256 509 234 509 233 509 256 510 233 510 245 510 276 511 275 511 284 511 284 512 275 512 25 512 284 513 25 513 274 513 274 514 25 514 27 514 274 515 27 515 42 515 318 516 322 516 4 516 4 517 322 517 26 517 4 518 26 518 5 518 5 519 26 519 223 519 5 520 223 520 8 520 8 521 223 521 23 521 245 522 248 522 256 522 256 523 248 523 260 523 256 524 260 524 257 524 257 525 260 525 258 525 327 526 209 526 2 526 327 527 2 527 328 527 3 528 19 528 166 528 141 529 329 529 166 529 166 530 329 530 330 530 331 531 330 531 332 531 332 532 330 532 333 532 332 533 333 533 334 533 335 534 166 534 336 534 336 535 166 535 330 535 336 536 330 536 337 536 337 537 330 537 331 537 338 538 328 538 335 538 335 539 328 539 2 539 335 540 2 540 166 540 166 541 2 541 1 541 166 542 1 542 3 542 193 543 231 543 186 543 186 544 231 544 166 544 186 545 166 545 18 545 18 546 166 546 19 546 54 547 309 547 165 547 165 548 309 548 339 548 165 549 339 549 164 549 164 550 339 550 340 550 164 551 340 551 163 551 163 552 340 552 341 552 163 553 341 553 162 553 162 554 341 554 342 554 162 555 342 555 161 555 161 556 342 556 343 556 161 557 343 557 160 557 160 558 343 558 344 558 160 559 344 559 159 559 159 560 344 560 345 560 159 561 345 561 158 561 158 562 345 562 346 562 158 563 346 563 157 563 157 564 346 564 347 564 157 565 347 565 156 565 156 566 347 566 348 566 156 567 348 567 155 567 155 568 348 568 349 568 155 569 349 569 154 569 154 570 349 570 350 570 154 571 350 571 351 571 351 572 350 572 352 572 351 573 352 573 152 573 152 574 352 574 353 574 152 575 353 575 151 575 151 576 353 576 354 576 151 577 354 577 150 577 150 578 354 578 355 578 150 579 355 579 149 579 149 580 355 580 356 580 149 581 356 581 148 581 148 582 356 582 357 582 148 583 357 583 147 583 147 584 357 584 358 584 147 585 358 585 146 585 146 586 358 586 359 586 146 587 359 587 145 587 145 588 359 588 360 588 145 589 360 589 144 589 144 590 360 590 361 590 144 591 361 591 143 591 143 592 361 592 362 592 143 593 362 593 142 593 142 594 362 594 363 594 142 595 363 595 140 595 140 596 363 596 364 596 140 597 364 597 141 597 141 598 364 598 329 598 301 599 51 599 50 599 112 600 168 600 296 600 298 601 108 601 110 601 64 602 66 602 299 602 299 603 66 603 68 603 299 604 68 604 70 604 110 605 111 605 298 605 298 606 111 606 112 606 298 607 112 607 297 607 297 608 112 608 296 608 70 609 72 609 299 609 299 610 72 610 74 610 299 611 74 611 76 611 100 612 102 612 299 612 299 613 102 613 104 613 299 614 104 614 298 614 298 615 104 615 106 615 298 616 106 616 108 616 64 617 299 617 50 617 50 618 299 618 300 618 50 619 300 619 301 619 94 620 96 620 299 620 299 621 96 621 98 621 299 622 98 622 100 622 76 623 78 623 299 623 299 624 78 624 80 624 299 625 80 625 82 625 82 626 84 626 299 626 299 627 84 627 86 627 299 628 86 628 365 628 365 629 90 629 299 629 299 630 90 630 92 630 299 631 92 631 94 631 366 632 367 632 368 632 368 633 367 633 369 633 368 634 369 634 370 634 370 635 369 635 371 635 370 636 371 636 372 636 372 637 371 637 373 637 372 638 373 638 374 638 374 639 373 639 375 639 374 640 375 640 376 640 376 641 375 641 377 641 378 642 379 642 380 642 380 643 379 643 381 643 380 644 381 644 382 644 379 645 383 645 381 645 381 646 383 646 384 646 381 647 384 647 375 647 375 648 384 648 385 648 375 649 385 649 377 649 304 650 303 650 386 650 386 651 303 651 382 651 386 652 382 652 387 652 387 653 382 653 381 653 386 654 310 654 304 654 310 655 386 655 306 655 367 656 388 656 369 656 369 657 388 657 371 657 371 658 388 658 389 658 371 659 389 659 373 659 373 660 389 660 390 660 373 661 390 661 375 661 391 662 387 662 392 662 392 663 387 663 381 663 392 664 381 664 393 664 391 665 394 665 314 665 386 666 387 666 306 666 306 667 387 667 391 667 306 668 391 668 307 668 307 669 391 669 314 669 394 670 391 670 395 670 395 671 391 671 392 671 395 672 392 672 396 672 396 673 392 673 393 673 396 674 393 674 397 674 381 675 375 675 393 675 393 676 375 676 390 676 393 677 390 677 397 677 397 678 390 678 389 678 397 679 389 679 398 679 397 680 398 680 399 680 395 681 313 681 394 681 394 682 313 682 314 682 400 683 401 683 396 683 396 684 401 684 402 684 396 685 402 685 403 685 403 686 404 686 396 686 396 687 404 687 405 687 396 688 405 688 395 688 395 689 405 689 311 689 395 690 311 690 313 690 397 691 399 691 396 691 396 692 399 692 406 692 396 693 406 693 400 693 402 694 401 694 407 694 407 695 401 695 408 695 408 696 401 696 400 696 408 697 400 697 406 697 402 698 407 698 403 698 403 699 407 699 409 699 403 700 409 700 404 700 404 701 409 701 410 701 404 702 410 702 405 702 405 703 410 703 312 703 405 704 312 704 311 704 312 705 411 705 308 705 308 706 411 706 412 706 413 707 309 707 412 707 412 708 309 708 308 708 414 709 415 709 416 709 416 710 415 710 417 710 416 711 417 711 418 711 413 712 412 712 419 712 419 713 412 713 420 713 419 714 420 714 418 714 418 715 420 715 421 715 418 716 421 716 416 716 422 717 329 717 364 717 423 718 424 718 425 718 425 719 424 719 422 719 422 720 364 720 425 720 425 721 364 721 363 721 425 722 363 722 426 722 426 723 363 723 362 723 426 724 362 724 427 724 427 725 362 725 361 725 427 726 361 726 428 726 428 727 361 727 360 727 428 728 360 728 429 728 429 729 360 729 359 729 429 730 359 730 430 730 430 731 359 731 358 731 430 732 358 732 431 732 431 733 358 733 357 733 431 734 357 734 432 734 432 735 357 735 356 735 432 736 356 736 433 736 433 737 356 737 355 737 433 738 355 738 434 738 434 739 355 739 354 739 434 740 354 740 435 740 435 741 354 741 353 741 435 742 353 742 436 742 436 743 353 743 437 743 436 744 437 744 438 744 438 745 437 745 350 745 438 746 350 746 439 746 439 747 350 747 349 747 439 748 349 748 440 748 440 749 349 749 348 749 440 750 348 750 441 750 441 751 348 751 347 751 441 752 347 752 442 752 442 753 347 753 346 753 442 754 346 754 443 754 443 755 346 755 345 755 443 756 345 756 444 756 444 757 345 757 344 757 444 758 344 758 445 758 445 759 344 759 343 759 445 760 343 760 446 760 446 761 343 761 342 761 446 762 342 762 447 762 447 763 342 763 341 763 447 764 341 764 448 764 448 765 341 765 340 765 448 766 340 766 449 766 449 767 340 767 339 767 449 768 339 768 450 768 339 769 309 769 413 769 451 770 452 770 453 770 453 771 452 771 423 771 339 772 413 772 450 772 450 773 413 773 419 773 450 774 419 774 418 774 423 775 425 775 453 775 453 776 425 776 426 776 453 777 426 777 454 777 454 778 426 778 427 778 454 779 427 779 455 779 455 780 427 780 428 780 455 781 428 781 456 781 456 782 428 782 429 782 456 783 429 783 457 783 457 784 429 784 430 784 457 785 430 785 458 785 458 786 430 786 431 786 458 787 431 787 459 787 459 788 431 788 432 788 459 789 432 789 460 789 460 790 432 790 433 790 460 791 433 791 461 791 461 792 433 792 434 792 461 793 434 793 462 793 462 794 434 794 435 794 462 795 435 795 463 795 463 796 435 796 436 796 463 797 436 797 464 797 464 798 436 798 438 798 464 799 438 799 465 799 465 800 438 800 439 800 465 801 439 801 466 801 466 802 439 802 440 802 466 803 440 803 467 803 467 804 440 804 441 804 467 805 441 805 468 805 468 806 441 806 442 806 468 807 442 807 469 807 469 808 442 808 443 808 469 809 443 809 470 809 470 810 443 810 444 810 470 811 444 811 471 811 471 812 444 812 445 812 471 813 445 813 472 813 472 814 445 814 446 814 472 815 446 815 473 815 473 816 446 816 447 816 473 817 447 817 474 817 474 818 447 818 448 818 474 819 448 819 475 819 475 820 448 820 449 820 475 821 449 821 476 821 476 822 449 822 450 822 476 823 450 823 477 823 477 824 450 824 418 824 477 825 418 825 417 825 451 826 453 826 478 826 478 827 453 827 454 827 478 828 454 828 479 828 479 829 454 829 455 829 479 830 455 830 480 830 480 831 455 831 456 831 480 832 456 832 481 832 481 833 456 833 457 833 481 834 457 834 482 834 482 835 457 835 458 835 482 836 458 836 483 836 483 837 458 837 459 837 483 838 459 838 484 838 484 839 459 839 460 839 484 840 460 840 485 840 485 841 460 841 461 841 485 842 461 842 486 842 486 843 461 843 462 843 486 844 462 844 487 844 487 845 462 845 463 845 487 846 463 846 488 846 488 847 463 847 464 847 488 848 464 848 489 848 489 849 464 849 465 849 489 850 465 850 490 850 490 851 465 851 466 851 490 852 466 852 491 852 491 853 466 853 467 853 491 854 467 854 492 854 492 855 467 855 468 855 492 856 468 856 493 856 493 857 468 857 469 857 493 858 469 858 494 858 494 859 469 859 470 859 494 860 470 860 495 860 495 861 470 861 471 861 495 862 471 862 496 862 496 863 471 863 472 863 496 864 472 864 497 864 497 865 472 865 473 865 497 866 473 866 498 866 498 867 473 867 474 867 498 868 474 868 499 868 499 869 474 869 475 869 499 870 475 870 500 870 500 871 475 871 476 871 500 872 476 872 501 872 501 873 476 873 477 873 501 874 477 874 502 874 502 875 477 875 417 875 502 876 417 876 415 876 422 877 503 877 504 877 504 878 503 878 505 878 503 879 423 879 505 879 505 880 423 880 506 880 505 881 506 881 507 881 451 882 508 882 506 882 506 883 508 883 509 883 506 884 509 884 507 884 504 885 510 885 422 885 422 886 510 886 511 886 422 887 511 887 329 887 329 888 511 888 330 888 510 889 512 889 511 889 511 890 512 890 333 890 511 891 333 891 330 891 513 892 514 892 515 892 515 893 514 893 333 893 333 894 514 894 516 894 333 895 516 895 334 895 513 896 515 896 517 896 517 897 515 897 518 897 517 898 518 898 519 898 519 899 518 899 520 899 519 900 520 900 521 900 521 901 520 901 522 901 521 902 522 902 523 902 524 903 331 903 332 903 525 904 526 904 527 904 527 905 526 905 528 905 516 906 514 906 529 906 529 907 514 907 513 907 529 908 513 908 517 908 517 909 519 909 529 909 529 910 519 910 521 910 529 911 521 911 525 911 525 912 521 912 523 912 525 913 523 913 526 913 524 914 332 914 529 914 529 915 332 915 334 915 529 916 334 916 516 916 530 917 531 917 532 917 531 918 530 918 533 918 335 919 336 919 534 919 534 920 336 920 337 920 534 921 337 921 535 921 535 922 337 922 536 922 535 923 536 923 537 923 538 924 539 924 540 924 540 925 539 925 541 925 540 926 541 926 542 926 538 927 527 927 528 927 530 928 539 928 533 928 533 929 539 929 538 929 533 930 538 930 543 930 543 931 538 931 528 931 527 932 538 932 525 932 525 933 538 933 540 933 525 934 540 934 529 934 529 935 540 935 542 935 529 936 542 936 524 936 541 937 537 937 542 937 542 938 537 938 536 938 542 939 536 939 524 939 524 940 536 940 337 940 524 941 337 941 331 941 338 942 335 942 534 942 544 943 545 943 546 943 338 944 534 944 547 944 547 945 534 945 535 945 547 946 535 946 546 946 546 947 535 947 537 947 546 948 537 948 544 948 541 949 548 949 537 949 537 950 548 950 549 950 537 951 549 951 544 951 539 952 550 952 541 952 541 953 550 953 551 953 541 954 551 954 548 954 532 955 552 955 553 955 532 956 553 956 530 956 530 957 553 957 554 957 530 958 554 958 539 958 539 959 554 959 555 959 539 960 555 960 550 960 556 961 557 961 532 961 558 962 543 962 559 962 559 963 543 963 528 963 398 964 408 964 399 964 399 965 408 965 406 965 557 966 560 966 532 966 532 967 560 967 561 967 532 968 561 968 552 968 552 969 561 969 562 969 367 970 563 970 564 970 565 971 566 971 562 971 562 972 566 972 567 972 562 973 567 973 552 973 528 974 526 974 559 974 559 975 526 975 523 975 559 976 523 976 522 976 568 977 531 977 558 977 558 978 531 978 533 978 558 979 533 979 543 979 408 980 532 980 569 980 569 981 532 981 531 981 569 982 531 982 570 982 366 983 571 983 367 983 367 984 571 984 572 984 367 985 572 985 563 985 564 986 556 986 367 986 367 987 556 987 532 987 367 988 532 988 388 988 388 989 532 989 408 989 388 990 408 990 389 990 389 991 408 991 398 991 568 992 573 992 531 992 531 993 573 993 574 993 531 994 574 994 575 994 522 995 576 995 559 995 559 996 576 996 577 996 559 997 577 997 578 997 578 998 579 998 559 998 559 999 579 999 580 999 559 1000 580 1000 581 1000 366 1001 582 1001 571 1001 571 1002 582 1002 583 1002 571 1003 583 1003 584 1003 575 1004 585 1004 531 1004 531 1005 585 1005 586 1005 531 1006 586 1006 570 1006 408 1007 569 1007 407 1007 407 1008 569 1008 587 1008 407 1009 587 1009 409 1009 409 1010 587 1010 588 1010 411 1011 312 1011 588 1011 588 1012 312 1012 410 1012 588 1013 410 1013 409 1013 420 1014 412 1014 411 1014 420 1015 411 1015 421 1015 421 1016 411 1016 589 1016 421 1017 589 1017 416 1017 416 1018 589 1018 590 1018 416 1019 590 1019 414 1019 414 1020 590 1020 591 1020 414 1021 591 1021 592 1021 593 1022 594 1022 595 1022 595 1023 594 1023 592 1023 595 1024 592 1024 596 1024 596 1025 592 1025 591 1025 597 1026 598 1026 491 1026 491 1027 492 1027 597 1027 597 1028 492 1028 493 1028 597 1029 493 1029 599 1029 599 1030 493 1030 494 1030 599 1031 494 1031 495 1031 486 1032 487 1032 600 1032 600 1033 487 1033 488 1033 600 1034 488 1034 597 1034 597 1035 488 1035 489 1035 597 1036 489 1036 598 1036 601 1037 451 1037 602 1037 602 1038 451 1038 478 1038 594 1039 415 1039 592 1039 592 1040 415 1040 414 1040 498 1041 603 1041 497 1041 497 1042 603 1042 599 1042 497 1043 599 1043 496 1043 496 1044 599 1044 495 1044 478 1045 479 1045 602 1045 602 1046 479 1046 480 1046 602 1047 480 1047 604 1047 604 1048 480 1048 481 1048 604 1049 481 1049 482 1049 482 1050 483 1050 604 1050 604 1051 483 1051 484 1051 604 1052 484 1052 600 1052 600 1053 484 1053 485 1053 600 1054 485 1054 486 1054 605 1055 606 1055 601 1055 601 1056 606 1056 607 1056 601 1057 607 1057 451 1057 451 1058 607 1058 608 1058 451 1059 608 1059 508 1059 502 1060 415 1060 609 1060 609 1061 415 1061 594 1061 609 1062 594 1062 610 1062 610 1063 594 1063 611 1063 610 1064 611 1064 612 1064 612 1065 611 1065 613 1065 612 1066 613 1066 614 1066 614 1067 613 1067 605 1067 614 1068 605 1068 615 1068 615 1069 605 1069 601 1069 498 1070 499 1070 603 1070 603 1071 499 1071 500 1071 603 1072 500 1072 609 1072 609 1073 500 1073 501 1073 609 1074 501 1074 502 1074 607 1075 616 1075 617 1075 607 1076 617 1076 608 1076 608 1077 617 1077 618 1077 608 1078 618 1078 508 1078 508 1079 618 1079 619 1079 508 1080 619 1080 509 1080 512 1081 510 1081 504 1081 504 1082 505 1082 512 1082 512 1083 505 1083 507 1083 512 1084 507 1084 620 1084 620 1085 507 1085 509 1085 620 1086 509 1086 621 1086 621 1087 509 1087 619 1087 576 1088 522 1088 622 1088 622 1089 522 1089 520 1089 622 1090 520 1090 623 1090 623 1091 520 1091 518 1091 623 1092 518 1092 624 1092 624 1093 518 1093 515 1093 624 1094 515 1094 512 1094 512 1095 515 1095 333 1095 621 1096 619 1096 625 1096 580 1097 579 1097 626 1097 579 1098 578 1098 626 1098 626 1099 578 1099 627 1099 626 1100 627 1100 628 1100 628 1101 627 1101 629 1101 628 1102 629 1102 630 1102 630 1103 629 1103 625 1103 580 1104 626 1104 631 1104 631 1105 626 1105 628 1105 631 1106 628 1106 632 1106 632 1107 628 1107 630 1107 632 1108 630 1108 633 1108 633 1109 630 1109 617 1109 633 1110 617 1110 616 1110 625 1111 619 1111 630 1111 630 1112 619 1112 618 1112 630 1113 618 1113 617 1113 620 1114 621 1114 634 1114 634 1115 621 1115 625 1115 634 1116 625 1116 635 1116 635 1117 625 1117 629 1117 635 1118 629 1118 636 1118 636 1119 629 1119 627 1119 636 1120 627 1120 577 1120 577 1121 627 1121 578 1121 577 1122 576 1122 636 1122 636 1123 576 1123 622 1123 636 1124 622 1124 635 1124 635 1125 622 1125 623 1125 635 1126 623 1126 634 1126 634 1127 623 1127 624 1127 634 1128 624 1128 620 1128 620 1129 624 1129 512 1129 637 1130 581 1130 580 1130 559 1131 581 1131 638 1131 638 1132 581 1132 637 1132 638 1133 637 1133 639 1133 639 1134 637 1134 640 1134 639 1135 640 1135 641 1135 641 1136 640 1136 642 1136 580 1137 631 1137 637 1137 637 1138 631 1138 632 1138 637 1139 632 1139 640 1139 640 1140 632 1140 633 1140 640 1141 633 1141 642 1141 642 1142 633 1142 616 1142 641 1143 643 1143 644 1143 641 1144 644 1144 639 1144 639 1145 644 1145 645 1145 639 1146 645 1146 638 1146 638 1147 645 1147 558 1147 638 1148 558 1148 559 1148 573 1149 568 1149 646 1149 646 1150 568 1150 647 1150 646 1151 647 1151 648 1151 648 1152 647 1152 649 1152 648 1153 649 1153 593 1153 593 1154 649 1154 650 1154 568 1155 558 1155 647 1155 647 1156 558 1156 645 1156 647 1157 645 1157 649 1157 649 1158 645 1158 644 1158 649 1159 644 1159 650 1159 650 1160 644 1160 643 1160 411 1161 588 1161 651 1161 588 1162 587 1162 652 1162 587 1163 569 1163 570 1163 587 1164 570 1164 652 1164 652 1165 570 1165 586 1165 652 1166 586 1166 653 1166 653 1167 586 1167 585 1167 653 1168 585 1168 654 1168 654 1169 585 1169 575 1169 654 1170 575 1170 655 1170 655 1171 575 1171 574 1171 655 1172 574 1172 656 1172 656 1173 574 1173 573 1173 656 1174 573 1174 646 1174 588 1175 652 1175 651 1175 651 1176 652 1176 653 1176 651 1177 653 1177 657 1177 657 1178 653 1178 654 1178 657 1179 654 1179 658 1179 658 1180 654 1180 655 1180 658 1181 655 1181 659 1181 659 1182 655 1182 656 1182 659 1183 656 1183 660 1183 660 1184 656 1184 646 1184 660 1185 646 1185 648 1185 411 1186 651 1186 589 1186 589 1187 651 1187 657 1187 589 1188 657 1188 590 1188 590 1189 657 1189 658 1189 590 1190 658 1190 591 1190 591 1191 658 1191 659 1191 591 1192 659 1192 596 1192 596 1193 659 1193 660 1193 596 1194 660 1194 595 1194 595 1195 660 1195 648 1195 595 1196 648 1196 593 1196 594 1197 593 1197 650 1197 594 1198 650 1198 611 1198 611 1199 650 1199 643 1199 611 1200 643 1200 613 1200 661 1201 609 1201 662 1201 662 1202 609 1202 610 1202 662 1203 610 1203 663 1203 663 1204 610 1204 612 1204 663 1205 612 1205 664 1205 664 1206 612 1206 614 1206 664 1207 614 1207 665 1207 665 1208 614 1208 615 1208 665 1209 615 1209 666 1209 666 1210 615 1210 601 1210 666 1211 601 1211 667 1211 667 1212 601 1212 602 1212 667 1213 602 1213 668 1213 668 1214 602 1214 604 1214 668 1215 604 1215 669 1215 669 1216 604 1216 600 1216 669 1217 600 1217 670 1217 670 1218 600 1218 597 1218 670 1219 597 1219 671 1219 671 1220 597 1220 599 1220 671 1221 599 1221 672 1221 672 1222 599 1222 603 1222 672 1223 603 1223 661 1223 661 1224 603 1224 609 1224 641 1225 605 1225 643 1225 643 1226 605 1226 613 1226 605 1227 641 1227 642 1227 605 1228 642 1228 606 1228 606 1229 642 1229 616 1229 606 1230 616 1230 607 1230 671 1231 672 1231 673 1231 673 1232 672 1232 661 1232 673 1233 661 1233 662 1233 668 1234 669 1234 673 1234 673 1235 669 1235 670 1235 673 1236 670 1236 671 1236 665 1237 666 1237 673 1237 673 1238 666 1238 667 1238 673 1239 667 1239 668 1239 662 1240 663 1240 673 1240 673 1241 663 1241 664 1241 673 1242 664 1242 665 1242 674 1243 204 1243 205 1243 327 1244 675 1244 676 1244 675 1245 677 1245 676 1245 676 1246 677 1246 678 1246 676 1247 678 1247 679 1247 680 1248 681 1248 682 1248 682 1249 681 1249 674 1249 682 1250 674 1250 683 1250 683 1251 674 1251 205 1251 683 1252 205 1252 676 1252 676 1253 205 1253 209 1253 676 1254 209 1254 327 1254 684 1255 305 1255 210 1255 685 1256 686 1256 687 1256 687 1257 686 1257 684 1257 687 1258 684 1258 688 1258 688 1259 684 1259 210 1259 688 1260 210 1260 689 1260 689 1261 210 1261 214 1261 689 1262 214 1262 213 1262 690 1263 691 1263 692 1263 692 1264 691 1264 689 1264 692 1265 689 1265 693 1265 693 1266 689 1266 213 1266 694 1267 695 1267 696 1267 696 1268 695 1268 697 1268 696 1269 697 1269 698 1269 694 1270 699 1270 695 1270 695 1271 699 1271 700 1271 695 1272 700 1272 701 1272 702 1273 701 1273 703 1273 703 1274 701 1274 700 1274 703 1275 700 1275 704 1275 694 1276 705 1276 699 1276 699 1277 705 1277 706 1277 699 1278 706 1278 700 1278 700 1279 706 1279 707 1279 700 1280 707 1280 704 1280 704 1281 707 1281 708 1281 704 1282 708 1282 709 1282 315 1283 195 1283 710 1283 315 1284 710 1284 709 1284 709 1285 710 1285 711 1285 709 1286 711 1286 704 1286 704 1287 711 1287 712 1287 704 1288 712 1288 703 1288 703 1289 712 1289 713 1289 703 1290 713 1290 702 1290 714 1291 715 1291 716 1291 714 1292 716 1292 717 1292 717 1293 716 1293 718 1293 717 1294 718 1294 719 1294 720 1295 721 1295 722 1295 722 1296 721 1296 723 1296 724 1297 725 1297 726 1297 726 1298 725 1298 719 1298 726 1299 719 1299 727 1299 727 1300 719 1300 718 1300 727 1301 718 1301 728 1301 728 1302 718 1302 716 1302 728 1303 716 1303 723 1303 723 1304 716 1304 715 1304 723 1305 715 1305 722 1305 714 1306 729 1306 715 1306 715 1307 729 1307 730 1307 715 1308 730 1308 731 1308 732 1309 720 1309 731 1309 731 1310 720 1310 722 1310 731 1311 722 1311 715 1311 731 1312 733 1312 732 1312 732 1313 733 1313 219 1313 732 1314 219 1314 326 1314 724 1315 734 1315 725 1315 725 1316 734 1316 735 1316 725 1317 735 1317 719 1317 719 1318 735 1318 717 1318 717 1319 735 1319 736 1319 717 1320 736 1320 714 1320 702 1321 737 1321 701 1321 701 1322 737 1322 738 1322 701 1323 738 1323 695 1323 695 1324 738 1324 697 1324 697 1325 738 1325 739 1325 697 1326 739 1326 698 1326 740 1327 741 1327 742 1327 740 1328 742 1328 743 1328 743 1329 742 1329 744 1329 743 1330 744 1330 745 1330 746 1331 747 1331 748 1331 746 1332 748 1332 749 1332 749 1333 748 1333 750 1333 749 1334 750 1334 751 1334 751 1335 750 1335 752 1335 751 1336 752 1336 753 1336 753 1337 752 1337 754 1337 753 1338 754 1338 755 1338 755 1339 754 1339 756 1339 755 1340 756 1340 757 1340 757 1341 756 1341 758 1341 757 1342 758 1342 759 1342 759 1343 758 1343 760 1343 759 1344 760 1344 761 1344 761 1345 760 1345 762 1345 761 1346 762 1346 763 1346 763 1347 762 1347 764 1347 763 1348 764 1348 765 1348 741 1349 747 1349 746 1349 741 1350 746 1350 766 1350 766 1351 746 1351 767 1351 766 1352 767 1352 768 1352 765 1353 764 1353 769 1353 769 1354 764 1354 770 1354 769 1355 770 1355 771 1355 769 1356 771 1356 772 1356 772 1357 771 1357 773 1357 772 1358 773 1358 774 1358 774 1359 773 1359 775 1359 774 1360 775 1360 776 1360 776 1361 775 1361 777 1361 776 1362 777 1362 778 1362 778 1363 777 1363 779 1363 778 1364 779 1364 780 1364 780 1365 779 1365 781 1365 780 1366 781 1366 782 1366 782 1367 781 1367 783 1367 782 1368 783 1368 784 1368 784 1369 783 1369 785 1369 784 1370 785 1370 786 1370 786 1371 785 1371 768 1371 786 1372 768 1372 767 1372 316 1373 764 1373 762 1373 316 1374 762 1374 319 1374 319 1375 762 1375 760 1375 319 1376 760 1376 317 1376 317 1377 760 1377 758 1377 317 1378 758 1378 318 1378 318 1379 758 1379 756 1379 318 1380 756 1380 322 1380 322 1381 756 1381 754 1381 322 1382 754 1382 320 1382 320 1383 754 1383 752 1383 320 1384 752 1384 321 1384 321 1385 752 1385 750 1385 321 1386 750 1386 323 1386 323 1387 750 1387 748 1387 323 1388 748 1388 324 1388 324 1389 748 1389 747 1389 324 1390 747 1390 325 1390 787 1391 788 1391 789 1391 789 1392 788 1392 744 1392 789 1393 744 1393 790 1393 790 1394 744 1394 742 1394 790 1395 742 1395 766 1395 766 1396 742 1396 741 1396 791 1397 792 1397 766 1397 766 1398 792 1398 790 1398 789 1399 790 1399 793 1399 793 1400 790 1400 792 1400 794 1401 788 1401 795 1401 795 1402 788 1402 787 1402 795 1403 787 1403 793 1403 793 1404 787 1404 789 1404 745 1405 744 1405 794 1405 794 1406 744 1406 788 1406 770 1407 796 1407 797 1407 770 1408 797 1408 771 1408 771 1409 797 1409 798 1409 771 1410 798 1410 773 1410 773 1411 798 1411 799 1411 773 1412 799 1412 775 1412 775 1413 799 1413 800 1413 775 1414 800 1414 777 1414 777 1415 800 1415 801 1415 777 1416 801 1416 779 1416 779 1417 801 1417 802 1417 779 1418 802 1418 781 1418 781 1419 802 1419 803 1419 781 1420 803 1420 783 1420 783 1421 803 1421 804 1421 783 1422 804 1422 785 1422 785 1423 804 1423 805 1423 785 1424 805 1424 768 1424 784 1425 786 1425 774 1425 753 1426 755 1426 751 1426 751 1427 755 1427 765 1427 751 1428 765 1428 749 1428 749 1429 765 1429 746 1429 761 1430 763 1430 759 1430 759 1431 763 1431 765 1431 759 1432 765 1432 757 1432 757 1433 765 1433 755 1433 746 1434 765 1434 767 1434 767 1435 765 1435 769 1435 767 1436 769 1436 786 1436 786 1437 769 1437 772 1437 786 1438 772 1438 774 1438 780 1439 782 1439 778 1439 778 1440 782 1440 784 1440 778 1441 784 1441 776 1441 776 1442 784 1442 774 1442 791 1443 766 1443 805 1443 805 1444 766 1444 768 1444 316 1445 315 1445 764 1445 764 1446 315 1446 709 1446 764 1447 709 1447 770 1447 770 1448 709 1448 708 1448 770 1449 708 1449 707 1449 707 1450 706 1450 770 1450 770 1451 706 1451 705 1451 770 1452 705 1452 694 1452 739 1453 796 1453 698 1453 698 1454 796 1454 770 1454 698 1455 770 1455 696 1455 696 1456 770 1456 694 1456 740 1457 734 1457 724 1457 720 1458 732 1458 741 1458 741 1459 732 1459 747 1459 747 1460 732 1460 326 1460 747 1461 326 1461 325 1461 727 1462 728 1462 741 1462 728 1463 723 1463 741 1463 741 1464 723 1464 721 1464 741 1465 721 1465 720 1465 740 1466 724 1466 741 1466 741 1467 724 1467 726 1467 741 1468 726 1468 727 1468 806 1469 710 1469 195 1469 200 1470 201 1470 807 1470 808 1471 809 1471 810 1471 811 1472 812 1472 813 1472 814 1473 815 1473 811 1473 207 1474 206 1474 808 1474 808 1475 206 1475 203 1475 809 1476 808 1476 816 1476 816 1477 808 1477 203 1477 816 1478 203 1478 202 1478 711 1479 817 1479 712 1479 712 1480 817 1480 818 1480 712 1481 818 1481 713 1481 713 1482 818 1482 819 1482 817 1483 820 1483 818 1483 818 1484 820 1484 821 1484 818 1485 821 1485 819 1485 819 1486 821 1486 813 1486 208 1487 207 1487 822 1487 822 1488 207 1488 808 1488 822 1489 808 1489 814 1489 814 1490 808 1490 810 1490 814 1491 810 1491 815 1491 813 1492 821 1492 811 1492 811 1493 821 1493 820 1493 811 1494 820 1494 814 1494 814 1495 820 1495 807 1495 814 1496 807 1496 822 1496 822 1497 807 1497 201 1497 822 1498 201 1498 208 1498 195 1499 196 1499 806 1499 806 1500 196 1500 197 1500 806 1501 197 1501 823 1501 823 1502 197 1502 198 1502 823 1503 198 1503 199 1503 711 1504 710 1504 817 1504 817 1505 710 1505 806 1505 817 1506 806 1506 820 1506 820 1507 806 1507 823 1507 820 1508 823 1508 807 1508 807 1509 823 1509 199 1509 807 1510 199 1510 200 1510 824 1511 212 1511 211 1511 824 1512 211 1512 825 1512 825 1513 211 1513 826 1513 825 1514 826 1514 827 1514 827 1515 826 1515 828 1515 827 1516 828 1516 829 1516 730 1517 729 1517 830 1517 831 1518 221 1518 220 1518 832 1519 833 1519 215 1519 211 1520 216 1520 826 1520 826 1521 216 1521 834 1521 826 1522 834 1522 828 1522 828 1523 834 1523 835 1523 828 1524 835 1524 829 1524 829 1525 835 1525 836 1525 733 1526 731 1526 837 1526 837 1527 731 1527 730 1527 837 1528 730 1528 838 1528 838 1529 730 1529 830 1529 838 1530 830 1530 839 1530 215 1531 218 1531 832 1531 832 1532 218 1532 217 1532 832 1533 217 1533 222 1533 216 1534 215 1534 834 1534 834 1535 215 1535 833 1535 834 1536 833 1536 835 1536 835 1537 833 1537 832 1537 835 1538 832 1538 831 1538 831 1539 832 1539 222 1539 831 1540 222 1540 221 1540 840 1541 829 1541 839 1541 839 1542 829 1542 836 1542 839 1543 836 1543 838 1543 838 1544 836 1544 835 1544 838 1545 835 1545 837 1545 837 1546 835 1546 831 1546 837 1547 831 1547 733 1547 733 1548 831 1548 220 1548 733 1549 220 1549 219 1549 841 1550 842 1550 736 1550 736 1551 842 1551 843 1551 736 1552 843 1552 844 1552 844 1553 845 1553 736 1553 736 1554 845 1554 846 1554 736 1555 846 1555 714 1555 714 1556 846 1556 847 1556 714 1557 847 1557 848 1557 848 1558 849 1558 714 1558 714 1559 849 1559 850 1559 714 1560 850 1560 729 1560 850 1561 851 1561 729 1561 729 1562 851 1562 852 1562 729 1563 852 1563 853 1563 853 1564 852 1564 854 1564 853 1565 854 1565 839 1565 839 1566 854 1566 840 1566 793 1567 792 1567 796 1567 796 1568 792 1568 791 1568 796 1569 791 1569 805 1569 855 1570 856 1570 737 1570 737 1571 856 1571 857 1571 737 1572 857 1572 738 1572 738 1573 857 1573 841 1573 738 1574 841 1574 736 1574 736 1575 735 1575 738 1575 738 1576 735 1576 734 1576 738 1577 734 1577 740 1577 793 1578 796 1578 795 1578 795 1579 796 1579 739 1579 795 1580 739 1580 794 1580 794 1581 739 1581 738 1581 794 1582 738 1582 745 1582 745 1583 738 1583 740 1583 745 1584 740 1584 743 1584 802 1585 801 1585 803 1585 803 1586 801 1586 796 1586 803 1587 796 1587 804 1587 804 1588 796 1588 805 1588 797 1589 796 1589 798 1589 798 1590 796 1590 801 1590 798 1591 801 1591 799 1591 799 1592 801 1592 800 1592 858 1593 702 1593 859 1593 859 1594 702 1594 713 1594 859 1595 713 1595 860 1595 861 1596 737 1596 862 1596 862 1597 737 1597 702 1597 862 1598 702 1598 863 1598 863 1599 702 1599 858 1599 861 1600 864 1600 737 1600 737 1601 864 1601 865 1601 737 1602 865 1602 855 1602 812 1603 866 1603 813 1603 813 1604 866 1604 867 1604 867 1605 866 1605 713 1605 713 1606 866 1606 868 1606 713 1607 868 1607 860 1607 829 1608 840 1608 692 1608 869 1609 870 1609 686 1609 686 1610 870 1610 871 1610 686 1611 871 1611 684 1611 842 1612 841 1612 857 1612 869 1613 686 1613 872 1613 872 1614 686 1614 685 1614 872 1615 685 1615 873 1615 873 1616 685 1616 687 1616 873 1617 687 1617 857 1617 857 1618 687 1618 688 1618 857 1619 688 1619 842 1619 846 1620 845 1620 689 1620 689 1621 845 1621 844 1621 689 1622 844 1622 688 1622 688 1623 844 1623 843 1623 688 1624 843 1624 842 1624 850 1625 849 1625 691 1625 691 1626 849 1626 848 1626 691 1627 848 1627 689 1627 689 1628 848 1628 847 1628 689 1629 847 1629 846 1629 850 1630 691 1630 851 1630 851 1631 691 1631 690 1631 851 1632 690 1632 852 1632 692 1633 840 1633 690 1633 690 1634 840 1634 854 1634 690 1635 854 1635 852 1635 693 1636 213 1636 212 1636 829 1637 692 1637 827 1637 827 1638 692 1638 693 1638 827 1639 693 1639 825 1639 825 1640 693 1640 212 1640 825 1641 212 1641 824 1641 874 1642 305 1642 875 1642 875 1643 305 1643 684 1643 875 1644 684 1644 876 1644 876 1645 684 1645 871 1645 204 1646 674 1646 202 1646 202 1647 674 1647 809 1647 202 1648 809 1648 816 1648 812 1649 811 1649 681 1649 681 1650 811 1650 815 1650 681 1651 815 1651 674 1651 674 1652 815 1652 810 1652 674 1653 810 1653 809 1653 812 1654 681 1654 866 1654 866 1655 681 1655 680 1655 866 1656 680 1656 868 1656 868 1657 680 1657 860 1657 860 1658 680 1658 682 1658 860 1659 682 1659 859 1659 683 1660 863 1660 682 1660 682 1661 863 1661 858 1661 682 1662 858 1662 859 1662 676 1663 861 1663 683 1663 683 1664 861 1664 862 1664 683 1665 862 1665 863 1665 855 1666 865 1666 676 1666 676 1667 865 1667 864 1667 676 1668 864 1668 861 1668 677 1669 877 1669 678 1669 678 1670 877 1670 878 1670 678 1671 878 1671 679 1671 679 1672 878 1672 879 1672 679 1673 879 1673 676 1673 676 1674 879 1674 856 1674 676 1675 856 1675 855 1675 880 1676 881 1676 677 1676 677 1677 881 1677 882 1677 677 1678 882 1678 877 1678 883 1679 675 1679 884 1679 884 1680 675 1680 327 1680 883 1681 885 1681 675 1681 675 1682 885 1682 886 1682 675 1683 886 1683 677 1683 677 1684 886 1684 887 1684 677 1685 887 1685 880 1685 888 1686 889 1686 890 1686 882 1687 891 1687 892 1687 856 1688 893 1688 857 1688 857 1689 893 1689 894 1689 857 1690 894 1690 873 1690 873 1691 894 1691 888 1691 873 1692 888 1692 872 1692 872 1693 888 1693 890 1693 872 1694 890 1694 895 1694 856 1695 879 1695 893 1695 893 1696 879 1696 878 1696 893 1697 878 1697 892 1697 892 1698 878 1698 877 1698 892 1699 877 1699 882 1699 895 1700 896 1700 872 1700 872 1701 896 1701 897 1701 872 1702 897 1702 869 1702 869 1703 897 1703 898 1703 869 1704 898 1704 870 1704 870 1705 898 1705 899 1705 900 1706 891 1706 882 1706 882 1707 881 1707 900 1707 900 1708 881 1708 880 1708 900 1709 880 1709 901 1709 880 1710 887 1710 901 1710 901 1711 887 1711 886 1711 901 1712 886 1712 902 1712 886 1713 885 1713 902 1713 902 1714 885 1714 883 1714 902 1715 883 1715 903 1715 903 1716 883 1716 884 1716 903 1717 884 1717 328 1717 328 1718 884 1718 327 1718 302 1719 305 1719 904 1719 904 1720 305 1720 874 1720 904 1721 874 1721 905 1721 874 1722 875 1722 905 1722 905 1723 875 1723 876 1723 905 1724 876 1724 906 1724 906 1725 876 1725 871 1725 906 1726 871 1726 907 1726 907 1727 871 1727 870 1727 907 1728 870 1728 899 1728 380 1729 908 1729 378 1729 378 1730 908 1730 909 1730 378 1731 909 1731 910 1731 911 1732 912 1732 913 1732 913 1733 912 1733 914 1733 913 1734 914 1734 908 1734 908 1735 914 1735 915 1735 908 1736 915 1736 909 1736 911 1737 913 1737 916 1737 916 1738 913 1738 917 1738 916 1739 917 1739 918 1739 918 1740 917 1740 919 1740 919 1741 917 1741 920 1741 919 1742 920 1742 921 1742 921 1743 920 1743 922 1743 922 1744 920 1744 923 1744 922 1745 923 1745 924 1745 890 1746 925 1746 923 1746 923 1747 925 1747 926 1747 926 1748 927 1748 923 1748 923 1749 927 1749 928 1749 923 1750 928 1750 924 1750 890 1751 923 1751 895 1751 895 1752 923 1752 929 1752 895 1753 929 1753 896 1753 896 1754 929 1754 930 1754 896 1755 930 1755 897 1755 897 1756 930 1756 931 1756 897 1757 931 1757 898 1757 898 1758 931 1758 932 1758 898 1759 932 1759 899 1759 933 1760 302 1760 904 1760 904 1761 905 1761 933 1761 933 1762 905 1762 906 1762 933 1763 906 1763 932 1763 932 1764 906 1764 907 1764 932 1765 907 1765 899 1765 934 1766 935 1766 936 1766 937 1767 938 1767 939 1767 940 1768 891 1768 900 1768 940 1769 900 1769 941 1769 942 1770 943 1770 889 1770 938 1771 942 1771 939 1771 939 1772 942 1772 889 1772 939 1773 889 1773 944 1773 944 1774 889 1774 888 1774 944 1775 888 1775 945 1775 945 1776 888 1776 894 1776 945 1777 894 1777 946 1777 946 1778 894 1778 893 1778 946 1779 893 1779 940 1779 940 1780 893 1780 892 1780 940 1781 892 1781 891 1781 936 1782 935 1782 939 1782 939 1783 935 1783 947 1783 939 1784 947 1784 937 1784 948 1785 949 1785 950 1785 950 1786 949 1786 951 1786 950 1787 951 1787 952 1787 948 1788 953 1788 949 1788 949 1789 953 1789 954 1789 949 1790 954 1790 936 1790 936 1791 954 1791 955 1791 936 1792 955 1792 934 1792 956 1793 546 1793 545 1793 952 1794 951 1794 957 1794 957 1795 951 1795 956 1795 957 1796 956 1796 958 1796 958 1797 956 1797 545 1797 958 1798 545 1798 959 1798 903 1799 328 1799 902 1799 902 1800 328 1800 941 1800 902 1801 941 1801 901 1801 901 1802 941 1802 900 1802 941 1803 328 1803 338 1803 946 1804 940 1804 941 1804 939 1805 547 1805 546 1805 547 1806 939 1806 338 1806 338 1807 939 1807 944 1807 338 1808 944 1808 941 1808 941 1809 944 1809 945 1809 941 1810 945 1810 946 1810 949 1811 936 1811 951 1811 951 1812 936 1812 939 1812 951 1813 939 1813 956 1813 956 1814 939 1814 546 1814 908 1815 380 1815 382 1815 929 1816 303 1816 302 1816 923 1817 920 1817 917 1817 931 1818 930 1818 932 1818 932 1819 930 1819 929 1819 932 1820 929 1820 933 1820 933 1821 929 1821 302 1821 303 1822 929 1822 382 1822 382 1823 929 1823 923 1823 382 1824 923 1824 908 1824 908 1825 923 1825 917 1825 908 1826 917 1826 913 1826 960 1827 961 1827 962 1827 963 1828 964 1828 965 1828 961 1829 966 1829 962 1829 962 1830 966 1830 967 1830 962 1831 967 1831 968 1831 969 1832 970 1832 971 1832 971 1833 970 1833 972 1833 971 1834 972 1834 973 1834 925 1835 890 1835 974 1835 974 1836 890 1836 889 1836 974 1837 889 1837 975 1837 976 1838 977 1838 962 1838 962 1839 977 1839 963 1839 963 1840 965 1840 962 1840 962 1841 965 1841 978 1841 962 1842 978 1842 960 1842 975 1843 889 1843 971 1843 971 1844 889 1844 943 1844 971 1845 943 1845 969 1845 979 1846 973 1846 980 1846 980 1847 973 1847 972 1847 980 1848 972 1848 981 1848 981 1849 972 1849 968 1849 981 1850 968 1850 982 1850 982 1851 968 1851 967 1851 983 1852 984 1852 366 1852 376 1853 377 1853 985 1853 986 1854 909 1854 915 1854 912 1855 911 1855 987 1855 988 1856 914 1856 912 1856 384 1857 383 1857 986 1857 986 1858 383 1858 379 1858 909 1859 986 1859 910 1859 910 1860 986 1860 379 1860 910 1861 379 1861 378 1861 989 1862 990 1862 991 1862 991 1863 990 1863 992 1863 991 1864 992 1864 993 1864 993 1865 992 1865 994 1865 990 1866 995 1866 992 1866 992 1867 995 1867 996 1867 992 1868 996 1868 994 1868 994 1869 996 1869 987 1869 385 1870 384 1870 997 1870 997 1871 384 1871 986 1871 997 1872 986 1872 988 1872 988 1873 986 1873 915 1873 988 1874 915 1874 914 1874 987 1875 996 1875 912 1875 912 1876 996 1876 995 1876 912 1877 995 1877 988 1877 988 1878 995 1878 985 1878 988 1879 985 1879 997 1879 997 1880 985 1880 377 1880 997 1881 377 1881 385 1881 366 1882 368 1882 983 1882 983 1883 368 1883 370 1883 983 1884 370 1884 998 1884 998 1885 370 1885 372 1885 998 1886 372 1886 374 1886 989 1887 984 1887 990 1887 990 1888 984 1888 983 1888 990 1889 983 1889 995 1889 995 1890 983 1890 998 1890 995 1891 998 1891 985 1891 985 1892 998 1892 374 1892 985 1893 374 1893 376 1893 973 1894 979 1894 999 1894 999 1895 979 1895 1000 1895 1001 1896 571 1896 584 1896 1002 1897 1003 1897 1000 1897 1000 1898 1003 1898 1004 1898 1000 1899 1004 1899 1005 1899 966 1900 961 1900 1006 1900 1006 1901 961 1901 1007 1901 1006 1902 1007 1902 1000 1902 1000 1903 1007 1903 1001 1903 1000 1904 1001 1904 1002 1904 1002 1905 1001 1905 584 1905 1005 1906 1008 1906 1000 1906 1000 1907 1008 1907 1009 1907 1000 1908 1009 1908 999 1908 571 1909 1001 1909 1010 1909 571 1910 1010 1910 572 1910 572 1911 1010 1911 1011 1911 572 1912 1011 1912 563 1912 563 1913 1011 1913 1012 1913 563 1914 1012 1914 564 1914 564 1915 1012 1915 1013 1915 564 1916 1013 1916 556 1916 556 1917 1013 1917 1014 1917 556 1918 1014 1918 557 1918 557 1919 1014 1919 1015 1919 557 1920 1015 1920 560 1920 560 1921 1015 1921 1016 1921 560 1922 1016 1922 561 1922 561 1923 1016 1923 1017 1923 561 1924 1017 1924 562 1924 584 1925 583 1925 1002 1925 1002 1926 583 1926 1018 1926 1002 1927 1018 1927 1003 1927 1003 1928 1018 1928 1019 1928 1003 1929 1019 1929 1004 1929 1004 1930 1019 1930 1020 1930 1004 1931 1020 1931 1021 1931 1022 1932 1021 1932 1023 1932 1023 1933 1021 1933 1020 1933 1023 1934 1020 1934 1024 1934 1024 1935 1020 1935 1025 1935 582 1936 366 1936 1026 1936 1026 1937 366 1937 984 1937 1026 1938 984 1938 1027 1938 1027 1939 984 1939 989 1939 1027 1940 989 1940 1028 1940 1028 1941 989 1941 991 1941 583 1942 582 1942 1018 1942 1018 1943 582 1943 1026 1943 1018 1944 1026 1944 1019 1944 1019 1945 1026 1945 1027 1945 1019 1946 1027 1946 1020 1946 1020 1947 1027 1947 1028 1947 1020 1948 1028 1948 1025 1948 1025 1949 1028 1949 991 1949 1025 1950 991 1950 993 1950 962 1951 968 1951 1029 1951 1029 1952 968 1952 1030 1952 1031 1953 1032 1953 1029 1953 562 1954 1017 1954 565 1954 565 1955 1017 1955 1029 1955 565 1956 1029 1956 1033 1956 1033 1957 1029 1957 1032 1957 1030 1958 1034 1958 1029 1958 1029 1959 1034 1959 1035 1959 1029 1960 1035 1960 1031 1960 552 1961 567 1961 1036 1961 1036 1962 567 1962 1037 1962 1036 1963 1037 1963 1038 1963 1038 1964 1037 1964 1039 1964 1038 1965 1039 1965 1040 1965 1040 1966 1039 1966 1041 1966 1041 1967 1042 1967 1040 1967 1040 1968 1042 1968 1043 1968 1040 1969 1043 1969 1044 1969 1045 1970 1046 1970 1047 1970 1047 1971 1048 1971 1045 1971 1045 1972 1048 1972 1049 1972 1045 1973 1049 1973 1031 1973 566 1974 565 1974 1050 1974 1050 1975 565 1975 1033 1975 1050 1976 1033 1976 1049 1976 1049 1977 1033 1977 1032 1977 1049 1978 1032 1978 1031 1978 567 1979 566 1979 1037 1979 1037 1980 566 1980 1050 1980 1037 1981 1050 1981 1039 1981 1039 1982 1050 1982 1049 1982 1039 1983 1049 1983 1041 1983 1041 1984 1049 1984 1048 1984 1041 1985 1048 1985 1042 1985 1042 1986 1048 1986 1047 1986 959 1987 545 1987 544 1987 959 1988 544 1988 958 1988 958 1989 544 1989 1051 1989 958 1990 1051 1990 957 1990 957 1991 1051 1991 1052 1991 957 1992 1052 1992 952 1992 1040 1993 1044 1993 1053 1993 1054 1994 554 1994 553 1994 1055 1995 1056 1995 548 1995 544 1996 549 1996 1051 1996 1051 1997 549 1997 1057 1997 1051 1998 1057 1998 1052 1998 1052 1999 1057 1999 1058 1999 1052 2000 1058 2000 952 2000 952 2001 1058 2001 1059 2001 1036 2002 1038 2002 1060 2002 1060 2003 1038 2003 1040 2003 1060 2004 1040 2004 1061 2004 1061 2005 1040 2005 1053 2005 1061 2006 1053 2006 1062 2006 548 2007 551 2007 1055 2007 1055 2008 551 2008 550 2008 1055 2009 550 2009 555 2009 549 2010 548 2010 1057 2010 1057 2011 548 2011 1056 2011 1057 2012 1056 2012 1058 2012 1058 2013 1056 2013 1055 2013 1058 2014 1055 2014 1054 2014 1054 2015 1055 2015 555 2015 1054 2016 555 2016 554 2016 950 2017 952 2017 1062 2017 1062 2018 952 2018 1059 2018 1062 2019 1059 2019 1061 2019 1061 2020 1059 2020 1058 2020 1061 2021 1058 2021 1060 2021 1060 2022 1058 2022 1054 2022 1060 2023 1054 2023 1036 2023 1036 2024 1054 2024 553 2024 1036 2025 553 2025 552 2025 918 2026 919 2026 993 2026 1024 2027 974 2027 1023 2027 1023 2028 974 2028 975 2028 1023 2029 975 2029 1022 2029 993 2030 919 2030 1025 2030 1025 2031 919 2031 921 2031 1025 2032 921 2032 1024 2032 921 2033 922 2033 1024 2033 1024 2034 922 2034 924 2034 1024 2035 924 2035 974 2035 974 2036 924 2036 928 2036 928 2037 927 2037 974 2037 974 2038 927 2038 926 2038 974 2039 926 2039 925 2039 987 2040 911 2040 916 2040 918 2041 993 2041 916 2041 916 2042 993 2042 1063 2042 916 2043 1063 2043 987 2043 1043 2044 934 2044 955 2044 1043 2045 955 2045 1044 2045 1044 2046 955 2046 954 2046 1044 2047 954 2047 1064 2047 954 2048 953 2048 1064 2048 1064 2049 953 2049 948 2049 1064 2050 948 2050 1062 2050 1062 2051 948 2051 950 2051 969 2052 943 2052 942 2052 942 2053 938 2053 969 2053 969 2054 938 2054 1047 2054 969 2055 1047 2055 970 2055 970 2056 1047 2056 1046 2056 938 2057 937 2057 1047 2057 1047 2058 937 2058 947 2058 1047 2059 947 2059 935 2059 934 2060 1043 2060 935 2060 935 2061 1043 2061 1042 2061 935 2062 1042 2062 1047 2062 970 2063 1046 2063 972 2063 972 2064 1046 2064 1065 2064 972 2065 1065 2065 968 2065 968 2066 1065 2066 1030 2066 962 2067 1029 2067 1066 2067 962 2068 1066 2068 976 2068 976 2069 1066 2069 1067 2069 976 2070 1067 2070 977 2070 977 2071 1067 2071 1068 2071 977 2072 1068 2072 963 2072 963 2073 1068 2073 1069 2073 963 2074 1069 2074 964 2074 964 2075 1069 2075 1070 2075 964 2076 1070 2076 965 2076 965 2077 1070 2077 1071 2077 965 2078 1071 2078 978 2078 978 2079 1071 2079 1072 2079 978 2080 1072 2080 960 2080 960 2081 1072 2081 1007 2081 960 2082 1007 2082 961 2082 966 2083 1006 2083 967 2083 967 2084 1006 2084 1073 2084 967 2085 1073 2085 982 2085 982 2086 1073 2086 1074 2086 982 2087 1074 2087 981 2087 981 2088 1074 2088 1075 2088 981 2089 1075 2089 980 2089 980 2090 1075 2090 1076 2090 980 2091 1076 2091 979 2091 979 2092 1076 2092 1000 2092 973 2093 999 2093 971 2093 971 2094 999 2094 1077 2094 971 2095 1077 2095 975 2095 975 2096 1077 2096 1022 2096 1006 2097 1000 2097 1076 2097 1006 2098 1076 2098 1073 2098 1073 2099 1076 2099 1075 2099 1073 2100 1075 2100 1074 2100 1007 2101 1078 2101 1001 2101 1001 2102 1078 2102 1079 2102 1005 2103 1004 2103 1021 2103 999 2104 1009 2104 1077 2104 1077 2105 1009 2105 1022 2105 1022 2106 1009 2106 1021 2106 1021 2107 1009 2107 1008 2107 1021 2108 1008 2108 1005 2108 1080 2109 1017 2109 1016 2109 1080 2110 1016 2110 1081 2110 1081 2111 1016 2111 1015 2111 1081 2112 1015 2112 1082 2112 1082 2113 1015 2113 1014 2113 1082 2114 1014 2114 1083 2114 1083 2115 1014 2115 1013 2115 1083 2116 1013 2116 1084 2116 1084 2117 1013 2117 1012 2117 1084 2118 1012 2118 1085 2118 1085 2119 1012 2119 1011 2119 1085 2120 1011 2120 1086 2120 1086 2121 1011 2121 1010 2121 1086 2122 1010 2122 1087 2122 1087 2123 1010 2123 1001 2123 1087 2124 1001 2124 1079 2124 1088 2125 1029 2125 1080 2125 1080 2126 1029 2126 1017 2126 1030 2127 1065 2127 1034 2127 1034 2128 1065 2128 1046 2128 1034 2129 1046 2129 1035 2129 1035 2130 1046 2130 1045 2130 1035 2131 1045 2131 1031 2131 1078 2132 1007 2132 1072 2132 1078 2133 1072 2133 1089 2133 1089 2134 1072 2134 1071 2134 1089 2135 1071 2135 1090 2135 1090 2136 1071 2136 1070 2136 1090 2137 1070 2137 1091 2137 1091 2138 1070 2138 1092 2138 1091 2139 1092 2139 1093 2139 1093 2140 1092 2140 1068 2140 1093 2141 1068 2141 1094 2141 1094 2142 1068 2142 1067 2142 1094 2143 1067 2143 1095 2143 1095 2144 1067 2144 1066 2144 1095 2145 1066 2145 1096 2145 1096 2146 1066 2146 1029 2146 1096 2147 1029 2147 1088 2147 1079 2148 1078 2148 1088 2148 1088 2149 1080 2149 1079 2149 1079 2150 1080 2150 1081 2150 1079 2151 1081 2151 1087 2151 1087 2152 1081 2152 1086 2152 1078 2153 1089 2153 1088 2153 1088 2154 1089 2154 1090 2154 1088 2155 1090 2155 1091 2155 1095 2156 1096 2156 1094 2156 1094 2157 1096 2157 1088 2157 1094 2158 1088 2158 1093 2158 1093 2159 1088 2159 1091 2159 1084 2160 1085 2160 1083 2160 1083 2161 1085 2161 1086 2161 1083 2162 1086 2162 1082 2162 1082 2163 1086 2163 1081 2163</p>
        </triangles>
      </mesh>
    </geometry>
  </library_geometries>
  <library_visual_scenes>
    <visual_scene id="Scene" name="Scene">
      <node id="link_2" name="link_2" type="NODE">
        <matrix sid="transform">1 0 0 0 0 1 0 0 0 0 1 0 0 0 0 1</matrix>
        <instance_geometry url="#link_2-mesh" name="link_2">
          <bind_material>
            <technique_common>
              <instance_material symbol="base-material" target="#base-material"/>
            </technique_common>
          </bind_material>
        </instance_geometry>
      </node>
    </visual_scene>
  </library_visual_scenes>
  <scene>
    <instance_visual_scene url="#Scene"/>
  </scene>
</COLLADA>