<?xml version="1.0" encoding="utf-8"?>
<COLLADA xmlns="http://www.collada.org/2005/11/COLLADASchema" version="1.4.1" xmlns:xsi="http://www.w3.org/2001/XMLSchema-instance">
  <asset>
    <contributor>
      <author>Blender User</author>
      <authoring_tool>Blender 4.5.7 LTS commit date:2026-02-16, commit time:13:34, hash:a9874eeece8d</authoring_tool>
    </contributor>
    <created>2026-10-01T12:26:21</created>
    <modified>2026-10-01T12:26:21</modified>
    <unit name="meter" meter="1"/>
    <up_axis>Z_UP</up_axis>
  </asset>
  <library_effects>
    <effect id="base-effect">
      <profile_COMMON>
        <technique sid="common">
          <lambert>
            <emission>
              <color sid="emission">0 0 0 1</color>
            </emission>
            <diffuse>
              <color sid="diffuse">0.22 0.22 0.17 1</color>
            </diffuse>
            <index_of_refraction>
              <float sid="ior">1.5</float>
            </index_of_refraction>
          </lambert>
        </technique>
      </profile_COMMON>
    </effect>
    <effect id="tip-effect">
      <profile_COMMON>
        <technique sid="common">
          <lambert>
            <emission>
              <color sid="emission">0 0 0 1</color>
            </emission>
            <diffuse>
              <color sid="diffuse">0 0.003708325 0.8023561 1</color>
            </diffuse>
            <index_of_refraction>
              <float sid="ior">1.5</float>
            </index_of_refraction>
          </lambert>
        </technique>
      </profile_COMMON>
    </effect>
  </library_effects>
  <library_images/>
  <library_materials>
    <material id="base-material" name="base">
      <instance_effect url="#base-effect"/>
    </material>
    <material id="tip-material" name="tip">
      <instance_effect url="#tip-effect"/>
    </material>
  </library_materials>
  <library_geometries>
    <geometry id="link_tip-mesh" name="link_tip">
      <mesh>
        <source id="link_tip-mesh-positions">
          <float_array id="link_tip-mesh-positions-array" count="3480">-0.01499998 -0.001493036 1.44044e-4 -0.002999961 -0.001493036 1.44044e-4 -0.01499998 -0.001464486 -3.24389e-4 -0.002999961 -0.001464486 -3.24389e-4 -0.01499998 -0.001292526 -7.61069e-4 -0.002999961 -0.001292526 -7.61069e-4 -0.01499998 -9.94137e-4 -0.001123249 -0.002999961 -9.94137e-4 -0.001123249 -0.01499998 -5.98377e-4 -0.001375436 -0.002999961 -5.98377e-4 -0.001375436 -0.01499998 -1.44044e-4 -0.001493036 -0.002999961 -1.44044e-4 -0.001493036 -0.01499998 3.24389e-4 -0.001464486 -0.002999961 3.24389e-4 -0.001464486 -0.01499998 7.61069e-4 -0.001292526 -0.002999961 7.61069e-4 -0.001292526 -0.01499998 0.001123249 -9.94137e-4 -0.002999961 0.001123249 -9.94137e-4 -0.01499998 0.001375436 -5.98377e-4 -0.002999961 0.001375436 -5.98377e-4 -0.01499998 0.001493036 -1.44044e-4 -0.002999961 0.001493036 -1.44044e-4 -0.01499998 0.001589834 -0.001929342 -0.01499998 0.001036286 -0.002275049 -0.01499998 4.12164e-4 -0.002465784 -0.01499998 -2.40074e-4 -0.002488434 -0.01499998 -8.75951e-4 -0.002341508 -0.01499998 -0.001452088 -0.002034962 -0.01499998 -0.001929342 -0.001589834 -0.01499998 -0.002275049 -0.001036286 -0.01499998 -0.002465784 -4.12164e-4 -0.01499998 -0.002488434 2.40074e-4 -0.01499998 -0.001375436 5.98377e-4 -0.01499998 -0.002341508 8.75951e-4 -0.01499998 -0.001123249 9.94137e-4 -0.01499998 9.94137e-4 0.001123249 -0.01499998 0.001929342 0.001589834 -0.01499998 0.001292526 7.61069e-4 -0.01499998 0.002275049 0.001036286 -0.01499998 0.001464486 3.24389e-4 -0.01499998 0.002465784 4.12164e-4 -0.01499998 0.002488434 -2.40074e-4 -0.01499998 0.002341508 -8.75951e-4 -0.01499998 0.002034962 -0.001452088 -0.01499998 -0.002034962 0.001452088 -0.01499998 -0.001589834 0.001929342 -0.01499998 -7.61069e-4 0.001292526 -0.01499998 -0.001036286 0.002275049 -0.01499998 -3.24389e-4 0.001464486 -0.01499998 -4.12164e-4 0.002465784 -0.01499998 1.44044e-4 0.001493036 -0.01499998 2.40074e-4 0.002488434 -0.01499998 5.98377e-4 0.001375436 -0.01499998 8.75951e-4 0.002341508 -0.01499998 0.001452088 0.002034962 -0.004999995 -0.002488434 2.40074e-4 -0.004999995 -0.002341508 8.75951e-4 -0.004999995 -0.002034962 0.001452088 -0.004999995 -0.001589834 0.001929342 -0.004999995 -0.001036286 0.002275049 -0.004999995 -4.12164e-4 0.002465784 -0.004999995 2.40074e-4 0.002488434 -0.004999995 8.75951e-4 0.002341508 -0.004999995 0.001452088 0.002034962 -0.004999995 0.001929342 0.001589834 -0.004999995 0.002275049 0.001036286 -0.004999995 0.002465784 4.12164e-4 -0.004999995 0.002488434 -2.40074e-4 -0.002999961 0.003354489 -0.003707706 -0.002999961 0.003978669 -0.003028213 -0.002999961 0.004467308 -0.002245545 -0.002999961 0.004803895 -0.001386463 -0.002999961 0.001788556 -0.004669129 -0.002999961 0.002616047 -0.004260957 -0.002999961 -0.002648174 -0.004241108 -0.002999961 -0.001823782 -0.00465548 -0.002999961 -0.004980325 -4.4253e-4 -0.002999961 -0.004814207 -0.001350104 -0.002999961 -9.37309e-4 -0.004911303 -0.002999961 -1.88894e-5 -0.004999935 -0.002999961 9.00173e-4 -0.004918277 -0.002999961 -0.004484176 -0.002211749 -0.002999961 -0.004001438 -0.002998054 -0.002999961 -0.003382384 -0.003682255 -0.002999961 -0.001375436 5.98377e-4 -0.002999961 -0.004803895 0.001386463 -0.002999961 -0.004976868 4.80147e-4 -0.002999961 -7.61069e-4 0.001292526 -0.002999961 -0.003354489 0.003707706 -0.002999961 -0.001123249 9.94137e-4 -0.002999961 -0.003978669 0.003028213 -0.002999961 -0.004467308 0.002245545 -0.002999961 0.004976868 -4.80147e-4 -0.002999961 0.004980325 4.4253e-4 -0.002999961 0.001464486 3.24389e-4 -0.002999961 0.004814207 0.001350104 -0.002999961 0.001292526 7.61069e-4 -0.002999961 -3.24389e-4 0.001464486 -0.002999961 -0.001788556 0.004669129 -0.002999961 -0.002616047 0.004260957 -0.002999961 9.94137e-4 0.001123249 -0.002999961 0.002648174 0.004241108 -0.002999961 5.98377e-4 0.001375436 -0.002999961 0.001823782 0.00465548 -0.002999961 1.44044e-4 0.001493036 -0.002999961 9.37309e-4 0.004911303 -0.002999961 1.88893e-5 0.004999935 -0.002999961 -9.00173e-4 0.004918277 -0.002999961 0.004484176 0.002211749 -0.002999961 0.004001438 0.002998054 -0.002999961 0.003382384 0.003682255 -0.004999995 -0.002275049 -0.001036286 -0.004999995 -0.004814207 -0.001350104 -0.004999995 -0.002465784 -4.12164e-4 -0.004999995 -0.004980325 -4.4253e-4 -0.004999995 -0.004976868 4.80147e-4 -0.004999995 -0.001452088 -0.002034962 -0.004999995 -0.003382384 -0.003682255 -0.004999995 -0.001929342 -0.001589834 -0.004999995 -0.004001438 -0.002998054 -0.004999995 -0.004484176 -0.002211749 -0.004999995 0.002341508 -8.75951e-4 -0.004999995 0.004467308 -0.002245545 -0.004999995 0.002034962 -0.001452088 -0.004999995 0.003978669 -0.003028213 -0.004999995 0.001589834 -0.001929342 -0.004999995 -2.40074e-4 -0.002488434 -0.004999995 -9.37309e-4 -0.004911303 -0.004999995 -8.75951e-4 -0.002341508 -0.004999995 -0.001823782 -0.00465548 -0.004999995 -0.002648174 -0.004241108 -0.004999995 0.003354489 -0.003707706 -0.004999995 0.002616047 -0.004260957 -0.004999995 0.001036286 -0.002275049 -0.004999995 0.001788556 -0.004669129 -0.004999995 4.12164e-4 -0.002465784 -0.004999995 9.00173e-4 -0.004918277 -0.004999995 -1.88894e-5 -0.004999935 -0.004999995 0.004814207 0.001350104 -0.004999995 0.004980325 4.4253e-4 -0.004999995 0.004976868 -4.80147e-4 -0.004999995 0.004803895 -0.001386463 -0.004999995 -0.004803895 0.001386463 -0.004999995 -0.004467308 0.002245545 -0.004999995 -0.003978669 0.003028213 -0.004999995 9.37309e-4 0.004911303 -0.004999995 0.001823782 0.00465548 -0.004999995 0.002648174 0.004241108 -0.004999995 0.003382384 0.003682255 -0.004999995 0.004001438 0.002998054 -0.004999995 0.004484176 0.002211749 -0.004999995 -0.003354489 0.003707706 -0.004999995 -0.002616047 0.004260957 -0.004999995 -0.001788556 0.004669129 -0.004999995 -9.00173e-4 0.004918277 -0.004999995 1.88893e-5 0.004999935 -0.004999995 -0.004508435 -0.00216186 0 -0.004508435 -0.00216186 -0.004999995 -0.003914356 -0.003110885 0 -0.003914356 -0.003110885 -0.004999995 -0.003123939 -0.003903925 0 -0.003123939 -0.003903925 -0.004999995 -0.00217688 -0.004501163 0 -0.00217688 -0.004501163 -0.004999995 -0.001120686 -0.004872739 0 -0.001120686 -0.004872739 -0.004999995 -8.34712e-6 -0.004999935 0 -8.34712e-6 -0.004999935 -0.004999995 0.001104414 -0.004876434 0 0.001104414 -0.004876434 -0.004999995 0.00216186 -0.004508435 0 0.00216186 -0.004508435 -0.004999995 0.003110885 -0.003914356 0 0.003110885 -0.003914356 -0.004999995 0.003903925 -0.003123939 0 0.003903925 -0.003123939 -0.004999995 0.004501163 -0.00217688 0 0.004501163 -0.00217688 -0.004999995 0.004872739 -0.001120686 0 0.004872739 -0.001120686 -0.004999995 0.004999935 -8.34711e-6 0 0.004999935 -8.34711e-6 -0.004999995 0.004876434 0.001104414 0 0.004876434 0.001104414 -0.004999995 0.004508435 0.00216186 0 0.004508435 0.00216186 -0.004999995 0.0017246 -0.001809835 -0.004999995 0.00219947 -0.001188337 -0.004999995 0.002459049 -4.50498e-4 -0.004999995 -4.50498e-4 -0.002459049 -0.004999995 3.31447e-4 -0.002477884 -0.004999995 0.00108093 -0.002254188 -0.004999995 -0.001809835 -0.0017246 -0.004999995 -0.001188337 -0.00219947 -0.004999995 0.002477884 3.31447e-4 -0.004999995 0.002254188 0.00108093 -0.004999995 0.001809835 0.0017246 -0.004999995 -0.002459049 4.50498e-4 -0.004999995 -0.004999935 8.34712e-6 -0.004999995 -0.002477884 -3.31447e-4 -0.004999995 -0.004876434 -0.001104414 -0.004999995 -0.002254188 -0.00108093 -0.004999995 4.50498e-4 0.002459049 -0.004999995 8.34711e-6 0.004999935 -0.004999995 -3.31447e-4 0.002477884 -0.004999995 -0.001104414 0.004876434 -0.004999995 -0.00108093 0.002254188 -0.004999995 -0.00216186 0.004508435 -0.004999995 -0.0017246 0.001809835 -0.004999995 0.003914356 0.003110885 -0.004999995 0.003123939 0.003903925 -0.004999995 0.001188337 0.00219947 -0.004999995 0.00217688 0.004501163 -0.004999995 0.001120686 0.004872739 -0.004999995 -0.003110885 0.003914356 -0.004999995 -0.003903925 0.003123939 -0.004999995 -0.00219947 0.001188337 -0.004999995 -0.004501163 0.00217688 -0.004999995 -0.004872739 0.001120686 -0.003711283 -0.002378046 0.004959285 -0.003711283 -0.002779483 0.00474596 -0.001113235 -0.005053579 0.008629024 -0.003711283 -0.004951298 0.002394616 -0.003711283 -0.005108416 0.002038002 -0.001113235 -0.009288072 0.003705501 -0.003711283 -0.00536412 -0.001214861 -0.003711283 -0.005283057 -0.001529335 -0.001113235 -0.009605586 -0.002780675 -0.003711283 -0.004959285 -0.002378046 -0.001113235 -0.009016871 -0.00432378 -0.003711283 -0.005462706 -6.3895e-4 -0.001113235 -0.009932279 -0.001161694 -0.003711283 -0.005499958 9.18183e-6 -0.001113235 -0.009988009 4.88919e-4 -0.003711283 -0.005493402 2.68906e-4 -0.001113235 -0.009771287 0.002126216 -0.003711283 -0.005374193 0.001169383 -0.003711283 -0.005360007 0.001232802 -0.003711283 -0.004703283 0.002851068 -0.001113235 -0.008551478 0.005183756 -0.003711283 -0.004294335 0.003436326 -0.001113235 -0.007581651 0.006520569 -0.003711283 -0.004169881 0.003586292 -0.001113235 -0.006404995 0.007679522 -0.003711283 -0.003522753 0.004223763 -0.003711283 -0.003421962 0.004305779 -0.003711283 -0.001960396 0.005138695 -0.001113235 -0.003564357 0.009343147 -0.003711283 -0.001214861 0.00536412 -0.001113235 -0.00197792 0.009802401 -0.003711283 -0.001087844 0.005391299 -0.001113235 -3.37557e-4 0.009994268 -0.003711283 -1.85656e-4 0.005496859 -0.001113235 0.002925872 0.009562373 -0.003711283 0.001232802 0.005360007 -0.001113235 0.001312017 0.009913504 -0.003711283 7.2163e-4 0.005452454 -0.003711283 9.18182e-6 0.005499958 -0.003711283 0.003436326 0.004294335 -0.003711283 0.003229677 0.004451811 -0.001113235 0.005872189 0.008094191 -0.003711283 0.002452909 0.004922688 -0.001113235 0.004459857 0.008950352 -0.003711283 0.002394616 0.004951298 -0.003711283 0.001609206 0.005259275 -0.003711283 0.003918409 0.00385946 -0.001113235 0.007124423 0.007017254 -0.003711283 0.004305779 0.003421962 -0.001113235 0.008182227 0.005748927 -0.003711283 0.00450021 0.003161907 -0.001113235 0.009016871 0.00432378 -0.003711283 0.004959285 0.002378046 0 0.008551478 -0.005183756 0 0.009288072 -0.003705501 0 0.009771287 -0.002126216 0 0.005053579 -0.008629024 0 0.006404995 -0.007679522 0 0.007581651 -0.006520569 0 -0.001312017 -0.009913504 0 3.37557e-4 -0.009994268 0 0.00197792 -0.009802401 0 0.003564357 -0.009343147 0 -0.007124423 -0.007017254 0 -0.005872189 -0.008094191 0 -0.004459857 -0.008950352 0 -0.002925872 -0.009562373 0 0.009988009 -4.88919e-4 0 0.009932279 0.001161694 0 0.009605586 0.002780675 0 0.004508435 0.00216186 0 0.009016871 0.00432378 0 0.003914356 0.003110885 0 -0.004999935 8.34712e-6 0 -0.009932279 -0.001161694 0 -0.004876434 -0.001104414 0 -0.009605586 -0.002780675 0 -0.004508435 -0.00216186 0 -0.009016871 -0.00432378 0 -0.008182227 -0.005748927 0 -0.003903925 0.003123939 0 -0.008551478 0.005183756 0 -0.004501163 0.00217688 0 -0.009288072 0.003705501 0 -0.004872739 0.001120686 0 -0.009771287 0.002126216 0 -0.009988009 4.88919e-4 0 -0.001104414 0.004876434 0 -0.003564357 0.009343147 0 -0.00216186 0.004508435 0 -0.005053579 0.008629024 0 -0.003110885 0.003914356 0 -0.006404995 0.007679522 0 -0.007581651 0.006520569 0 0.008182227 0.005748927 0 0.007124423 0.007017254 0 0.003123939 0.003903925 0 0.005872189 0.008094191 0 0.00217688 0.004501163 0 0.004459857 0.008950352 0 0.001120686 0.004872739 0 0.002925872 0.009562373 0 0.001312017 0.009913504 0 8.34711e-6 0.004999935 0 -3.37557e-4 0.009994268 0 -0.00197792 0.009802401 0 0.007124423 0.007017254 -0.00999999 -0.001188337 -0.00219947 -0.00999999 -0.003436326 -0.004294335 -0.00999999 -0.001809835 -0.0017246 -0.00999999 -0.004305779 -0.003421962 -0.00999999 -0.002254188 -0.00108093 -0.00999999 -0.004959285 -0.002378046 -0.00999999 -0.002477884 -3.31447e-4 -0.00999999 0.00219947 -0.001188337 -0.00999999 0.004294335 -0.003436326 -0.00999999 0.0017246 -0.001809835 -0.00999999 0.003421962 -0.004305779 -0.00999999 0.00108093 -0.002254188 -0.00999999 0.002378046 -0.004959285 -0.00999999 3.31447e-4 -0.002477884 -0.00999999 0.001214861 -0.00536412 -0.00999999 -9.18183e-6 -0.005499958 -0.00999999 -4.50498e-4 -0.002459049 -0.00999999 -0.001232802 -0.005360007 -0.00999999 -0.002394616 -0.004951298 -0.00999999 0.002477884 3.31447e-4 -0.00999999 0.005499958 -9.18182e-6 -0.00999999 0.002459049 -4.50498e-4 -0.00999999 0.005360007 -0.001232802 -0.00999999 0.004951298 -0.002394616 -0.00999999 0.001188337 0.00219947 -0.00999999 0.003436326 0.004294335 -0.00999999 0.001809835 0.0017246 -0.00999999 0.004305779 0.003421962 -0.00999999 0.002254188 0.00108093 -0.00999999 0.004959285 0.002378046 -0.00999999 0.00536412 0.001214861 -0.00999999 -0.00536412 -0.001214861 -0.00999999 -0.005499958 9.18183e-6 -0.00999999 -0.002459049 4.50498e-4 -0.00999999 -0.005360007 0.001232802 -0.00999999 -0.00219947 0.001188337 -0.00999999 -3.31447e-4 0.002477884 -0.00999999 9.18182e-6 0.005499958 -0.00999999 4.50498e-4 0.002459049 -0.00999999 0.001232802 0.005360007 -0.00999999 0.002394616 0.004951298 -0.00999999 -0.004951298 0.002394616 -0.00999999 -0.004294335 0.003436326 -0.00999999 -0.0017246 0.001809835 -0.00999999 -0.003421962 0.004305779 -0.00999999 -0.00108093 0.002254188 -0.00999999 -0.002378046 0.004959285 -0.00999999 -0.001214861 0.00536412 -0.003711283 -0.00450021 -0.003161907 -0.003711283 -0.004305779 -0.003421962 -0.003711283 -0.003918409 -0.00385946 -0.003711283 -0.003436326 -0.004294335 -0.003711283 -0.002452909 -0.004922688 -0.003711283 -0.003229677 -0.004451811 -0.003711283 -0.001609206 -0.005259275 -0.003711283 -0.002394616 -0.004951298 -0.003711283 1.85656e-4 -0.005496859 -0.003711283 -9.18183e-6 -0.005499958 -0.003711283 -7.2163e-4 -0.005452454 -0.003711283 -0.001232802 -0.005360007 -0.003711283 0.001087844 -0.005391299 -0.003711283 0.001214861 -0.00536412 -0.003711283 0.001960396 -0.005138695 -0.003711283 0.002378046 -0.004959285 -0.003711283 0.002779483 -0.00474596 -0.003711283 0.003421962 -0.004305779 -0.003711283 0.003522753 -0.004223763 -0.003711283 0.004169881 -0.003586292 -0.003711283 0.004703283 -0.002851068 -0.003711283 0.004294335 -0.003436326 -0.003711283 0.005108416 -0.002038002 -0.003711283 0.004951298 -0.002394616 -0.003711283 0.005499958 -9.18182e-6 -0.003711283 0.005493402 -2.68906e-4 -0.003711283 0.005374193 -0.001169383 -0.003711283 0.005360007 -0.001232802 -0.003711283 0.005462706 6.3895e-4 -0.003711283 0.00536412 0.001214861 -0.003711283 0.005283057 0.001529335 -0.001113235 0.009605586 0.002780675 -0.001113235 0.009932279 0.001161694 -0.001113235 0.009988009 -4.88919e-4 -0.001113235 0.009771287 -0.002126216 -0.001113235 0.009288072 -0.003705501 -0.001113235 0.008551478 -0.005183756 -0.001113235 0.007581651 -0.006520569 -0.001113235 0.006404995 -0.007679522 -0.001113235 0.005053579 -0.008629024 -0.001113235 0.003564357 -0.009343147 -0.001113235 0.00197792 -0.009802401 -0.001113235 3.37557e-4 -0.009994268 -0.001113235 -0.001312017 -0.009913504 -0.001113235 -0.002925872 -0.009562373 -0.001113235 -0.004459857 -0.008950352 -0.001113235 -0.005872189 -0.008094191 0 -0.007124423 -0.007017254 -0.001113235 -0.007124423 -0.007017254 -0.001113235 -0.008182227 -0.005748927 -0.0205 0.00160861 3.6716e-4 -0.0205 0.001289963 0.001028716 -0.0205 7.15908e-4 0.001486539 -0.0205 0 0.001649975 -0.0205 -7.15908e-4 0.001486539 -0.0205 -7.15908e-4 -0.001486539 -0.0205 -0.001289963 0.001028716 -0.0205 0 -0.001649975 -0.0205 7.15908e-4 -0.001486539 -0.0205 0.001289963 -0.001028716 -0.0205 0.00160861 -3.6716e-4 -0.0205 -0.00160861 3.6716e-4 -0.0205 -0.00160861 -3.6716e-4 -0.0205 -0.001289963 -0.001028716 -0.01274192 -0.001148521 -0.001758038 -0.01278424 -0.001210868 -0.001715719 -0.00999999 -0.00120449 -0.00172019 -0.01274806 -0.001864969 9.64789e-4 -0.01286095 -0.001759588 0.001146137 -0.00999999 -0.001761198 0.001143693 -0.01659995 0 -0.00209999 -0.01999998 0 -0.00209999 -0.01656091 -4.03249e-4 -0.00206089 -0.01999998 -4.72397e-4 -0.002046167 -0.01999998 -0.001761198 -0.001143693 -0.01621848 -0.001206934 -0.001718461 -0.01999998 -0.00120449 -0.00172019 -0.01626086 -0.00114423 -0.00176084 -0.01651459 -5.92656e-4 -0.002014577 -0.0159142 -0.001552402 -0.001414179 -0.01615077 -0.001770615 -0.001129031 -0.0161767 -0.001794815 -0.001090168 -0.01632779 -0.001936674 -8.11837e-4 -0.01649135 -0.002091407 -1.85214e-4 -0.01999998 -0.002061367 -4.00699e-4 -0.01649373 -0.00209397 1.57524e-4 -0.01999998 -0.002061367 4.00699e-4 -0.01646304 -0.002064824 3.82494e-4 -0.01646304 -0.002064585 -3.82484e-4 -0.01645922 -0.002060949 -4.01575e-4 -0.01643639 -0.002039372 -5.00307e-4 -0.01999998 -0.001761198 0.001143693 -0.01616537 -0.001784205 0.001107394 -0.01617705 -0.001795113 0.001089632 -0.01632577 -0.001934766 8.16403e-4 -0.01643884 -0.002041816 4.90626e-4 -0.01645922 -0.002061188 4.0157e-4 -0.01595425 -0.00158894 0.001372933 -0.01999998 -0.00120449 0.00172019 -0.01569372 -0.001354396 0.001604616 -0.01443767 -0.001080751 0.001800477 -0.01485985 -0.00109601 0.001791179 -0.01999998 -4.72397e-4 0.002046167 -0.01494491 -0.001104295 0.001786172 -0.01551485 -0.00119996 0.001723349 -0.01564693 -0.001313388 0.001638412 -0.00999999 -0.00120449 0.00172019 -0.01294779 -0.001678526 0.001261234 -0.01317656 -0.00146842 0.001499474 -0.01335376 -0.001312255 0.001638948 -0.01348507 -0.00119996 0.001723349 -0.00999999 -4.72397e-4 0.002046167 -0.01390862 -0.001122415 0.001775026 -0.01413875 -0.001096248 0.001791298 -0.00999999 -0.002061367 4.00699e-4 -0.00999999 -0.002061367 -4.00699e-4 -0.01250004 -0.002099573 -2.01553e-5 -0.01252591 -0.002075314 3.20995e-4 -0.01254075 -0.002061069 4.01894e-4 -0.01261043 -0.001994669 6.55438e-4 -0.01282382 -0.001793622 -0.001091122 -0.01276075 -0.00185275 -9.87473e-4 -0.00999999 -0.001761198 -0.001143693 -0.01261317 -0.001992464 -6.63237e-4 -0.01253336 -0.002067923 -3.63881e-4 -0.01308578 -0.001552402 -0.001414179 -0.01297318 -0.00165534 -0.001291871 -0.01286113 -0.001758873 -0.001146376 -0.00999999 -4.72397e-4 -0.002046167 -0.00999999 0 -0.00209999 -0.01239997 0 -0.00209999 -0.01243877 -4.01793e-4 -0.002061188 -0.01246005 -4.98604e-4 -0.002039909 -0.01267629 -0.001041173 -0.001823663 -0.01999998 0 0.00209999 -0.00999999 0 0.00209999 -0.02027034 0 -0.001649975 -0.02027034 -3.71169e-4 -0.001607656 -0.02027034 -7.15908e-4 -0.001486539 -0.02027034 -9.46401e-4 -0.001351594 -0.02027034 -0.001289963 -0.001028716 -0.02027034 -0.001383781 -8.98654e-4 -0.02027034 -0.00160861 -3.6716e-4 -0.02027034 -0.001619637 -3.14835e-4 -0.02027034 -0.001619637 3.14835e-4 -0.02027034 -0.00160861 3.6716e-4 -0.02027034 -0.001383781 8.98654e-4 -0.02027034 -0.001289963 0.001028716 -0.02027034 0 0.001649975 -0.02027034 -3.71169e-4 0.001607656 -0.02027034 -7.15908e-4 0.001486539 -0.02027034 -9.46401e-4 0.001351594 -0.01854485 -0.009244859 -0.00372672 -0.01799994 -0.008699953 -0.004242599 -0.01892179 -0.008699953 -0.003270626 -0.01960301 -0.01030302 -0.002051532 -0.01959013 -0.01029008 -0.002083361 -0.01960331 -0.008699953 -0.002050817 -0.0191285 -0.009828507 -0.002970993 -0.01891767 -0.009617686 -0.003276228 -0.0198732 -0.0105732 -0.001174151 -0.01995539 -0.008699953 -6.98645e-4 -0.01995509 -0.0106551 -7.01253e-4 -0.01999568 -0.01069569 -2.16584e-4 -0.01995539 -0.008699953 6.98645e-4 -0.01995539 -0.0106554 6.98858e-4 -0.01960331 -0.008699953 0.002050817 -0.01971358 -0.01041358 0.001751661 -0.01994842 -0.01064842 7.51253e-4 -0.01892179 -0.008699953 0.003270626 -0.01930171 -0.01000171 0.00268197 -0.01960086 -0.01030087 0.002056896 -0.01799994 -0.008699953 0.004242599 -0.01876091 -0.009460926 0.003477692 -0.01891839 -0.009618401 0.003275275 -0.01799994 -0.008699953 -0.00381571 -0.01024854 -0.008699953 -0.002161681 -0.009916841 -0.008699953 -0.001692652 -0.01255983 -0.008699953 -8.03635e-4 -0.01239997 -0.008699953 0 -0.009383261 -0.008699953 0 -0.009391546 -0.008699953 2.10326e-4 -0.009918212 -0.008699953 0.001694858 -0.01255983 -0.008699953 8.03635e-4 -0.009857654 -0.008699953 0.001595199 -0.01199996 -0.008699953 -0.00381571 -0.01449996 -0.008699953 -0.00209999 -0.01019138 -0.008699953 0.00208795 -0.01061904 -0.008699953 0.002591729 -0.01301503 -0.008699953 0.00148487 -0.009895503 -0.008699953 -0.001658201 -0.009634554 -0.008699953 -0.001158654 -0.01369631 -0.008699953 -0.001940131 -0.01162695 -0.008699953 -0.003522276 -0.01301503 -0.008699953 -0.00148487 -0.01134794 -0.008699953 -0.003288328 -0.01074373 -0.008699893 -0.002722263 -0.01199996 -0.008699953 0.00381571 -0.01369631 -0.008699953 0.001940131 -0.01163208 -0.008699953 0.003526449 -0.01119631 -0.008699893 0.003154754 -0.009469449 -0.008699953 6.77962e-4 -0.009622931 -0.008699953 0.001131415 -0.00948143 -0.008699953 -7.23509e-4 -0.009395658 -0.008699953 -2.57324e-4 -0.01644015 -0.008699953 8.03635e-4 -0.01598489 -0.008699953 0.00148487 -0.01799994 -0.008699953 0.00381571 -0.01530361 -0.008699953 0.001940131 -0.01449996 -0.008699953 0.00209999 -0.01530361 -0.008699953 -0.001940131 -0.01598489 -0.008699953 -0.00148487 -0.01644015 -0.008699953 -8.03635e-4 -0.01659995 -0.008699953 0 -0.01873886 0.003504514 -0.008829712 -0.01846104 0.00381571 -0.008699953 -0.01900917 0.003149151 -0.008699953 -0.01883637 0.0033831 -0.008876919 -0.01963609 0.001967251 -0.008699953 -0.0194199 0.002458453 -0.009176254 -0.01908993 0.00303018 -0.009003758 -0.01972395 0.001720428 -0.009342849 -0.01966196 0.001898288 -0.009308338 -0.01963597 0.001967549 -0.009293973 -0.01984411 0.001300036 -0.00941056 -0.01995915 6.68953e-4 -0.008699953 -0.01995599 6.94303e-4 -0.009474515 -0.01995915 -6.68953e-4 -0.008699953 -0.01995909 -6.69199e-4 -0.009476363 -0.01997345 -5.3945e-4 -0.009484589 -0.01999944 7.69032e-5 -0.009499669 -0.01963609 -0.001967251 -0.008699953 -0.01963579 -0.001968026 -0.009293854 -0.01972562 -0.001715362 -0.009343743 -0.01988881 -0.001100242 -0.00943607 -0.01900917 -0.003149151 -0.008699953 -0.01846104 -0.00381571 -0.008699953 -0.01883745 -0.003381729 -0.008877456 -0.01887321 -0.003335356 -0.008894979 -0.01920187 -0.002853393 -0.009061276 -0.01949095 -0.002310812 -0.00921458 -0.01570451 0.00172019 -0.008699953 -0.01626116 0.001143693 -0.008699953 -0.01656138 4.00699e-4 -0.008699953 -0.01626116 -0.001143693 -0.008699953 -0.01656138 -4.00699e-4 -0.008699953 -0.01329547 0.00172019 -0.008699953 -0.01402759 0.002046167 -0.008699953 -0.01199996 0.00381571 -0.008699953 -0.01449996 0.00209999 -0.008699953 -0.01497238 0.002046167 -0.008699953 -0.01273876 -0.001143693 -0.008699953 -0.01119625 -0.003154754 -0.008699893 -0.01329547 -0.00172019 -0.008699953 -0.01199996 -0.00381571 -0.008699953 -0.01402759 -0.002046167 -0.008699953 -0.009423613 4.6376e-4 -0.008699953 -0.009383261 0 -0.008699953 -0.01243853 4.00699e-4 -0.008699953 -0.01148611 0.003405869 -0.008699953 -0.01084923 0.002828478 -0.008699893 -0.01273876 0.001143693 -0.008699953 -0.01032727 0.002259433 -0.008699953 -0.01013624 0.002014577 -0.008699953 -0.009965777 0.001769304 -0.008699953 -0.009857714 -0.001595318 -0.008699953 -0.0101341 -0.002011656 -0.008699953 -0.01243853 -4.00699e-4 -0.008699953 -0.01019138 -0.00208801 -0.008699953 -0.01061904 -0.002591729 -0.008699953 -0.009391605 -2.10527e-4 -0.008699953 -0.009469509 -6.7809e-4 -0.008699953 -0.009622931 -0.001131474 -0.008699953 -0.009709954 0.001322031 -0.008699953 -0.009525895 8.72241e-4 -0.008699953 -0.01570451 -0.00172019 -0.008699953 -0.01497238 -0.002046167 -0.008699953 -0.01449996 -0.00209999 -0.008699953 -0.01854485 0.009244859 0.00372672 -0.01799994 0.008699953 0.004242599 -0.01892179 0.008699953 0.003270626 -0.01960301 0.01030302 0.002051532 -0.01959013 0.01029008 0.002083361 -0.01960331 0.008699953 0.002050817 -0.0191285 0.009828507 0.002970993 -0.01891767 0.009617686 0.003276228 -0.0198732 0.0105732 0.001174151 -0.01995539 0.008699953 6.98645e-4 -0.01995509 0.0106551 7.01253e-4 -0.01999568 0.01069569 2.16584e-4 -0.01995539 0.008699953 -6.98645e-4 -0.01995539 0.0106554 -6.98858e-4 -0.01960331 0.008699953 -0.002050817 -0.01971358 0.01041358 -0.001751661 -0.01994842 0.01064842 -7.51253e-4 -0.01892179 0.008699953 -0.003270626 -0.01930171 0.01000171 -0.00268197 -0.01960086 0.01030087 -0.002056896 -0.01799994 0.008699953 -0.004242599 -0.01876091 0.009460926 -0.003477692 -0.01891839 0.009618401 -0.003275275 -0.01799994 0.008699953 0.00381571 -0.01799994 0.008699953 -0.00381571 -0.01659995 0.008699953 0 -0.01644015 0.008699953 8.03635e-4 -0.01598489 0.008699953 0.00148487 -0.01598489 0.008699953 -0.00148487 -0.01530361 0.008699953 -0.001940131 -0.01199996 0.008699953 -0.00381571 -0.01239997 0.008699953 0 -0.009383261 0.008699953 0 -0.009391546 0.008699953 -2.10326e-4 -0.009918212 0.008699953 -0.001694858 -0.01255983 0.008699953 -8.03635e-4 -0.009857654 0.008699953 -0.001595199 -0.01449996 0.008699953 -0.00209999 -0.01369631 0.008699953 -0.001940131 -0.01163208 0.008699953 -0.003526449 -0.01301503 0.008699953 -0.00148487 -0.01019138 0.008699953 -0.00208795 -0.01061904 0.008699953 -0.002591729 -0.01119631 0.008699893 -0.003154754 -0.01074373 0.008699893 0.002722263 -0.01255983 0.008699953 8.03635e-4 -0.01134794 0.008699953 0.003288328 -0.01301503 0.008699953 0.00148487 -0.01162695 0.008699953 0.003522276 -0.01369631 0.008699953 0.001940131 -0.01199996 0.008699953 0.00381571 -0.01449996 0.008699953 0.00209999 -0.01530361 0.008699953 0.001940131 -0.01644015 0.008699953 -8.03635e-4 -0.009469449 0.008699953 -6.77962e-4 -0.009622931 0.008699953 -0.001131415 -0.01024854 0.008699953 0.002161681 -0.009916841 0.008699953 0.001692652 -0.009895503 0.008699953 0.001658201 -0.009634554 0.008699953 0.001158654 -0.00948143 0.008699953 7.23509e-4 -0.009395658 0.008699953 2.57324e-4 -0.0205 0.008781552 0.009328663 -0.0205 0.007699966 0.009499967 -0.01699995 0.007699966 0.005999982 -0.0205 0.00975722 0.00883156 -0.0205 0.01053154 0.008057236 -0.0205 0.01102864 0.007081508 -0.0205 0.01119995 0.005999982 -0.0205 0.01102864 -0.007081508 -0.0205 0.01119995 -0.005999982 -0.01699995 0.007699966 -0.005999982 -0.0205 0.01053154 -0.008057236 -0.0205 0.00975722 -0.00883156 -0.0205 0.008781552 -0.009328663 -0.0205 0.007699966 -0.009499967 -0.02037066 0.001562118 0.009370625 -0.02049303 3.63733e-4 0.009492993 -0.0205 0 0.009499967 -0.02032315 0.001824319 0.009323179 -0.02006971 0.002826511 0.00906974 -0.01979905 0.003581345 0.008799016 -0.01958048 0.004077374 0.008580446 -0.01895213 0.005197405 0.007952094 -0.01891577 0.00525254 0.007915794 -0.01699995 0.007365405 0.005999982 -0.0178048 0.00662899 0.006804823 -0.01803249 0.006386935 0.007032513 -0.02041447 0.001271665 -0.009414494 -0.0205 0 -0.009499967 -0.02034258 0.001722157 -0.009342551 -0.01699995 0.007365405 -0.005999982 -0.01742547 0.006997346 -0.00642544 -0.01809012 0.00632292 -0.007090151 -0.01834708 0.006022453 -0.007347106 -0.01911395 0.004940986 -0.00811392 -0.01972335 0.003761947 -0.008723378 -0.01987636 0.003385126 -0.008876383 -0.02015429 0.002539277 -0.009154319 -0.02041447 -0.001271665 0.009414494 -0.0205 -0.007699966 0.009499967 -0.02032297 -0.001825332 0.009322941 -0.0178039 -0.006629943 0.00680387 -0.01834708 -0.006022453 0.007347106 -0.01894974 -0.005201041 0.007949709 -0.01911395 -0.004940986 0.00811392 -0.01972335 -0.003761947 0.008723378 -0.01699995 -0.007699966 0.005999982 -0.01699995 -0.007365405 0.005999982 -0.01742547 -0.006997346 0.00642544 -0.01980042 -0.003578007 0.008800387 -0.02015429 -0.002539277 0.009154319 -0.02037066 -0.001562118 -0.009370625 -0.0205 -0.007699966 -0.009499967 -0.02049303 -3.63733e-4 -0.009492993 -0.02034288 -0.001720428 -0.009342908 -0.02006971 -0.002826511 -0.00906974 -0.01987576 -0.003386676 -0.008875787 -0.01958048 -0.004077374 -0.008580446 -0.01911699 -0.004935979 -0.00811696 -0.01891577 -0.00525254 -0.007915794 -0.01699995 -0.007365405 -0.005999982 -0.01699995 -0.007699966 -0.005999982 -0.01803249 -0.006386935 -0.007032513 -0.01809316 -0.006319522 -0.007093131 -0.0205 -0.01102864 0.007081508 -0.0205 -0.01119995 0.005999982 -0.0205 -0.01053154 0.008057236 -0.0205 -0.00975722 0.00883156 -0.0205 -0.008781552 0.009328663 -0.0205 -0.008781552 -0.009328663 -0.0205 -0.00975722 -0.00883156 -0.0205 -0.01053154 -0.008057236 -0.0205 -0.01102864 -0.007081508 -0.0205 -0.01119995 -0.005999982 -0.01699995 0.007497012 -0.005834758 -0.01699995 0.007699966 -0.005564153 -0.01699995 -0.007699966 -0.005564153 -0.01699995 -0.007497012 -0.005834758 -0.00999999 0 0.006499946 -0.004999995 0 0.006499946 -0.00999999 -0.001446366 0.006336987 -0.004999995 -0.001446366 0.006336987 -0.00999999 -0.002820193 0.005856275 -0.004999995 -0.002820193 0.005856275 -0.00999999 -0.004052639 0.005081892 -0.004999995 -0.004052639 0.005081892 -0.00999999 -0.005081892 0.004052639 -0.004999995 -0.005081892 0.004052639 -0.00999999 -0.005856275 0.002820193 -0.004999995 -0.005856275 0.002820193 -0.00999999 -0.006336987 0.001446366 -0.004999995 -0.006336987 0.001446366 -0.00999999 -0.006499946 0 -0.004999995 -0.006499946 0 -0.00999999 -0.006336987 -0.001446366 -0.004999995 -0.006336987 -0.001446366 -0.00999999 -0.005856275 -0.002820193 -0.004999995 -0.005856275 -0.002820193 -0.00999999 -0.005081892 -0.004052639 -0.004999995 -0.005081892 -0.004052639 -0.00999999 -0.004052639 -0.005081892 -0.004999995 -0.004052639 -0.005081892 -0.00999999 -0.002820193 -0.005856275 -0.004999995 -0.002820193 -0.005856275 -0.00999999 -0.001446366 -0.006336987 -0.004999995 -0.001446366 -0.006336987 -0.00999999 0 -0.006499946 -0.004999995 0 -0.006499946 -0.00999999 0.002061367 4.00699e-4 -0.00999999 0.005856275 0.002820193 -0.00999999 0.001761198 0.001143693 -0.00999999 0.005081892 0.004052639 -0.00999999 0.00120449 0.00172019 -0.00999999 0.002061367 -4.00699e-4 -0.00999999 0.006499946 0 -0.00999999 0.006336987 0.001446366 -0.00999999 0.001761198 -0.001143693 -0.00999999 0.005856275 -0.002820193 -0.00999999 0.006336987 -0.001446366 -0.00999999 4.72397e-4 -0.002046167 -0.00999999 0.002820193 -0.005856275 -0.00999999 0.00120449 -0.00172019 -0.00999999 0.004052639 -0.005081892 -0.00999999 0.005081892 -0.004052639 -0.00999999 0.001446366 -0.006336987 -0.00999999 0.004052639 0.005081892 -0.00999999 0.002820193 0.005856275 -0.00999999 4.72397e-4 0.002046167 -0.00999999 0.001446366 0.006336987 -0.01369631 0.005199968 -0.001940131 -0.01449996 0.005199968 -0.00209999 -0.01449996 0.005139887 -0.001999974 -0.01373457 0.005139887 -0.001847743 -0.01335281 0.005139887 -0.001638293 -0.01301503 0.005199968 -0.00148487 -0.0125367 0.005139887 -3.81618e-4 -0.01239997 0.005199968 0 -0.01255983 0.005199968 -8.03635e-4 -0.01308578 0.005139887 -0.001414179 -0.01282262 0.005139887 -0.001089274 -0.01265221 0.005139887 -7.65367e-4 -0.01249998 0.005139887 0 -0.0125367 0.005139887 3.81618e-4 -0.01255983 0.005199968 8.03635e-4 -0.01265221 0.005139887 7.65367e-4 -0.01282262 0.005139887 0.001089274 -0.01301503 0.005199968 0.00148487 -0.01449996 0.005139887 0.001999974 -0.01449996 0.005199968 0.00209999 -0.01373457 0.005139887 0.001847743 -0.01369631 0.005199968 0.001940131 -0.01335281 0.005139887 0.001638293 -0.01308578 0.005139887 0.001414179 -0.01551485 0.00119996 0.001723349 -0.01494985 0.00119996 0.001948714 -0.01503455 0.001114904 0.001779794 -0.01449996 0.00119996 0.001999974 -0.01449996 0.001080274 0.001800775 -0.0132932 0.00171864 -0.001594901 -0.01308578 0.001552402 -0.001414179 -0.01284915 0.001770615 -0.001129031 -0.01405006 0.00119996 0.001948714 -0.01283454 0.001784205 0.001107394 -0.01304566 0.00158894 0.001372933 -0.0133062 0.001354396 0.001604616 -0.01348507 0.00119996 0.001723349 -0.01267218 0.001936674 -8.11837e-4 -0.01256358 0.002039372 -5.00307e-4 -0.01254069 0.002060949 -4.01575e-4 -0.01250857 0.002091407 -1.85214e-4 -0.01249998 0.005139887 0 -0.01250618 0.00209397 1.57524e-4 -0.01254069 0.002061188 4.0157e-4 -0.01256108 0.002041816 4.90626e-4 -0.01267421 0.001934766 8.16403e-4 -0.01337528 0.001773416 -0.00165379 -0.01449996 0.00209999 -0.001999974 -0.01436448 0.00209558 -0.001995325 -0.01402443 0.002045392 -0.001942276 -0.01369172 0.001938164 -0.001829087 -0.01369631 -0.005199968 0.001940131 -0.01449996 -0.005199968 0.00209999 -0.01449996 -0.005139887 0.001999974 -0.01373457 -0.005139887 0.001847743 -0.01335281 -0.005139887 0.001638293 -0.01301503 -0.005199968 0.00148487 -0.0125367 -0.005139887 3.81618e-4 -0.01239997 -0.005199968 0 -0.01255983 -0.005199968 8.03635e-4 -0.01308578 -0.005139887 0.001414179 -0.01282262 -0.005139887 0.001089274 -0.01265221 -0.005139887 7.65367e-4 -0.01249998 -0.005139887 0 -0.0125367 -0.005139887 -3.81618e-4 -0.01255983 -0.005199968 -8.03635e-4 -0.01265221 -0.005139887 -7.65367e-4 -0.01282262 -0.005139887 -0.001089274 -0.01301503 -0.005199968 -0.00148487 -0.01449996 -0.005139887 -0.001999974 -0.01449996 -0.005199968 -0.00209999 -0.01373457 -0.005139887 -0.001847743 -0.01369631 -0.005199968 -0.001940131 -0.01335281 -0.005139887 -0.001638293 -0.01308578 -0.005139887 -0.001414179 -0.01410758 -0.00119996 0.001961112 -0.01489239 -0.00119996 0.001961112 -0.01449996 -0.00119996 0.001999974 -0.01449996 -0.00209999 -0.001999974 -0.01415967 -0.002072215 -0.001970589 -0.0138238 -0.001988112 -0.001881897 -0.01350051 -0.001846849 -0.00173223 -0.0132941 -0.001719236 -0.001595556 -0.01323789 -0.001678407 -0.001551449 -0.01249998 -0.005139887 0 -0.02749997 -0.007699966 0.009499967 -0.02749997 -0.008781552 0.009328663 -0.02749997 -0.00975722 0.00883156 -0.02749997 -0.01053154 0.008057236 -0.02749997 -0.01102864 0.007081508 -0.02749997 -0.01119995 0.005999982 -0.02749997 0.01119995 0.005999982 -0.02749997 0.01102864 0.007081508 -0.02749997 0.01053154 0.008057236 -0.02749997 0.00975722 0.00883156 -0.02749997 0.008781552 0.009328663 -0.02749997 0.007699966 0.009499967 -0.02749997 -0.01119995 -0.005999982 -0.02749997 -0.01102864 -0.007081508 -0.02749997 -0.01053154 -0.008057236 -0.02749997 -0.00975722 -0.00883156 -0.02749997 -0.008781552 -0.009328663 -0.02749997 -0.007699966 -0.009499967 -0.02749997 0.007699966 -0.009499967 -0.02749997 0.008781552 -0.009328663 -0.02749997 0.00975722 -0.00883156 -0.02749997 0.01053154 -0.008057236 -0.02749997 0.01102864 -0.007081508 -0.02749997 0.01119995 -0.005999982 -0.004999995 -2.56856e-4 -0.007355391 -0.004999995 0.005081892 0.004052639 -0.004999995 0.005294203 0.005112588 -0.004999995 0.004052639 0.005081892 -0.004999995 0.004221439 0.006028831 -0.004999995 0.002820193 0.005856275 -0.004999995 0.002993524 0.006723582 -0.004999995 0.001446366 0.006336987 -0.004999995 0 -0.007359862 -0.004999995 2.56856e-4 -0.007355391 -0.004999995 0.001446366 -0.006336987 -0.004999995 0.001655578 -0.007171213 -0.004999995 0.002820193 -0.005856275 -0.004999995 0.002993524 -0.006723582 -0.004999995 0.004052639 -0.005081892 -0.004999995 0.004221439 -0.006028831 -0.004999995 0.005081892 -0.004052639 -0.004999995 -0.005294203 -0.005112588 -0.004999995 -0.004221439 -0.006028831 -0.004999995 -0.002993524 -0.006723582 -0.004999995 -0.001655578 -0.007171213 -0.004999995 0.005294203 -0.005112588 -0.004999995 0.006172478 -0.004008471 -0.004999995 0.005856275 -0.002820193 -0.004999995 0.006823956 -0.002757012 -0.004999995 0.006336987 -0.001446366 -0.004999995 0.007224619 -0.001404285 -0.004999995 0.006499946 0 -0.004999995 0.007359862 0 -0.004999995 0.006336987 0.001446366 -0.004999995 0.007224619 0.001404285 -0.004999995 0.005856275 0.002820193 -0.004999995 0.006823956 0.002757012 -0.004999995 0.006172478 0.004008471 -0.004999995 -0.006172478 0.004008471 -0.004999995 -0.006823956 0.002757012 -0.004999995 -0.007224619 0.001404285 -0.004999995 -0.007359862 0 -0.004999995 -0.007224619 -0.001404285 -0.004999995 -0.006823956 -0.002757012 -0.004999995 -0.006172478 -0.004008471 -0.004999995 0.001655578 0.007171213 -0.004999995 2.56856e-4 0.007355391 -0.004999995 0 0.007359862 -0.004999995 -2.56856e-4 0.007355391 -0.004999995 -0.001655578 0.007171213 -0.004999995 -0.002993524 0.006723582 -0.004999995 -0.004221439 0.006028831 -0.004999995 -0.005294203 0.005112588 -0.01699995 0.007699966 0.005564153 -0.01699995 -0.007699966 0.005564153 -0.01754641 0.008246421 0.004716515 -0.01754641 0.008246421 -0.004716515 -0.01710546 0.007805466 0.005415141 -0.01239997 0.005199968 0 -0.01239997 0.008699953 0 -0.01243907 4.03249e-4 -0.00206089 -0.01278144 0.001206934 -0.001718461 -0.01273912 0.00114423 -0.00176084 -0.01248532 5.92656e-4 -0.002014577 -0.01710546 -0.007805466 0.005415141 -0.01754641 -0.008246421 -0.004716515 -0.01754641 -0.008246421 0.004716515 -0.01239997 -0.005199968 0 -0.01239997 -0.008699953 0 -0.01199996 -0.007967352 0.00517404 -0.01199996 -0.007807016 0.005412876 -0.01199996 -0.006833672 0.006599247 -0.01199996 -0.00662446 0.006809234 -0.01199996 -0.00386399 0.008678674 -0.01199996 -0.005196154 0.007952928 -0.01199996 -0.005448937 0.007781922 -0.01199996 0 0.009499967 -0.01199996 -3.31545e-4 0.009494185 -0.01199996 -0.001821279 0.009323775 -0.01199996 -0.002137005 0.009256482 -0.01199996 -0.003575026 0.008801639 -0.01199996 0.00386399 -0.008678674 -0.01199996 0.007967352 -0.00517404 -0.01199996 0.006317853 -0.007094621 -0.01199996 0.006833672 -0.006599247 -0.01199996 0.007497012 -0.005834758 -0.01199996 0.005448937 -0.007781922 -0.01199996 0.004930317 -0.008120417 -0.01199996 -0.006317853 -0.007094621 -0.01199996 -0.006833672 -0.006599247 -0.01199996 -0.005448937 -0.007781922 -0.01199996 -0.004930317 -0.008120417 -0.01199996 -0.00386399 -0.008678674 -0.01199996 -0.007497012 -0.005834758 -0.01199996 -0.007967352 -0.00517404 -0.01199996 -0.008428752 -0.004382371 -0.01199996 0.007967352 0.00517404 -0.004999995 0.007359862 0 -0.01199996 0.007807016 0.005412876 -0.01199996 0.006833672 0.006599247 -0.01199996 0.00662446 0.006809234 -0.01199996 0.005448937 0.007781922 -0.01199996 0.005196154 0.007952928 -0.01199996 0.00386399 0.008678674 -0.01199996 0.003575026 0.008801639 -0.01199996 0.002137005 0.009256482 -0.01199996 0.001821279 0.009323775 -0.01199996 3.31545e-4 0.009494185 -0.02027034 3.71169e-4 0.001607656 -0.02027034 7.15908e-4 0.001486539 -0.02027034 0.001289963 0.001028716 -0.02027034 9.46401e-4 0.001351594 -0.02027034 0.00160861 -3.6716e-4 -0.02027034 0.001619637 -3.14835e-4 -0.02027034 0.001619637 3.14835e-4 -0.02027034 0.00160861 3.6716e-4 -0.02027034 0.001383781 8.98654e-4 -0.02027034 0.001383781 -8.98654e-4 -0.02027034 0.001289963 -0.001028716 -0.02027034 9.46401e-4 -0.001351594 -0.02027034 7.15908e-4 -0.001486539 -0.02027034 3.71169e-4 -0.001607656 -0.004999995 -0.007359862 0 -0.01530361 -0.005199968 0.001940131 -0.01598489 -0.005199968 0.00148487 -0.01644015 -0.005199968 8.03635e-4 -0.01659995 -0.005199968 0 -0.01659995 -0.008699953 0 -0.01644015 -0.005199968 -8.03635e-4 -0.01598489 -0.005199968 -0.00148487 -0.01530361 -0.005199968 -0.001940131 -0.01656121 4.01793e-4 -0.002061188 -0.01653993 4.98604e-4 -0.002039909 -0.01632368 0.001041173 -0.001823663 -0.01576209 0.001678407 -0.001551449 -0.0159142 0.001552402 -0.001414179 -0.01621574 0.001210868 -0.001715719 -0.01570588 0.001719236 -0.001595556 -0.01625806 0.001148521 -0.001758038 -0.0148403 0.002072215 -0.001970589 -0.01517611 0.001988112 -0.001881897 -0.01549947 0.001846849 -0.00173223 -0.0146355 -0.00209558 -0.001995325 -0.01564782 -0.001758515 -0.001637816 -0.01570671 -0.00171864 -0.001594901 -0.01562464 -0.001773416 -0.00165379 -0.01530826 -0.001938164 -0.001829087 -0.01497554 -0.002045392 -0.001942276 -0.01530361 0.005199968 -0.001940131 -0.01598489 0.005199968 -0.00148487 -0.01644015 0.005199968 -8.03635e-4 -0.01659995 0.005199968 0 -0.01659995 0.008699953 0 -0.01644015 0.005199968 8.03635e-4 -0.01598489 0.005199968 0.00148487 -0.01530361 0.005199968 0.001940131 -0.01564711 -0.005139887 -0.001638293 -0.01617729 -0.005139887 0.001089274 -0.01564711 -0.005139887 0.001638293 -0.01526534 -0.005139887 0.001847743 -0.0159142 -0.005139887 0.001414179 -0.01617729 -0.005139887 -0.001089274 -0.0163477 -0.005139887 -7.65367e-4 -0.01646322 -0.005139887 -3.81618e-4 -0.01649999 -0.005139887 0 -0.01646322 -0.005139887 3.81618e-4 -0.0163477 -0.005139887 7.65367e-4 -0.0159142 -0.005139887 -0.001414179 -0.01526534 -0.005139887 -0.001847743 -0.01659995 -0.005199968 0 -0.01649999 -0.005139887 0 -0.01564711 0.005139887 -0.001638293 -0.01646322 0.005139887 -3.81618e-4 -0.01646316 0.002064704 -3.81896e-4 -0.0163477 0.005139887 -7.65367e-4 -0.0163868 0.001992464 -6.63237e-4 -0.01617729 0.005139887 -0.001089274 -0.01623922 0.00185275 -9.87473e-4 -0.0161761 0.001793622 -0.001091122 -0.0159142 0.005139887 -0.001414179 -0.01613879 0.001758873 -0.001146376 -0.01602673 0.00165534 -0.001291871 -0.01617729 0.005139887 0.001089274 -0.01638954 0.001994669 6.55438e-4 -0.01645916 0.002061069 4.01894e-4 -0.0163477 0.005139887 7.65367e-4 -0.01646304 0.002064824 3.82511e-4 -0.01646322 0.005139887 3.81618e-4 -0.01647406 0.002075314 3.20995e-4 -0.01649999 0.005139887 0 -0.01649987 0.002099573 -2.01553e-5 -0.01646661 0.002067923 -3.63881e-4 -0.01582342 0.00146842 0.001499474 -0.01605212 0.001678526 0.001261234 -0.01564711 0.005139887 0.001638293 -0.01613897 0.001759588 0.001146137 -0.0159142 0.005139887 0.001414179 -0.01617598 0.00179404 0.001091301 -0.01625186 0.001864969 9.64789e-4 -0.01526534 0.005139887 0.001847743 -0.01564615 0.001312255 0.001638948 -0.01526534 0.005139887 -0.001847743 -0.01405459 0.001104354 0.001786112 -0.01659995 0.005199968 0 -0.01649999 0.005139887 0 -0.01999998 4.72397e-4 0.002046167 -0.01999998 0.00120449 0.00172019 -0.01999998 0.001761198 0.001143693 -0.01999998 0.002061367 4.00699e-4 -0.01999998 0.002061367 -4.00699e-4 -0.01999998 0.001761198 -0.001143693 -0.01999998 0.00120449 -0.00172019 -0.01999998 4.72397e-4 -0.002046167</float_array>
          <technique_common>
            <accessor source="#link_tip-mesh-positions-array" count="1160" stride="3">
              <param name="X" type="float"/>
              <param name="Y" type="float"/>
              <param name="Z" type="float"/>
            </accessor>
          </technique_common>
        </source>
        <source id="link_tip-mesh-normals">
          <float_array id="link_tip-mesh-normals-array" count="6876">0 0.998146 0.06086421 0 0.998146 0.06086421 0 0.9304852 0.3663296 0 0.9304852 0.3663296 0 0.7717419 0.6359359 0 0.7717419 0.6359359 0 0.5374554 0.8432922 0 0.5374554 0.8432922 0 0.2505585 0.9681015 0 0.2505585 0.9681015 0 -0.06086421 0.998146 0 -0.06086421 0.998146 0 -0.3663296 0.9304852 0 -0.3663296 0.9304852 0 -0.6359359 0.7717419 0 -0.6359359 0.7717419 0 -0.8432922 0.5374554 0 -0.8432922 0.5374554 0 -0.9681015 0.2505585 0 -0.9681015 0.2505585 -1 0 0 -1 0 0 -1 0 0 -1 0 0 -1 0 0 -1 0 0 -1 0 0 -1 0 0 -1 0 0 -1 0 0 -1 0 0 -1 0 0 -1 0 0 -1 0 0 -1 0 0 -1 0 0 -1 0 0 -1 0 0 -1 0 0 -1 0 0 -1 0 0 -1 0 0 -1 0 0 -1 0 0 -1 0 0 -1 0 0 -1 0 0 -1 0 0 -1 0 0 -1 0 0 -1 0 0 -1 0 0 -1 0 0 -1 0 0 -1 0 0 -1 0 0 -1 0 0 -1 0 0 -1 0 0 -1 0 0 -1 0 0 -1 0 0 -1 0 0 -1 0 0 0 -0.9743286 0.2251307 0 -0.9743286 0.2251307 0 -0.8828608 0.4696345 0 -0.8828608 0.4696345 0 -0.7312278 0.6821334 0 -0.7312278 0.6821334 0 -0.5297628 0.8481459 0 -0.5297628 0.8481459 0 -0.2921953 0.9563587 0 -0.2921953 0.9563587 0 -0.03471493 0.9993972 0 -0.03471493 0.9993972 0 0.2251307 0.9743286 0 0.2251307 0.9743286 0 0.4696345 0.8828608 0 0.4696345 0.8828608 0 0.6821334 0.7312278 0 0.6821334 0.7312278 0 0.8481459 0.5297628 0 0.8481459 0.5297628 0 0.9563587 0.2921953 0 0.9563587 0.2921953 0 0.9993972 0.03471493 0 0.9993972 0.03471493 1 0 0 1 0 0 1 0 0 1 0 0 1 0 0 1 0 0 1 0 0 1 0 0 1 0 0 1 0 0 1 0 0 1 0 0 1 0 0 1 0 0 1 0 0 1 0 0 1 0 0 1 0 0 1 0 0 1 0 0 1 0 0 1 0 0 1 0 0 1 0 0 1 0 0 1 0 0 1 0 0 1 0 0 1 0 0 1 0 0 1 0 0 1 0 0 1 0 0 1 0 0 1 0 0 1 0 0 1 0 0 1 0 0 1 0 0 1 0 0 1 0 0 1 0 0 1 0 0 1 0 0 1 0 0 1 0 0 1 0 0 1 0 0 1 0 0 1 0 0 1 0 0 1 0 0 1 0 0 1 0 0 -1 0 0 -1 0 0 -1 0 0 -1 0 0 -1 0 0 -1 0 0 -1 0 0 -1 0 0 -1 0 0 -1 0 0 -1 0 0 -1 0 0 -1 0 0 -1 0 0 -1 0 0 -1 0 0 -1 0 0 -1 0 0 -1 0 0 -1 0 0 -1 0 0 -1 0 0 -1 0 0 -1 0 0 -1 0 0 -1 0 0 -1 0 0 -1 0 0 -1 0 0 -1 0 0 -1 0 0 -1 0 0 -1 0 0 -1 0 0 -1 0 0 -1 0 0 -1 0 0 -1 0 0 -1 0 0 -1 0 0 -1 0 0 -1 0 0 -1 0 0 -1 0 0 -1 0 0 -1 0 0 -1 0 0 -1 0 0 -1 0 0 -1 0 0 -1 0 0 -1 0 0 -1 0 0 -1 0 0 -1 0 0 -1 0 0 -1 0 0 -1 0 0 0 -0.9822719 0.1874619 0 -0.9822719 0.1874619 0 -0.931101 0.3647615 0 -0.931101 0.3647615 0 -0.8482222 0.5296405 0 -0.8482222 0.5296405 0 -0.7364585 0.6764827 0 -0.7364585 0.6764827 0 -0.5996155 0.8002883 0 -0.5996155 0.8002883 0 -0.4423533 0.8968409 0 -0.4423533 0.8968409 0 -0.2700278 0.9628525 0 -0.2700278 0.9628525 0 -0.08850598 0.9960756 0 -0.08850598 0.9960756 0 0.09602975 0.9953784 0 0.09602975 0.9953784 0 0.2772947 0.9607849 0 0.2772947 0.9607849 0 0.449117 0.8934729 0 0.449117 0.8934729 0 0.605645 0.795735 0 0.605645 0.795735 0 0.741549 0.6708988 0 0.741549 0.6708988 0 0.8521999 0.5232164 0 0.8521999 0.5232164 0 0.9338302 0.3577167 0 0.9338302 0.3577167 0 0.9836603 0.1800345 0 0.9836603 0.1800345 0 0.9999929 -0.00377804 0 0.9999929 -0.00377804 0 0.9822719 -0.1874619 0 0.9822719 -0.1874619 0 0.931101 -0.3647615 0 0.931101 -0.3647615 0 0.8482222 -0.5296405 0 0.8482222 -0.5296405 0 0.7364585 -0.6764827 0 0.7364585 -0.6764827 0 0.5996155 -0.8002883 0 0.5996155 -0.8002883 0 0.4423533 -0.8968409 0 0.4423533 -0.8968409 0 0.2700278 -0.9628525 0 0.2700278 -0.9628525 0 0.08850598 -0.9960756 0 0.08850598 -0.9960756 0 -0.09602975 -0.9953784 0 -0.09602975 -0.9953784 0 -0.2772947 -0.9607849 0 -0.2772947 -0.9607849 0 -0.449117 -0.8934729 0 -0.449117 -0.8934729 0 -0.605645 -0.795735 0 -0.605645 -0.795735 0 -0.741549 -0.6708988 0 -0.741549 -0.6708988 0 -0.8521999 -0.5232164 0 -0.8521999 -0.5232164 0 -0.9338302 -0.3577167 0 -0.9338302 -0.3577167 0 -0.9836603 -0.1800345 0 -0.9836603 -0.1800345 0 -0.9999929 0.00377804 0 -0.9999929 0.00377804 0 0.9743286 -0.2251307 0 0.9743286 -0.2251307 0 0.8828608 -0.4696345 0 0.8828608 -0.4696345 0 0.7312278 -0.6821334 0 0.7312278 -0.6821334 0 0.5297628 -0.8481459 0 0.5297628 -0.8481459 0 0.2921953 -0.9563587 0 0.2921953 -0.9563587 0 0.03471493 -0.9993972 0 0.03471493 -0.9993972 0 -0.2251307 -0.9743286 0 -0.2251307 -0.9743286 0 -0.4696345 -0.8828608 0 -0.4696345 -0.8828608 0 -0.6821334 -0.7312278 0 -0.6821334 -0.7312278 0 -0.8481459 -0.5297628 0 -0.8481459 -0.5297628 0 -0.9563587 -0.2921953 0 -0.9563587 -0.2921953 0 -0.9993972 -0.03471493 0 -0.9993972 -0.03471493 0 -0.998146 -0.06086421 0 -0.998146 -0.06086421 0 -0.9304852 -0.3663296 0 -0.9304852 -0.3663296 0 -0.7717419 -0.6359359 0 -0.7717419 -0.6359359 0 -0.5374554 -0.8432922 0 -0.5374554 -0.8432922 0 -0.2505585 -0.9681015 0 -0.2505585 -0.9681015 0 0.06086421 -0.998146 0 0.06086421 -0.998146 0 0.3663296 -0.9304852 0 0.3663296 -0.9304852 0 0.6359359 -0.7717419 0 0.6359359 -0.7717419 0 0.8432922 -0.5374554 0 0.8432922 -0.5374554 0 0.9681015 -0.2505585 0 0.9681015 -0.2505585 0 0.8476111 0.5306179 0 0.8476111 0.5306179 0 0.7082862 0.7059254 0 0.7082862 0.7059254 0 0.5334451 0.8458347 0 0.5334451 0.8458347 0 0.331854 0.9433308 0 0.331854 0.9433308 0 0.1136233 0.9935239 0 0.1136233 0.9935239 0 -0.1103052 0.9938977 0 -0.1103052 0.9938977 0 -0.3287028 0.9444335 0 -0.3287028 0.9444335 0 -0.5306179 0.8476111 0 -0.5306179 0.8476111 0 -0.7059254 0.7082862 0 -0.7059254 0.7082862 0 -0.8458347 0.5334451 0 -0.8458347 0.5334451 0 -0.9433308 0.331854 0 -0.9433308 0.331854 0 -0.9935239 0.1136233 0 -0.9935239 0.1136233 0 -0.9938977 -0.1103052 0 -0.9938977 -0.1103052 0 -0.9444335 -0.3287028 0 -0.9444335 -0.3287028 1 0 0 1 0 0 1 0 0 1 0 0 1 0 0 1 0 0 1 0 0 1 0 0 1 0 0 1 0 0 1 0 0 1 0 0 1 0 0 1 0 0 1 0 0 1 0 0 1 0 0 1 0 0 1 0 0 1 0 0 1 0 0 1 0 0 1 0 0 1 0 0 1 0 0 1 0 0 1 0 0 1 0 0 1 0 0 1 0 0 1 0 0 1 0 0 1 0 0 1 0 0 1 0 0 1 0 0 1 0 0 1 0 0 1 0 0 1 0 0 1 0 0 1 0 0 1 0 0 1 0 0 1 0 0 1 0 0 1 0 0 1 0 0 -0.8658403 -0.2347866 0.4418097 -0.8658894 -0.4577661 0.2017072 -0.865931 -0.4843342 -0.1248356 -0.8652831 -0.4683582 -0.178678 -0.8652831 -0.4683582 -0.1786778 -0.8633369 -0.4973893 -0.08516639 -0.8652831 -0.4913797 -0.09915208 -0.8656474 -0.4998303 -0.02871346 -0.8645368 -0.5022832 -0.01696437 -0.865965 -0.4999447 0.01264667 -0.8652831 -0.49695 0.06577116 -0.8652831 -0.49695 0.06577128 -0.8652831 -0.4793468 0.1466695 -0.8649122 -0.479083 0.1496882 -0.8660216 -0.4879374 0.1091954 -0.8629198 -0.444032 0.2412571 -0.8652831 -0.4486682 0.2235667 -0.8655678 -0.4104989 0.2868505 -0.8646678 -0.4066091 0.2949889 -0.8659917 -0.3848441 0.3193014 -0.8652831 -0.351766 0.3571357 -0.8652831 -0.3517661 0.3571357 -0.8652831 -0.2881855 0.4101637 -0.8645322 -0.2840527 0.4146062 -0.8660104 -0.3157094 0.3877547 -0.8624932 -0.1997692 0.4649706 -0.8652831 -0.2167446 0.4520033 -0.8654805 -0.1449694 0.4795075 -0.8648361 -0.1396053 0.482254 -0.8660103 -0.1046847 0.4889451 -0.865283 -0.0582354 0.4978893 -0.8652831 -0.0582354 0.4978894 -0.8643867 0.1069123 0.49133 -0.8657835 0.08901214 0.4924385 -0.8652831 0.02450871 0.5006841 -0.864143 0.03350514 0.5021299 -0.8659915 -0.008024275 0.4999945 -0.865965 0.3031528 0.3977475 -0.8652831 0.2598541 0.4286736 -0.8652831 0.2598541 0.4286736 -0.8660216 0.2203484 0.4488354 -0.8650413 0.1859073 0.4659851 -0.8653857 0.1829353 0.4665216 -0.8658895 0.1293261 0.483229 -0.8637446 0.3375252 0.3741953 -0.8652831 0.3268672 0.3800566 -0.8657191 0.3747538 0.331798 -0.8644431 0.386076 0.3219993 -0.8659311 0.40058 0.299498 -0.8652831 0.4325608 0.2533305 -0.8652831 0.4325609 0.2533304 1 0 0 1 0 0 1 0 0 1 0 0 1 0 0 1 0 0 1 0 0 1 0 0 1 0 0 1 0 0 1 0 0 1 0 0 1 0 0 1 0 0 1 0 0 1 0 0 1 0 0 1 0 0 1 0 0 1 0 0 1 0 0 1 0 0 1 0 0 1 0 0 1 0 0 1 0 0 1 0 0 1 0 0 1 0 0 1 0 0 1 0 0 1 0 0 1 0 0 1 0 0 1 0 0 1 0 0 1 0 0 1 0 0 1 0 0 1 0 0 1 0 0 1 0 0 1 0 0 1 0 0 1 0 0 1 0 0 1 0 0 1 0 0 1 0 0 1 0 0 1 0 0 1 0 0 1 0 0 1 0 0 1 0 0 1 0 0 1 0 0 1 0 0 1 0 0 1 0 0 1 0 0 1 0 0 1 0 0 1 0 0 1 0 0 1 0 0 0 -0.934318 -0.3564407 0 -0.934318 -0.3564407 0 -0.9802431 -0.1977965 0 -0.9802431 -0.1977965 0 -0.9994301 -0.0337553 0 -0.9994301 -0.0337553 0 -0.9913552 0.1312055 0 -0.9913552 0.1312055 0 -0.9562386 0.2925879 0 -0.9562386 0.2925879 0 -0.8950387 0.4459885 0 -0.8950387 0.4459885 0 -0.8094238 0.587225 0 -0.8094238 0.587225 0 -0.7017306 0.7124424 0 -0.7017306 0.7124424 0 -0.5748953 0.818227 0 -0.5748953 0.818227 0 -0.4323793 0.9016919 0 -0.4323793 0.9016919 0 -0.2780682 0.9605613 0 -0.2780682 0.9605613 0 -0.1161726 0.993229 0 -0.1161726 0.993229 0 0.04889196 0.998804 0 0.04889196 0.998804 0 0.2126225 0.9771344 0 0.2126225 0.9771344 0 0.3705543 0.9288108 0 0.3705543 0.9288108 0 0.5183774 0.855152 0 0.5183774 0.855152 0 0.6520606 0.7581669 0 0.6520606 0.7581669 0 0.7679578 0.6405005 0 0.7679578 0.6405005 0 0.8629065 0.5053637 0 0.8629065 0.5053637 -1 0 0 -1 0 0 -1 0 0 -1 0 0 -1 0 0 -1 0 0 -1 0 0 -1 0 0 -1 0 0 -1 0 0 -1 0 0 -1 0 0 -1 0 0 -1 0 0 -1 0 0 -1 0 0 -1 0 0 -1 0 0 -1 0 0 -1 0 0 -1 0 0 -1 0 0 -1 0 0 -1 0 0 -1 0 0 -1 0 0 -1 0 0 -1 0 0 -1 0 0 -1 0 0 -1 0 0 -1 0 0 -1 0 0 -1 0 0 -1 0 0 -1 0 0 -1 0 0 -1 0 0 -1 0 0 -1 0 0 -1 0 0 -1 0 0 -1 0 0 -1 0 0 -1 0 0 -1 0 0 -1 0 0 -1 0 0 0 0.8629066 0.5053633 -0.004264295 0.8476036 0.530613 0 0.800898 0.5988008 0 0.748714 0.6628932 -0.005483865 0.7082756 0.7059148 0 0.6697858 0.7425544 -0.00109589 0.5334445 0.8458343 -0.004383087 0.5183725 0.8551437 0 0.6061788 0.7953285 -0.004752039 0.3318507 0.94332 0 0.3650628 0.9309829 0 0.4406911 0.8976588 0 -0.0160467 0.9998713 0 0.06657803 0.9977812 -0.005361855 0.1136217 0.9935097 0 0.1778753 0.984053 0 0.2585304 0.9660031 -0.003105401 -0.1161722 0.9932243 -0.002070307 -0.1103054 0.9938956 0 -0.209359 0.9778389 0 -0.2893933 0.9572103 -0.005117952 -0.3286985 0.9444211 0 -0.3947473 0.9187898 0 -0.4692725 0.8830534 -0.005117893 -0.5306108 0.8476001 0 -0.5651918 0.8249596 0 -0.6313858 0.775469 -0.002070367 -0.7059238 0.7082846 -0.003105401 -0.7017273 0.7124389 -0.005361914 -0.8458227 0.5334372 0 -0.8196994 0.5727939 0 -0.7695986 0.6385281 -0.004752099 -0.9433199 0.3318507 0 -0.9151011 0.4032245 0 -0.8786782 0.4774147 0 -0.9996803 0.02528804 -0.004383027 -0.9913457 0.1312044 -0.001095831 -0.9935233 0.1136233 0 -0.975862 0.2183879 0 -0.9544942 0.2982292 0 -0.998354 -0.05735188 -0.005483865 -0.9938827 -0.1103039 0 -0.9856553 -0.1687712 0 -0.9683517 -0.2495895 -0.004264235 -0.9444249 -0.3286998 0 -0.9343179 -0.356441 0 -0.9582297 -0.2859998 0 -0.9582297 -0.2859998 0 -0.9997093 0.02410691 0 -0.9997093 0.02410691 0 -0.9433306 0.3318543 0 -0.9433306 0.3318543 0 -0.7946122 0.6071174 0 -0.7946122 0.6071174 0 -0.5681115 0.8229516 0 -0.5681115 0.8229516 0 -0.2859998 0.9582297 0 -0.2859998 0.9582297 0 0.02410691 0.9997093 0 0.02410691 0.9997093 0 0.3318543 0.9433306 0 0.3318543 0.9433306 0 0.6071174 0.7946122 0 0.6071174 0.7946122 0 0.8229516 0.5681115 0 0.8229516 0.5681115 0 0.9582297 0.2859998 0 0.9582297 0.2859998 0 0.9997093 -0.02410691 0 0.9997093 -0.02410691 0 0.9433306 -0.3318543 0 0.9433306 -0.3318543 0 0.7946122 -0.6071174 0 0.7946122 -0.6071174 0 0.5681115 -0.8229516 0 0.5681115 -0.8229516 0 0.2859998 -0.9582297 0 0.2859998 -0.9582297 0 -0.02410691 -0.9997093 0 -0.02410691 -0.9997093 0 -0.3318543 -0.9433306 0 -0.3318543 -0.9433306 0 -0.6071174 -0.7946122 0 -0.6071174 -0.7946122 0 -0.8229516 -0.5681115 0 -0.8229516 -0.5681115 0 -0.8629066 -0.5053633 -0.004264295 -0.8476036 -0.530613 0 -0.800898 -0.5988008 0 -0.748714 -0.6628932 -0.005483865 -0.7082756 -0.7059148 0 -0.6697858 -0.7425544 -0.00109589 -0.5334445 -0.8458343 -0.004383087 -0.5183725 -0.8551437 0 -0.6061788 -0.7953285 -0.004752039 -0.3318507 -0.94332 0 -0.3650628 -0.9309829 0 -0.4406911 -0.8976588 0 0.0160467 -0.9998713 0 -0.06657803 -0.9977812 -0.005361855 -0.1136217 -0.9935097 0 -0.1778753 -0.984053 0 -0.2585304 -0.9660031 -0.003105401 0.1161722 -0.9932243 -0.002070307 0.1103054 -0.9938956 0 0.209359 -0.9778389 0 0.2893933 -0.9572103 -0.005117952 0.3286985 -0.9444211 0 0.3947473 -0.9187898 0 0.4692725 -0.8830534 -0.005117893 0.5306108 -0.8476001 0 0.5651918 -0.8249596 0 0.6313858 -0.775469 -0.002070367 0.7059238 -0.7082846 -0.003105401 0.7017273 -0.7124389 -0.005361914 0.8458227 -0.5334372 0 0.8196994 -0.5727939 0 0.7695986 -0.6385281 -0.004752099 0.9433199 -0.3318507 0 0.9151011 -0.4032245 0 0.8786782 -0.4774147 0 0.9996803 -0.02528804 -0.004383027 0.9913457 -0.1312044 -0.001095831 0.9935233 -0.1136233 0 0.975862 -0.2183879 0 0.9544942 -0.2982292 0 0.998354 0.05735188 -0.005483865 0.9938827 0.1103039 0 0.9856553 0.1687712 0 0.9683517 0.2495895 -0.004264235 0.9444249 0.3286998 0 0.9343179 0.356441 0 0.934318 0.3564407 0 0.934318 0.3564407 0 0.9802431 0.1977965 0 0.9802431 0.1977965 0 0.9994301 0.0337553 0 0.9994301 0.0337553 0 0.9913552 -0.1312055 0 0.9913552 -0.1312055 0 0.9562386 -0.2925879 0 0.9562386 -0.2925879 0 0.8950387 -0.4459885 0 0.8950387 -0.4459885 0 0.8094238 -0.587225 0 0.8094238 -0.587225 0 0.7017306 -0.7124424 0 0.7017306 -0.7124424 0 0.5748953 -0.818227 0 0.5748953 -0.818227 0 0.4323793 -0.9016919 0 0.4323793 -0.9016919 0 0.2780682 -0.9605613 0 0.2780682 -0.9605613 0 0.1161726 -0.993229 0 0.1161726 -0.993229 0 -0.04889196 -0.998804 0 -0.04889196 -0.998804 0 -0.2126225 -0.9771344 0 -0.2126225 -0.9771344 0 -0.3705543 -0.9288108 0 -0.3705543 -0.9288108 0 -0.5183774 -0.855152 0 -0.5183774 -0.855152 0 -0.6520606 -0.7581669 0 -0.6520606 -0.7581669 0 -0.7679578 -0.6405005 0 -0.7679578 -0.6405005 0 -0.8629065 -0.5053637 0 -0.8629065 -0.5053637 -0.8658403 0.2347866 -0.4418097 -0.8658894 0.4577661 -0.2017072 -0.865931 0.4843342 0.1248356 -0.8652831 0.4683582 0.178678 -0.8652831 0.4683582 0.1786778 -0.8633369 0.4973893 0.08516639 -0.8652831 0.4913797 0.09915208 -0.8656474 0.4998303 0.02871346 -0.8645368 0.5022832 0.01696437 -0.865965 0.4999447 -0.01264667 -0.8652831 0.49695 -0.06577116 -0.8652831 0.49695 -0.06577128 -0.8652831 0.4793468 -0.1466695 -0.8649122 0.479083 -0.1496882 -0.8660216 0.4879374 -0.1091954 -0.8629198 0.444032 -0.2412571 -0.8652831 0.4486682 -0.2235667 -0.8655678 0.4104989 -0.2868505 -0.8646678 0.4066091 -0.2949889 -0.8659917 0.3848441 -0.3193014 -0.8652831 0.351766 -0.3571357 -0.8652831 0.3517661 -0.3571357 -0.8652831 0.2881855 -0.4101637 -0.8645322 0.2840527 -0.4146062 -0.8660104 0.3157094 -0.3877547 -0.8624932 0.1997692 -0.4649706 -0.8652831 0.2167446 -0.4520033 -0.8654805 0.1449694 -0.4795075 -0.8648361 0.1396053 -0.482254 -0.8660103 0.1046847 -0.4889451 -0.865283 0.0582354 -0.4978893 -0.8652831 0.0582354 -0.4978894 -0.8643867 -0.1069123 -0.49133 -0.8657835 -0.08901214 -0.4924385 -0.8652831 -0.02450871 -0.5006841 -0.864143 -0.03350514 -0.5021299 -0.8659915 0.008024275 -0.4999945 -0.865965 -0.3031528 -0.3977475 -0.8652831 -0.2598541 -0.4286736 -0.8652831 -0.2598541 -0.4286736 -0.8660216 -0.2203484 -0.4488354 -0.8650413 -0.1859073 -0.4659851 -0.8653857 -0.1829353 -0.4665216 -0.8658895 -0.1293261 -0.483229 -0.8637446 -0.3375252 -0.3741953 -0.8652831 -0.3268672 -0.3800566 -0.8657191 -0.3747538 -0.331798 -0.8644431 -0.386076 -0.3219993 -0.8659311 -0.40058 -0.299498 -0.8652831 -0.4325608 -0.2533305 -0.8652831 -0.4325609 -0.2533304 0 -0.8476111 -0.5306179 0 -0.8476111 -0.5306179 0 -0.7082862 -0.7059254 0 -0.7082862 -0.7059254 0 -0.5334451 -0.8458347 0 -0.5334451 -0.8458347 0 -0.331854 -0.9433308 0 -0.331854 -0.9433308 0 -0.1136233 -0.9935239 0 -0.1136233 -0.9935239 0 0.1103052 -0.9938977 0 0.1103052 -0.9938977 0 0.3287028 -0.9444335 0 0.3287028 -0.9444335 0 0.5306179 -0.8476111 0 0.5306179 -0.8476111 0 0.7059254 -0.7082862 0 0.7059254 -0.7082862 0 0.8458347 -0.5334451 0 0.8458347 -0.5334451 0 0.9433308 -0.331854 0 0.9433308 -0.331854 0 0.9935239 -0.1136233 0 0.9935239 -0.1136233 0 0.9938977 0.1103052 0 0.9938977 0.1103052 0 0.9444335 0.3287028 0 0.9444335 0.3287028 1 0 0 1 0 0 1 0 0 1 0 0 1 0 0 1 0 0 1 0 0 1 0 0 1 0 0 1 0 0 1 0 0 1 0 0 4.51085e-5 0.5618414 0.8272449 5.24284e-5 0.8647258 -0.5022443 0 0.09646123 0.9953367 0.001983046 0.1132028 0.9935699 1.49294e-4 0.7193398 0.6946584 -1.36079e-5 0.5598944 0.8285639 0.003378391 0.4067344 0.9135403 0.006291508 0.4203201 0.9073541 -6.05608e-4 0.2372362 0.9714518 0.1462556 0.7232789 0.6748902 -8.63343e-4 0.7226626 0.6912004 6.42532e-5 0.8488422 0.5286462 0.001467883 0.8906484 0.4546903 0.008093893 0.9999392 0.007497727 0.009287774 0.9999569 0 3.05958e-4 0.9917221 -0.1284019 1.9892e-4 0.990875 0.1347846 -7.03303e-5 0.982621 0.1856235 -1.70292e-5 0.9271838 0.3746066 0.03608232 0.9744939 0.2214941 0.0165351 0.9478656 0.3182411 1.69349e-4 0.8523049 -0.5230453 0.001457452 0.8901326 -0.4556995 0.01652783 0.9481737 -0.3173226 0.00436753 0.9271751 -0.374603 2.61758e-6 0.9771355 -0.212617 -3.98552e-6 0.9823883 -0.1868512 -7.63038e-4 0.8058695 -0.5920927 0.008731424 0.7193124 -0.6946319 0.005192458 0.6998294 -0.7142912 0.005081117 0.4139983 -0.9102635 0.009751856 0.4462041 -0.894878 0.01536595 0.4831105 -0.8754245 2.32463e-4 0.4067367 -0.9135454 -4.09106e-5 0.5995316 -0.8003511 0.001359224 0.63475 -0.7727164 -1.89738e-4 0.7193398 -0.6946583 -0.03680104 0.8037527 -0.5938243 -0.01517903 0.7426126 -0.6695493 -0.003231227 0.6641023 -0.7476348 5.52128e-5 0.6008307 -0.7993763 -2.99164e-4 0.4067366 -0.9135454 -0.01908034 0.4804096 -0.8768367 -0.01224923 0.4467372 -0.8945814 -0.01526957 0.9998835 0 -0.003242909 0.9974551 -0.07122451 3.31438e-5 0.9849452 -0.1728671 -6.84484e-5 0.9271839 -0.3746066 -0.0370571 0.9641232 -0.2628558 -0.009359776 0.9206985 -0.3901624 -7.40751e-4 0.8684712 0.4957391 -0.007836639 0.9170002 0.3988098 -0.01318734 0.9271032 0.374574 0.001049935 0.96976 0.2440583 -0.001229345 0.995774 0.09182941 -3.09514e-4 0.6619889 0.7495136 -0.0202797 0.7556687 0.65464 -0.009004831 0.7193107 0.6946302 1.18487e-4 0.8148068 0.5797327 1.88213e-4 0.8466522 0.5321466 0 0.113203 0.9935719 -0.003341138 0.09642899 0.9953343 1.88662e-4 0.2144001 0.9767459 -0.002020299 0.4067358 0.9135435 -0.01298499 0.374653 0.9270742 -0.001119613 0.5221073 0.8528792 0 0.113203 -0.9935719 0 0.113203 -0.9935719 0 0.3744077 -0.9272642 -0.006568312 0.4152245 -0.9096953 0.8556954 0.05858027 0.5141535 0.8556954 0.05858033 0.5141534 0.8529039 0.2123442 0.4769328 0.8164817 0.1913729 0.5447331 0.8564187 0.260923 0.4454956 0.852904 0.3755443 0.3626588 0.8325883 0.3792661 0.4036756 0.8568984 0.4181666 0.301433 0.8529039 0.4840531 0.1955701 0.8465902 0.4901932 0.2073538 0.8571376 0.5039649 0.1064641 0.8529039 0.522068 0 0.8529039 0.522068 0 0.8571375 0.5039649 -0.1064641 0.8478664 0.4916021 -0.1986202 0.8536033 0.479766 -0.2029431 0.8568984 0.4181666 -0.301433 0.84013 0.3901591 -0.3767723 0.8556954 0.05858033 -0.5141535 0.8556954 0.05858027 -0.5141535 0.8557598 0.1714862 -0.4881267 0.8361316 0.2231068 -0.5011061 0.8564187 0.260923 -0.4454956 0.8548081 0.3553361 -0.3782055 0.7235851 -0.07387381 0.6862705 0.9266621 -1.49952e-6 0.3758952 0.8876268 -0.002058506 0.4605588 0.8725951 -0.03035008 0.4875004 0.8227694 2.512e-4 0.5683753 0.7705802 -4.07037e-4 0.6373429 0.9557182 3.86883e-5 0.2942832 0.9675052 -0.02147787 0.2519372 0.9853329 -5.8645e-5 0.1706429 0.9965055 5.94731e-5 0.0835269 0.9997964 -0.02018249 0 0.9990317 9.48767e-6 -0.04399669 0.9675669 -0.01827156 -0.2519533 0.9736695 -0.002658486 -0.2279486 0.9912721 -1.79652e-7 -0.1318318 0.8724864 -0.03420531 -0.4874397 0.9020801 -2.60199e-4 -0.4315684 0.9380761 1.18243e-4 -0.3464295 0.7251535 -0.03378212 -0.6877581 0.7893009 -1.49554e-4 -0.6140065 0.8398139 3.98378e-4 -0.5428743 0 -1 0 0 -1 0 1.48361e-5 -1 2.52496e-5 0 -1 5.31136e-5 2.64978e-6 -1 1.09555e-5 5.53655e-6 -1 1.10128e-6 0 -1 0 1.48538e-5 -1 -2.52164e-5 -2.18448e-5 -1 4.24592e-5 1.06927e-5 -1 7.14465e-6 5.94496e-6 -1 -1.18252e-6 4.74872e-6 -1 -2.93738e-6 -1.15355e-5 -1 -2.75319e-5 0 -1 0 3.20925e-5 -1 2.90256e-5 4.61754e-6 -1 -6.91064e-6 6.48505e-5 -1 3.41271e-5 1.62134e-5 -1 -1.08334e-5 1.83978e-5 -1 -9.76804e-6 -3.59862e-5 -1 -6.12449e-5 3.10695e-5 -1 -2.81003e-5 4.40654e-6 -1 6.59485e-6 5.52928e-5 -1 -2.78751e-5 -1.9123e-6 -1 3.44305e-5 2.31312e-7 -1 4.98274e-5 2.67679e-5 -1 -6.48783e-5 -1.05738e-5 -1 2.67763e-5 2.5789e-5 -1 6.15511e-5 3.91383e-6 -1 -2.66906e-5 0 -1 -7.24101e-5 0 -1 0 0 -1 0 0 -1 0 0 -1 0 0 -1 0 0 -1 0 0 -1 0 0 -1 0 0 -1 0 0 -1 0 0 -1 0 0 -1 0 0 -1 0 0 -1 0 0 -1 0 0 -1 0 0 -1 0 0.7659084 -0.6297969 -0.1293838 0.7872495 -0.6150277 -0.04448735 0.8804265 -0.4670323 -0.08203697 0.8705309 -0.4905321 -0.03942364 0.8095554 -0.5868639 0.01452314 0.9444928 -0.3285191 -0.002946615 0.9362059 -0.3514519 5.26119e-6 0.9152693 -0.4028425 -2.61401e-5 0.9622989 -0.2705884 -0.02761995 0.9688211 -0.2410532 -0.05726182 0.9834088 -0.1813933 -0.001916289 0.9939444 0.1098845 3.4373e-6 0.9998336 0 -0.01824039 0.9960042 0.04003638 -0.07983005 0.9975247 -0.07029479 0.00177735 0.9422295 0.3349681 3.47987e-5 0.9696196 0.2412519 -0.04043751 0.9671511 0.2485675 -0.05322396 0.9869568 0.1609857 -1.29708e-5 0.7696228 0.6328511 -0.08473724 0.7958568 0.60505 -0.02294611 0.8212591 0.5698498 0.02836906 0.8800301 0.4668221 -0.08731544 0.8875827 0.4573517 -0.05501192 0.9211512 0.389205 -4.50559e-5 0 0 -1 0 0 -1 0 0 -1 0 0 -1 0 0 -1 0 0 -1 0 0 -1 0 0 -1 0 0 -1 0 0 -1 0 0 -1 0 0 -1 0 0 -1 0 0 -1 0 0 -1 0 0 -1 1.57691e-5 -1.5228e-5 -1 4.53251e-5 2.80206e-5 -1 0 0 -1 9.058e-6 6.90658e-5 -1 4.36979e-5 -2.70147e-5 -1 2.9891e-5 -1.21947e-5 -1 1.69502e-5 1.63686e-5 -1 -3.16165e-5 7.08378e-5 -1 9.76145e-7 3.94388e-7 -1 4.75412e-6 -3.89675e-6 -1 2.10489e-5 -2.71424e-5 -1 1.26127e-5 1.39952e-5 -1 2.42229e-5 3.06032e-5 -1 9.53932e-7 -3.85414e-7 -1 -1.63692e-5 -4.71158e-5 -1 -5.9829e-6 -3.19119e-5 -1 -8.08077e-6 -6.16146e-5 -1 -4.75212e-6 -4.50212e-5 -1 1.1606e-5 0 -1 1.79469e-5 6.78706e-5 -1 -7.07813e-6 -2.85447e-5 -1 -4.1768e-6 1.84339e-5 -1 1.03985e-5 -2.47296e-5 -1 1.1112e-5 -2.91367e-5 -1 0 0 -1 0 0 -1 0 0 -1 0 0 -1 0 0 -1 0.7235851 0.07387381 -0.6862705 0.9266621 1.49952e-6 -0.3758952 0.8876268 0.002058506 -0.4605588 0.8725951 0.03035008 -0.4875004 0.8227694 -2.512e-4 -0.5683753 0.7705802 4.07037e-4 -0.6373429 0.9557182 -3.86883e-5 -0.2942832 0.9675052 0.02147787 -0.2519372 0.9853329 5.8645e-5 -0.1706429 0.9965055 -5.94731e-5 -0.0835269 0.9997964 0.02018249 0 0.9990317 -9.48767e-6 0.04399669 0.9675669 0.01827156 0.2519533 0.9736695 0.002658486 0.2279486 0.9912721 1.79652e-7 0.1318318 0.8724864 0.03420531 0.4874397 0.9020801 2.60199e-4 0.4315684 0.9380761 -1.18243e-4 0.3464295 0.7251535 0.03378212 0.6877581 0.7893009 1.49554e-4 0.6140065 0.8398139 -3.98378e-4 0.5428743 0 1 0 0 1 0 0 1 0 0 1 0 0 1 0 0 1 0 0 1 0 0 1 0 0 1 0 0 1 0 0 1 -5.31136e-5 2.64978e-6 1 -1.09555e-5 5.53655e-6 1 -1.10128e-6 0 1 0 0 1 0 3.10695e-5 1 2.81003e-5 4.40654e-6 1 -6.59485e-6 1.48538e-5 1 2.52164e-5 -2.18448e-5 1 -4.24592e-5 1.06927e-5 1 -7.14465e-6 -1.9123e-6 1 -3.44305e-5 5.52928e-5 1 2.78751e-5 1.83978e-5 1 9.76804e-6 1.62134e-5 1 1.08334e-5 6.48505e-5 1 -3.41271e-5 4.61754e-6 1 6.91064e-6 3.20925e-5 1 -2.90256e-5 0 1 0 0 1 0 0 1 0 0 1 0 0 1 0 0 1 0 0 1 0 0 1 0 0 1 0 2.31312e-7 1 -4.98274e-5 2.67679e-5 1 6.48783e-5 -1.05738e-5 1 -2.67763e-5 -3.59862e-5 1 6.12449e-5 1.48361e-5 1 -2.52496e-5 5.94496e-6 1 1.18252e-6 4.74872e-6 1 2.93738e-6 -1.15355e-5 1 2.75319e-5 2.5789e-5 1 -6.15511e-5 3.91383e-6 1 2.66906e-5 0 1 7.24101e-5 0.7027135 0.1112986 0.7027135 0.7027136 0.3230018 0.633927 0.7027136 0.5030873 0.5030873 0.7027136 0.6339271 0.3230017 0.7027135 0.7027135 0.1112987 0.7027135 0.7027135 -0.1112987 0.7027136 0.6339271 -0.3230017 0.7027136 0.5030873 -0.5030873 0.7027136 0.3230018 -0.6339271 0.7027135 0.1112986 -0.7027135 0.7071064 0 0.7071073 0.7070595 0 0.707154 0.7071065 0 0.7071071 0.7071077 1.70372e-7 0.7071058 0.7071048 -3.4535e-7 0.7071087 0.7071087 9.74385e-7 0.7071049 0.7071068 0 0.7071068 0.7071021 -5.78647e-6 0.7071115 0.7071074 0 0.7071061 0.7071068 9.00747e-7 0.7071068 0.7071064 -1.07634e-6 0.7071071 0.7071067 1.62449e-7 0.7071069 0.707103 0 -0.7071107 0.7071066 0 -0.7071071 0.7071068 0 -0.7071068 0.707107 2.41615e-6 -0.7071067 0.7071066 -1.89856e-7 -0.707107 0.7071065 -5.96588e-7 -0.7071071 0.7071068 2.66873e-7 -0.7071068 0.7071067 1.21231e-7 -0.7071069 0.7071052 -4.60192e-7 -0.7071084 0.7071068 0 -0.7071068 0.7071081 1.84304e-7 -0.7071055 0.707103 0 0.7071107 0.7071065 0 0.707107 0.7071068 0 0.7071068 0.7071067 1.88009e-7 0.707107 0.7071078 -1.23514e-6 0.7071058 0.7071067 -1.21231e-7 0.7071069 0.7071068 0 0.7071068 0.707107 -2.41615e-6 0.7071067 0.7071065 1.20976e-6 0.7071071 0.7071096 -1.26102e-6 0.707104 0.7071052 2.02308e-7 0.7071084 0.7071083 -2.02381e-7 0.7071053 0.7071064 0 -0.7071073 0.7070595 0 -0.707154 0.7071065 0 -0.7071071 0.7071077 -1.57091e-7 -0.7071059 0.7071055 2.37197e-7 -0.7071081 0.7071075 -3.53642e-7 -0.7071061 0.7071058 4.8847e-7 -0.7071078 0.7071076 -1.19301e-6 -0.7071061 0.7071071 0 -0.7071065 0.7071068 -5.24779e-7 -0.7071068 0.7071055 2.6151e-6 -0.7071081 0.7071068 -3.03872e-7 -0.7071068 0.7027135 -0.7027135 0.1112987 0.7027136 -0.6339271 0.3230017 0.7027136 -0.5030873 0.5030873 0.7027136 -0.3230018 0.6339271 0.7027135 -0.1112986 0.7027135 0.7027135 -0.1112986 -0.7027135 0.7027136 -0.3230018 -0.633927 0.7027136 -0.5030873 -0.5030873 0.7027136 -0.6339271 -0.3230017 0.7027135 -0.7027135 -0.1112987 1 0 0 1 0 0 1 0 0 1 0 0 0 0.1119647 -0.9937122 0 0.1119647 -0.9937122 0 0.3302791 -0.9438833 0 0.3302791 -0.9438833 0 0.532032 -0.8467243 0 0.532032 -0.8467243 0 0.7071068 -0.7071068 0 0.7071068 -0.7071068 0 0.8467243 -0.532032 0 0.8467243 -0.532032 0 0.9438833 -0.3302791 0 0.9438833 -0.3302791 0 0.9937122 -0.1119647 0 0.9937122 -0.1119647 0 0.9937122 0.1119647 0 0.9937122 0.1119647 0 0.9438833 0.3302791 0 0.9438833 0.3302791 0 0.8467243 0.532032 0 0.8467243 0.532032 0 0.7071068 0.7071068 0 0.7071068 0.7071068 0 0.532032 0.8467243 0 0.532032 0.8467243 0 0.3302791 0.9438833 0 0.3302791 0.9438833 0 0.1119647 0.9937122 0 0.1119647 0.9937122 1 0 0 1 0 0 1 0 0 1 0 0 1 0 0 1 0 0 1 0 0 1 0 0 1 0 0 1 0 0 1 0 0 1 0 0 1 0 0 1 0 0 1 0 0 1 0 0 1 0 0 1 0 0 1 0 0 1 0 0 1 0 0 1 0 0 1 0 0 1 0 0 1 0 0 1 0 0 1 0 0 1 0 0 1 0 0 1 0 0 1 0 0 1 0 0 1 0 0 1 0 0 1 0 0 1 0 0 1 0 0 1 0 0 1 0 0 1 0 0 1 0 0 1 0 0 1 0 0 1 0 0 1 0 0 1 0 0 -0.1019142 0.8527035 0.5123575 -0.1019142 0.8527036 0.5123572 -0.2488137 0.8558062 0.4535278 -0.3927209 0.7073341 0.5877488 -0.695937 0.7046338 0.1384298 -0.3319883 0.8562981 0.395648 -0.4018766 0.8559139 0.3254331 -0.5892382 0.7055393 0.3937166 -0.4572106 0.856209 0.2405503 -0.4950144 0.856017 0.1489822 -0.514407 0.8561145 0.04953134 -0.514407 0.8561145 -0.04953134 -0.6959371 0.7046338 -0.1384298 -0.4950144 0.856017 -0.1489822 -0.4572106 0.856209 -0.2405503 -0.5892382 0.7055393 -0.3937166 -0.1019143 0.8527035 -0.5123575 -0.1019142 0.8527036 -0.5123572 -0.2488137 0.8558062 -0.4535278 -0.3927209 0.7073342 -0.5877488 -0.3319883 0.8562981 -0.395648 -0.4018766 0.8559139 -0.3254331 0.2079183 0.827699 -0.5212336 0.05361384 0.8807366 -0.4705621 0.07546418 0.8547229 -0.5135697 -0.7098039 -0.1340032 0.6915357 -0.1950816 -0.009516596 -0.9807409 -0.1132037 0 -0.9935718 -0.7771459 -6.42209e-4 -0.6293201 -0.7821736 -0.001590907 -0.6230586 -0.642787 0.001644015 -0.7660431 -0.6637787 -0.001525402 -0.7479275 -0.4809877 0.001869976 -0.8767253 -0.5479587 -0.008294463 -0.8364643 -0.3705006 0.005859851 -0.9288138 -0.942577 -0.01538228 0.3336346 -0.8848944 0.014499 0.465566 -0.9737928 -0.008413493 0.2272812 -0.9575713 -6.28593e-4 0.2881959 -0.9891552 3.28296e-4 0.146874 -0.9953917 -0.003016948 0.0958445 -0.9999731 0.002398014 0.006930053 -0.995392 -0.002926349 -0.09584456 -0.9901525 3.74151e-4 -0.1399922 -0.9575713 -6.2846e-4 -0.2881959 -0.974343 -0.00871545 -0.2248995 -0.8848844 0.01525813 -0.4655607 -0.9429983 -0.01537102 -0.3324424 -0.8759326 5.04875e-4 -0.4824331 -0.6427877 7.6156e-4 0.766044 -0.5860434 -0.007264733 0.8102471 -0.7770713 0.01387941 0.6292596 -0.7237037 -0.00245428 0.6901064 -0.8735152 0.001127719 0.4867956 -0.1950904 0 0.9807853 -0.03562331 -0.04103767 0.9985224 -0.1562988 -0.0155403 0.9875876 -0.4809084 0.01825249 0.8765808 -0.328178 -0.02155447 0.9443699 -0.4850072 -7.91292e-4 0.8745097 -0.1019142 -0.8527035 -0.5123575 -0.1019142 -0.8527036 -0.5123572 -0.2488137 -0.8558062 -0.4535278 -0.3927209 -0.7073341 -0.5877488 -0.695937 -0.7046338 -0.1384298 -0.3319883 -0.8562981 -0.395648 -0.4018766 -0.8559139 -0.3254331 -0.5892382 -0.7055393 -0.3937166 -0.4572106 -0.856209 -0.2405503 -0.4950144 -0.856017 -0.1489822 -0.514407 -0.8561145 -0.04953134 -0.514407 -0.8561145 0.04953134 -0.6959371 -0.7046338 0.1384298 -0.4950144 -0.856017 0.1489822 -0.4572106 -0.856209 0.2405503 -0.5892382 -0.7055393 0.3937166 -0.1019143 -0.8527035 0.5123575 -0.1019142 -0.8527036 0.5123572 -0.2488137 -0.8558062 0.4535278 -0.3927209 -0.7073342 0.5877488 -0.3319883 -0.8562981 0.395648 -0.4018766 -0.8559139 0.3254331 -0.2148004 -0.7984961 -0.5623742 0.1968086 -0.8341246 -0.5152694 0.1130194 -0.8570597 -0.5026683 0.05092602 -0.8562417 -0.5140591 0.04230612 -0.8633902 -0.5027599 -0.05193066 -0.850011 -0.5241989 -0.06015819 -0.8567174 -0.5122658 -0.1327268 -0.8565 -0.4987898 -0.08607316 0 0.9962888 -0.1950758 0.01224172 0.9807118 -0.2560881 0.003224849 0.9666481 -0.4193025 -0.002031207 0.9078443 -0.4809856 0.003445804 0.8767217 -0.5516685 -9.40731e-4 0.8340629 -0.7771461 6.86857e-5 0.6293203 -0.8258287 0.0102024 0.5638288 -0.6426841 -0.0179733 0.7659205 -0.7837954 0.02369552 0.620567 -0.7308739 0.01178133 0.682411 -0.6717442 0.003734052 0.7407739 -0.6174339 7.80739e-4 0.7866224 -0.8491319 -7.43563e-4 -0.5281804 -0.9128103 0.005261361 -0.4083501 -0.8849784 -0.004514575 -0.4656101 -0.9640325 0.003520667 -0.2657611 -0.9575712 6.38222e-4 -0.2881959 -0.9835296 -1.03546e-4 -0.1807475 -0.995395 0.001617848 -0.09584486 -0.9971496 -5.33463e-4 -0.07544761 -0.9953961 6.02153e-4 0.09584492 -0.995341 5.33563e-4 0.09641629 -0.9575713 -6.15082e-4 0.2881959 -0.9660312 0.003606259 0.2584004 -0.8849799 -0.004123508 0.4656109 -0.9094303 0.004241645 0.4158349 -0.8542397 -1.96377e-5 0.5198795 -0.7177391 0.008139133 -0.6962646 -0.7979419 0.001091361 -0.6027333 -0.7771422 0.00316447 -0.6293171 -0.6427661 -0.00823158 -0.7660182 -0.4809866 0.002781927 -0.8767235 -0.5406703 1.21332e-5 -0.8412345 -0.6183928 -1.74199e-5 -0.7858691 -0.1950904 0 -0.9807853 -0.09856575 0.01929789 -0.9949434 -0.3568028 -0.006895959 -0.9341542 0 -0.1564341 0.9876884 0 -0.1564341 0.9876884 0 -0.4539903 0.8910066 0 -0.4539903 0.8910066 0 -0.7071067 0.7071067 0 -0.7071067 0.7071067 0 -0.8910067 0.4539902 0 -0.8910067 0.4539902 0 -0.9876884 0.1564342 0 -0.9876884 0.1564342 0 0.9876884 0.1564342 0 0.9876884 0.1564342 0 0.8910067 0.4539902 0 0.8910067 0.4539902 0 0.7071067 0.7071067 0 0.7071067 0.7071067 0 0.4539903 0.8910066 0 0.4539903 0.8910066 0 0.1564341 0.9876884 0 0.1564341 0.9876884 0 -0.9876884 -0.1564342 0 -0.9876884 -0.1564342 0 -0.8910067 -0.4539902 0 -0.8910067 -0.4539902 0 -0.7071067 -0.7071067 0 -0.7071067 -0.7071067 0 -0.4539903 -0.8910066 0 -0.4539903 -0.8910066 0 -0.1564341 -0.9876884 0 -0.1564341 -0.9876884 0 0.1564341 -0.9876884 0 0.1564341 -0.9876884 0 0.4539903 -0.8910066 0 0.4539903 -0.8910066 0 0.7071067 -0.7071067 0 0.7071067 -0.7071067 0 0.8910067 -0.4539902 0 0.8910067 -0.4539902 0 0.9876884 -0.1564342 0 0.9876884 -0.1564342 -1 0 0 -1 0 0 -1 0 0 -1 0 0 -1 0 0 -1 0 0 -1 0 0 -1 0 0 -1 0 0 -1 0 0 -1 0 0 -1 0 0 -1 0 0 -1 0 0 -1 0 0 -1 0 0 -1 0 0 -1 0 0 -1 0 0 -1 0 0 -1 0 0 -1 0 0 1 0 0 1 0 0 1 0 0 1 0 0 1 0 0 1 0 0 1 0 0 1 0 0 1 0 0 1 0 0 1 0 0 1 0 0 1 0 0 1 0 0 1 0 0 1 0 0 1 0 0 1 0 0 1 0 0 1 0 0 1 0 0 1 0 0 1 0 0 1 0 0 1 0 0 1 0 0 1 0 0 1 0 0 1 0 0 1 0 0 1 0 0 1 0 0 1 0 0 1 0 0 1 0 0 1 0 0 1 0 0 1 0 0 1 0 0 1 0 0 1 0 0 1 0 0 1 0 0 1 0 0 1 0 0 1 0 0 1 0 0 1 0 0 1 0 0 1 0 0 1 0 0 1 0 0 1 0 0 1 0 0 1 0 0 1 0 0 1 0 0 1 0 0 1 0 0 1 0 0 1 0 0 1 0 0 1 0 0 1 0 0 0 0 -1 0 0 -1 0 0 -1 0 -1 0 0 -1 0 0 0 1 0 0 1 0 0 1 0 1 0 0 1 0 1 0 0 1 0 0 0.7071068 0.7071068 0 0.7071068 0.7071068 0 0.7071131 0.7071006 0 0.7071067 0.707107 0 0.7071067 0.707107 2.66109e-7 0.7071043 0.7071093 3.16428e-6 0.7071058 0.7071077 1.86593e-6 0.7071068 0.7071068 7.58044e-7 0.7071064 0.7071071 -3.93498e-7 0.7071071 0.7071065 8.83794e-7 0.7071062 0.7071074 0 0.7071067 0.7071069 0 0.7071059 0.7071077 -2.27684e-7 0.7071091 0.7071045 5.95646e-7 0.7071064 0.7071071 0 0.7071062 0.7071074 0 0.7071063 0.7071072 0 0.7071065 0.707107 0 0.7071067 0.7071069 0 0.7071059 0.7071077 2.19262e-7 0.7071071 0.7071065 -6.58798e-7 0.7071067 0.7071068 -1.34122e-7 0.7071064 0.7071071 1.97908e-7 0.7071068 0.7071068 -7.58044e-7 0.7071058 0.7071077 -1.86593e-6 0.707108 0.7071056 0 -0.1950904 0 -0.9807853 -0.1950904 0 -0.9807853 -0.55557 0 -0.8314698 -0.55557 0 -0.8314698 -0.8314695 0 -0.5555705 -0.8314695 0 -0.5555705 -0.9807854 0 -0.1950893 -0.9807854 0 -0.1950893 -0.9807854 0 0.1950893 -0.9807854 0 0.1950893 -0.8314695 0 0.5555705 -0.8314695 0 0.5555705 -0.55557 0 0.8314698 -0.55557 0 0.8314698 -0.1950904 0 0.9807853 -0.1950904 0 0.9807853 -0.9953371 -0.09645766 -3.75097e-5 -0.03228205 -0.9994788 0 -0.1132029 -0.9935706 0.001639425 -0.5552535 -0.8316813 -8.83187e-6 -0.4625326 -0.8866011 0.001456439 -0.4067303 -0.9135315 0.005528867 -0.3067516 -0.9517896 4.03342e-5 -0.1459783 -0.9892879 -3.89783e-5 -0.9271839 -0.3746067 7.44342e-5 -0.6856403 -0.7166101 0.127935 -0.7070603 -0.7071533 6.67094e-5 -0.8224881 -0.5684729 0.01876068 -0.71934 -0.6946581 1.68864e-5 -0.9084762 -0.4179368 -1.27605e-5 -0.9703198 -0.2412343 0.01689749 -0.9951936 0.09722274 0.01172035 -1 0 -3.19849e-5 -0.976737 0.2144404 4.09883e-6 -0.9271808 0.3746055 0.002518296 -0.9285407 0.3712193 0.002903223 -0.6927309 0.7121446 0.1139034 -0.587702 0.8090775 3.99037e-6 -0.7173954 0.6966641 0.001706421 -0.7193387 0.6946566 0.001995027 -0.8272249 0.561871 1.60254e-5 -0.8531892 0.5216016 -2.36211e-5 -0.1132031 0.9935719 0 -0.08149087 0.9966715 0.002260804 -0.2425979 0.9701263 -0.00100398 -0.4067326 0.9135367 0.004382967 -0.4022458 0.9155191 0.004808545 -0.5259624 0.8505078 -1.35868e-5 0.7071131 -0.7071006 0 0.7071068 -0.7071068 0 0.7071068 -0.7071068 0 0.7071067 -0.707107 0 0.7071067 -0.707107 -2.66109e-7 0.707108 -0.7071056 0 0.7071058 -0.7071077 -1.86593e-6 0.7071068 -0.7071068 -7.58044e-7 0.7071064 -0.7071071 3.93498e-7 0.7071071 -0.7071065 -8.83794e-7 0.7071062 -0.7071074 0 0.7071067 -0.7071069 0 0.7071059 -0.7071077 2.27684e-7 0.7071091 -0.7071045 -5.95646e-7 0.7071064 -0.7071071 0 0.7071062 -0.7071074 0 0.7071063 -0.7071072 0 0.7071065 -0.707107 0 0.7071067 -0.7071069 0 0.7071059 -0.7071077 -2.19262e-7 0.7071071 -0.7071065 6.58798e-7 0.7071067 -0.7071068 1.34122e-7 0.7071064 -0.7071071 -1.97908e-7 0.7071068 -0.7071068 7.58044e-7 0.7071058 -0.7071077 1.86593e-6 0.7071043 -0.7071093 3.16428e-6 -0.1950904 0 0.9807853 -0.1950904 0 0.9807853 -0.55557 0 0.8314698 -0.55557 0 0.8314698 -0.8314695 0 0.5555705 -0.8314695 0 0.5555705 -0.9807854 0 0.1950893 -0.9807854 0 0.1950893 -0.9807854 0 -0.1950893 -0.9807854 0 -0.1950893 -0.8314695 0 -0.5555705 -0.8314695 0 -0.5555705 -0.55557 0 -0.8314698 -0.55557 0 -0.8314698 -0.1950904 0 -0.9807853 -0.1950904 0 -0.9807853 0 -0.8931785 0.4497023 0.0051288 -0.8801268 0.4747111 -0.00155729 -0.8451947 0.5344562 -8.23229e-6 -0.8303278 0.5572752 5.37722e-6 -0.816117 0.5778867 0.002632975 -0.7730913 0.6342893 0.01138204 -0.7931995 0.6088553 -0.009252488 -0.7083845 0.705766 0.005300521 -0.7536303 0.6572771 0.002714455 -0.4783766 0.8781506 -1.3414e-5 -0.5338714 0.8455657 1.33768e-5 -0.560343 0.8282607 -0.001674115 -0.5923618 0.8056703 0.004817783 -0.6374976 0.7704374 -5.5913e-5 -0.6665585 0.7454527 3.69902e-5 -0.7174864 0.6965726 0 -0.01745265 0.9998477 -0.001942336 -0.06721317 0.9977368 0.003287494 -0.1136622 0.9935141 -1.43701e-5 -0.1630764 0.9866135 8.35486e-6 -0.2083632 0.9780516 -8.43906e-4 -0.2300798 0.9731714 0.002931118 -0.3015869 0.9534342 -2.38333e-5 -0.3225122 0.9465653 6.84659e-6 -0.3915815 0.9201435 2.37105e-4 -0.3862571 0.9223912 -9.29133e-4 -0.4595525 0.8881502 -0.03477686 -0.2888441 -0.9567443 0.04220724 -0.3138009 -0.9485502 -0.03115952 -0.2377181 -0.9708343 -0.018211 -0.2439451 -0.969618 -0.001377463 -0.3269762 -0.9450316 1.70729e-4 -0.353614 -0.9353914 3.85893e-4 -0.3930152 -0.9195319 -0.008567392 -0.3848986 -0.9229192 0.01522129 -0.4685854 -0.8832871 -0.02871221 -0.1044252 -0.9941182 -0.0396282 -0.09941065 -0.9942571 0.02737146 -0.1680516 -0.9853981 -2.03995e-4 -0.1483924 -0.9889285 1.78184e-4 -0.1936908 -0.9810626 -0.04257583 0.0698719 -0.996647 -0.005681335 0.04105561 -0.9991407 0.003558039 -0.01907789 -0.9998116 0.008022427 -0.02407658 -0.9996778 -0.005571603 -0.06418728 -0.9979224 0.002986311 0.2873194 -0.9578302 -0.01126903 0.3154784 -0.9488658 1.46924e-4 0.3380022 -0.9411453 -0.003253519 0.2345198 -0.9721059 -0.02788501 0.2132849 -0.9765921 -0.009694457 0.2266178 -0.9739356 9.42154e-5 0.1903083 -0.9817244 1.62889e-6 0.1576198 -0.9874998 -0.001173198 0.1593824 -0.9872163 0.001590967 0.1047192 -0.9945005 0 0.4041961 -0.9146723 1.98897e-4 0.3622237 -0.9320912 -0.001568436 0.376798 -0.9262941 7.32336e-4 0.3843186 -0.9232003 -0.003169 0.4604635 -0.887673 -5.20306e-4 0.4616754 -0.8870489 0 0.8931785 -0.4497023 0.0051288 0.8801268 -0.4747111 -0.002538025 0.8397239 -0.5430077 0.00403732 0.7999636 -0.600035 5.559e-5 0.7019138 -0.7122619 0.01237505 0.7500556 -0.661259 -0.01277613 0.6926262 -0.7211837 0.008535146 0.7822561 -0.6228985 0 0.7553222 -0.6553536 0 0.8146575 -0.5799424 -2.2625e-5 0.6499095 -0.7600117 0.002319216 0.6203637 -0.7843109 -0.003398776 0.5800337 -0.8145855 5.59506e-5 0.5465716 -0.8374123 -1.11958e-4 0.4637932 -0.8859436 -0.01277613 -0.6926262 -0.7211837 0.008535146 -0.7822561 -0.6228985 0.001214265 -0.7252426 -0.6884924 1.769e-6 -0.6687723 -0.7434673 -2.13787e-5 -0.6203653 -0.784313 -0.002050876 -0.6115885 -0.7911733 6.9041e-4 -0.5465716 -0.8374122 1.87206e-5 -0.5363399 -0.844002 -5.90663e-5 -0.4637931 -0.8859436 -5.17797e-4 -0.4614014 -0.8871913 0 -0.4041961 -0.9146723 0 -0.7553222 -0.6553536 0 -0.8146575 -0.5799424 0.00403732 -0.7999636 -0.600035 -0.006911695 -0.8639401 -0.5035472 0.004835188 -0.8418794 -0.539644 -0.003642559 -0.9020022 -0.431716 0 -0.8931785 -0.4497023 0.3068732 0.3846938 -0.8705398 0.3499096 0.824499 0.4447074 0.2931652 0.9033895 0.3129565 0.2923457 0.8905478 0.3485091 0.2912251 0.848563 0.4417338 0.2911418 0.9522756 0.09169346 0.3145772 0.9491099 0.0152142 0.3045125 0.9508587 0.05603456 0.2966539 0.94927 0.1043205 0.2924101 0.9440088 0.1527867 0.2923707 0.9390489 0.1808497 0.2911663 0.9172763 0.2717098 0.306666 0.9267825 0.2168644 0.2980721 0.9174942 0.2633581 0.2927209 0.9446469 -0.1481778 0.2971 0.9495451 -0.1004772 0.2986988 0.9499538 -0.09146994 0.2936596 0.9546557 -0.04895526 0.292352 0.956241 -0.01155173 0.2912737 0.8485499 -0.4417271 0.2923054 0.8928255 -0.3426665 0.2939635 0.9070504 -0.301405 0.2995236 0.9195591 -0.2543554 0.2960018 0.9158524 -0.2712881 0.2923213 0.934509 -0.2030795 0.2923647 0.9396581 -0.1776674 0.2945106 0.3247829 -0.8987656 0.307094 0.07687795 -0.948569 0.2985716 0.1221522 -0.9465378 0.2935593 0.1679111 -0.9410785 0.2923367 0.2031742 -0.9344836 0.2912356 0.3035499 -0.9072151 0.3083093 0.2405355 -0.9203739 0.3006814 0.2758973 -0.9129466 0.2938801 0.1247624 -0.9476649 0.2914891 0.0166943 -0.9564284 0.2922769 0.02546191 -0.9559947 0.2923309 0.01668977 0.9561716 0.2923018 0.3688949 -0.882313 0.2918345 0.4436036 -0.8473774 0.2960359 0.4703517 -0.8313435 0.2922296 0.5227128 -0.8008578 0.2919166 0.5933446 -0.7501513 0.2963432 0.6202757 -0.7262498 0.3497612 0.8245477 -0.4447337 0.2911545 0.8483318 -0.4422241 0.292128 0.7791216 -0.5546448 0.29653 0.7474092 -0.5945162 0.2919919 0.7224057 -0.6267939 0.2921822 0.6624559 -0.6897694 0.2911492 0.8484247 0.4420493 0.2923411 0.7940543 0.5329302 0.2940419 0.7480111 0.5949949 0.2914978 0.7395196 0.6067451 0.2923392 0.6774676 0.6749634 0.2941135 0.6207232 0.7267737 0.2915078 0.6098172 0.7369846 0.2923372 0.5358646 0.7920784 0.2941839 0.4706334 0.8318414 0.2915177 0.4576002 0.8400116 0.2923352 0.3744755 0.8799478 0.2942533 0.3032567 0.906339 0.2915276 0.288488 0.9120232 0.2923331 0.1992611 0.9353268 0.2943217 0.1247448 0.9475302 0.2915374 0.1087252 0.9503604 0.2923309 0.01669031 0.9561716 0 0.1132032 0.9935718 0.1772913 0.2189958 0.9594835 0 0.3314555 0.9434708 0 0.6234899 0.7818315 0.2506048 0.6628788 0.7055416 0 0.5053886 0.8628919 0 0.9784062 -0.2066912 0.04808491 0.9988432 0 0.04808491 0.9988433 0 0 0.9784062 0.2066912 0 0.9009689 0.4338839 0.1535841 0.9100642 0.3849611 0 0.8112094 0.5847557 0 0.9209913 -0.3895833 0.1212475 0.8943217 -0.4306828 0 0.8112094 -0.5847557 0 0.6847289 -0.7287979 0.1639622 0.6150519 -0.7712506 0 0.5053886 -0.8628919 0 0.2225209 -0.9749279 0.3337973 0.1067104 -0.9365854 0 0.3314555 -0.9434708 0 -0.1132032 -0.9935718 0.1772913 -0.2189958 -0.9594835 0 -0.3314555 -0.9434708 0 -0.6234899 -0.7818315 0.2506048 -0.6628788 -0.7055416 0 -0.5053886 -0.8628919 0 -0.9784062 0.2066912 0.04808491 -0.9988432 0 0.04808491 -0.9988433 0 0 -0.9784062 -0.2066912 0 -0.9009689 -0.4338839 0.1535841 -0.9100642 -0.3849611 0 -0.8112094 -0.5847557 0 -0.9209913 0.3895833 0.1212475 -0.8943217 0.4306828 0 -0.8112094 0.5847557 0 -0.6847289 0.7287979 0.1639622 -0.6150519 0.7712506 0 -0.5053886 0.8628919 0 -0.2225209 0.9749279 0.3337973 -0.1067104 0.9365854 0 -0.3314555 0.9434708 0.2923309 -0.01669031 0.9561716 0.2923521 -0.01156991 -0.9562407 0.2925555 -0.01668858 -0.956103 0.2919405 -0.04868447 -0.9551966 0.2952564 -0.09986603 -0.9501845 0.2987598 -0.1245648 -0.9461639 0.29513 -0.1494053 -0.9437035 0.2924107 -0.3554842 -0.8877651 0.2966527 -0.3041635 -0.9052523 0.3040661 -0.258215 -0.916989 0.2923353 -0.3034435 -0.906897 0.2923712 -0.2193083 -0.9308184 0.2922915 -0.1940112 -0.936443 0.2935132 -0.8622793 -0.4127038 0.2965963 -0.847098 -0.4409712 0.2931652 -0.9033895 -0.3129565 0.2923457 -0.8905478 -0.3485091 0.2923545 -0.8811824 -0.371546 0.2911418 -0.9522756 -0.09169346 0.3145772 -0.9491099 -0.0152142 0.3045125 -0.9508587 -0.05603456 0.2966539 -0.94927 -0.1043205 0.2924101 -0.9440088 -0.1527867 0.2923707 -0.9390489 -0.1808497 0.2911663 -0.9172763 -0.2717098 0.306666 -0.9267825 -0.2168644 0.2980721 -0.9174942 -0.2633581 0.2927209 -0.9446469 0.1481778 0.2971 -0.9495451 0.1004772 0.2986988 -0.9499538 0.09146994 0.2936596 -0.9546557 0.04895526 0.292352 -0.956241 0.01155173 0.2912737 -0.8485499 0.4417271 0.2923054 -0.8928255 0.3426665 0.2939635 -0.9070504 0.301405 0.2995236 -0.9195591 0.2543554 0.2960018 -0.9158524 0.2712881 0.2923213 -0.934509 0.2030795 0.2923647 -0.9396581 0.1776674 0.2923309 -0.01668989 0.9561715 0.2915374 -0.1087252 0.9503604 0.2943217 -0.1247448 0.9475302 0.2923331 -0.1992611 0.9353268 0.2915276 -0.288488 0.9120232 0.2942533 -0.3032567 0.906339 0.2923352 -0.3744755 0.8799478 0.2915177 -0.4576002 0.8400116 0.2941839 -0.4706334 0.8318414 0.2923372 -0.5358646 0.7920784 0.2915078 -0.6098172 0.7369846 0.2941135 -0.6207232 0.7267737 0.3497612 -0.8245477 0.4447337 0.2911545 -0.8483318 0.4422241 0.2923411 -0.7940542 0.5329301 0.2940419 -0.748011 0.5949949 0.2914978 -0.7395196 0.6067452 0.2923392 -0.6774676 0.6749632 0.2920606 -0.8262919 -0.481604 0.292128 -0.7791215 -0.5546448 0.29653 -0.7474092 -0.5945162 0.291992 -0.7224058 -0.6267939 0.2921822 -0.6624559 -0.6897694 0.2963432 -0.6202757 -0.7262498 0.2919166 -0.5933446 -0.7501513 0.2922296 -0.5227128 -0.8008578 0.2960359 -0.4703517 -0.8313435 0.2918345 -0.4436036 -0.8473773 0.2923707 -0.3865348 -0.8747059 0 0.8931785 0.4497023 0 0.01914614 0.9998167 -7.25512e-5 0.01745265 0.9998477 2.46833e-4 0.1015415 0.9948313 0.002048134 0.1136626 0.9935173 -5.16743e-6 0.178258 0.9839838 6.30462e-6 0.2083632 0.9780515 -0.00145787 0.2454948 0.9693968 0.003704249 0.3015862 0.9534317 1.22199e-4 0.560343 0.8282607 8.0906e-7 0.5500077 0.8351596 -1.74913e-5 0.4783784 0.8781539 0.002439498 0.4882247 0.8727145 -8.95122e-4 0.3915813 0.9201431 2.5371e-5 0.4032481 0.9150907 -3.66457e-5 0.3375722 0.9412997 0.0051288 0.8801267 0.4747111 -0.00155729 0.8451948 0.5344562 -8.23237e-6 0.8303278 0.5572752 5.37722e-6 0.816117 0.5778867 0.002632975 0.7730913 0.6342893 0.01138204 0.7931995 0.6088554 -0.009252488 0.7083846 0.7057661 6.29457e-5 0.7377383 0.6750867 -8.79691e-5 0.6375049 0.7704463 0.01412594 0.6780077 0.7349191 -0.002218365 0.6154437 0.7881778 0.1950901 0 -0.9807853 0.1950901 0 -0.9807853 0.55557 0 -0.8314698 0.55557 0 -0.8314698 0.8314695 0 -0.5555705 0.8314695 0 -0.5555705 0.9807854 0 -0.1950893 0.9807854 0 -0.1950893 0.9807854 0 0.1950893 0.9807854 0 0.1950893 0.8314695 0 0.5555705 0.8314695 0 0.5555705 0.55557 0 0.8314698 0.55557 0 0.8314698 0.1950901 0 0.9807853 0.1950901 0 0.9807853 0.9953371 0.09645766 -3.75097e-5 0.7193396 0.6946587 1.67897e-5 0.822483 0.5684804 0.0187596 0.9271842 0.3746057 7.44337e-5 0.9703198 0.2412342 0.01689738 0.9084762 0.4179368 -1.28816e-5 0.9951936 -0.09722274 0.01172035 1 0 -3.19849e-5 0.976737 -0.2144404 4.09883e-6 0.9271813 -0.3746045 0.002518296 0.9285407 -0.3712193 0.002903103 0.6927313 -0.7121449 0.113899 0.5876955 -0.8090821 3.91161e-6 0.7173947 -0.6966649 0.001706361 0.7193381 -0.6946573 0.001995027 0.8272364 -0.5618539 1.57865e-5 0.853186 -0.5216068 -2.38449e-5 0.1132029 -0.9935719 0 0.08149063 -0.9966716 0.002260804 0.2425979 -0.9701263 -0.00100398 0.4067326 -0.9135367 0.004382967 0.4022458 -0.9155191 0.004808545 0.5259641 -0.8505068 -1.36549e-5 0.03228181 0.9994788 0 0.1132028 0.9935706 0.001639425 0.560699 0.8280197 -6.3008e-6 0.7070609 0.7071526 6.67098e-5 0.6856412 0.7166095 0.1279332 0.5412047 0.8408908 2.19893e-4 0.4625326 0.8866011 0.001456439 0.4067303 0.9135315 0.005528867 0.3067516 0.9517896 4.03342e-5 0.1459783 0.9892879 -3.89783e-5 0.1950901 0 0.9807853 0.1950901 0 0.9807853 0.55557 0 0.8314698 0.55557 0 0.8314698 0.8314695 0 0.5555705 0.8314695 0 0.5555705 0.9807854 0 0.1950893 0.9807854 0 0.1950893 0.9807854 0 -0.1950893 0.9807854 0 -0.1950893 0.8314695 0 -0.5555705 0.8314695 0 -0.5555705 0.55557 0 -0.8314698 0.55557 0 -0.8314698 0.1950901 0 -0.9807853 0.1950901 0 -0.9807853 0.5678888 1.4113e-6 0.8231053 0.87838 -1.1212e-5 -0.4779631 0.5852363 -8.69439e-7 -0.8108629 0.4809894 6.37446e-6 -0.8767265 0.777145 1.50277e-5 -0.6293216 0.8322735 0.01163214 -0.5542431 0.6426336 -0.02190828 -0.7658603 0.775406 0.01990759 -0.6311492 0.6637786 0.00152558 -0.7479275 0.9717657 0.03693038 0.23304 0.8847552 -0.02295666 0.4654901 0.9800829 0.01207518 0.1982213 0.9575715 2.89966e-5 0.288196 0.9898524 -1.39236e-5 0.1420991 0.9953915 0.003017067 0.09584695 0.9999731 -0.002398192 0.006927371 0.9953917 0.00292617 -0.09584695 0.9908162 -1.60906e-5 -0.1352158 0.9575715 2.93274e-5 -0.288196 0.9800875 0.01207929 -0.1981983 0.8847551 -0.02295869 -0.4654902 0.9723025 0.03750598 -0.2306971 0.9429967 0.0153703 -0.332447 0.7098044 0.1339997 0.6915358 0.5885992 7.84129e-6 0.808425 0.7236222 0.003858685 0.6901855 0.6426634 -0.01968574 0.7658957 0.8287615 0.01084864 0.5594968 0.777145 3.39937e-5 0.6293216 0.8789057 -2.57235e-5 0.4769954 0.9425761 0.01538205 0.3336371 0.1950902 0 0.9807853 0.03562307 0.04103773 0.9985224 0.1562988 0.0155403 0.9875876 0.4809093 -0.01825255 0.8765804 0.328178 0.02155458 0.9443699 0.4850074 7.91426e-4 0.8745097 0.5364094 0.007327437 -0.8439261 0.3568028 -0.006895959 -0.9341542 0.1950809 0.009753048 -0.9807387 0.09858387 0 -0.9951288 0.1019141 -0.8527035 0.5123575 0.1019141 -0.8527036 0.5123573 0.2488142 -0.8558062 0.4535275 0.3927193 -0.7073372 0.5877463 0.6959318 -0.7046392 0.1384288 0.3319869 -0.8562995 0.3956462 0.4018738 -0.8559155 0.3254321 0.5892382 -0.7055393 0.3937166 0.4572083 -0.856211 0.2405478 0.4950111 -0.856019 0.1489812 0.514407 -0.8561144 0.04953259 0.514407 -0.8561144 -0.04953259 0.6959319 -0.7046392 -0.1384288 0.4950111 -0.856019 -0.1489812 0.4572083 -0.856211 -0.2405478 0.5892382 -0.7055393 -0.3937166 0.1019142 -0.8527035 -0.5123575 0.1019141 -0.8527036 -0.5123573 0.2488142 -0.8558062 -0.4535275 0.3927193 -0.7073372 -0.5877464 0.3319869 -0.8562995 -0.3956462 0.4018738 -0.8559156 -0.325432 0.6717465 -0.00373435 0.7407717 0.9575715 -9.20306e-6 0.288196 0.9648444 -0.003449082 0.2627993 0.8849809 0.004123151 0.4656089 0.9094312 -0.004242002 0.4158328 0.8542329 1.98662e-5 0.5198906 0.777145 -6.84705e-5 0.6293216 0.8258287 -0.0102024 0.5638288 0.6426841 0.0179733 0.7659205 0.7837976 -0.0236963 0.6205641 0.7308712 -0.01178097 0.6824137 0.9620493 -0.02746129 -0.2714906 0.8847559 0.02292811 -0.4654905 0.9800665 -0.01206529 -0.1983027 0.9575715 -2.9779e-5 -0.2881959 0.9844098 4.35765e-6 -0.1758904 0.9953947 -0.001617789 -0.09584724 0.9971493 5.33193e-4 -0.07545304 0.9953958 -6.02474e-4 0.09584736 0.9953407 -5.33849e-4 0.09641897 0.9824535 4.16067e-7 0.1865081 0.7177404 -0.008139431 -0.6962633 0.7893171 -0.02553486 -0.6134545 0.6426838 0.01799929 -0.7659201 0.8258458 -0.01020914 -0.5638035 0.777145 -7.595e-5 -0.6293216 0.8575648 2.68055e-5 -0.5143758 0.9128103 -0.005261361 -0.4083501 0.4809875 -0.002781987 -0.8767231 0.5406703 -1.22656e-5 -0.8412345 0.6183928 1.72695e-5 -0.7858693 0.1950902 0 -0.9807853 0.1131882 -0.0163992 -0.9934383 0.3705006 0.005859851 -0.9288138 0.08607292 0 0.9962888 0.1950756 -0.01224172 0.9807118 0.6174275 -7.80567e-4 0.7866274 0.5516703 9.40687e-4 0.8340618 0.4809865 -0.003445923 0.8767212 0.4193025 0.002031207 0.9078443 0.2560881 -0.003224849 0.9666481 -0.06312257 0.8554578 -0.5140112 -0.05753177 0.8612301 -0.5049484 -0.1966654 0.8474967 -0.4930235 0.1019141 0.8527035 -0.5123575 0.1019141 0.8527036 -0.5123573 0.2488142 0.8558062 -0.4535275 0.3927193 0.7073372 -0.5877463 0.6959318 0.7046392 -0.1384288 0.3319869 0.8562995 -0.3956462 0.4018738 0.8559155 -0.3254321 0.5892382 0.7055393 -0.3937166 0.4572083 0.856211 -0.2405478 0.4950111 0.856019 -0.1489812 0.514407 0.8561144 -0.04953259 0.514407 0.8561144 0.04953259 0.6959319 0.7046392 0.1384288 0.4950111 0.856019 0.1489812 0.4572083 0.856211 0.2405478 0.5892382 0.7055393 0.3937166 0.1019142 0.8527035 0.5123575 0.1019141 0.8527036 0.5123573 0.2488142 0.8558062 0.4535275 0.3927193 0.7073372 0.5877464 0.3319869 0.8562995 0.3956462 0.4018738 0.8559156 0.325432 0 -0.1119647 0.9937122 0 -0.1119647 0.9937122 0 -0.3302791 0.9438833 0 -0.3302791 0.9438833 0 -0.532032 0.8467243 0 -0.532032 0.8467243 0 -0.7071068 0.7071068 0 -0.7071068 0.7071068 0 -0.8467243 0.532032 0 -0.8467243 0.532032 0 -0.9438833 0.3302791 0 -0.9438833 0.3302791 0 -0.9937122 0.1119647 0 -0.9937122 0.1119647 0 -0.9937122 -0.1119647 0 -0.9937122 -0.1119647 0 -0.9438833 -0.3302791 0 -0.9438833 -0.3302791 0 -0.8467243 -0.532032 0 -0.8467243 -0.532032 0 -0.7071068 -0.7071068 0 -0.7071068 -0.7071068 0 -0.532032 -0.8467243 0 -0.532032 -0.8467243 0 -0.3302791 -0.9438833 0 -0.3302791 -0.9438833 0 -0.1119647 -0.9937122 0 -0.1119647 -0.9937122 0.8556954 -0.05858027 -0.5141535 0.8556954 -0.05858033 -0.5141534 0.8529039 -0.2123442 -0.4769328 0.8164817 -0.1913729 -0.5447331 0.8564187 -0.260923 -0.4454956 0.852904 -0.3755443 -0.3626588 0.8325883 -0.3792661 -0.4036756 0.8568984 -0.4181666 -0.301433 0.8529039 -0.4840531 -0.1955701 0.8465902 -0.4901932 -0.2073538 0.8571376 -0.5039649 -0.1064641 0.8529039 -0.522068 0 0.8529039 -0.522068 0 0.8571375 -0.5039649 0.1064641 0.8478664 -0.4916021 0.1986202 0.8536033 -0.479766 0.2029431 0.8568984 -0.4181666 0.301433 0.84013 -0.3901591 0.3767723 0.8556954 -0.05858033 0.5141535 0.8556954 -0.05858027 0.5141535 0.8557598 -0.1714862 0.4881267 0.8361316 -0.2231068 0.5011061 0.8564187 -0.260923 0.4454956 0.8548081 -0.3553361 0.3782055 -3.31747e-5 -0.561847 0.8272412 0 -0.09646123 0.9953367 -0.002796113 -0.1132025 0.993568 -0.1462559 -0.723279 0.6748902 -5.41433e-4 -0.8858239 0.4640215 0.001166462 -0.722645 0.6912184 -2.02968e-4 -0.7193399 0.6946584 1.85032e-5 -0.5598922 0.8285655 -0.00461173 -0.4067323 0.9135357 -0.008875966 -0.4212918 0.9068818 8.52205e-4 -0.2371793 0.9714656 2.46325e-5 -0.9911178 -0.1329863 -0.01299315 -0.9999155 0 -0.01131808 -0.9999077 0.00751996 1.15245e-4 -0.9902533 0.1392785 2.37316e-5 -0.9271839 0.3746066 -0.04932236 -0.9732729 0.2242925 -0.02244877 -0.9471312 0.3200603 -3.64815e-6 -0.9771355 -0.2126173 -0.006072819 -0.9271667 -0.3745996 -0.02243906 -0.9474436 -0.3191348 -0.01159787 -0.7192915 -0.6946116 0.00102961 -0.8059704 -0.5919549 -0.001324772 -0.887893 -0.4600481 0 -0.113203 -0.9935719 0 -0.113203 -0.9935719 0 -0.3742809 -0.9273154 -0.007216334 -0.4197464 -0.9076128 -0.01743304 -0.4740639 -0.8803179 -2.99164e-4 -0.4067366 -0.9135454 7.2482e-5 -0.6095477 -0.7927494 -0.006695389 -0.6989743 -0.7151154 0.002507984 -0.6645613 -0.7472295 -4.28885e-5 -0.6008214 -0.7993832 2.32463e-4 -0.4067367 -0.9135454 0.01627701 -0.4876107 -0.8729095 0.007442057 -0.4314388 -0.9021115 7.9822e-4 -0.8722397 -0.489078 -1.27741e-5 -0.8466299 -0.5321822 1.40596e-4 -0.7193398 -0.6946583 0.02834719 -0.8070659 -0.5897806 0.01174682 -0.7442999 -0.6677422 0.01090759 -0.9999405 0 0.002324759 -0.9974625 -0.07115548 8.59627e-5 -0.9857604 -0.1681561 -1.85132e-5 -0.982206 -0.1878068 4.91171e-5 -0.9271839 -0.3746066 0.02718895 -0.9651165 -0.2604052 0.006917595 -0.9211074 -0.3892472 5.48673e-4 -0.8685216 0.495651 0.00579375 -0.9173532 0.398032 0.02788156 -0.9663938 0.2555494 -0.001128673 -0.9271833 0.3746064 -2.26455e-5 -0.9842898 0.1765606 8.818e-4 -0.9957774 0.0917961 2.27614e-4 -0.6619483 0.7495495 0.01568126 -0.7578478 0.6522429 0.006738543 -0.7193235 0.6946426 -8.77828e-5 -0.8147956 0.5797484 -1.39443e-4 -0.8466374 0.5321702 0 -0.113203 0.9935719 0.00237149 -0.09633648 0.995346 -1.34045e-4 -0.2144115 0.9767434 0.001436412 -0.4067363 0.9135445 0.009519636 -0.3734776 0.9275904 8.23223e-4 -0.5219755 0.8529601</float_array>
          <technique_common>
            <accessor source="#link_tip-mesh-normals-array" count="2292" stride="3">
              <param name="X" type="float"/>
              <param name="Y" type="float"/>
              <param name="Z" type="float"/>
            </accessor>
          </technique_common>
        </source>
        <vertices id="link_tip-mesh-vertices">
          <input semantic="POSITION" source="#link_tip-mesh-positions"/>
        </vertices>
        <triangles material="base-material" count="1716">
          <input semantic="VERTEX" source="#link_tip-mesh-vertices" offset="0"/>
          <input semantic="NORMAL" source="#link_tip-mesh-normals" offset="1"/>
          <p>111 142 112 142 113 142 113 143 112 143 114 143 113 144 114 144 55 144 55 145 114 145 115 145 55 146 115 146 56 146 116 147 117 147 118 147 118 148 117 148 119 148 118 149 119 149 111 149 111 150 119 150 120 150 111 151 120 151 112 151 121 152 122 152 123 152 123 153 122 153 124 153 123 154 124 154 125 154 126 155 127 155 128 155 128 156 127 156 129 156 128 157 129 157 116 157 116 158 129 158 130 158 116 159 130 159 117 159 124 160 131 160 125 160 125 161 131 161 132 161 125 162 132 162 133 162 133 163 132 163 134 163 133 164 134 164 135 164 135 165 134 165 136 165 135 166 136 166 126 166 126 167 136 167 137 167 126 168 137 168 127 168 65 169 138 169 66 169 66 170 138 170 139 170 66 171 139 171 67 171 67 172 139 172 140 172 67 173 140 173 121 173 121 174 140 174 141 174 121 175 141 175 122 175 115 176 142 176 56 176 56 177 142 177 143 177 56 178 143 178 57 178 57 179 143 179 144 179 57 180 144 180 58 180 61 181 145 181 62 181 62 182 145 182 146 182 62 183 146 183 63 183 146 184 147 184 63 184 63 185 147 185 148 185 63 186 148 186 64 186 64 187 148 187 149 187 64 188 149 188 65 188 65 189 149 189 150 189 65 190 150 190 138 190 144 191 151 191 58 191 58 192 151 192 152 192 58 193 152 193 59 193 59 194 152 194 153 194 59 195 153 195 60 195 60 196 153 196 154 196 60 197 154 197 61 197 61 198 154 198 155 198 61 199 155 199 145 199 115 200 86 200 85 200 115 201 85 201 142 201 142 202 85 202 91 202 142 203 91 203 143 203 143 204 91 204 90 204 143 205 90 205 144 205 144 206 90 206 88 206 144 207 88 207 151 207 151 208 88 208 99 208 151 209 99 209 152 209 152 210 99 210 98 210 152 211 98 211 153 211 153 212 98 212 107 212 153 213 107 213 154 213 154 214 107 214 106 214 154 215 106 215 155 215 155 216 106 216 105 216 155 217 105 217 145 217 145 218 105 218 103 218 145 219 103 219 146 219 146 220 103 220 101 220 146 221 101 221 147 221 147 222 101 222 110 222 147 223 110 223 148 223 148 224 110 224 109 224 148 225 109 225 149 225 149 226 109 226 108 226 149 227 108 227 150 227 150 228 108 228 95 228 150 229 95 229 138 229 138 230 95 230 93 230 138 231 93 231 139 231 139 232 93 232 92 232 139 233 92 233 140 233 140 234 92 234 71 234 140 235 71 235 141 235 141 236 71 236 70 236 141 237 70 237 122 237 122 238 70 238 69 238 122 239 69 239 124 239 124 240 69 240 68 240 124 241 68 241 131 241 131 242 68 242 73 242 131 243 73 243 132 243 132 244 73 244 72 244 132 245 72 245 134 245 134 246 72 246 80 246 134 247 80 247 136 247 136 248 80 248 79 248 136 249 79 249 137 249 137 250 79 250 78 250 137 251 78 251 127 251 127 252 78 252 75 252 127 253 75 253 129 253 129 254 75 254 74 254 129 255 74 255 130 255 130 256 74 256 83 256 130 257 83 257 117 257 117 258 83 258 82 258 117 259 82 259 119 259 119 260 82 260 81 260 119 261 81 261 120 261 120 262 81 262 77 262 120 263 77 263 112 263 112 264 77 264 76 264 112 265 76 265 114 265 114 266 76 266 86 266 114 267 86 267 115 267 34 308 89 308 32 308 186 340 174 340 187 340 187 341 174 341 176 341 187 342 176 342 188 342 189 343 166 343 190 343 190 344 166 344 168 344 190 345 168 345 191 345 191 346 168 346 170 346 191 347 170 347 186 347 186 348 170 348 172 348 186 349 172 349 174 349 192 350 160 350 193 350 193 351 160 351 162 351 193 352 162 352 189 352 189 353 162 353 164 353 189 354 164 354 166 354 176 355 178 355 188 355 188 356 178 356 180 356 188 357 180 357 194 357 194 358 180 358 182 358 194 359 182 359 195 359 195 360 182 360 184 360 195 361 184 361 196 361 197 362 198 362 199 362 199 363 198 363 200 363 199 364 200 364 201 364 201 365 200 365 156 365 201 366 156 366 192 366 192 367 156 367 158 367 192 368 158 368 160 368 202 369 203 369 204 369 204 370 203 370 205 370 204 371 205 371 206 371 206 372 205 372 207 372 206 373 207 373 208 373 184 374 209 374 196 374 196 375 209 375 210 375 196 376 210 376 211 376 211 377 210 377 212 377 211 378 212 378 202 378 202 379 212 379 213 379 202 380 213 380 203 380 207 381 214 381 208 381 208 382 214 382 215 382 208 383 215 383 216 383 216 384 215 384 217 384 216 385 217 385 197 385 197 386 217 386 218 386 197 387 218 387 198 387 326 543 327 543 328 543 328 544 327 544 329 544 328 545 329 545 330 545 330 546 329 546 331 546 330 547 331 547 332 547 333 548 334 548 335 548 335 549 334 549 336 549 335 550 336 550 337 550 337 551 336 551 338 551 337 552 338 552 339 552 338 553 340 553 339 553 339 554 340 554 341 554 339 555 341 555 342 555 342 556 341 556 343 556 342 557 343 557 326 557 326 558 343 558 344 558 326 559 344 559 327 559 345 560 346 560 347 560 347 561 346 561 348 561 347 562 348 562 333 562 333 563 348 563 349 563 333 564 349 564 334 564 350 565 351 565 352 565 352 566 351 566 353 566 352 567 353 567 354 567 354 568 353 568 355 568 354 569 355 569 345 569 345 570 355 570 356 570 345 571 356 571 346 571 331 572 357 572 332 572 332 573 357 573 358 573 332 574 358 574 359 574 359 575 358 575 360 575 359 576 360 576 361 576 362 577 363 577 364 577 364 578 363 578 365 578 364 579 365 579 350 579 350 580 365 580 366 580 350 581 366 581 351 581 360 582 367 582 361 582 361 583 367 583 368 583 361 584 368 584 369 584 369 585 368 585 370 585 369 586 370 586 371 586 371 587 370 587 372 587 371 588 372 588 362 588 362 589 372 589 373 589 362 590 373 590 363 590 195 637 354 637 194 637 194 638 354 638 345 638 194 639 345 639 188 639 188 640 345 640 347 640 188 641 347 641 187 641 187 642 347 642 333 642 187 643 333 643 186 643 186 644 333 644 335 644 186 645 335 645 191 645 191 646 335 646 337 646 191 647 337 647 190 647 190 648 337 648 339 648 190 649 339 649 189 649 189 650 339 650 342 650 189 651 342 651 193 651 193 652 342 652 326 652 193 653 326 653 192 653 192 654 326 654 328 654 192 655 328 655 201 655 201 656 328 656 330 656 201 657 330 657 199 657 199 658 330 658 332 658 199 659 332 659 197 659 197 660 332 660 359 660 197 661 359 661 216 661 216 662 359 662 361 662 216 663 361 663 208 663 208 664 361 664 369 664 208 665 369 665 206 665 206 666 369 666 371 666 206 667 371 667 204 667 204 668 371 668 362 668 204 669 362 669 202 669 202 670 362 670 364 670 202 671 364 671 211 671 211 672 364 672 350 672 211 673 350 673 196 673 196 674 350 674 352 674 196 675 352 675 195 675 195 676 352 676 354 676 374 678 331 678 329 678 424 840 425 840 426 840 427 841 428 841 429 841 429 842 428 842 430 842 431 843 432 843 433 843 427 844 429 844 426 844 426 845 429 845 431 845 426 846 431 846 424 846 424 847 431 847 433 847 424 848 433 848 434 848 430 849 435 849 429 849 429 850 435 850 436 850 429 851 436 851 437 851 438 852 439 852 440 852 441 853 442 853 443 853 444 854 445 854 446 854 446 855 445 855 447 855 448 856 449 856 450 856 450 857 449 857 451 857 450 858 451 858 447 858 447 859 451 859 452 859 447 860 452 860 446 860 453 861 449 861 454 861 454 862 449 862 448 862 454 863 448 863 455 863 455 864 448 864 456 864 457 865 458 865 459 865 459 866 458 866 460 866 459 867 460 867 461 867 457 868 462 868 458 868 458 869 462 869 463 869 458 870 463 870 448 870 448 871 463 871 464 871 448 872 464 872 456 872 465 873 466 873 467 873 467 874 468 874 465 874 465 875 468 875 469 875 465 876 469 876 460 876 460 877 469 877 470 877 460 878 470 878 461 878 466 879 465 879 471 879 471 880 465 880 472 880 471 881 472 881 473 881 474 882 475 882 476 882 475 883 477 883 476 883 476 884 477 884 478 884 476 885 478 885 472 885 472 886 478 886 479 886 472 887 479 887 473 887 443 888 442 888 480 888 480 889 442 889 481 889 480 890 481 890 482 890 482 891 483 891 480 891 480 892 483 892 484 892 480 893 484 893 485 893 485 894 484 894 486 894 485 895 486 895 487 895 488 896 489 896 490 896 490 897 491 897 488 897 488 898 491 898 492 898 488 899 492 899 443 899 443 900 492 900 493 900 443 901 493 901 441 901 494 902 495 902 496 902 496 903 495 903 497 903 496 904 497 904 489 904 489 905 497 905 498 905 489 906 498 906 490 906 439 907 499 907 440 907 440 908 499 908 500 908 440 909 500 909 496 909 496 910 500 910 501 910 496 911 501 911 494 911 502 912 503 912 504 912 504 913 505 913 502 913 502 914 505 914 506 914 502 915 506 915 440 915 440 916 506 916 507 916 440 917 507 917 438 917 508 918 509 918 476 918 476 919 509 919 485 919 476 920 485 920 474 920 474 921 485 921 487 921 445 922 510 922 447 922 447 923 510 923 511 923 447 924 511 924 450 924 511 925 512 925 450 925 450 926 512 926 513 926 450 927 513 927 448 927 513 928 514 928 448 928 448 929 514 929 515 929 448 930 515 930 458 930 515 931 516 931 458 931 458 932 516 932 517 932 458 933 517 933 460 933 517 934 518 934 460 934 460 935 518 935 519 935 460 936 519 936 465 936 519 937 520 937 465 937 465 938 520 938 521 938 465 939 521 939 472 939 522 940 508 940 523 940 523 941 508 941 476 941 523 942 476 942 524 942 524 943 476 943 472 943 524 944 472 944 525 944 525 945 472 945 521 945 526 946 527 946 528 946 529 947 530 947 531 947 531 948 530 948 532 948 531 949 532 949 528 949 528 950 532 950 533 950 528 951 533 951 526 951 529 952 531 952 534 952 534 953 531 953 535 953 534 954 535 954 536 954 536 955 535 955 537 955 537 956 535 956 538 956 537 957 538 957 539 957 540 958 541 958 538 958 538 959 541 959 542 959 538 960 542 960 539 960 543 961 544 961 540 961 540 962 544 962 545 962 540 963 545 963 541 963 546 964 547 964 543 964 543 965 547 965 548 965 543 966 548 966 544 966 527 967 549 967 528 967 528 968 549 968 531 968 550 969 551 969 552 969 553 970 554 970 555 970 556 971 557 971 558 971 558 972 557 972 553 972 549 973 559 973 560 973 556 974 561 974 557 974 557 975 561 975 562 975 557 976 562 976 563 976 552 977 551 977 553 977 553 978 551 978 564 978 553 979 564 979 565 979 560 980 559 980 566 980 566 981 559 981 567 981 566 982 567 982 568 982 568 983 567 983 569 983 568 984 569 984 552 984 552 985 569 985 570 985 552 986 570 986 550 986 571 987 572 987 573 987 573 988 572 988 563 988 573 989 563 989 574 989 574 990 563 990 562 990 555 991 575 991 553 991 553 992 575 992 576 992 553 993 576 993 558 993 565 994 577 994 553 994 553 995 577 995 578 995 553 996 578 996 554 996 579 997 580 997 581 997 581 998 580 998 582 998 581 999 582 999 571 999 571 1000 582 1000 583 1000 571 1001 583 1001 572 1001 560 1002 584 1002 549 1002 549 1003 584 1003 585 1003 549 1004 585 1004 531 1004 531 1005 585 1005 586 1005 531 1006 586 1006 535 1006 535 1007 586 1007 587 1007 535 1008 587 1008 538 1008 538 1009 587 1009 579 1009 538 1010 579 1010 540 1010 540 1011 579 1011 581 1011 540 1012 581 1012 543 1012 543 1013 581 1013 546 1013 588 1014 589 1014 590 1014 588 1015 590 1015 591 1015 592 1016 593 1016 590 1016 590 1017 593 1017 594 1017 590 1018 594 1018 591 1018 595 1019 596 1019 592 1019 592 1020 596 1020 597 1020 592 1021 597 1021 593 1021 595 1022 592 1022 598 1022 598 1023 592 1023 599 1023 598 1024 599 1024 600 1024 601 1025 602 1025 603 1025 601 1026 603 1026 599 1026 599 1027 603 1027 604 1027 599 1028 604 1028 600 1028 605 1029 606 1029 607 1029 605 1030 607 1030 601 1030 601 1031 607 1031 608 1031 601 1032 608 1032 602 1032 609 1033 610 1033 611 1033 611 1034 612 1034 609 1034 609 1035 612 1035 613 1035 609 1036 613 1036 605 1036 605 1037 613 1037 614 1037 605 1038 614 1038 606 1038 589 1039 615 1039 590 1039 590 1040 615 1040 616 1040 590 1041 616 1041 592 1041 592 1042 616 1042 617 1042 610 1043 609 1043 618 1043 618 1044 609 1044 605 1044 618 1045 605 1045 619 1045 619 1046 605 1046 601 1046 619 1047 601 1047 617 1047 617 1048 601 1048 599 1048 617 1049 599 1049 592 1049 620 1050 621 1050 622 1050 622 1051 621 1051 623 1051 622 1052 623 1052 589 1052 589 1053 623 1053 624 1053 589 1054 624 1054 615 1054 625 1055 626 1055 627 1055 627 1056 626 1056 628 1056 627 1057 628 1057 629 1057 630 1058 631 1058 632 1058 622 1059 633 1059 620 1059 620 1060 633 1060 634 1060 620 1061 634 1061 635 1061 635 1062 634 1062 636 1062 635 1063 636 1063 632 1063 632 1064 636 1064 637 1064 632 1065 637 1065 638 1065 639 1066 640 1066 641 1066 641 1067 640 1067 642 1067 641 1068 642 1068 625 1068 625 1069 642 1069 643 1069 625 1070 643 1070 626 1070 631 1071 644 1071 632 1071 632 1072 644 1072 645 1072 632 1073 645 1073 641 1073 641 1074 645 1074 646 1074 641 1075 646 1075 639 1075 638 1076 647 1076 632 1076 632 1077 647 1077 648 1077 632 1078 648 1078 630 1078 618 1079 649 1079 610 1079 610 1080 649 1080 650 1080 610 1081 650 1081 628 1081 628 1082 650 1082 651 1082 628 1083 651 1083 629 1083 652 1084 653 1084 654 1084 655 1085 656 1085 657 1085 657 1086 656 1086 658 1086 657 1087 658 1087 654 1087 654 1088 658 1088 659 1088 654 1089 659 1089 652 1089 655 1090 657 1090 660 1090 660 1091 657 1091 661 1091 660 1092 661 1092 662 1092 662 1093 661 1093 663 1093 663 1094 661 1094 664 1094 663 1095 664 1095 665 1095 666 1096 667 1096 664 1096 664 1097 667 1097 668 1097 664 1098 668 1098 665 1098 669 1099 670 1099 666 1099 666 1100 670 1100 671 1100 666 1101 671 1101 667 1101 672 1102 673 1102 669 1102 669 1103 673 1103 674 1103 669 1104 674 1104 670 1104 653 1105 675 1105 654 1105 654 1106 675 1106 657 1106 666 1107 676 1107 669 1107 669 1108 676 1108 672 1108 677 1109 661 1109 678 1109 678 1110 661 1110 657 1110 678 1111 657 1111 679 1111 679 1112 657 1112 675 1112 680 1113 681 1113 676 1113 676 1114 681 1114 682 1114 683 1115 684 1115 685 1115 686 1116 687 1116 688 1116 688 1117 687 1117 683 1117 681 1118 689 1118 682 1118 682 1119 689 1119 690 1119 682 1120 690 1120 691 1120 691 1121 690 1121 692 1121 686 1122 693 1122 687 1122 687 1123 693 1123 694 1123 687 1124 694 1124 692 1124 692 1125 694 1125 695 1125 692 1126 695 1126 691 1126 696 1127 697 1127 698 1127 698 1128 697 1128 699 1128 698 1129 699 1129 700 1129 700 1130 699 1130 701 1130 700 1131 701 1131 702 1131 702 1132 701 1132 703 1132 702 1133 703 1133 675 1133 675 1134 703 1134 704 1134 675 1135 704 1135 679 1135 680 1136 676 1136 705 1136 705 1137 676 1137 666 1137 705 1138 666 1138 677 1138 677 1139 666 1139 664 1139 677 1140 664 1140 661 1140 685 1141 706 1141 683 1141 683 1142 706 1142 707 1142 683 1143 707 1143 688 1143 696 1144 708 1144 697 1144 697 1145 708 1145 709 1145 697 1146 709 1146 683 1146 683 1147 709 1147 710 1147 683 1148 710 1148 711 1148 711 1149 712 1149 683 1149 683 1150 712 1150 713 1150 683 1151 713 1151 684 1151 714 1152 715 1152 716 1152 714 1153 716 1153 717 1153 718 1154 717 1154 716 1154 719 1155 718 1155 716 1155 720 1156 719 1156 716 1156 721 1157 722 1157 723 1157 721 1158 723 1158 724 1158 725 1159 724 1159 723 1159 726 1160 725 1160 723 1160 727 1161 726 1161 723 1161 728 1162 715 1162 729 1162 729 1163 715 1163 730 1163 728 1164 731 1164 715 1164 715 1165 731 1165 732 1165 715 1166 732 1166 733 1166 733 1167 734 1167 715 1167 715 1168 734 1168 735 1168 715 1169 735 1169 736 1169 737 1170 716 1170 738 1170 738 1171 716 1171 715 1171 738 1172 715 1172 739 1172 739 1173 715 1173 736 1173 740 1174 741 1174 727 1174 740 1175 727 1175 742 1175 723 1176 743 1176 727 1176 727 1177 743 1177 744 1177 727 1178 744 1178 745 1178 745 1179 746 1179 727 1179 727 1180 746 1180 747 1180 727 1181 747 1181 748 1181 748 1182 749 1182 727 1182 727 1183 749 1183 750 1183 727 1184 750 1184 742 1184 751 1185 730 1185 752 1185 751 1186 752 1186 753 1186 754 1187 755 1187 752 1187 755 1188 756 1188 752 1188 752 1189 756 1189 757 1189 752 1190 757 1190 758 1190 759 1191 760 1191 752 1191 752 1192 760 1192 761 1192 752 1193 761 1193 754 1193 758 1194 762 1194 752 1194 752 1195 762 1195 763 1195 752 1196 763 1196 753 1196 764 1197 765 1197 766 1197 766 1198 765 1198 741 1198 764 1199 767 1199 765 1199 765 1200 767 1200 768 1200 765 1201 768 1201 769 1201 769 1202 770 1202 765 1202 765 1203 770 1203 771 1203 765 1204 771 1204 772 1204 773 1205 774 1205 775 1205 775 1206 774 1206 765 1206 775 1207 765 1207 776 1207 776 1208 765 1208 772 1208 777 1209 778 1209 759 1209 777 1210 759 1210 779 1210 780 1211 779 1211 759 1211 781 1212 780 1212 759 1212 752 1213 781 1213 759 1213 782 1214 765 1214 774 1214 782 1215 774 1215 783 1215 784 1216 783 1216 774 1216 785 1217 784 1217 774 1217 786 1218 785 1218 774 1218 743 1219 723 1219 787 1219 787 1220 723 1220 788 1220 789 1221 774 1221 790 1221 790 1222 774 1222 773 1222 791 1223 792 1223 793 1223 793 1224 792 1224 794 1224 793 1225 794 1225 795 1225 795 1226 794 1226 796 1226 795 1227 796 1227 797 1227 797 1228 796 1228 798 1228 797 1229 798 1229 799 1229 799 1230 798 1230 800 1230 799 1231 800 1231 801 1231 801 1232 800 1232 802 1232 801 1233 802 1233 803 1233 803 1234 802 1234 804 1234 803 1235 804 1235 805 1235 805 1236 804 1236 806 1236 805 1237 806 1237 807 1237 807 1238 806 1238 808 1238 807 1239 808 1239 809 1239 809 1240 808 1240 810 1240 809 1241 810 1241 811 1241 811 1242 810 1242 812 1242 811 1243 812 1243 813 1243 813 1244 812 1244 814 1244 813 1245 814 1245 815 1245 815 1246 814 1246 816 1246 815 1247 816 1247 817 1247 817 1248 816 1248 818 1248 817 1249 818 1249 819 1249 819 1250 818 1250 820 1250 821 1251 822 1251 823 1251 823 1252 822 1252 824 1252 823 1253 824 1253 825 1253 826 1254 827 1254 821 1254 821 1255 827 1255 828 1255 821 1256 828 1256 822 1256 829 1257 830 1257 826 1257 826 1258 830 1258 831 1258 826 1259 831 1259 827 1259 489 1260 809 1260 496 1260 496 1261 809 1261 811 1261 496 1262 811 1262 440 1262 488 1263 805 1263 489 1263 489 1264 805 1264 807 1264 489 1265 807 1265 809 1265 832 1266 833 1266 834 1266 834 1267 833 1267 835 1267 834 1268 835 1268 829 1268 829 1269 835 1269 836 1269 829 1270 836 1270 830 1270 443 1271 801 1271 488 1271 488 1272 801 1272 803 1272 488 1273 803 1273 805 1273 811 1274 813 1274 440 1274 440 1275 813 1275 815 1275 440 1276 815 1276 502 1276 502 1277 815 1277 817 1277 502 1278 817 1278 503 1278 503 1279 817 1279 819 1279 503 1280 819 1280 832 1280 832 1281 819 1281 837 1281 832 1282 837 1282 833 1282 485 1283 795 1283 480 1283 480 1284 795 1284 797 1284 480 1285 797 1285 443 1285 443 1286 797 1286 799 1286 443 1287 799 1287 801 1287 824 1288 838 1288 825 1288 825 1289 838 1289 839 1289 825 1290 839 1290 840 1290 840 1291 839 1291 841 1291 840 1292 841 1292 509 1292 509 1293 841 1293 791 1293 509 1294 791 1294 485 1294 485 1295 791 1295 793 1295 485 1296 793 1296 795 1296 842 1297 843 1297 844 1297 844 1298 845 1298 842 1298 842 1299 845 1299 846 1299 842 1300 846 1300 847 1300 848 1301 849 1301 850 1301 846 1302 851 1302 847 1302 847 1303 851 1303 852 1303 847 1304 852 1304 850 1304 850 1305 852 1305 853 1305 850 1306 853 1306 848 1306 848 1307 854 1307 849 1307 849 1308 854 1308 855 1308 849 1309 855 1309 856 1309 855 1310 857 1310 856 1310 856 1311 857 1311 858 1311 856 1312 858 1312 859 1312 860 1313 861 1313 862 1313 862 1314 861 1314 863 1314 862 1315 863 1315 864 1315 864 1316 863 1316 859 1316 864 1317 859 1317 865 1317 865 1318 859 1318 858 1318 866 1319 867 1319 868 1319 868 1320 867 1320 869 1320 868 1321 869 1321 870 1321 871 1322 872 1322 873 1322 862 1323 874 1323 860 1323 860 1324 874 1324 869 1324 858 1325 875 1325 865 1325 865 1326 875 1326 876 1326 865 1327 876 1327 864 1327 864 1328 876 1328 877 1328 864 1329 877 1329 862 1329 862 1330 877 1330 878 1330 862 1331 878 1331 874 1331 852 1332 879 1332 880 1332 852 1333 880 1333 853 1333 853 1334 880 1334 881 1334 853 1335 881 1335 848 1335 848 1336 881 1336 882 1336 848 1337 882 1337 883 1337 883 1338 882 1338 884 1338 883 1339 884 1339 855 1339 855 1340 884 1340 885 1340 855 1341 885 1341 857 1341 857 1342 885 1342 886 1342 857 1343 886 1343 858 1343 858 1344 886 1344 887 1344 858 1345 887 1345 875 1345 846 1346 888 1346 851 1346 851 1347 888 1347 871 1347 851 1348 871 1348 852 1348 852 1349 871 1349 873 1349 852 1350 873 1350 879 1350 845 1351 844 1351 889 1351 889 1352 890 1352 845 1352 845 1353 890 1353 891 1353 845 1354 891 1354 846 1354 846 1355 891 1355 892 1355 846 1356 892 1356 888 1356 893 1357 894 1357 895 1357 895 1358 896 1358 893 1358 893 1359 896 1359 897 1359 893 1360 897 1360 898 1360 899 1361 900 1361 901 1361 897 1362 902 1362 898 1362 898 1363 902 1363 903 1363 898 1364 903 1364 901 1364 901 1365 903 1365 904 1365 901 1366 904 1366 899 1366 899 1367 905 1367 900 1367 900 1368 905 1368 906 1368 900 1369 906 1369 907 1369 906 1370 908 1370 907 1370 907 1371 908 1371 909 1371 907 1372 909 1372 910 1372 911 1373 912 1373 913 1373 913 1374 912 1374 914 1374 913 1375 914 1375 915 1375 915 1376 914 1376 910 1376 915 1377 910 1377 916 1377 916 1378 910 1378 909 1378 486 1379 484 1379 917 1379 478 1380 477 1380 918 1380 918 1381 477 1381 475 1381 918 1382 475 1382 919 1382 919 1383 475 1383 474 1383 919 1384 474 1384 917 1384 917 1385 474 1385 487 1385 917 1386 487 1386 486 1386 920 1387 911 1387 921 1387 921 1388 911 1388 913 1388 921 1389 913 1389 922 1389 922 1390 913 1390 923 1390 923 1391 913 1391 915 1391 923 1392 915 1392 924 1392 909 1393 494 1393 916 1393 916 1394 494 1394 501 1394 916 1395 501 1395 915 1395 915 1396 501 1396 500 1396 500 1397 499 1397 915 1397 915 1398 499 1398 925 1398 915 1399 925 1399 924 1399 442 1400 441 1400 903 1400 903 1401 441 1401 493 1401 903 1402 493 1402 904 1402 904 1403 493 1403 492 1403 904 1404 492 1404 899 1404 899 1405 492 1405 491 1405 899 1406 491 1406 926 1406 926 1407 491 1407 490 1407 926 1408 490 1408 906 1408 906 1409 490 1409 498 1409 906 1410 498 1410 908 1410 908 1411 498 1411 497 1411 908 1412 497 1412 909 1412 909 1413 497 1413 495 1413 909 1414 495 1414 494 1414 482 1415 481 1415 897 1415 442 1416 903 1416 481 1416 481 1417 903 1417 902 1417 481 1418 902 1418 897 1418 896 1419 484 1419 897 1419 897 1420 484 1420 483 1420 897 1421 483 1421 482 1421 895 1422 919 1422 896 1422 896 1423 919 1423 917 1423 896 1424 917 1424 484 1424 752 1425 927 1425 928 1425 752 1426 928 1426 781 1426 781 1427 928 1427 929 1427 781 1428 929 1428 780 1428 780 1429 929 1429 930 1429 780 1430 930 1430 779 1430 779 1431 930 1431 931 1431 779 1432 931 1432 777 1432 777 1433 931 1433 932 1433 777 1434 932 1434 778 1434 720 1435 933 1435 934 1435 720 1436 934 1436 719 1436 719 1437 934 1437 935 1437 719 1438 935 1438 718 1438 718 1439 935 1439 936 1439 718 1440 936 1440 717 1440 717 1441 936 1441 937 1441 717 1442 937 1442 714 1442 714 1443 937 1443 938 1443 714 1444 938 1444 715 1444 786 1445 939 1445 940 1445 786 1446 940 1446 785 1446 785 1447 940 1447 941 1447 785 1448 941 1448 784 1448 784 1449 941 1449 942 1449 784 1450 942 1450 783 1450 783 1451 942 1451 943 1451 783 1452 943 1452 782 1452 782 1453 943 1453 944 1453 782 1454 944 1454 765 1454 727 1455 945 1455 946 1455 727 1456 946 1456 726 1456 726 1457 946 1457 947 1457 726 1458 947 1458 725 1458 725 1459 947 1459 948 1459 725 1460 948 1460 724 1460 724 1461 948 1461 949 1461 724 1462 949 1462 721 1462 721 1463 949 1463 950 1463 721 1464 950 1464 722 1464 932 1465 933 1465 939 1465 939 1466 933 1466 950 1466 932 1467 931 1467 930 1467 932 1468 927 1468 933 1468 933 1469 927 1469 938 1469 933 1470 938 1470 937 1470 947 1471 950 1471 948 1471 948 1472 950 1472 949 1472 942 1473 941 1473 940 1473 930 1474 929 1474 932 1474 932 1475 929 1475 928 1475 932 1476 928 1476 927 1476 937 1477 936 1477 933 1477 933 1478 936 1478 935 1478 933 1479 935 1479 934 1479 947 1480 946 1480 950 1480 950 1481 946 1481 945 1481 950 1482 945 1482 939 1482 939 1483 945 1483 944 1483 939 1484 944 1484 940 1484 940 1485 944 1485 943 1485 940 1486 943 1486 942 1486 951 1487 820 1487 818 1487 952 1488 953 1488 954 1488 954 1489 953 1489 955 1489 954 1490 955 1490 956 1490 956 1491 955 1491 957 1491 956 1492 957 1492 958 1492 951 1493 959 1493 820 1493 820 1494 959 1494 960 1494 820 1495 960 1495 961 1495 961 1496 960 1496 962 1496 961 1497 962 1497 963 1497 963 1498 962 1498 964 1498 963 1499 964 1499 965 1499 965 1500 964 1500 966 1500 965 1501 966 1501 967 1501 812 1502 968 1502 814 1502 814 1503 968 1503 969 1503 814 1504 969 1504 816 1504 816 1505 969 1505 970 1505 816 1506 970 1506 818 1506 818 1507 970 1507 971 1507 818 1508 971 1508 951 1508 966 1509 972 1509 967 1509 967 1510 972 1510 973 1510 967 1511 973 1511 974 1511 974 1512 973 1512 975 1512 974 1513 975 1513 976 1513 976 1514 975 1514 977 1514 976 1515 977 1515 978 1515 978 1516 977 1516 979 1516 978 1517 979 1517 980 1517 980 1518 979 1518 981 1518 980 1519 981 1519 982 1519 982 1520 981 1520 983 1520 982 1521 983 1521 952 1521 952 1522 983 1522 984 1522 952 1523 984 1523 953 1523 800 1524 985 1524 802 1524 802 1525 985 1525 986 1525 802 1526 986 1526 804 1526 804 1527 986 1527 987 1527 804 1528 987 1528 806 1528 806 1529 987 1529 988 1529 806 1530 988 1530 808 1530 808 1531 988 1531 989 1531 808 1532 989 1532 810 1532 810 1533 989 1533 990 1533 810 1534 990 1534 812 1534 812 1535 990 1535 991 1535 812 1536 991 1536 968 1536 957 1537 992 1537 958 1537 958 1538 992 1538 993 1538 958 1539 993 1539 792 1539 993 1540 994 1540 792 1540 792 1541 994 1541 995 1541 792 1542 995 1542 794 1542 794 1543 995 1543 996 1543 794 1544 996 1544 796 1544 796 1545 996 1545 997 1545 796 1546 997 1546 798 1546 798 1547 997 1547 998 1547 798 1548 998 1548 800 1548 800 1549 998 1549 999 1549 800 1550 999 1550 985 1550 765 1551 944 1551 741 1551 741 1552 944 1552 945 1552 741 1553 945 1553 727 1553 778 1554 932 1554 786 1554 786 1555 932 1555 939 1555 715 1556 938 1556 730 1556 730 1557 938 1557 927 1557 730 1558 927 1558 752 1558 722 1559 950 1559 720 1559 720 1560 950 1560 933 1560 1000 1561 716 1561 737 1561 760 1562 759 1562 1001 1562 1002 1563 675 1563 653 1563 672 1564 676 1564 1003 1564 716 1565 1000 1565 1004 1565 668 1566 667 1566 722 1566 659 1567 658 1567 720 1567 1004 1568 1002 1568 716 1568 716 1569 1002 1569 653 1569 716 1570 653 1570 720 1570 720 1571 653 1571 652 1571 720 1572 652 1572 659 1572 658 1573 656 1573 720 1573 720 1574 656 1574 655 1574 720 1575 655 1575 660 1575 660 1576 662 1576 720 1576 720 1577 662 1577 663 1577 720 1578 663 1578 722 1578 722 1579 663 1579 665 1579 722 1580 665 1580 668 1580 667 1581 671 1581 722 1581 722 1582 671 1582 670 1582 722 1583 670 1583 674 1583 674 1584 673 1584 722 1584 722 1585 673 1585 672 1585 722 1586 672 1586 723 1586 723 1587 672 1587 1003 1587 723 1588 1003 1588 788 1588 861 1589 703 1589 863 1589 863 1590 703 1590 701 1590 863 1591 701 1591 859 1591 859 1592 701 1592 699 1592 859 1593 699 1593 856 1593 856 1594 699 1594 697 1594 856 1595 697 1595 1005 1595 1005 1596 697 1596 1006 1596 1005 1597 1006 1597 850 1597 850 1598 1006 1598 687 1598 850 1599 687 1599 847 1599 847 1600 687 1600 692 1600 847 1601 692 1601 842 1601 842 1602 692 1602 690 1602 842 1603 690 1603 843 1603 843 1604 690 1604 689 1604 504 1605 1007 1605 632 1605 889 1606 623 1606 890 1606 890 1607 623 1607 621 1607 871 1608 888 1608 620 1608 620 1609 888 1609 892 1609 620 1610 892 1610 621 1610 621 1611 892 1611 891 1611 621 1612 891 1612 890 1612 632 1613 1007 1613 635 1613 872 1614 871 1614 1008 1614 1008 1615 871 1615 620 1615 1008 1616 620 1616 1009 1616 1009 1617 620 1617 635 1617 1009 1618 635 1618 1010 1618 1010 1619 635 1619 1007 1619 504 1620 632 1620 505 1620 505 1621 632 1621 641 1621 505 1622 641 1622 506 1622 506 1623 641 1623 625 1623 506 1624 625 1624 507 1624 925 1625 499 1625 439 1625 924 1626 925 1626 627 1626 627 1627 925 1627 439 1627 627 1628 439 1628 625 1628 625 1629 439 1629 438 1629 625 1630 438 1630 507 1630 629 1631 651 1631 920 1631 920 1632 921 1632 629 1632 629 1633 921 1633 922 1633 629 1634 922 1634 627 1634 627 1635 922 1635 923 1635 627 1636 923 1636 924 1636 1011 1637 1001 1637 759 1637 1012 1638 549 1638 527 1638 546 1639 581 1639 1013 1639 542 1640 541 1640 778 1640 533 1641 532 1641 786 1641 789 1642 1012 1642 774 1642 774 1643 1012 1643 527 1643 774 1644 527 1644 786 1644 786 1645 527 1645 526 1645 786 1646 526 1646 533 1646 532 1647 530 1647 786 1647 786 1648 530 1648 529 1648 786 1649 529 1649 534 1649 534 1650 536 1650 786 1650 786 1651 536 1651 537 1651 786 1652 537 1652 778 1652 778 1653 537 1653 539 1653 778 1654 539 1654 542 1654 541 1655 545 1655 778 1655 778 1656 545 1656 544 1656 778 1657 544 1657 548 1657 548 1658 547 1658 778 1658 778 1659 547 1659 546 1659 778 1660 546 1660 759 1660 759 1661 546 1661 1013 1661 759 1662 1013 1662 1011 1662 912 1663 560 1663 914 1663 914 1664 560 1664 566 1664 914 1665 566 1665 910 1665 910 1666 566 1666 568 1666 910 1667 568 1667 907 1667 907 1668 568 1668 552 1668 907 1669 552 1669 1014 1669 1014 1670 552 1670 1015 1670 1014 1671 1015 1671 901 1671 901 1672 1015 1672 557 1672 901 1673 557 1673 898 1673 898 1674 557 1674 563 1674 898 1675 563 1675 893 1675 893 1676 563 1676 572 1676 893 1677 572 1677 894 1677 894 1678 572 1678 583 1678 581 1679 571 1679 1013 1679 1013 1680 571 1680 1016 1680 1013 1681 1016 1681 1011 1681 1011 1682 1016 1682 1017 1682 1011 1683 1017 1683 1001 1683 1001 1684 1017 1684 1018 1684 1001 1685 1018 1685 760 1685 760 1686 1018 1686 1019 1686 760 1687 1019 1687 761 1687 1020 1688 757 1688 1021 1688 1021 1689 757 1689 756 1689 1021 1690 756 1690 1022 1690 1022 1691 756 1691 755 1691 1022 1692 755 1692 1019 1692 1019 1693 755 1693 754 1693 1019 1694 754 1694 761 1694 1023 1695 730 1695 1024 1695 1024 1696 730 1696 751 1696 1024 1697 751 1697 1025 1697 1025 1698 751 1698 753 1698 1025 1699 753 1699 1026 1699 1026 1700 753 1700 763 1700 1026 1701 763 1701 1027 1701 1027 1702 763 1702 762 1702 1027 1703 762 1703 1020 1703 1020 1704 762 1704 758 1704 1020 1705 758 1705 757 1705 613 1706 769 1706 614 1706 614 1707 769 1707 768 1707 614 1708 768 1708 606 1708 606 1709 768 1709 767 1709 613 1710 612 1710 769 1710 769 1711 612 1711 611 1711 769 1712 611 1712 770 1712 770 1713 611 1713 610 1713 770 1714 610 1714 771 1714 766 1715 602 1715 764 1715 764 1716 602 1716 608 1716 764 1717 608 1717 767 1717 767 1718 608 1718 607 1718 767 1719 607 1719 606 1719 740 1720 600 1720 741 1720 741 1721 600 1721 604 1721 741 1722 604 1722 766 1722 766 1723 604 1723 603 1723 766 1724 603 1724 602 1724 593 1725 750 1725 594 1725 594 1726 750 1726 749 1726 594 1727 749 1727 591 1727 593 1728 597 1728 750 1728 750 1729 597 1729 596 1729 750 1730 596 1730 742 1730 742 1731 596 1731 595 1731 742 1732 595 1732 740 1732 740 1733 595 1733 598 1733 740 1734 598 1734 600 1734 1028 1735 622 1735 589 1735 591 1736 749 1736 588 1736 588 1737 749 1737 748 1737 588 1738 748 1738 589 1738 589 1739 748 1739 747 1739 589 1740 747 1740 1028 1740 676 1741 682 1741 1003 1741 1003 1742 682 1742 1029 1742 1003 1743 1029 1743 788 1743 788 1744 1029 1744 787 1744 745 1745 744 1745 1030 1745 1030 1746 744 1746 743 1746 1030 1747 743 1747 1031 1747 1031 1748 743 1748 787 1748 1031 1749 787 1749 1032 1749 1032 1750 787 1750 1029 1750 745 1751 1030 1751 746 1751 746 1752 1030 1752 1033 1752 746 1753 1033 1753 747 1753 747 1754 1033 1754 1034 1754 747 1755 1034 1755 1028 1755 773 1756 1035 1756 1036 1756 773 1757 1036 1757 790 1757 773 1758 775 1758 1035 1758 1035 1759 775 1759 776 1759 1035 1760 776 1760 1037 1760 1037 1761 776 1761 772 1761 1037 1762 772 1762 1038 1762 1038 1763 772 1763 771 1763 1038 1764 771 1764 1039 1764 1039 1765 771 1765 610 1765 1039 1766 610 1766 628 1766 1036 1767 1040 1767 790 1767 790 1768 1040 1768 1041 1768 790 1769 1041 1769 789 1769 789 1770 1041 1770 1042 1770 789 1771 1042 1771 1012 1771 1012 1772 1042 1772 559 1772 1012 1773 559 1773 549 1773 633 1774 622 1774 1028 1774 700 1775 702 1775 1043 1775 696 1776 698 1776 983 1776 983 1777 698 1777 700 1777 983 1778 700 1778 984 1778 981 1779 1044 1779 684 1779 684 1780 713 1780 981 1780 981 1781 713 1781 712 1781 981 1782 712 1782 711 1782 711 1783 710 1783 981 1783 981 1784 710 1784 709 1784 981 1785 709 1785 983 1785 983 1786 709 1786 708 1786 983 1787 708 1787 696 1787 688 1788 707 1788 977 1788 977 1789 707 1789 706 1789 977 1790 706 1790 1044 1790 1044 1791 706 1791 685 1791 1044 1792 685 1792 684 1792 973 1793 691 1793 975 1793 975 1794 691 1794 695 1794 695 1795 694 1795 975 1795 975 1796 694 1796 693 1796 975 1797 693 1797 977 1797 977 1798 693 1798 686 1798 977 1799 686 1799 688 1799 964 1800 634 1800 633 1800 630 1801 648 1801 962 1801 962 1802 648 1802 647 1802 647 1803 638 1803 962 1803 962 1804 638 1804 637 1804 962 1805 637 1805 964 1805 964 1806 637 1806 636 1806 964 1807 636 1807 634 1807 962 1808 960 1808 630 1808 630 1809 960 1809 959 1809 630 1810 959 1810 631 1810 1023 1811 994 1811 993 1811 633 1812 1028 1812 964 1812 964 1813 1028 1813 1034 1813 964 1814 1034 1814 966 1814 1034 1815 1033 1815 966 1815 966 1816 1033 1816 1030 1816 966 1817 1030 1817 972 1817 682 1818 691 1818 1029 1818 1029 1819 691 1819 973 1819 1029 1820 973 1820 1032 1820 1032 1821 973 1821 972 1821 1032 1822 972 1822 1031 1822 1031 1823 972 1823 1030 1823 700 1824 1043 1824 984 1824 984 1825 1043 1825 1045 1825 984 1826 1045 1826 953 1826 1045 1827 1046 1827 953 1827 953 1828 1046 1828 1047 1828 953 1829 1047 1829 955 1829 1047 1830 1048 1830 955 1830 955 1831 1048 1831 1049 1831 955 1832 1049 1832 957 1832 1049 1833 1050 1833 957 1833 957 1834 1050 1834 1051 1834 957 1835 1051 1835 992 1835 1051 1836 1052 1836 992 1836 992 1837 1052 1837 1053 1837 992 1838 1053 1838 993 1838 993 1839 1053 1839 1054 1839 993 1840 1054 1840 1023 1840 510 1841 431 1841 511 1841 511 1842 431 1842 429 1842 511 1843 429 1843 512 1843 437 1844 514 1844 429 1844 429 1845 514 1845 513 1845 429 1846 513 1846 512 1846 519 1847 518 1847 435 1847 435 1848 518 1848 517 1848 435 1849 517 1849 436 1849 436 1850 517 1850 516 1850 436 1851 516 1851 437 1851 437 1852 516 1852 515 1852 437 1853 515 1853 514 1853 519 1854 435 1854 520 1854 520 1855 435 1855 430 1855 520 1856 430 1856 521 1856 521 1857 430 1857 525 1857 525 1858 430 1858 428 1858 525 1859 428 1859 524 1859 427 1860 522 1860 428 1860 428 1861 522 1861 523 1861 428 1862 523 1862 524 1862 522 1863 427 1863 1055 1863 1055 1864 427 1864 426 1864 1055 1865 426 1865 1056 1865 425 1866 1057 1866 426 1866 426 1867 1057 1867 1058 1867 426 1868 1058 1868 1056 1868 1059 1869 1060 1869 434 1869 434 1870 1060 1870 1061 1870 434 1871 1061 1871 424 1871 424 1872 1061 1872 1062 1872 424 1873 1062 1873 425 1873 425 1874 1062 1874 1063 1874 425 1875 1063 1875 1057 1875 1059 1876 434 1876 1064 1876 1064 1877 434 1877 433 1877 1064 1878 433 1878 1065 1878 1065 1879 433 1879 1066 1879 1066 1880 433 1880 432 1880 1066 1881 432 1881 1067 1881 431 1882 510 1882 432 1882 432 1883 510 1883 1068 1883 432 1884 1068 1884 1067 1884 994 1885 1023 1885 1024 1885 631 1886 959 1886 644 1886 644 1887 959 1887 951 1887 644 1888 951 1888 645 1888 645 1889 951 1889 646 1889 646 1890 951 1890 971 1890 646 1891 971 1891 639 1891 628 1892 626 1892 970 1892 626 1893 643 1893 970 1893 970 1894 643 1894 642 1894 970 1895 642 1895 971 1895 971 1896 642 1896 640 1896 971 1897 640 1897 639 1897 559 1898 1042 1898 990 1898 990 1899 1042 1899 991 1899 570 1900 569 1900 990 1900 990 1901 569 1901 567 1901 990 1902 567 1902 559 1902 989 1903 1069 1903 554 1903 554 1904 578 1904 989 1904 989 1905 578 1905 577 1905 989 1906 577 1906 565 1906 565 1907 564 1907 989 1907 989 1908 564 1908 551 1908 989 1909 551 1909 990 1909 990 1910 551 1910 550 1910 990 1911 550 1911 570 1911 558 1912 576 1912 987 1912 987 1913 576 1913 575 1913 987 1914 575 1914 1069 1914 1069 1915 575 1915 555 1915 1069 1916 555 1916 554 1916 985 1917 573 1917 986 1917 986 1918 573 1918 574 1918 574 1919 562 1919 986 1919 986 1920 562 1920 561 1920 986 1921 561 1921 987 1921 987 1922 561 1922 556 1922 987 1923 556 1923 558 1923 994 1924 1024 1924 995 1924 995 1925 1024 1925 1025 1925 995 1926 1025 1926 996 1926 1025 1927 1026 1927 996 1927 996 1928 1026 1928 1027 1928 996 1929 1027 1929 997 1929 1027 1930 1020 1930 997 1930 997 1931 1020 1931 1021 1931 997 1932 1021 1932 998 1932 1021 1933 1022 1933 998 1933 998 1934 1022 1934 1019 1934 998 1935 1019 1935 999 1935 571 1936 573 1936 1016 1936 1016 1937 573 1937 985 1937 1016 1938 985 1938 1017 1938 1017 1939 985 1939 999 1939 1017 1940 999 1940 1018 1940 1018 1941 999 1941 1019 1941 1042 1942 1041 1942 991 1942 991 1943 1041 1943 1040 1943 991 1944 1040 1944 968 1944 1040 1945 1036 1945 968 1945 968 1946 1036 1946 1035 1946 968 1947 1035 1947 969 1947 1035 1948 1037 1948 969 1948 969 1949 1037 1949 1038 1949 969 1950 1038 1950 970 1950 970 1951 1038 1951 1039 1951 970 1952 1039 1952 628 1952 702 1953 675 1953 1002 1953 730 1954 1023 1954 729 1954 729 1955 1023 1955 1054 1955 729 1956 1054 1956 728 1956 728 1957 1054 1957 1053 1957 728 1958 1053 1958 731 1958 731 1959 1053 1959 1052 1959 731 1960 1052 1960 732 1960 732 1961 1052 1961 1051 1961 1048 1962 736 1962 1049 1962 1049 1963 736 1963 735 1963 1049 1964 735 1964 1050 1964 1050 1965 735 1965 734 1965 1050 1966 734 1966 1051 1966 1051 1967 734 1967 733 1967 1051 1968 733 1968 732 1968 702 1969 1002 1969 1043 1969 1043 1970 1002 1970 1004 1970 1043 1971 1004 1971 1045 1971 1045 1972 1004 1972 1000 1972 1045 1973 1000 1973 1046 1973 1046 1974 1000 1974 737 1974 1046 1975 737 1975 1047 1975 1047 1976 737 1976 738 1976 1047 1977 738 1977 1048 1977 1048 1978 738 1978 739 1978 1048 1979 739 1979 736 1979 894 1980 583 1980 1070 1980 1070 1981 583 1981 582 1981 1070 1982 582 1982 1071 1982 1071 1983 582 1983 580 1983 1071 1984 580 1984 1072 1984 1072 1985 580 1985 579 1985 1072 1986 579 1986 1073 1986 1073 1987 579 1987 1074 1987 1073 1988 1074 1988 1075 1988 1075 1989 1074 1989 586 1989 1075 1990 586 1990 1076 1990 1076 1991 586 1991 585 1991 1076 1992 585 1992 1077 1992 1077 1993 585 1993 584 1993 1077 1994 584 1994 912 1994 912 1995 584 1995 560 1995 444 1996 446 1996 619 1996 618 1997 451 1997 649 1997 649 1998 451 1998 449 1998 619 1999 446 1999 618 1999 618 2000 446 2000 452 2000 618 2001 452 2001 451 2001 444 2002 619 2002 1078 2002 1078 2003 619 2003 617 2003 1078 2004 617 2004 1079 2004 1079 2005 617 2005 616 2005 1079 2006 616 2006 1080 2006 1081 2007 1082 2007 1083 2007 1084 2008 1081 2008 615 2008 615 2009 1081 2009 1083 2009 615 2010 1083 2010 616 2010 616 2011 1083 2011 1085 2011 616 2012 1085 2012 1080 2012 624 2013 623 2013 889 2013 889 2014 1086 2014 624 2014 624 2015 1086 2015 1087 2015 624 2016 1087 2016 615 2016 615 2017 1087 2017 1088 2017 615 2018 1088 2018 1084 2018 920 2019 651 2019 1089 2019 1089 2020 651 2020 650 2020 1090 2021 649 2021 1091 2021 1091 2022 649 2022 449 2022 1091 2023 449 2023 453 2023 1090 2024 1092 2024 649 2024 649 2025 1092 2025 1093 2025 649 2026 1093 2026 650 2026 650 2027 1093 2027 1094 2027 650 2028 1094 2028 1089 2028 843 2029 689 2029 1095 2029 1095 2030 689 2030 681 2030 1095 2031 681 2031 1096 2031 1096 2032 681 2032 680 2032 1096 2033 680 2033 1097 2033 1097 2034 680 2034 705 2034 1097 2035 705 2035 1098 2035 1098 2036 705 2036 1099 2036 1098 2037 1099 2037 1100 2037 1100 2038 1099 2038 678 2038 1100 2039 678 2039 1101 2039 1101 2040 678 2040 679 2040 1101 2041 679 2041 1102 2041 1102 2042 679 2042 704 2042 1102 2043 704 2043 861 2043 861 2044 704 2044 703 2044 1092 2045 1090 2045 1103 2045 468 2046 467 2046 1104 2046 473 2047 479 2047 1105 2047 1105 2048 479 2048 1106 2048 1104 2049 467 2049 1107 2049 1107 2050 467 2050 466 2050 1107 2051 466 2051 1105 2051 1105 2052 466 2052 471 2052 1105 2053 471 2053 473 2053 1108 2054 464 2054 463 2054 1108 2055 463 2055 1109 2055 1109 2056 463 2056 462 2056 1109 2057 462 2057 1110 2057 1110 2058 462 2058 457 2058 1110 2059 457 2059 1111 2059 1111 2060 457 2060 459 2060 1111 2061 459 2061 1112 2061 1112 2062 459 2062 461 2062 1112 2063 461 2063 1113 2063 1113 2064 461 2064 470 2064 1113 2065 470 2065 1104 2065 1104 2066 470 2066 469 2066 1104 2067 469 2067 468 2067 1091 2068 453 2068 454 2068 1090 2069 1091 2069 1103 2069 1103 2070 1091 2070 454 2070 1103 2071 454 2071 1114 2071 1114 2072 454 2072 455 2072 1114 2073 455 2073 1108 2073 1108 2074 455 2074 456 2074 1108 2075 456 2075 464 2075 1115 2076 911 2076 920 2076 920 2077 1089 2077 1115 2077 1115 2078 1089 2078 1094 2078 1115 2079 1094 2079 1103 2079 1103 2080 1094 2080 1093 2080 1103 2081 1093 2081 1092 2081 479 2082 478 2082 1106 2082 1106 2083 478 2083 918 2083 1106 2084 918 2084 895 2084 895 2085 918 2085 919 2085 1077 2086 912 2086 911 2086 911 2087 1115 2087 1077 2087 1077 2088 1115 2088 1103 2088 1077 2089 1103 2089 1076 2089 1110 2090 1116 2090 1075 2090 1103 2091 1114 2091 1076 2091 1076 2092 1114 2092 1108 2092 1076 2093 1108 2093 1075 2093 1075 2094 1108 2094 1109 2094 1075 2095 1109 2095 1110 2095 1110 2096 1117 2096 1116 2096 1116 2097 1117 2097 1112 2097 1116 2098 1112 2098 1072 2098 1112 2099 1113 2099 1072 2099 1072 2100 1113 2100 1104 2100 1072 2101 1104 2101 1071 2101 895 2102 894 2102 1106 2102 1106 2103 894 2103 1070 2103 1106 2104 1070 2104 1105 2104 1105 2105 1070 2105 1071 2105 1105 2106 1071 2106 1107 2106 1107 2107 1071 2107 1104 2107 1082 2108 1081 2108 1118 2108 1119 2109 1120 2109 1121 2109 1121 2110 1120 2110 1122 2110 1121 2111 1122 2111 1123 2111 1122 2112 1124 2112 1123 2112 1123 2113 1124 2113 1125 2113 1123 2114 1125 2114 1126 2114 1126 2115 1125 2115 1127 2115 1126 2116 1127 2116 1118 2116 1118 2117 1127 2117 1128 2117 1118 2118 1128 2118 1082 2118 1129 2119 1130 2119 1131 2119 1129 2120 1131 2120 1132 2120 1132 2121 1131 2121 1133 2121 1132 2122 1133 2122 1134 2122 1134 2123 1133 2123 1135 2123 1134 2124 1135 2124 1136 2124 1136 2125 1135 2125 1137 2125 1136 2126 1137 2126 1119 2126 1119 2127 1137 2127 1138 2127 1119 2128 1138 2128 1120 2128 1139 2129 1140 2129 1141 2129 1141 2130 1140 2130 1142 2130 1141 2131 1142 2131 1143 2131 1143 2132 1142 2132 1144 2132 1143 2133 1144 2133 1129 2133 1129 2134 1144 2134 1145 2134 1129 2135 1145 2135 1130 2135 1146 2136 866 2136 1141 2136 1141 2137 866 2137 1147 2137 1141 2138 1147 2138 1139 2138 860 2139 869 2139 1146 2139 1146 2140 869 2140 867 2140 1146 2141 867 2141 866 2141 889 2142 844 2142 1086 2142 1086 2143 844 2143 1148 2143 1081 2144 1084 2144 1118 2144 1118 2145 1084 2145 1088 2145 1118 2146 1088 2146 1148 2146 1148 2147 1088 2147 1087 2147 1148 2148 1087 2148 1086 2148 870 2149 869 2149 1149 2149 1149 2150 869 2150 874 2150 1149 2151 874 2151 878 2151 1102 2152 861 2152 860 2152 860 2153 1146 2153 1102 2153 1102 2154 1146 2154 1141 2154 1102 2155 1141 2155 1101 2155 1134 2156 1150 2156 1100 2156 1141 2157 1143 2157 1101 2157 1101 2158 1143 2158 1129 2158 1101 2159 1129 2159 1100 2159 1100 2160 1129 2160 1132 2160 1100 2161 1132 2161 1134 2161 1134 2162 1151 2162 1150 2162 1150 2163 1151 2163 1119 2163 1150 2164 1119 2164 1097 2164 1119 2165 1121 2165 1097 2165 1097 2166 1121 2166 1123 2166 1097 2167 1123 2167 1096 2167 844 2168 843 2168 1148 2168 1148 2169 843 2169 1095 2169 1148 2170 1095 2170 1118 2170 1118 2171 1095 2171 1096 2171 1118 2172 1096 2172 1126 2172 1126 2173 1096 2173 1123 2173 819 2174 820 2174 837 2174 837 2175 820 2175 961 2175 837 2176 961 2176 833 2176 833 2177 961 2177 963 2177 833 2178 963 2178 835 2178 835 2179 963 2179 965 2179 835 2180 965 2180 836 2180 836 2181 965 2181 967 2181 836 2182 967 2182 830 2182 830 2183 967 2183 974 2183 830 2184 974 2184 831 2184 831 2185 974 2185 976 2185 831 2186 976 2186 827 2186 827 2187 976 2187 978 2187 827 2188 978 2188 828 2188 828 2189 978 2189 980 2189 828 2190 980 2190 822 2190 822 2191 980 2191 982 2191 822 2192 982 2192 824 2192 824 2193 982 2193 952 2193 824 2194 952 2194 838 2194 838 2195 952 2195 954 2195 838 2196 954 2196 839 2196 839 2197 954 2197 956 2197 839 2198 956 2198 841 2198 841 2199 956 2199 958 2199 841 2200 958 2200 791 2200 791 2201 958 2201 792 2201 508 2202 522 2202 1152 2202 1152 2203 522 2203 1055 2203 1152 2204 1055 2204 1153 2204 1055 2205 1056 2205 1153 2205 1153 2206 1056 2206 1058 2206 1153 2207 1058 2207 1154 2207 1058 2208 1057 2208 1154 2208 1154 2209 1057 2209 1063 2209 1154 2210 1063 2210 1155 2210 1063 2211 1062 2211 1155 2211 1155 2212 1062 2212 1061 2212 1155 2213 1061 2213 1156 2213 1061 2214 1060 2214 1156 2214 1156 2215 1060 2215 1059 2215 1156 2216 1059 2216 1157 2216 1059 2217 1064 2217 1157 2217 1157 2218 1064 2218 1065 2218 1157 2219 1065 2219 1158 2219 510 2220 445 2220 1068 2220 1068 2221 445 2221 1159 2221 1068 2222 1159 2222 1067 2222 1067 2223 1159 2223 1158 2223 1067 2224 1158 2224 1066 2224 1066 2225 1158 2225 1065 2225 1085 2226 1083 2226 1158 2226 504 2227 503 2227 1007 2227 1007 2228 503 2228 832 2228 873 2229 872 2229 1008 2229 879 2230 873 2230 829 2230 829 2231 873 2231 1008 2231 829 2232 1008 2232 834 2232 834 2233 1008 2233 1009 2233 834 2234 1009 2234 832 2234 832 2235 1009 2235 1010 2235 832 2236 1010 2236 1007 2236 821 2237 885 2237 884 2237 821 2238 884 2238 826 2238 884 2239 882 2239 826 2239 826 2240 882 2240 881 2240 826 2241 881 2241 829 2241 829 2242 881 2242 880 2242 829 2243 880 2243 879 2243 885 2244 821 2244 886 2244 886 2245 821 2245 823 2245 886 2246 823 2246 887 2246 825 2247 876 2247 823 2247 823 2248 876 2248 875 2248 823 2249 875 2249 887 2249 509 2250 508 2250 840 2250 840 2251 508 2251 1152 2251 840 2252 1152 2252 870 2252 870 2253 1149 2253 840 2253 840 2254 1149 2254 878 2254 840 2255 878 2255 825 2255 825 2256 878 2256 877 2256 825 2257 877 2257 876 2257 1139 2258 1147 2258 1153 2258 1153 2259 1147 2259 866 2259 1153 2260 866 2260 1152 2260 1152 2261 866 2261 868 2261 1152 2262 868 2262 870 2262 1145 2263 1144 2263 1154 2263 1154 2264 1144 2264 1142 2264 1154 2265 1142 2265 1153 2265 1153 2266 1142 2266 1140 2266 1153 2267 1140 2267 1139 2267 1156 2268 1137 2268 1155 2268 1155 2269 1137 2269 1135 2269 1135 2270 1133 2270 1155 2270 1155 2271 1133 2271 1131 2271 1155 2272 1131 2272 1154 2272 1154 2273 1131 2273 1130 2273 1154 2274 1130 2274 1145 2274 1125 2275 1124 2275 1157 2275 1124 2276 1122 2276 1157 2276 1157 2277 1122 2277 1120 2277 1157 2278 1120 2278 1156 2278 1156 2279 1120 2279 1138 2279 1156 2280 1138 2280 1137 2280 1083 2281 1082 2281 1158 2281 1158 2282 1082 2282 1128 2282 1158 2283 1128 2283 1157 2283 1157 2284 1128 2284 1127 2284 1157 2285 1127 2285 1125 2285 1159 2286 445 2286 444 2286 444 2287 1078 2287 1159 2287 1159 2288 1078 2288 1079 2288 1159 2289 1079 2289 1158 2289 1158 2290 1079 2290 1080 2290 1158 2291 1080 2291 1085 2291</p>
        </triangles>
        <triangles material="tip-material" count="576">
          <input semantic="VERTEX" source="#link_tip-mesh-vertices" offset="0"/>
          <input semantic="NORMAL" source="#link_tip-mesh-normals" offset="1"/>
          <p>0 0 1 0 2 0 2 1 1 1 3 1 2 2 3 2 4 2 4 3 3 3 5 3 4 4 5 4 6 4 6 5 5 5 7 5 6 6 7 6 8 6 8 7 7 7 9 7 8 8 9 8 10 8 10 9 9 9 11 9 10 10 11 10 12 10 12 11 11 11 13 11 12 12 13 12 14 12 14 13 13 13 15 13 14 14 15 14 16 14 16 15 15 15 17 15 16 16 17 16 18 16 18 17 17 17 19 17 18 18 19 18 20 18 20 19 19 19 21 19 16 20 22 20 14 20 14 21 22 21 23 21 14 22 23 22 12 22 12 23 23 23 24 23 12 24 24 24 10 24 10 25 24 25 25 25 10 26 25 26 8 26 8 27 25 27 26 27 8 28 26 28 6 28 26 29 27 29 6 29 6 30 27 30 28 30 6 31 28 31 4 31 4 32 28 32 29 32 4 33 29 33 2 33 2 34 29 34 30 34 2 35 30 35 0 35 0 36 30 36 31 36 0 37 31 37 32 37 32 38 31 38 33 38 32 39 33 39 34 39 35 40 36 40 37 40 37 41 36 41 38 41 37 42 38 42 39 42 39 43 38 43 40 43 39 44 40 44 20 44 20 45 40 45 41 45 20 46 41 46 18 46 18 47 41 47 42 47 18 48 42 48 16 48 16 49 42 49 43 49 16 50 43 50 22 50 33 51 44 51 34 51 34 52 44 52 45 52 34 53 45 53 46 53 46 54 45 54 47 54 46 55 47 55 48 55 48 56 47 56 49 56 48 57 49 57 50 57 50 58 49 58 51 58 50 59 51 59 52 59 52 60 51 60 53 60 52 61 53 61 35 61 35 62 53 62 54 62 35 63 54 63 36 63 31 64 55 64 56 64 31 65 56 65 33 65 33 66 56 66 57 66 33 67 57 67 44 67 44 68 57 68 58 68 44 69 58 69 45 69 45 70 58 70 59 70 45 71 59 71 47 71 47 72 59 72 60 72 47 73 60 73 49 73 49 74 60 74 61 74 49 75 61 75 51 75 51 76 61 76 62 76 51 77 62 77 53 77 53 78 62 78 63 78 53 79 63 79 54 79 54 80 63 80 64 80 54 81 64 81 36 81 36 82 64 82 65 82 36 83 65 83 38 83 38 84 65 84 66 84 38 85 66 85 40 85 40 86 66 86 67 86 40 87 67 87 41 87 15 88 68 88 17 88 17 89 68 89 69 89 17 90 69 90 19 90 69 91 70 91 19 91 19 92 70 92 71 92 19 93 71 93 21 93 13 94 72 94 15 94 15 95 72 95 73 95 15 96 73 96 68 96 7 97 74 97 9 97 9 98 74 98 75 98 9 99 75 99 11 99 1 100 76 100 3 100 3 101 76 101 77 101 3 102 77 102 5 102 75 103 78 103 11 103 11 104 78 104 79 104 11 105 79 105 13 105 13 106 79 106 80 106 13 107 80 107 72 107 77 108 81 108 5 108 5 109 81 109 82 109 5 110 82 110 7 110 7 111 82 111 83 111 7 112 83 112 74 112 84 113 85 113 1 113 1 114 85 114 86 114 1 115 86 115 76 115 87 116 88 116 89 116 89 117 88 117 90 117 89 118 90 118 84 118 84 119 90 119 91 119 84 120 91 120 85 120 71 121 92 121 21 121 21 122 92 122 93 122 21 123 93 123 94 123 94 124 93 124 95 124 94 125 95 125 96 125 97 126 98 126 87 126 87 127 98 127 99 127 87 128 99 128 88 128 100 129 101 129 102 129 102 130 101 130 103 130 102 131 103 131 104 131 103 132 105 132 104 132 104 133 105 133 106 133 104 134 106 134 97 134 97 135 106 135 107 135 97 136 107 136 98 136 95 137 108 137 96 137 96 138 108 138 109 138 96 139 109 139 100 139 100 140 109 140 110 140 100 141 110 141 101 141 41 268 67 268 121 268 41 269 121 269 42 269 42 270 121 270 123 270 42 271 123 271 43 271 43 272 123 272 125 272 43 273 125 273 22 273 22 274 125 274 133 274 22 275 133 275 23 275 23 276 133 276 135 276 23 277 135 277 24 277 24 278 135 278 126 278 24 279 126 279 25 279 25 280 126 280 128 280 25 281 128 281 26 281 26 282 128 282 116 282 26 283 116 283 27 283 27 284 116 284 118 284 27 285 118 285 28 285 28 286 118 286 111 286 28 287 111 287 29 287 29 288 111 288 113 288 29 289 113 289 30 289 30 290 113 290 55 290 30 291 55 291 31 291 20 292 21 292 39 292 39 293 21 293 94 293 39 294 94 294 37 294 37 295 94 295 96 295 37 296 96 296 35 296 35 297 96 297 100 297 35 298 100 298 52 298 52 299 100 299 102 299 52 300 102 300 50 300 50 301 102 301 104 301 50 302 104 302 48 302 48 303 104 303 97 303 48 304 97 304 46 304 46 305 97 305 87 305 46 306 87 306 34 306 34 307 87 307 89 307 32 309 89 309 84 309 32 310 84 310 0 310 0 311 84 311 1 311 156 312 157 312 158 312 158 313 157 313 159 313 158 314 159 314 160 314 160 315 159 315 161 315 160 316 161 316 162 316 162 317 161 317 163 317 162 318 163 318 164 318 164 319 163 319 165 319 164 320 165 320 166 320 166 321 165 321 167 321 166 322 167 322 168 322 168 323 167 323 169 323 168 324 169 324 170 324 170 325 169 325 171 325 170 326 171 326 172 326 172 327 171 327 173 327 172 328 173 328 174 328 174 329 173 329 175 329 174 330 175 330 176 330 176 331 175 331 177 331 176 332 177 332 178 332 178 333 177 333 179 333 178 334 179 334 180 334 180 335 179 335 181 335 180 336 181 336 182 336 182 337 181 337 183 337 182 338 183 338 184 338 184 339 183 339 185 339 219 388 220 388 221 388 222 389 223 389 224 389 225 390 226 390 227 390 227 391 226 391 228 391 227 392 228 392 229 392 225 393 227 393 230 393 230 394 227 394 231 394 230 395 231 395 232 395 232 396 231 396 233 396 232 397 233 397 234 397 234 398 233 398 235 398 234 399 235 399 236 399 224 400 223 400 235 400 235 401 223 401 237 401 235 402 237 402 236 402 222 403 224 403 238 403 238 404 224 404 239 404 238 405 239 405 240 405 240 406 239 406 241 406 240 407 241 407 242 407 242 408 241 408 243 408 242 409 243 409 244 409 221 410 220 410 243 410 243 411 220 411 245 411 243 412 245 412 244 412 219 413 221 413 246 413 246 414 221 414 247 414 246 415 247 415 248 415 248 416 247 416 249 416 248 417 249 417 250 417 250 418 249 418 251 418 250 419 251 419 252 419 253 420 254 420 255 420 255 421 254 421 256 421 255 422 256 422 251 422 251 423 256 423 257 423 251 424 257 424 252 424 258 425 259 425 260 425 260 426 259 426 261 426 260 427 261 427 262 427 262 428 261 428 263 428 262 429 263 429 253 429 253 430 263 430 264 430 253 431 264 431 254 431 258 432 260 432 265 432 265 433 260 433 266 433 265 434 266 434 267 434 267 435 266 435 268 435 267 436 268 436 269 436 269 437 268 437 270 437 269 438 270 438 271 438 175 439 272 439 177 439 177 440 272 440 273 440 177 441 273 441 179 441 179 442 273 442 274 442 179 443 274 443 181 443 171 444 275 444 173 444 173 445 275 445 276 445 173 446 276 446 175 446 175 447 276 447 277 447 175 448 277 448 272 448 165 449 278 449 167 449 167 450 278 450 279 450 167 451 279 451 169 451 169 452 279 452 280 452 169 453 280 453 171 453 171 454 280 454 281 454 171 455 281 455 275 455 159 456 282 456 161 456 161 457 282 457 283 457 161 458 283 458 163 458 163 459 283 459 284 459 163 460 284 460 165 460 165 461 284 461 285 461 165 462 285 462 278 462 274 463 286 463 181 463 181 464 286 464 287 464 181 465 287 465 183 465 183 466 287 466 288 466 183 467 288 467 289 467 289 468 288 468 290 468 289 469 290 469 291 469 292 470 293 470 294 470 294 471 293 471 295 471 294 472 295 472 296 472 296 473 295 473 297 473 296 474 297 474 159 474 159 475 297 475 298 475 159 476 298 476 282 476 299 477 300 477 301 477 301 478 300 478 302 478 301 479 302 479 303 479 303 480 302 480 304 480 303 481 304 481 292 481 292 482 304 482 305 482 292 483 305 483 293 483 306 484 307 484 308 484 308 485 307 485 309 485 308 486 309 486 310 486 310 487 309 487 311 487 310 488 311 488 299 488 299 489 311 489 312 489 299 490 312 490 300 490 290 491 313 491 291 491 291 492 313 492 314 492 291 493 314 493 315 493 315 494 314 494 316 494 315 495 316 495 317 495 317 496 316 496 318 496 317 497 318 497 319 497 318 498 320 498 319 498 319 499 320 499 321 499 319 500 321 500 322 500 322 501 321 501 323 501 322 502 323 502 306 502 306 503 323 503 324 503 306 504 324 504 307 504 229 505 297 505 295 505 229 506 295 506 227 506 227 507 295 507 293 507 227 508 293 508 231 508 231 509 293 509 305 509 231 510 305 510 233 510 233 511 305 511 304 511 233 512 304 512 235 512 235 513 304 513 302 513 235 514 302 514 224 514 224 515 302 515 300 515 224 516 300 516 239 516 239 517 300 517 312 517 239 518 312 518 241 518 241 519 312 519 311 519 241 520 311 520 243 520 243 521 311 521 309 521 243 522 309 522 221 522 221 523 309 523 307 523 221 524 307 524 247 524 247 525 307 525 324 525 247 526 324 526 249 526 249 527 324 527 323 527 249 528 323 528 251 528 251 529 323 529 321 529 251 530 321 530 255 530 255 531 321 531 320 531 255 532 320 532 253 532 253 533 320 533 318 533 253 534 318 534 262 534 262 535 318 535 316 535 262 536 316 536 260 536 260 537 316 537 325 537 260 538 325 538 266 538 266 539 325 539 313 539 266 540 313 540 268 540 268 541 313 541 290 541 268 542 290 542 270 542 271 591 355 591 269 591 269 592 355 592 353 592 269 593 353 593 267 593 267 594 353 594 265 594 265 595 353 595 351 595 265 596 351 596 258 596 366 597 261 597 351 597 351 598 261 598 259 598 351 599 259 599 258 599 365 600 264 600 366 600 366 601 264 601 263 601 366 602 263 602 261 602 252 603 257 603 363 603 363 604 257 604 256 604 363 605 256 605 365 605 365 606 256 606 254 606 365 607 254 607 264 607 252 608 363 608 250 608 250 609 363 609 373 609 250 610 373 610 248 610 248 611 373 611 246 611 246 612 373 612 372 612 246 613 372 613 219 613 219 614 372 614 220 614 220 615 372 615 370 615 220 616 370 616 245 616 245 617 370 617 244 617 244 618 370 618 368 618 244 619 368 619 242 619 367 620 238 620 368 620 368 621 238 621 240 621 368 622 240 622 242 622 360 623 223 623 367 623 367 624 223 624 222 624 367 625 222 625 238 625 232 626 234 626 358 626 358 627 234 627 236 627 358 628 236 628 360 628 360 629 236 629 237 629 360 630 237 630 223 630 232 631 358 631 230 631 230 632 358 632 357 632 230 633 357 633 225 633 225 634 357 634 226 634 226 635 357 635 331 635 226 636 331 636 228 636 228 677 331 677 374 677 374 679 329 679 375 679 375 680 329 680 376 680 376 681 329 681 327 681 376 682 327 682 377 682 344 683 378 683 327 683 327 684 378 684 379 684 327 685 379 685 377 685 343 686 380 686 344 686 344 687 380 687 381 687 344 688 381 688 378 688 382 689 383 689 341 689 341 690 383 690 384 690 341 691 384 691 343 691 343 692 384 692 385 692 343 693 385 693 380 693 382 694 341 694 386 694 386 695 341 695 340 695 386 696 340 696 387 696 387 697 340 697 388 697 388 698 340 698 338 698 388 699 338 699 389 699 389 700 338 700 390 700 390 701 338 701 336 701 390 702 336 702 391 702 391 703 336 703 392 703 392 704 336 704 334 704 392 705 334 705 393 705 349 706 394 706 334 706 334 707 394 707 395 707 334 708 395 708 393 708 348 709 396 709 349 709 349 710 396 710 397 710 349 711 397 711 394 711 398 712 399 712 346 712 346 713 399 713 400 713 346 714 400 714 348 714 348 715 400 715 401 715 348 716 401 716 396 716 398 717 346 717 402 717 402 718 346 718 356 718 402 719 356 719 403 719 403 720 356 720 404 720 404 721 356 721 355 721 404 722 355 722 271 722 270 723 290 723 288 723 270 724 288 724 405 724 405 725 288 725 287 725 405 726 287 726 406 726 406 727 287 727 286 727 406 728 286 728 407 728 407 729 286 729 274 729 407 730 274 730 408 730 408 731 274 731 273 731 408 732 273 732 409 732 409 733 273 733 272 733 409 734 272 734 410 734 410 735 272 735 277 735 410 736 277 736 411 736 411 737 277 737 276 737 411 738 276 738 412 738 412 739 276 739 275 739 412 740 275 740 413 740 413 741 275 741 281 741 413 742 281 742 414 742 414 743 281 743 280 743 414 744 280 744 415 744 415 745 280 745 279 745 415 746 279 746 416 746 416 747 279 747 278 747 416 748 278 748 417 748 417 749 278 749 285 749 417 750 285 750 418 750 418 751 285 751 284 751 418 752 284 752 419 752 419 753 284 753 283 753 419 754 283 754 420 754 420 755 283 755 421 755 420 756 421 756 422 756 422 757 421 757 298 757 422 758 298 758 423 758 423 759 298 759 297 759 423 760 297 760 229 760 389 761 390 761 413 761 397 762 396 762 409 762 403 763 404 763 405 763 405 764 404 764 271 764 405 765 271 765 270 765 403 766 405 766 402 766 402 767 405 767 406 767 402 768 406 768 398 768 398 769 406 769 407 769 398 770 407 770 399 770 399 771 407 771 408 771 399 772 408 772 400 772 409 773 396 773 408 773 408 774 396 774 401 774 408 775 401 775 400 775 397 776 409 776 394 776 394 777 409 777 410 777 394 778 410 778 395 778 395 779 410 779 411 779 395 780 411 780 393 780 393 781 411 781 412 781 393 782 412 782 392 782 413 783 390 783 412 783 412 784 390 784 391 784 412 785 391 785 392 785 389 786 413 786 388 786 388 787 413 787 414 787 388 788 414 788 387 788 387 789 414 789 415 789 387 790 415 790 386 790 386 791 415 791 416 791 386 792 416 792 382 792 418 793 385 793 417 793 417 794 385 794 384 794 417 795 384 795 416 795 416 796 384 796 383 796 416 797 383 797 382 797 377 798 379 798 420 798 420 799 379 799 378 799 420 800 378 800 419 800 419 801 378 801 381 801 419 802 381 802 418 802 418 803 381 803 380 803 418 804 380 804 385 804 377 805 420 805 376 805 376 806 420 806 422 806 376 807 422 807 375 807 375 808 422 808 423 808 375 809 423 809 374 809 374 810 423 810 229 810 374 811 229 811 228 811 184 812 185 812 209 812 209 813 185 813 291 813 209 814 291 814 210 814 210 815 291 815 315 815 210 816 315 816 212 816 212 817 315 817 317 817 212 818 317 818 213 818 213 819 317 819 319 819 213 820 319 820 203 820 203 821 319 821 322 821 203 822 322 822 205 822 205 823 322 823 306 823 205 824 306 824 207 824 207 825 306 825 308 825 207 826 308 826 214 826 214 827 308 827 310 827 214 828 310 828 215 828 215 829 310 829 299 829 215 830 299 830 217 830 217 831 299 831 301 831 217 832 301 832 218 832 218 833 301 833 303 833 218 834 303 834 198 834 198 835 303 835 292 835 198 836 292 836 200 836 200 837 292 837 294 837 200 838 294 838 156 838 156 839 294 839 157 839</p>
        </triangles>
      </mesh>
    </geometry>
  </library_geometries>
  <library_visual_scenes>
    <visual_scene id="Scene" name="Scene">
      <node id="link_tip" name="link_tip" type="NODE">
        <matrix sid="transform">1 0 0 0 0 1 0 0 0 0 1 0 0 0 0 1</matrix>
        <instance_geometry url="#link_tip-mesh" name="link_tip">
          <bind_material>
            <technique_common>
              <instance_material symbol="base-material" target="#base-material"/>
              <instance_material symbol="tip-material" target="#tip-material"/>
            </technique_common>
          </bind_material>
        </instance_geometry>
      </node>
    </visual_scene>
  </library_visual_scenes>
  <scene>
    <instance_visual_scene url="#Scene"/>
  </scene>
</COLLADA>