<?xml version="1.0" encoding="utf-8"?>
<COLLADA xmlns="http://www.collada.org/2005/11/COLLADASchema" version="1.4.1" xmlns:xsi="http://www.w3.org/2001/XMLSchema-instance">
  <asset>
    <contributor>
      <author>Blender User</author>
      <authoring_tool>Blender 4.5.7 LTS commit date:2026-02-16, commit time:13:34, hash:a9874eeece8d</authoring_tool>
    </contributor>
    <created>2026-10-01T12:26:57</created>
    <modified>2026-10-01T12:26:57</modified>
    <unit name="meter" meter="1"/>
    <up_axis>Z_UP</up_axis>
  </asset>
  <library_effects>
    <effect id="base-effect">
      <profile_COMMON>
        <technique sid="common">
          <lambert>
            <emission>
              <color sid="emission">0 0 0 1</color>
            </emission>
            <diffuse>
              <color sid="diffuse">0.22 0.22 0.17 1</color>
            </diffuse>
            <index_of_refraction>
              <float sid="ior">1.5</float>
            </index_of_refraction>
          </lambert>
        </technique>
      </profile_COMMON>
    </effect>
  </library_effects>
  <library_images/>
  <library_materials>
    <material id="base-material" name="base">
      <instance_effect url="#base-effect"/>
    </material>
  </library_materials>
  <library_geometries>
    <geometry id="link_1-mesh" name="link_1">
      <mesh>
        <source id="link_1-mesh-positions">
          <float_array id="link_1-mesh-positions-array" count="4350">0.008181512 -0.00575 -0.007749974 0.01099997 -0.00575 -0.007749974 0.00821495 -0.005797624 -0.007316112 0.01099997 -0.005873739 -0.007057428 0.008336424 -0.005976676 -0.006825029 0.008525967 -0.006274342 -0.006399989 0.00999999 -0.006274342 -0.006399989 0.00999999 -0.006414771 -0.006260931 0.01099997 -0.006414771 -0.006260931 0.00999999 -0.007265329 -0.005809605 0.01099997 -0.007265329 -0.005809605 0.00999999 -0.008228182 -0.005807995 0.01099997 -0.008228182 -0.005807995 0.00999999 -0.008499979 -0.005895912 0.01003003 -0.008743703 -0.006014287 0.01099997 -0.009080171 -0.006256461 0.01019841 -0.009098052 -0.006272614 0.01099997 -0.009499967 -0.006781697 0.01075637 -0.009469807 -0.006729125 0.01048111 -0.009355068 -0.006556808 0.003899991 0.005199968 -0.01019996 0.003819584 0.005092799 -0.01069998 0.002709925 0.005760371 -0.01069998 0.003599941 0.004799962 -0.01106601 0.002554118 0.005429208 -0.01106601 0.003299951 0.004399955 -0.01119995 0.00234127 0.004976749 -0.01119995 0.001739203 0.00521773 -0.01119995 0.001897335 0.005692064 -0.01106601 0.001112997 0.005386173 -0.01119995 0.001214206 0.005875825 -0.01106601 0 0.005499958 -0.01119995 0 0.005999982 -0.01106601 0.002013087 0.006039321 -0.01069998 0.001288235 0.006234288 -0.01069998 0 0.006366014 -0.01069998 0.002766966 0.005881607 -0.01019996 0.002055466 0.006166398 -0.01019996 0.001315355 0.006365478 -0.01019996 0 0.006499946 -0.01019996 0 -0.006499946 -0.009311199 0 -0.006499946 -0.01019996 6.49364e-4 -0.006467461 -0.009284615 0.001315355 -0.006365478 -0.01019996 0.001366257 -0.006354749 -0.009182929 0.002055466 -0.006166398 -0.01019996 0.002029657 -0.006174921 -0.008982598 0.002766966 -0.005881607 -0.01019996 0.002505064 -0.005997836 -0.008714497 0.003899991 -0.005199968 -0.01019996 0.003899991 -0.005199968 -0.006399989 0.003027617 -0.005751788 -0.007663786 0.003017961 -0.005756855 -0.007915735 0.002991557 -0.005770623 -0.008036851 0.002826869 -0.005853056 -0.00838381 0.001697719 -0.006274342 -0.006399989 0.002294242 -0.006081581 -0.00664699 0.002766966 -0.005881607 -0.006399989 0.002689898 -0.005917251 -0.006948888 0.002922356 -0.005805969 -0.007279872 0.003031075 0.00575 -0.007749974 -0.003031075 0.00575 -0.007749974 -0.003023147 0.005754113 -0.007620632 0.002962946 0.005785346 -0.007375001 -0.002905786 0.005814313 -0.007246851 0.00275731 0.005886137 -0.007024407 -0.001697719 0.006274342 -0.006399989 0.001697719 0.006274342 -0.006399989 -0.002294421 0.006081521 -0.006646871 0.001846134 0.006232261 -0.006447374 -0.002675652 0.005923748 -0.006934523 0.002394735 0.006042778 -0.006707966 0.01051807 0.009191811 0.009136021 0.01099997 0.009191811 0.009136021 0.01099997 0.008531033 0.009591162 0.01033872 0.00916022 0.009168207 0.01012861 0.009048163 0.009271383 0.009784698 0.008700966 0.009509444 0.009290993 0.007801651 0.009749293 0.009495139 0.008243322 0.009688198 0.01099997 0.007507622 0.009735226 0.009621381 0.008463323 0.00961852 0.009667038 0.008534729 0.009589672 0.008688688 0.006549596 0.009350001 0.008801281 0.00675261 0.009483993 0.01099997 0.006548881 0.009349167 0.009056508 0.007259845 0.009689211 0.00916785 0.00750631 0.009735405 0.008551001 0.00631541 0.00914365 0.01099997 0.005910933 0.008535981 0.008350193 0.005997776 0.008714675 0.008221268 0.005806982 0.008225798 0.01099997 0.00575 0.007749974 0.008181512 0.00575 0.007749974 0.01849871 -0.008549571 -0.007725 0.01849871 -0.008549988 -0.007749974 0.01849997 -0.008499979 -0.007471561 0.01849877 -0.008548378 -0.007699966 0.009436309 0.008128583 -0.009713828 0.009290993 0.007801651 -0.009749293 0.01099997 0.007847487 -0.009747564 0.008557498 0.006326138 -0.009154498 0.008425235 0.006113231 -0.008899331 0.01099997 0.006111979 -0.008897542 0.00822556 0.005813121 -0.008248567 0.008189618 0.005761504 -0.007964313 0.01099997 0.005761384 -0.007963418 0.00999999 0.0084154 -0.005863904 0.00999999 0.008499979 -0.005895912 0.01099997 0.0084154 -0.005863904 0.01006698 0.008859932 -0.00608623 0.01099997 0.009243786 -0.006420135 0.008345663 0.005990922 -0.006798267 0.008525967 0.006274342 -0.006399989 0.00999999 0.006274342 -0.006399989 0.00999999 0.007421374 -0.00577712 0.01099997 0.007421374 -0.00577712 0.00999999 0.006509125 -0.006181418 0.01099997 0.006509125 -0.006181418 0.01099997 0.005905747 -0.006976127 0.008181631 0.00575 -0.007765293 0.008223116 0.005809545 -0.007265388 0.008289337 0.005906522 -0.00697422 0.008355975 0.006006538 -0.008729934 0.01099997 0.006870269 -0.009546101 0.009046196 0.007237851 -0.00968331 0.008863627 0.00687009 -0.009546041 0.008790254 0.006732225 -0.009471654 0.01099997 0.009191811 -0.009136021 0.01051807 0.009191811 -0.009136021 0.01099997 0.008800446 -0.009451866 0.01034259 0.009161353 -0.009167015 0.01007288 0.009005725 -0.00930655 0.009730756 0.00862801 -0.009546935 0.00962156 0.00846374 -0.009618282 0.01087778 0.009492397 -0.006768167 0.01099997 0.009499967 -0.006781697 0.01057183 0.009403705 -0.006625175 0.01026564 0.009178757 -0.006350517 0.01099997 -0.008531033 -0.009591162 0.01099997 -0.009191811 -0.009136021 0.01099997 -0.009283661 -0.008911371 0.01099997 -0.006548881 -0.009349167 0.01099997 -0.007507622 -0.009735226 0.01099997 -0.005910933 -0.008535981 0.01099997 -0.009499967 -0.007699966 0.01099997 0.009499967 -0.007699966 0.01099997 0.009283661 -0.008911371 0.007915437 -0.005388855 -0.006399989 0.007564842 -0.005102455 -0.006399989 0.007564842 0.005102455 -0.006399989 0.007915437 0.005388855 -0.006399989 0.004183769 0.005051314 -0.006399989 -0.001697719 -0.006274342 -0.006399989 0.003899991 0.005199968 -0.006399989 -0.002950906 -0.005791485 -0.006399989 0.004183769 -0.005051314 -0.006399989 0.004499971 -0.004999995 -0.006399989 -0.002950906 0.005791485 -0.006399989 0.002766966 0.005881607 -0.006399989 0.007123887 -0.004999995 -0.006399989 0.007123887 0.004999995 -0.006399989 0.004499971 0.004999995 -0.006399989 -0.006419956 -0.001016795 -0.006399989 -0.005791485 -0.002950906 -0.006399989 -0.006419956 0.001016795 -0.006399989 -0.005791485 0.002950906 -0.006399989 -0.004596173 0.004596173 -0.006399989 -0.004596173 -0.004596173 -0.006399989 0.008948683 -0.007036745 -0.009618461 0.008717775 -0.006600439 -0.009386599 0.008660197 -0.006499946 -0.01019996 0.008515059 -0.006256282 -0.009079992 0.008345246 -0.005990028 -0.008699953 0.007915437 -0.005388855 -0.01019996 0.008688807 -0.006549239 -0.009349405 0.008226215 -0.005813717 -0.008250951 0.009170472 -0.007511913 -0.009735763 0.009013593 -0.007169365 -0.01008909 0.009290993 -0.007801651 -0.009749293 0.009975135 -0.007209002 -0.01098448 0.01017498 -0.007848501 -0.01067203 0.009865462 -0.007910966 -0.01056808 0.009537339 -0.008320748 -0.0096668 0.00935918 -0.007827877 -0.01010012 0.00957489 -0.00790584 -0.01036792 0.009786784 -0.008564889 -0.009760618 0.01007854 -0.008642077 -0.00991702 0.009821593 -0.008748233 -0.009483039 0.01016664 -0.009074091 -0.009248852 0.01043504 -0.009184598 -0.009143471 0.01038783 -0.008634269 -0.0100044 0.01051807 -0.009191811 -0.009136021 0.01034718 -0.008473753 -0.01017594 0.009883582 -0.006940126 -0.01107132 0.009570777 -0.007065355 -0.01097244 0.009279608 -0.007145285 -0.01074898 0.009073734 -0.007158398 -0.01043534 0.009526252 -0.005999982 -0.01119995 0.00919485 -0.006191313 -0.01112383 0.008913874 -0.006353497 -0.01090705 0.008726119 -0.006461918 -0.01058268 0.009786784 0.008564889 -0.009760618 0.01038783 0.008634269 -0.0100044 0.01007854 0.008642077 -0.00991702 0.01034718 0.008473753 -0.01017594 0.009865462 0.007910966 -0.01056808 0.009574949 0.00790584 -0.01036792 0.00935918 0.007827937 -0.01010012 0.01017498 0.007848501 -0.01067203 0.009570777 0.007065355 -0.01097244 0.009279608 0.007145285 -0.01074898 0.009073734 0.007158398 -0.0104354 0.009013593 0.007169365 -0.01008909 0.009975135 0.007209002 -0.01098448 0.009883582 0.006940126 -0.01107132 0.009526252 0.005999982 -0.01119995 0.008660197 0.006499946 -0.01019996 0.008776247 0.00643301 -0.01069998 0.008910834 0.006355285 -0.01090353 0.009093225 0.006249964 -0.01106601 0.00920552 0.006185114 -0.0111289 0.007915437 0.005388855 -0.01019996 0.008021473 -0.005306959 -0.01069998 0.008147239 -0.005209863 -0.01090705 0.008311212 -0.005083322 -0.01106601 0.008706986 -0.004777729 -0.01119995 0.007841289 -0.005121827 -0.01069998 0.007756531 -0.005225539 -0.01019996 0.007564842 -0.005102455 -0.01019996 0.00762391 -0.004982173 -0.01069998 0.007350206 -0.005025923 -0.01019996 0.007380545 -0.004895448 -0.01069998 0.007123887 -0.004999995 -0.01019996 0.007123887 -0.004866003 -0.01069998 0.008072912 -0.004838347 -0.01106601 0.00778532 -0.004653692 -0.01106601 0.007463395 -0.004538893 -0.01106601 0.007123887 -0.004499971 -0.01106601 0.008389234 -0.004451155 -0.01119995 0.008005797 -0.004204928 -0.01119995 0.007576584 -0.004051864 -0.01119995 0.007123887 -0.003999948 -0.01119995 0.004499971 -0.004999995 -0.01019996 0.004499971 -0.004866003 -0.01069998 0.004499971 -0.004499971 -0.01106601 0.004499971 -0.003999948 -0.01119995 0.004183769 -0.005051314 -0.01019996 0.00414139 -0.004924178 -0.01069998 0.004025638 -0.004576921 -0.01106601 0.003867506 -0.004102587 -0.01119995 0.003819584 -0.005092799 -0.01069998 0.003599941 -0.004799962 -0.01106601 0.003299951 -0.004399955 -0.01119995 0.004183769 0.005051314 -0.01019996 0.00414139 0.004924178 -0.01069998 0.004025638 0.004576921 -0.01106601 0.003867506 0.004102587 -0.01119995 0.004499971 0.004999995 -0.01019996 0.004499971 0.004866003 -0.01069998 0.004499971 0.004499971 -0.01106601 0.004499971 0.003999948 -0.01119995 0.007123887 0.004999995 -0.01019996 0.007123887 0.004866003 -0.01069998 0.007123887 0.004499971 -0.01106601 0.007123887 0.003999948 -0.01119995 0.007463395 0.004538893 -0.01106601 0.007380545 0.004895448 -0.01069998 0.007350206 0.005025923 -0.01019996 0.007564842 0.005102455 -0.01019996 0.00762391 0.004982173 -0.01069998 0.007756531 0.005225539 -0.01019996 0.007841289 0.005121827 -0.01069998 0.008021473 0.005306959 -0.01069998 0.00778532 0.004653692 -0.01106601 0.008072912 0.004838347 -0.01106601 0.008311212 0.005083322 -0.01106601 0.007576584 0.004051864 -0.01119995 0.008005797 0.004204928 -0.01119995 0.008389234 0.004451155 -0.01119995 0.008706986 0.004777729 -0.01119995 -0.002200245 -0.006116271 -0.008904635 -0.001667022 -0.006282567 -0.009109079 -8.56734e-4 -0.006443262 -0.009264767 -0.003022432 -0.00575453 -0.007884562 -0.002904295 -0.005815029 -0.008257627 -0.00265336 -0.005933761 -0.008587479 -0.002154529 -0.006132483 -0.006573557 -0.002559781 -0.005974709 -0.006828665 -0.002860367 -0.005836784 -0.00716722 -0.003002762 -0.005764782 -0.007506906 0.01099997 -0.009499967 0.006781697 0.01077836 -0.009475111 0.006738066 0.01049059 -0.009360492 0.006564378 0.01021522 -0.009119749 0.006292998 0.01004844 -0.008807539 0.006052494 0.00999999 -0.008499979 0.005895912 0.008226096 -0.005813896 0.008251667 0.008189558 -0.005761444 0.007964193 0.01099997 -0.005761384 0.007963418 0.01099997 -0.009243786 0.006420135 0.01099997 -0.0084154 0.005863904 0.008181929 -0.005750596 0.007799863 0.008217334 -0.00580126 0.007299959 0.00999999 -0.00580126 0.007299959 0.01099997 -0.005905747 0.006976127 0.00999999 -0.005905747 0.006976127 0.01099997 -0.006509125 0.006181418 0.00999999 -0.006509125 0.006181418 0.01099997 -0.007421374 0.00577712 0.00999999 -0.007421374 0.00577712 0.00999999 -0.0084154 0.005863904 0.008745491 -0.006650686 0.009420812 0.01099997 -0.006111979 0.008897542 0.008863687 -0.00687021 0.009546101 0.01099997 -0.006870269 0.009546101 0.009003996 -0.007149398 0.00965768 0.008505284 -0.006240665 0.00906223 0.008424937 -0.006112933 0.008899033 0.008340895 -0.00598371 0.008688211 0.00962156 -0.008463561 0.009618401 0.009538352 -0.008322477 0.009666264 0.01099997 -0.007847487 0.009747564 0.009531855 -0.008310794 0.009669721 0.009290993 -0.007801651 0.009749293 0.00924623 -0.007691144 0.009749114 0.01099997 -0.009191811 0.009136021 0.01051807 -0.009191811 0.009136021 0.01099997 -0.008800446 0.009451866 0.01044905 -0.009186983 0.009141087 0.01016682 -0.00907427 0.009248733 0.009858548 -0.008792579 0.009456753 0.00985074 -0.00878328 0.009462356 0.01006788 0.008862197 0.006087779 0.00999999 0.008499979 0.005895912 0.0102477 0.009158849 0.006330549 0.01029253 0.009206712 0.006379604 0.01051884 0.009376585 0.006586432 0.01064801 0.009436011 0.00667411 0.01083451 0.009486198 0.00675714 0.01099997 0.009499967 0.006781697 0.006285369 -0.00372219 0.007299959 0.005990147 -0.003557145 0.007299959 0.00999999 0.00580126 0.007299959 0.007465541 -0.004846751 0.007299959 0.005990147 0.003557145 0.007299959 0.005656838 0.003499984 0.007299959 0.005656838 -0.003499984 0.007299959 0 0.003499984 0.007299959 0.008217334 0.00580126 0.007299959 0.007465541 0.004846751 0.007299959 0.006285369 0.00372219 0.007299959 0 -0.003499984 0.007299959 -0.001339375 -0.003233551 0.007299959 -0.002474844 -0.002474844 0.007299959 -0.002474844 0.002474844 0.007299959 -0.001339375 0.003233551 0.007299959 -0.003233551 0.001339375 0.007299959 -0.003499984 0 0.007299959 -0.003233551 -0.001339375 0.007299959 0.01099997 0.009499967 0.007699966 0.01099997 0.005873739 0.007057428 0.01099997 0.009283661 0.008911371 0.01099997 0.009080171 0.006256461 0.01099997 0.008228182 0.005807995 0.01099997 0.007265329 0.005809605 0.01099997 0.006414771 0.006260931 0.01399999 0.007211387 0.01098364 0.009975194 0.007209122 0.01098448 0.01399999 0.005999982 0.01119995 0.00988388 0.00694096 0.01107108 0.009526252 0.005999982 0.01119995 0.01399999 0.008474826 0.01017487 0.01038765 0.008633673 0.01000511 0.01034718 0.008473753 0.01017588 0.01017516 0.007849156 0.01067161 0.01399999 0.009283661 0.008911371 0.01399999 0.009499967 0.007699966 0.01099997 -0.009499967 0.007699966 0.01399999 -0.009499967 0.007699966 0.01399999 -0.009283661 0.008911371 0.01038765 -0.008633673 0.01000511 0.01034718 -0.008473753 0.01017588 0.01399999 -0.008474826 0.01017487 0.01017516 -0.007849156 0.01067161 0.01399999 -0.007211387 0.01098364 0.009975194 -0.007209122 0.01098448 0.00988388 -0.00694096 0.01107108 0.01399999 -0.005999982 0.01119995 0.009526252 -0.005999982 0.01119995 0.01099997 -0.009283661 0.008911371 0.009037435 0.004653692 0.01119995 0.01399999 0.004653692 0.01119995 0.008157491 0.004120588 0.01119995 0.00867033 0.004405975 0.01119995 0.008782744 0.00487709 0.01119995 0.008190631 0.005762994 0.007522165 0.007188737 0.004548549 0.01019996 0.006285369 0.00372219 0.01019996 0.008660197 0.006499946 0.01019996 0.00898534 0.007111012 0.01010793 0.009250164 0.007700741 0.009822547 0.00798434 0.005479156 0.01019996 0.009076774 0.007159411 0.01044118 0.009283006 0.007145404 0.01075202 0.009578227 0.007906913 0.01037043 0.009362339 0.007830321 0.01010495 0.009789824 0.008565843 0.009763479 0.01008021 0.008641719 0.009918391 0.00919485 0.006191313 0.01112383 0.008913874 0.006353497 0.01090705 0.008726119 0.006461918 0.01058268 0.009572982 0.007065474 0.01097315 0.009867548 0.007911384 0.01056861 0.009362339 -0.007830321 0.01010495 0.009789824 -0.008565843 0.009763419 0.01008021 -0.008641719 0.009918391 0.008726119 -0.006461918 0.01058268 0.008660197 -0.006499946 0.01019996 0.00898534 -0.007111012 0.01010793 0.009572982 -0.007065474 0.01097315 0.00919485 -0.006191313 0.01112383 0.009076774 -0.007159411 0.01044118 0.009250164 -0.007700741 0.009822547 0.009578227 -0.007906913 0.01037043 0.009283006 -0.007145404 0.01075202 0.008913874 -0.006353497 0.01090705 0.009867548 -0.007911384 0.01056861 0.007188737 -0.004548549 0.01019996 0.006285369 -0.00372219 0.01019996 0.00798434 -0.005479156 0.01019996 0.005990147 -0.003557145 0.01019996 0.005656838 -0.003499984 0.01019996 0 -0.003499984 0.01019996 0 0.003499984 0.01019996 -6.82816e-4 0.003432691 0.01019996 -0.001339375 0.003233551 0.01019996 -0.001944482 0.002910137 0.01019996 -0.002474844 0.002474844 0.01019996 -0.002910137 0.001944482 0.01019996 -0.003233551 0.001339375 0.01019996 -0.003432691 6.82816e-4 0.01019996 -0.003499984 0 0.01019996 -0.003432691 -6.82816e-4 0.01019996 -0.003233551 -0.001339375 0.01019996 -0.002910137 -0.001944482 0.01019996 -0.002474844 -0.002474844 0.01019996 -0.001944482 -0.002910137 0.01019996 -0.001339375 -0.003233551 0.01019996 -6.82816e-4 -0.003432691 0.01019996 0.005656838 0.003499984 0.01019996 0.005990147 0.003557145 0.01019996 0.00847721 0.005107462 0.01112383 0.0069139 0.002944409 0.01119995 0.007907569 0.00385344 0.01119995 0.006673395 0.003242075 0.01112383 0.007632493 0.004119455 0.01112383 0.007243454 0.00449568 0.01058268 0.00636959 0.003618001 0.01069998 0.00739926 0.00434494 0.01090705 0.006469488 0.003494381 0.01090705 0.006599605 0.00333333 0.01106601 0.006333231 0.003663003 0.01058268 0.008218169 0.005302786 0.01090705 0.008045077 0.00543332 0.01058268 0.005656838 0.002882659 0.01112383 0.005656838 0.002499997 0.01119995 0.006323516 0.002614378 0.01119995 0.006156802 0.003085732 0.01106601 0.005656838 0.002999961 0.01106601 0.006034791 0.003430843 0.01069998 0.005656838 0.003423869 0.01058268 0.005656838 0.003365993 0.01069998 0.005656838 0.003207087 0.01090705 0 0.003423869 0.01058268 0 0.003365993 0.01069998 0 0.003207087 0.01090705 0 0.002999961 0.01106601 0 0.002882659 0.01112383 0 0.002499997 0.01119995 -6.56679e-4 0.003301322 0.01069998 -0.001288115 0.003109753 0.01069998 -0.001870036 0.002798736 0.01069998 -0.002380132 0.002380132 0.01069998 -0.002798736 0.001870036 0.01069998 -0.003109753 0.001288115 0.01069998 -0.003301322 6.56679e-4 0.01069998 -0.003365993 0 0.01069998 -0.003301322 -6.56679e-4 0.01069998 -0.003109753 -0.001288115 0.01069998 -0.002798736 -0.001870036 0.01069998 -0.002380132 -0.002380132 0.01069998 -0.001870036 -0.002798736 0.01069998 -0.001288115 -0.003109753 0.01069998 -6.56679e-4 -0.003301322 0.01069998 0 -0.003365993 0.01069998 -5.85271e-4 0.002942323 0.01106601 -0.001148045 0.002771615 0.01106601 -0.001666665 0.002494394 0.01106601 -0.002121269 0.002121269 0.01106601 -0.002494394 0.001666665 0.01106601 -0.002771615 0.001148045 0.01106601 -0.002942323 5.85271e-4 0.01106601 -0.002999961 0 0.01106601 -0.002942323 -5.85271e-4 0.01106601 -0.002771615 -0.001148045 0.01106601 -0.002494394 -0.001666665 0.01106601 -0.002121269 -0.002121269 0.01106601 -0.001666665 -0.002494394 0.01106601 -0.001148045 -0.002771615 0.01106601 -5.85271e-4 -0.002942323 0.01106601 0 -0.002999961 0.01106601 -4.87726e-4 0.002451956 0.01119995 -9.56709e-4 0.002309679 0.01119995 -0.001388907 0.002078652 0.01119995 -0.001767754 0.001767754 0.01119995 -0.002078652 0.001388907 0.01119995 -0.002309679 9.56709e-4 0.01119995 -0.002451956 4.87726e-4 0.01119995 -0.002499997 0 0.01119995 -0.002451956 -4.87726e-4 0.01119995 -0.002309679 -9.56709e-4 0.01119995 -0.002078652 -0.001388907 0.01119995 -0.001767754 -0.001767754 0.01119995 -0.001388907 -0.002078652 0.01119995 -9.56709e-4 -0.002309679 0.01119995 -4.87726e-4 -0.002451956 0.01119995 0 -0.002499997 0.01119995 0.005656838 -0.003365993 0.01069998 0.005656838 -0.002999961 0.01106601 0.005656838 -0.002499997 0.01119995 0.006156802 -0.003085732 0.01106601 0.006599605 -0.00333333 0.01106601 0.006323516 -0.002614378 0.01119995 0.006673395 -0.003242075 0.01112383 0.0069139 -0.002944409 0.01119995 0.006034791 -0.003430843 0.01069998 0.006333231 -0.003663003 0.01058268 0.00636959 -0.003618001 0.01069998 0.006469488 -0.003494381 0.01090705 0.008782744 -0.00487709 0.01119995 0.008157491 -0.004120588 0.01119995 0.007632493 -0.004119455 0.01112383 0.007907569 -0.00385344 0.01119995 0.00847721 -0.005107462 0.01112383 0.008218169 -0.005302786 0.01090705 0.008045077 -0.00543332 0.01058268 0.007243454 -0.00449568 0.01058268 0.00739926 -0.00434494 0.01090705 0.00999999 0.005873739 0.007057428 0.00999999 0.006414771 0.006260931 0.00999999 0.007265329 0.005809605 0.00999999 0.008228182 0.005807995 0.01399999 -0.004653692 0.01119995 0.009037435 -0.004653692 0.01119995 0.00867033 -0.004405975 0.01119995 -0.01113516 0.00885415 0.02106612 -0.01095563 0.009154975 0.02113354 -0.01017487 0.008474826 0.02009999 -0.01119995 0.008499979 0.02090114 -0.01056766 0.008006572 0.02009999 -0.01119995 0.007521092 0.02041631 -0.01093357 0.007339358 0.02009999 -0.01108157 0.006902515 0.02009999 -0.01119995 0.006765782 0.02018314 -0.01119995 0.005999982 0.02009999 -0.01069128 0.009370982 0.02110683 -0.01036214 0.009486794 0.02098691 -0.009706556 0.008867681 0.02009999 -0.01019996 0.009499967 0.02090114 -0.009039342 0.009233534 0.02009999 -0.009211897 0.009499967 0.02041256 -0.008602499 0.009381592 0.02009999 -0.008452951 0.009499967 0.02018004 -0.007699966 0.009499967 0.02009999 -0.01119995 0.008499979 0.02926999 -0.01114064 0.008839249 0.02926999 -0.01106601 0.008999943 0.02926999 -0.01091039 0.009203732 0.02926999 -0.01069998 0.009365975 0.02926999 -0.01054805 0.009437441 0.02926999 -0.01019996 0.009499967 0.02926999 -0.01019996 0.009388864 0.03007888 -0.005558073 0.009388864 0.03007888 -0.005437135 0.009441435 0.02985918 -0.005099952 0.009499967 0.02926999 -0.005810439 0.009203672 0.04049998 -0.005484879 0.009422957 0.04049998 -0.005099952 0.009499967 0.04049998 -0.006099998 0.008499979 0.0322262 -0.006099998 0.008499979 0.04049998 -0.006029307 0.008869946 0.03149795 -0.006026566 0.008876025 0.04049998 -0.005827486 0.009186089 0.03071773 -0.005808413 0.009205758 0.03066188 -0.005832552 -0.009180665 0.03073287 -0.005808711 -0.00920546 0.03066271 -0.005810439 -0.009203672 0.04049998 -0.005484879 -0.009422957 0.04049998 -0.005558073 -0.009388864 0.03007888 -0.005444705 -0.009438693 0.02987277 -0.005099952 -0.009499967 0.04049998 -0.005222558 -0.009492456 0.02948224 -0.005099952 -0.009499967 0.02926999 -0.006026566 -0.008876025 0.04049998 -0.006099998 -0.008499979 0.04049998 -0.006099998 -0.008499979 0.0322262 -0.006099104 -0.008542537 0.03214961 -0.006037771 -0.00884813 0.0315454 -0.00601989 -0.008892655 0.03144776 -0.01019996 -0.009388864 0.03007888 -0.01019996 -0.009499967 0.02926999 -0.01036435 -0.009486377 0.02098768 -0.01019996 -0.009499967 0.02090114 -0.0106976 -0.009367346 0.02110797 -0.01054608 -0.009438157 0.02926999 -0.01069998 -0.009365975 0.02926999 -0.01095736 -0.009152889 0.0211333 -0.01090705 -0.009207069 0.02926999 -0.01106601 -0.008999943 0.02926999 -0.01113587 -0.008852183 0.02106505 -0.01113814 -0.008846104 0.02926999 -0.01119995 -0.008499979 0.02926999 -0.01119995 -0.008499979 0.02090114 -0.01017487 -0.008474826 0.02009999 -0.009706556 -0.008867681 0.02009999 -0.01006573 -0.009499967 0.02082449 -0.009142696 -0.009499967 0.02038562 -0.009039342 -0.009233534 0.02009999 -0.008602499 -0.009381592 0.02009999 -0.008432865 -0.009500086 0.02017599 -0.007699966 -0.009499967 0.02009999 -0.01056766 -0.008006572 0.02009999 -0.01119995 -0.00841242 0.02085089 -0.01093357 -0.007339358 0.02009999 -0.01119995 -0.007476329 0.02039861 -0.01108157 -0.006902515 0.02009999 -0.01119995 -0.006737947 0.02017748 -0.01119995 -0.005999982 0.02009999 -0.005099952 -0.009176254 0.04295873 -0.005099952 -0.008858442 0.04393178 -0.005484879 -0.008786618 0.04390394 -0.005099952 -0.006717503 0.04721748 -0.005099952 -0.005725026 0.04808115 -0.005484879 -0.005678594 0.04801964 -0.005099952 -0.002458751 0.04967629 -0.005099952 -8.76549e-4 0.04995942 -0.005484879 -8.69441e-4 0.0498827 -0.005099952 0 0.04999995 -0.005099952 8.76549e-4 0.04995942 -0.005484879 8.69441e-4 0.0498827 -0.005099952 0.009176254 0.04295873 -0.005099952 0.0093382 0.04224556 -0.005484879 0.009262502 0.04223144 -0.005810439 0.009046971 0.04219114 -0.005810439 0.008582174 0.04382473 -0.006026566 0.008724868 0.04213094 -0.006026566 0.008276641 0.04370635 -0.006099998 0 0.04899996 -0.006099998 -7.84286e-4 0.04896378 -0.006026566 -8.18977e-4 0.04933816 -0.006099998 7.84289e-4 0.04896378 -0.006026566 0.007546544 0.04517263 -0.005810439 0.007825136 0.04534512 -0.006026566 0.006559431 0.0464797 -0.005810439 0.006801605 0.04670047 -0.006026566 0.00534898 0.04758322 -0.005810439 0.00554645 0.0478447 -0.006026566 0.003956377 0.04844546 -0.005810439 0.004102408 0.04873877 -0.006026566 0.002429008 0.04903715 -0.005810439 0.002518713 0.04935234 -0.005484879 0.008786618 0.04390394 -0.005484879 0.008011519 0.04546052 -0.005484879 0.00696361 0.04684817 -0.005484879 0.005678594 0.04801964 -0.005484879 0.00420016 0.04893505 -0.005484879 0.002578675 0.04956322 -0.006099998 -0.003452479 0.04826724 -0.006099998 -0.005126416 0.04728019 -0.006026566 -0.003956377 0.04844546 -0.006026566 -0.00534898 0.04758322 -0.005810439 -0.004102408 0.04873877 -0.005810439 -0.00554645 0.0478447 -0.005484879 -0.00420016 0.04893505 -0.006099998 -0.007226824 0.04497462 -0.006099998 -0.007644593 0.04421633 -0.006026566 -0.007546544 0.04517263 -0.006026566 -0.008276641 0.04370635 -0.005810439 -0.007825136 0.04534512 -0.005810439 -0.008582174 0.04382473 -0.005484879 -0.008011519 0.04546052 -0.005099952 0.008858442 0.04393178 -0.005099952 0.008227229 0.04524999 -0.005099952 0.008077025 0.04550105 -0.005099952 0.007020533 0.04690009 -0.005099952 0.002458751 0.04967629 -0.005099952 0.002599775 0.04963731 -0.005099952 0.004234492 0.04900401 -0.005099952 0.004749953 0.04872721 -0.005099952 0.005725026 0.04808115 -0.005099952 0.006717503 0.04721748 -0.005810439 8.49211e-4 0.04966443 -0.006026566 8.18977e-4 0.04933816 -0.005810439 -8.49211e-4 0.04966443 -0.006099998 0.001919031 0.04878056 -0.006099998 0.003657996 0.04817265 -0.006099998 0.005365788 0.04709237 -0.006099998 0.006592214 0.04586601 -0.006099998 0.007226824 0.04497468 -0.006099998 0.007641851 0.04422193 -0.006099998 0.008276045 0.04243844 -0.005099952 -0.002599775 0.04963731 -0.005484879 -0.002578675 0.04956322 -0.005810439 -0.002518713 0.04935234 -0.006026566 -0.002429008 0.04903715 -0.006099998 -0.001655876 0.04883712 -0.005099952 -0.004234492 0.04900401 -0.005099952 -0.004749953 0.04872721 -0.005099952 -0.007020533 0.04690009 -0.005484879 -0.00696361 0.04684817 -0.005810439 -0.006801605 0.04670047 -0.006026566 -0.006559431 0.0464797 -0.006099998 -0.006551444 0.04591566 -0.005099952 -0.008077025 0.04550105 -0.005099952 -0.008227229 0.04524999 -0.005099952 -0.0093382 0.04224556 -0.005484879 -0.009262502 0.04223144 -0.005810439 -0.009046971 0.04219114 -0.006026566 -0.008724868 0.04213094 -0.006099998 -0.008265972 0.04248088 -0.01119995 -0.008425891 0.02980929 -0.01106601 -0.008907377 0.02994406 -0.01091039 -0.009103596 0.02999901 -0.01069998 -0.009259819 0.03004276 -0.01112651 -0.008278191 0.03129148 -0.01119995 -0.007937669 0.03113347 -0.01119995 -0.007241666 0.03236126 -0.01112651 -0.007552921 0.03257238 -0.01106601 -0.007655441 0.03264188 -0.01091039 -0.008575379 0.0314294 -0.01058483 -0.00877422 0.03152167 -0.01069998 -0.007958352 0.03284734 -0.01091039 -0.007824063 0.03275626 -0.01019996 -0.008844077 0.0315541 -0.01019996 -0.008069276 0.03292256 -0.01058483 -0.008005499 0.03287935 -0.01019996 -0.006413996 0.03379994 -0.01069998 -0.006413996 0.03366601 -0.01069998 -0.006864309 0.03361088 -0.01106601 -0.006413996 0.03329998 -0.01106601 -0.006775975 0.03325563 -0.01119995 -0.007081747 0.03254437 -0.01106601 -0.007415592 0.0329166 -0.01106601 -0.007116556 0.03312528 -0.01119995 -0.006882369 0.03268349 -0.01119995 -0.006655335 0.03277039 -0.01119995 -0.006413996 0.03279995 -0.01069998 -0.007287979 0.03344869 -0.01069998 -0.007659971 0.03318905 -0.01019996 -0.006896615 0.03374087 -0.01019996 -0.007350742 0.03356707 -0.01019996 -0.007749438 0.03328877 -0.01019996 0.006413996 0.03379994 -0.01069998 0.006413996 0.03366601 -0.01106601 0.006413996 0.03329998 -0.01119995 0.006413996 0.03279995 -0.01112651 0.007552921 0.03257238 -0.01119995 0.007241666 0.03236126 -0.01119995 0.007081747 0.03254437 -0.01091039 0.007824063 0.03275626 -0.01106601 0.007655441 0.03264188 -0.01106601 0.007415592 0.0329166 -0.01119995 0.006882369 0.03268349 -0.01106601 0.007116556 0.03312528 -0.01119995 0.006655335 0.03277039 -0.01106601 0.006775975 0.03325563 -0.01058483 0.008005499 0.03287935 -0.01069998 0.007958352 0.03284734 -0.01069998 0.007659971 0.03318905 -0.01069998 0.007287979 0.03344869 -0.01069998 0.006864309 0.03361088 -0.01019996 0.007749438 0.03328877 -0.01019996 0.008069276 0.03292256 -0.01019996 0.007350742 0.03356707 -0.01019996 0.006896615 0.03374087 -0.01112651 0.008278191 0.03129148 -0.01119995 0.007937669 0.03113347 -0.01106601 0.008907377 0.02994406 -0.01119995 0.008425891 0.02980929 -0.01091039 0.008575379 0.0314294 -0.01091039 0.009103596 0.02999901 -0.01058483 0.00877422 0.03152167 -0.01069998 0.009259819 0.03004276 -0.01019996 0.008844077 0.0315541 -0.006099998 0.008069276 0.03292256 -0.006099998 -0.006413996 0.03379994 -0.006099998 -0.007350742 0.03356707 -0.006099998 -0.008069276 0.03292256 -0.006099998 0.007350742 0.03356707 -0.006099998 0.006413996 0.03379994 0.01119995 0.005999982 0.02009999 0.01119995 0.005999982 0.01569998 0.01113271 0.006682813 0.02009999 0.01093357 0.007339358 0.01569998 0.01093357 0.007339358 0.02009999 0.0106101 0.007944464 0.02009999 0.01017487 0.008474826 0.01569998 0.01017487 0.008474826 0.02009999 0.009644448 0.008910119 0.02009999 0.009039342 0.009233534 0.01569998 0.009039342 0.009233534 0.02009999 0.008382797 0.009432733 0.02009999 0.007699966 0.009499967 0.01569998 0.007699966 0.009499967 0.02009999 0.01119995 -0.005999982 0.01569998 0.01119995 -0.005999982 0.02009999 0.01119995 -0.008499979 0.02090114 0.01119995 -0.007521092 0.02041631 0.01119995 -0.008499979 0.03095251 0.01119995 -0.006765723 0.02018314 0.01119995 -0.00543338 0.03578668 0.01119995 0.006738007 0.02017742 0.01119995 -0.005083262 0.03584998 0.01119995 0.00747627 0.02039861 0.01119995 0.008412659 0.02085101 0.01119995 0.007747709 0.0330668 0.01119995 0.006623685 0.03471833 0.01119995 0.005083262 0.03584998 0.01119995 0.005739212 0.03560483 0.01119995 0.00543338 0.03578668 0.01119995 -0.005739212 0.03560483 0.01119995 -0.00708729 0.03413194 0.01119995 -0.008066833 0.03239083 0.01119995 -0.008467733 0.03120446 0.01119995 0.008499979 0.02090114 0.01119995 0.008499979 0.03095251 0.01119995 0.008467733 0.03120446 0.007699966 -0.009499967 0.02009999 0.007699966 -0.009499967 0.01569998 0.008382797 -0.009432733 0.02009999 0.009039342 -0.009233534 0.01569998 0.009039342 -0.009233534 0.02009999 0.009644448 -0.008910119 0.02009999 0.01017487 -0.008474826 0.01569998 0.01017487 -0.008474826 0.02009999 0.0106101 -0.007944464 0.02009999 0.01093357 -0.007339358 0.01569998 0.01093357 -0.007339358 0.02009999 0.01113271 -0.006682813 0.02009999 0.006099998 0.009499967 0.04049998 0.006099998 0.0093382 0.04224556 0.006099998 0.009176254 0.04295873 0.006099998 0.008858442 0.04393178 0.006099998 0.008227229 0.04524999 0.006099998 0.008077025 0.04550105 0.006099998 0.007020533 0.04690009 0.006099998 0.006717503 0.04721748 0.006099998 0.005725026 0.04808115 0.006099998 0.004749953 0.04872721 0.006099998 0.004234492 0.04900401 0.006099998 0.002599775 0.04963731 0.006099998 0.002458751 0.04967629 0.006099998 8.76549e-4 0.04995942 0.006099998 0 0.04999995 0.006099998 -8.76549e-4 0.04995942 0.006099998 -0.002458751 0.04967629 0.006099998 -0.002599775 0.04963731 0.006099998 -0.004234492 0.04900401 0.006099998 -0.004749953 0.04872721 0.006099998 -0.005725026 0.04808115 0.006099998 -0.006717503 0.04721748 0.006099998 -0.007020533 0.04690009 0.006099998 -0.008077025 0.04550105 0.006099998 -0.008227229 0.04524999 0.006099998 -0.008858442 0.04393178 0.006099998 -0.009176254 0.04295873 0.006099998 -0.0093382 0.04224556 0.006099998 -0.009499967 0.04049998 0.006453335 0.009435474 0.03145641 0.006099998 0.009499967 0.03095251 0.00648266 0.009423851 0.04049998 0.006807088 0.009207069 0.04049998 0.00672537 0.009280264 0.03198969 0.00702387 0.008882641 0.04049998 0.007099986 0.008499979 0.04049998 0.007099986 0.008499979 0.03377622 0.00709325 0.008617997 0.03355985 0.007037341 0.008849799 0.03309172 0.006974458 0.00898528 0.03278499 0.01019996 0.009499967 0.03095251 0.01019996 0.009435474 0.03145641 0.01036435 0.009486377 0.02098768 0.01019996 0.009499967 0.02090114 0.0106976 0.009367346 0.02110797 0.01054608 0.009438157 0.03095251 0.01090705 0.009207069 0.03095251 0.01095736 0.009152889 0.0211333 0.01113814 0.008846104 0.03095251 0.01113587 0.008852183 0.02106505 0.01006573 0.009499967 0.02082449 0.008432865 0.009500086 0.02017599 0.009142696 0.009499967 0.02038562 0.01113516 -0.00885415 0.02106612 0.01095563 -0.009154975 0.02113354 0.009211897 -0.009499967 0.02041256 0.008452951 -0.009499967 0.02018004 0.01069128 -0.009370982 0.02110683 0.01036214 -0.009486794 0.02098691 0.01019996 -0.009499967 0.02090114 0.01114064 -0.008839249 0.03095251 0.01091039 -0.009203732 0.03095251 0.01054805 -0.009437441 0.03095251 0.01019996 -0.009499967 0.03095251 0.01019996 -0.009435474 0.03145641 0.006453335 -0.009435474 0.03145641 0.006099998 -0.009499967 0.03095251 0.007029533 -0.008870005 0.03304779 0.007099986 -0.008499979 0.03377622 0.007099986 -0.008499979 0.04049998 0.00702387 -0.008882641 0.04049998 0.006807088 -0.009207069 0.04049998 0.006824254 -0.009189546 0.03225791 0.00656867 -0.00938344 0.03164809 0.00648266 -0.009423851 0.04049998 0.00702387 0.008731424 0.04213213 0.006807088 0.009050309 0.0421918 0.00648266 0.009263396 0.04223161 0.00648266 0.008012294 0.04546099 0.00648266 0.008787453 0.04390424 0.00648266 0.006964325 0.04684877 0.00648266 0.00567913 0.04802042 0.00648266 0.004200577 0.04893589 0.00648266 0.002578914 0.04956412 0.00648266 8.69526e-4 0.04988366 0.00648266 -8.69526e-4 0.04988366 0.00648266 -0.002578914 0.04956412 0.00648266 -0.004200577 0.04893589 0.00648266 -0.00567913 0.04802042 0.00648266 -0.006964325 0.04684877 0.00648266 -0.008012294 0.04546099 0.00648266 -0.008787453 0.04390424 0.00648266 -0.009263396 0.04223161 0.006807088 0.008585333 0.04382598 0.006807088 0.007827997 0.04534691 0.006807088 0.006804108 0.04670274 0.006807088 0.005548477 0.04784739 0.006807088 0.004103958 0.04874181 0.006807088 0.002519607 0.04935562 0.006807088 8.49525e-4 0.04966783 0.006807088 -8.49525e-4 0.04966783 0.006807088 -0.002519607 0.04935562 0.006807088 -0.004103958 0.04874181 0.006807088 -0.005548477 0.04784739 0.006807088 -0.006804108 0.04670274 0.006807088 -0.007827997 0.04534691 0.006807088 -0.008585333 0.04382598 0.006807088 -0.009050309 0.0421918 0.00702387 0.00828284 0.04370874 0.00702387 0.007552206 0.04517608 0.00702387 0.006564378 0.04648417 0.00702387 0.005352973 0.04758852 0.00702387 0.003959298 0.04845142 0.00702387 0.002430856 0.04904359 0.00702387 8.19591e-4 0.04934477 0.00702387 -8.19591e-4 0.04934477 0.00702387 -0.002430856 0.04904359 0.00702387 -0.003959298 0.04845142 0.00702387 -0.005352973 0.04758852 0.00702387 -0.006564378 0.04648417 0.00702387 -0.007552206 0.04517608 0.00702387 -0.00828284 0.04370874 0.00702387 -0.008731424 0.04213213 0.007099986 0.008355259 0.04206186 0.007099986 0.007925987 0.04357051 0.007099986 0.007226824 0.04497462 0.007099986 0.006281554 0.04622638 0.007099986 0.005122363 0.04728311 0.007099986 0.003788769 0.04810887 0.007099986 0.00232613 0.04867547 0.007099986 7.84281e-4 0.04896372 0.007099986 -7.84281e-4 0.04896372 0.007099986 -0.00232613 0.04867547 0.007099986 -0.003788769 0.04810887 0.007099986 -0.005122363 0.04728311 0.007099986 -0.006281554 0.04622638 0.007099986 -0.007226824 0.04497462 0.007099986 -0.007925987 0.04357051 0.007099986 -0.008355259 0.04206186 0.01019996 -0.007671296 0.03501766 0.01019996 -0.008286237 0.03413808 0.01058489 -0.008220791 0.03409749 0.01112657 -0.006949126 0.0349155 0.01112657 -0.00883162 0.03129923 0.01112657 -0.008388161 0.03259468 0.01091045 -0.009148716 0.03138178 0.01091045 -0.008689403 0.03272378 0.01090705 -0.009151995 0.03138262 0.01058489 -0.008890926 0.03281015 0.01019996 -0.008961737 0.03284049 0.01058489 -0.009360909 0.03143703 0.01112657 -0.007755935 0.03380924 0.01091045 -0.008034408 0.03398191 0.01019996 -0.007424235 0.03531998 0.01058489 -0.007365584 0.03527003 0.01091045 -0.007198631 0.03512793 0.01112383 -0.005990207 0.03589367 0.01090705 -0.006202995 0.03613859 0.01058268 -0.006345152 0.0363022 0.01019996 -0.006395101 0.03635966 0.01078778 0.00925064 0.0314083 0.01058489 0.009360909 0.03143703 0.01050901 0.009388089 0.03144407 0.01091045 0.009148716 0.03138178 0.01112657 0.00883162 0.03129923 0.01115101 0.00876677 0.03128236 0.01091045 0.008689403 0.03272378 0.01112657 0.008388161 0.03259468 0.01112383 0.005990207 0.03589367 0.01112657 0.006949126 0.0349155 0.01091045 0.007198631 0.03512793 0.01090705 0.006202995 0.03613859 0.01058489 0.007365584 0.03527003 0.01058268 0.006345152 0.0363022 0.01058489 0.008890926 0.03281015 0.01058489 0.008220791 0.03409749 0.01091045 0.008034408 0.03398191 0.01112657 0.007755935 0.03380924 0.01019996 0.006395101 0.03635966 0.01019996 0.007424235 0.03531998 0.01019996 0.007671296 0.03501766 0.01019996 0.008286237 0.03413808 0.01019996 0.008961737 0.03284049 0.01112383 0.005083262 0.03623265 0.01112383 0.005567371 0.03614515 0.01106601 0.005083262 0.03634995 0.01090705 0.005680978 0.03644901 0.01058268 0.005756855 0.03665208 0.01069998 0.005083262 0.03671598 0.01090705 0.005083262 0.03655707 0.01019996 0.005783498 0.03672337 0.01019996 0.005083262 0.03684997 0.01058268 0.005083262 0.03677386 0.01019996 -0.005083262 0.03684997 0.01058268 -0.005083262 0.03677386 0.01069998 -0.005083262 0.03671598 0.01090705 -0.005083262 0.03655707 0.01106601 -0.005083262 0.03634995 0.01112383 -0.005083262 0.03623265 0.01112383 -0.005567371 0.03614515 0.01090705 -0.005680978 0.03644901 0.01058268 -0.005756855 0.03665208 0.01019996 -0.005783498 0.03672337 0.007099986 -0.007671296 0.03501766 0.007099986 -0.006395101 0.03635966 0.007099986 -0.005783498 0.03672337 0.007099986 0.007671296 0.03501766 0.007099986 0.006395101 0.03635966 0.007099986 -0.005083262 0.03684997 0.007099986 0.005083262 0.03684997 0.007099986 0.005783498 0.03672337 0.0178461 0.009438157 -0.007699966 0.01749998 0.009499967 -0.007699966 0.01749998 0.009499967 0.0187 0.01849997 0.008548676 0.007816433 0.01836597 0.008999943 0.0187 0.01849997 0.008499979 0.008028388 0.01849997 0.008499979 0.0187 0.01849877 0.008548378 -0.007699966 0.01843816 0.008846104 -0.007699966 0.01849997 0.008499979 -0.007471561 0.01849997 0.008499979 0.007471561 0.01799994 0.009365975 0.0187 0.01820707 0.009207069 0.0187 0.01820707 0.009207069 -0.007699966 0.01849997 -0.008499979 0.008028388 0.01849997 -0.008499979 0.0187 0.01836597 -0.008999943 0.0187 0.01843816 -0.008846104 -0.007699966 0.01849997 -0.008499979 0.007471561 0.01849997 -0.008548676 0.007683515 0.01799994 -0.009365975 0.0187 0.01749998 -0.009499967 0.0187 0.01749998 -0.009499967 -0.007699966 0.0178461 -0.009438157 -0.007699966 0.01820707 -0.009207069 -0.007699966 0.01820707 -0.009207069 0.0187 0.01849997 0.008466958 -0.008104801 0.01849997 0.008548915 -0.007791578 0.01849997 0.008197009 -0.008892893 0.01849997 0.008445322 -0.008219778 0.01849997 -0.005999982 -0.01019996 0.01849997 0.005999982 -0.01019996 0.01849997 0.006519734 -0.01014536 0.01849997 0.007767736 -0.00946772 0.01849997 0.00719285 -0.009896993 0.01849997 -0.008466958 -0.008104801 0.01849997 -0.008445322 -0.008219778 0.01849997 -0.006519734 -0.01014536 0.01849997 -0.008197009 -0.008892893 0.01849997 -0.00719285 -0.009896993 0.01849997 -0.007767736 -0.00946772 0.01836597 -0.008499979 0.01919996 0.01836597 -0.008749961 0.01913297 0.01836597 -0.008933007 0.01894998 0.01799994 -0.009249985 0.01913297 0.01799994 -0.008933007 0.01944994 0.01799994 -0.008499979 0.01956599 0.01749998 -0.009365975 0.01919996 0.01749998 -0.009207069 0.01940709 0.01749998 -0.008999943 0.01956599 0.01749998 -0.008499979 0.01969999 0.009599983 0.00905776 0.01952993 0.009599983 0.00905776 0.01569998 0.009883403 0.008862197 0.01963233 0.01046854 0.008301079 0.01569998 0.01029032 0.008499979 0.01969999 0.01129996 0.005999982 0.01569998 0.01129996 0.005999982 0.01969999 0.01111567 0.00713706 0.01569998 0.01111567 0.00713706 0.01969999 0.01046854 0.008301079 0.01969999 0.009599983 0.009207069 0.01940709 0.009599983 0.009438157 0.01904606 0.009599983 0.009499967 0.0187 0.009599983 0.009499967 0.01569998 0.01129996 -0.005999982 0.01569998 0.01129996 -0.005999982 0.01969999 0.01749998 0.008499979 0.01969999 0.01029032 -0.008499979 0.01969999 0.01046854 -0.008301079 0.01969999 0.01111567 -0.00713706 0.01969999 0.01749998 0.009365975 0.01919996 0.01749998 0.009207069 0.01940709 0.01749998 0.008999943 0.01956599 0.009599983 -0.00905776 0.01569998 0.009599983 -0.00905776 0.01952993 0.01046854 -0.008301079 0.01569998 0.009898364 -0.008850753 0.01963669 0.01006907 -0.008710563 0.01967775 0.01111567 -0.00713706 0.01569998 0.009599983 -0.009499967 0.01569998 0.009599983 -0.009499967 0.0187 0.009599983 -0.009207069 0.01940709 0.009599983 -0.009438157 0.01904606 0.01399999 -0.009499967 0.009046256 0.01242816 -0.009499967 0.01219999 0.01242816 -0.009499967 0.009046256 -0.007699966 -0.009499967 0.01219999 0.01242816 0.009499967 0.009046256 0.01242816 0.009499967 0.01219999 0.01399999 0.009499967 0.009046256 -0.007699966 0.009499967 0.01219999 0.01799994 0.008933007 0.01944994 0.01799994 0.008499979 0.01956599 0.01836597 0.008749961 0.01913297 0.01836597 0.008499979 0.01919996 0.01799994 0.009249985 0.01913297 0.01836597 0.008933007 0.01894998 -0.009039342 0.009233534 0.01219999 -0.01017487 0.008474826 0.01219999 -0.01093357 0.007339358 0.01219999 -0.01119995 0.005999982 0.01219999 -0.01119995 -0.005999982 0.01219999 -0.01093357 -0.007339358 0.01219999 -0.01017487 -0.008474826 0.01219999 -0.009039342 -0.009233534 0.01219999 0.01143842 -0.008642852 0.01219999 0.01160025 -0.0090608 0.01219999 0.01199138 -0.009399533 0.01219999 0.01199138 0.009399533 0.01219999 0.01160025 0.0090608 0.01219999 0.01143842 0.008642852 0.01219999 -0.002933561 0.001339375 0.01219999 -0.003199994 0 0.01219999 -0.002933561 -0.001339375 0.01219999 -0.001039385 0.003233551 0.01219999 -0.002174854 0.002474844 0.01219999 -0.002174854 -0.002474844 0.01219999 0.0100888 0.005634427 0.01219999 0.00867033 0.004405975 0.01219999 0.01105844 0.007240951 0.01219999 0.006941735 0.003675758 0.01219999 0.005499958 0.003499984 0.01219999 3e-4 0.003499984 0.01219999 0.00867033 -0.004405975 0.01219999 0.0100888 -0.005634427 0.01219999 0.01105844 -0.007240951 0.01219999 -0.001039385 -0.003233551 0.01219999 3e-4 -0.003499984 0.01219999 0.005499958 -0.003499984 0.01219999 0.006941735 -0.003675758 0.01219999 0.01199036 -0.009399056 0.00928384 0.01224887 -0.009483695 0.0090878 0.01143842 -0.008642852 0.01036041 0.01149153 -0.008850395 0.01013666 0.01160109 -0.00906223 0.009864449 0.01169949 -0.009184837 0.009679615 0.01399999 -0.009020686 0.009922087 0.01399999 -0.005624949 0.01143115 0.01399999 -0.006911039 0.01133763 0.01089531 -0.006875276 0.01134639 0.01054751 -0.006256103 0.01144123 0.01009726 -0.00564444 0.01143306 0.009551644 -0.005074441 0.01133394 0.01399999 -0.008089363 0.01081395 0.01133394 -0.008099615 0.01080703 0.01116526 -0.007523953 0.01112633 0.01749998 -0.008474826 -0.01017487 0.01749998 -0.00907582 -0.009370028 0.01749998 -0.005999982 -0.01119995 0.01749998 -0.006727635 -0.01112347 0.01749998 -0.007211387 -0.01098364 0.01749998 -0.007670044 -0.01077586 0.01749998 -0.009423494 -0.008427679 0.01749998 -0.009283661 -0.008911371 0.01749998 0.009423494 -0.008427679 0.01749998 0.008474826 -0.01017487 0.01749998 0.00907582 -0.009370028 0.01749998 0.009283661 -0.008911371 0.01749998 0.007670044 -0.01077586 0.01749998 0.007211387 -0.01098364 0.01749998 0.006727635 -0.01112347 0.01749998 0.005999982 -0.01119995 0.01399999 0.009020686 0.009922087 0.01156121 0.008998334 0.009952127 0.01160013 0.009060859 0.009866416 0.01182395 0.009296953 0.009486675 0.01232486 0.009494543 0.009060263 0.01207804 0.009436666 0.009200513 0.01198661 0.009397208 0.009287834 0.01143842 0.008642852 0.01036041 0.01399999 0.008089363 0.01081395 0.01138806 0.00834757 0.01062422 0.01399999 0.006911039 0.01133763 0.01124227 0.007760584 0.011011 0.01133108 0.008087754 0.01081502 0.01399999 0.005624949 0.01143115 0.01070207 0.006510257 0.01141506 0.01100832 0.007121562 0.01127833 0.009729981 0.005244672 0.0113731 0.01008826 0.005633711 0.01143205 0.01025277 0.005837857 0.01144647 0.01849901 0.008549809 -0.007767081 0.01799994 0.005999982 -0.01106601 0.0178461 0.005999982 -0.01113814 0.0178461 0.00671482 -0.01106303 0.01843816 0.008783876 -0.008291721 0.0178461 0.009363055 -0.008414804 0.0178461 0.00902152 -0.009340524 0.0178461 0.008431136 -0.01013112 0.0178461 0.00764054 -0.0107215 0.01836597 0.005999982 -0.01069998 0.01820707 0.005999982 -0.01090705 0.01820707 0.006666779 -0.01083701 0.01843816 0.006591737 -0.01048392 0.01843816 0.005999982 -0.01054608 0.01843816 0.008501172 -0.009057998 0.01843816 0.008012473 -0.009712457 0.01843816 0.007358014 -0.01020121 0.01820707 0.007530272 -0.01051843 0.01820707 0.00826776 -0.009967744 0.01820707 0.008818447 -0.009230256 0.01820707 0.009136974 -0.008366763 0.01849991 -0.008474409 -0.008089363 0.01843816 -0.008783876 -0.008291721 0.01843816 -0.008501172 -0.009057998 0.01843816 -0.008012473 -0.009712457 0.01843816 -0.007358014 -0.01020121 0.01843816 -0.006591737 -0.01048392 0.01843816 -0.005999982 -0.01054608 0.01820707 -0.006666779 -0.01083701 0.01820707 -0.005999982 -0.01090705 0.01836597 -0.005999982 -0.01069998 0.0178461 -0.005999982 -0.01113814 0.0178461 -0.00671482 -0.01106303 0.01799994 -0.005999982 -0.01106601 0.0178461 -0.00764054 -0.0107215 0.0178461 -0.008431136 -0.01013112 0.0178461 -0.00902152 -0.009340524 0.0178461 -0.009363055 -0.008414804 0.01820707 -0.009136974 -0.008366763 0.01820707 -0.008818447 -0.009230256 0.01820707 -0.00826776 -0.009967744 0.01820707 -0.007530272 -0.01051843 0.005499958 0.003499984 0.01119995 0.006941735 0.003675758 0.01119995 3e-4 0.003499984 0.01119995 -0.001039385 0.003233551 0.01119995 -0.002174854 0.002474844 0.01119995 -0.002933561 0.001339375 0.01119995 -0.003199994 0 0.01119995 -0.002933561 -0.001339375 0.01119995 -0.002174854 -0.002474844 0.01119995 -0.001039385 -0.003233551 0.01119995 3e-4 -0.003499984 0.01119995 0.005499958 -0.003499984 0.01119995 0.006941735 -0.003675758 0.01119995 -8.60389e-4 -0.005432248 -0.01119995 -0.001699566 -0.005230784 -0.01119995 0 -0.005499958 -0.01119995 0.001112997 -0.005386173 -0.01119995 0.00234127 -0.004976749 -0.01119995 0.001739203 -0.00521773 -0.01119995 -0.002496898 -0.004900515 -0.01119995 -0.003232777 -0.004449546 -0.01119995 -0.003889083 -0.003889083 -0.01119995 -0.004449546 -0.003232777 -0.01119995 -0.004900515 -0.002496898 -0.01119995 -0.005230784 -0.001699566 -0.01119995 -0.005432248 -8.60389e-4 -0.01119995 -0.005499958 0 -0.01119995 -0.004449546 0.003232777 -0.01119995 -0.003889083 0.003889083 -0.01119995 -0.001699566 0.005230784 -0.01119995 -8.60389e-4 0.005432248 -0.01119995 -0.003232777 0.004449546 -0.01119995 -0.002496898 0.004900515 -0.01119995 -0.005432248 8.60389e-4 -0.01119995 -0.005230784 0.001699566 -0.01119995 -0.004900515 0.002496898 -0.01119995 0.002689003 0.005917668 -0.008551657 0.002266287 0.006092071 -0.008868873 0.001344501 0.006162703 -0.008966803 0.001636564 0.006290555 -0.009117543 8.59414e-4 0.006442904 -0.009263813 0 0.006499946 -0.009311199 -6.59237e-4 0.006466448 -0.0092839 -0.00138837 0.00634998 -0.00917828 0.00302726 0.005751967 -0.00783956 -0.002051949 0.00616759 -0.008973181 -0.002532064 0.005986511 -0.008693635 0.002924799 0.005804717 -0.008214771 -0.002809405 0.005861461 -0.008408546 -0.00297141 0.005780994 -0.008101165 -0.001016795 0.006419956 -0.01019996 -0.002950906 0.005791485 -0.01019996 -0.002008557 0.006181836 -0.01019996 -0.003820598 0.00525856 -0.01019996 -0.001016795 -0.006419956 -0.01019996 -0.002008557 -0.006181836 -0.01019996 -0.002950906 -0.005791485 -0.01019996 -0.003820598 -0.00525856 -0.01019996 -0.004596173 -0.004596173 -0.01019996 -0.00525856 -0.003820598 -0.01019996 -0.006181836 -0.002008557 -0.01019996 -0.005791485 -0.002950906 -0.01019996 -0.006499946 0 -0.01019996 -0.006419956 -0.001016795 -0.01019996 -0.006181836 0.002008557 -0.01019996 -0.006419956 0.001016795 -0.01019996 -0.004596173 0.004596173 -0.01019996 -0.00525856 0.003820598 -0.01019996 -0.005791485 0.002950906 -0.01019996 -9.95866e-4 0.006287634 -0.01069998 -9.38607e-4 0.005926072 -0.01106601 -0.001854062 0.00570631 -0.01106601 -0.002723932 0.005346 -0.01106601 -0.003526687 0.004854083 -0.01106601 -0.004242599 0.004242599 -0.01106601 -0.004854083 0.003526687 -0.01106601 -0.005346 0.002723932 -0.01106601 -0.00570631 0.001854062 -0.01106601 -0.005926072 9.38607e-4 -0.01106601 -0.005999982 0 -0.01106601 -0.005926072 -9.38607e-4 -0.01106601 -0.00570631 -0.001854062 -0.01106601 -0.005346 -0.002723932 -0.01106601 -0.004854083 -0.003526687 -0.01106601 -0.004242599 -0.004242599 -0.01106601 -0.003526687 -0.004854083 -0.01106601 -0.002723932 -0.005346 -0.01106601 -0.001854062 -0.00570631 -0.01106601 -9.38607e-4 -0.005926072 -0.01106601 0 -0.005999982 -0.01106601 -0.001967191 0.006054401 -0.01069998 -0.00289011 0.005672156 -0.01069998 -0.0037418 0.005150198 -0.01069998 -0.004501402 0.004501402 -0.01069998 -0.005150198 0.0037418 -0.01069998 -0.005672156 0.00289011 -0.01069998 -0.006054401 0.001967191 -0.01069998 -0.006287634 9.95866e-4 -0.01069998 -0.006366014 0 -0.01069998 -0.006287634 -9.95866e-4 -0.01069998 -0.006054401 -0.001967191 -0.01069998 -0.005672156 -0.00289011 -0.01069998 -0.005150198 -0.0037418 -0.01069998 -0.004501402 -0.004501402 -0.01069998 -0.0037418 -0.005150198 -0.01069998 -0.00289011 -0.005672156 -0.01069998 -0.001967191 -0.006054401 -0.01069998 -9.95866e-4 -0.006287634 -0.01069998 0 -0.006366014 -0.01069998 0.001288235 -0.006234288 -0.01069998 0.001214206 -0.005875825 -0.01106601 0.001897335 -0.005692064 -0.01106601 0.002554118 -0.005429208 -0.01106601 0.002013087 -0.006039321 -0.01069998 0.002709925 -0.005760371 -0.01069998 0.01449996 0.008299946 0.01169997 0.01449996 0.008299946 0.01219999 0.01409995 0.008192777 0.01169997 0.01409995 0.008192777 0.01219999 0.01380717 0.007899999 0.01169997 0.01380717 0.007899999 0.01219999 0.01369994 0.007499992 0.01169997 0.01369994 0.007499992 0.01219999 0.01380717 0.007099986 0.01169997 0.01380717 0.007099986 0.01219999 0.01409995 0.006807148 0.01169997 0.01409995 0.006807148 0.01219999 0.01449996 0.006699979 0.01169997 0.01449996 0.006699979 0.01219999 0.01449996 0.007499992 0.01121926 0.0151928 0.007099986 0.01169997 0.01529997 0.007499992 0.01169997 0.01489996 0.006807148 0.01169997 0.01489996 0.008192777 0.01169997 0.0151928 0.007899999 0.01169997 0.01489996 0.006807148 0.01219999 0.0151928 0.007099986 0.01219999 0.01529997 0.007499992 0.01219999 0.0151928 0.007899999 0.01219999 0.01489996 0.008192777 0.01219999 0.01449996 -0.006699979 0.01169997 0.01449996 -0.006699979 0.01219999 0.01409995 -0.006807148 0.01169997 0.01409995 -0.006807148 0.01219999 0.01380717 -0.007099986 0.01169997 0.01380717 -0.007099986 0.01219999 0.01369994 -0.007499992 0.01169997 0.01369994 -0.007499992 0.01219999 0.01380717 -0.007899999 0.01169997 0.01380717 -0.007899999 0.01219999 0.01409995 -0.008192777 0.01169997 0.01409995 -0.008192777 0.01219999 0.01449996 -0.008299946 0.01169997 0.01449996 -0.008299946 0.01219999 0.01449996 -0.007499992 0.01121926 0.0151928 -0.007899999 0.01169997 0.01529997 -0.007499992 0.01169997 0.01489996 -0.008192777 0.01169997 0.01489996 -0.006807148 0.01169997 0.0151928 -0.007099986 0.01169997 0.01489996 -0.008192777 0.01219999 0.0151928 -0.007899999 0.01219999 0.01529997 -0.007499992 0.01219999 0.0151928 -0.007099986 0.01219999 0.01489996 -0.006807148 0.01219999</float_array>
          <technique_common>
            <accessor source="#link_1-mesh-positions-array" count="1450" stride="3">
              <param name="X" type="float"/>
              <param name="Y" type="float"/>
              <param name="Z" type="float"/>
            </accessor>
          </technique_common>
        </source>
        <source id="link_1-mesh-normals">
          <float_array id="link_1-mesh-normals-array" count="8664">0 -0.9940283 -0.1091219 -0.01056474 -0.984356 -0.1758738 0.006293058 -0.938947 -0.3440042 0 -0.8191514 -0.5735774 -0.01410943 -0.8441751 -0.5358818 -0.1822222 -0.6917874 -0.6987311 0 -0.8271881 -0.5619251 0 -0.468751 -0.8833304 0 -0.468751 -0.8833304 0 -0.001667022 -0.9999986 0 -0.001667022 -0.9999986 0 0.3078358 -0.9514396 -0.03842097 0.4327704 -0.9006851 -0.05923354 0.4649855 -0.8833345 0.00307846 0.5899575 -0.8074285 -0.03809332 0.7806056 -0.6238621 -0.05887341 0.7849605 -0.6167423 -0.002990543 0.7402247 -0.672353 0.4981259 0.8279675 -0.2575661 0.3654732 0.6074771 -0.7052665 0.1340746 0.2228542 -0.9655879 0.1340746 0.2228543 -0.9655879 0.09633487 0.2406755 -0.9658131 0.09633487 0.2406755 -0.9658131 0.06733739 0.2503413 -0.9658131 0.06733733 0.2503415 -0.9658131 0.02645277 0.2587284 -0.9655878 0.02645283 0.2587282 -0.9655879 0.3654732 0.6074768 -0.7052667 0.2629933 0.6570419 -0.7064918 0.2629933 0.6570417 -0.7064918 0.1838302 0.6834294 -0.7064918 0.1838304 0.683429 -0.7064921 0.07210761 0.705265 -0.7052672 0.07210731 0.7052657 -0.7052665 0.4981259 0.8279676 -0.257566 0.3589855 0.8968608 -0.2583988 0.3589855 0.8968609 -0.2583988 0.2509284 0.93288 -0.2583988 0.2509282 0.9328801 -0.2583985 0.09827953 0.9612498 -0.2575656 0.09827989 0.9612494 -0.2575666 0.05001401 -0.9987486 0 0.1016427 -0.9941405 -0.03679031 0.154923 -0.9879229 0.002670466 0.2597487 -0.9656721 -0.002811729 0.2619388 -0.9650837 -0.001218616 0.3716055 -0.9283897 0.001362502 0.3543621 -0.9350472 -0.01068502 0.5345832 -0.8451159 0 0.5280651 -0.8491981 -0.003130137 0.5091646 -0.8605679 -0.01319962 0.5154956 -0.856839 -0.009557247 0.4488986 -0.8935824 -7.56764e-4 0.4095944 -0.9122673 8.34049e-4 0.3430498 -0.9340108 0.09970295 0.3871834 -0.9219862 0.005507647 0.5154469 -0.856758 -0.01673543 0.4913673 -0.8693504 0.05280143 0.5138144 -0.8576725 0.01981854 0 0.9994837 -0.03212821 -0.001329183 0.9955496 -0.09422993 0.001384913 0.9872266 -0.1593168 -0.001314461 0.9608719 -0.2769901 0 0.7881672 -0.6154612 0.004145681 0.754541 -0.6562399 -0.009396791 0.8818895 -0.4713625 -0.03147143 0.9502856 -0.3097852 0.02106744 0.8290981 -0.5587062 0.005802214 0.8988847 -0.4381468 0 -0.5672534 -0.8235433 -0.01933205 -0.6574857 -0.753219 -0.05909192 -0.5951324 -0.8014522 -0.02094888 -0.551098 -0.8341776 -0.0294454 -0.1236571 -0.9918881 -0.09297657 -0.2517686 -0.9633109 -0.01280093 -0.1393964 -0.9901539 -3.8499e-6 -0.3743937 -0.9272699 -2.00992e-4 -0.4346476 -0.9006006 -1.38015e-4 0.550834 -0.8346148 -0.0210148 0.3840944 -0.9230546 -0.02565866 0.3734323 -0.9273025 -2.13296e-4 0.184154 -0.9828974 -1.16506e-4 0.04712259 -0.9988891 -7.02162e-5 0.6611051 -0.7502933 -0.02320325 0.7865464 -0.6170951 -0.01339024 0.8066236 -0.5909138 0.005926728 0.9310154 -0.3649315 -0.01423859 0.9795774 -0.2005624 0 0.9928932 -0.1190091 0.9998301 -0.01838606 -0.001280188 0.9998736 -0.01579713 -0.001787185 0.001922607 -0.1087852 0.9940634 -6.99467e-5 0.7678182 0.6406679 -2.31162e-5 0.9839053 0.178691 0 -0.3539456 -0.9352661 -0.01107329 -0.4657788 -0.8848319 -0.06760191 -0.5561546 -0.8283249 0 0.814777 -0.5797746 0 -0.08695417 -0.9962123 0 -0.08695417 -0.9962123 0 0.4051632 -0.9142443 0 0.4051632 -0.9142443 0 0.6813089 -0.7319961 -0.05476671 0.7952412 -0.6038145 -0.01017409 0.834214 -0.551347 1.56098e-5 0.9983463 0.05748569 -0.01224219 0.9930289 -0.1172333 -0.01920056 0.9892954 -0.144658 5.66093e-5 0.9487534 -0.3160172 -3.63982e-5 0.9016989 -0.4323646 2.08717e-4 0.9362389 0.3513639 -0.06886255 0.8565627 0.5114277 -0.02048623 0.9296275 0.3679308 -0.006396293 0.2019224 0.9793807 -0.04409533 0.1350354 0.9898591 8.08407e-6 0.349682 0.9368684 -2.09074e-5 0.6499714 0.7599586 -0.0809549 0.5062574 0.8585743 -0.02727305 0.624955 0.7801843 0 -0.6280645 0.7781613 -0.02300059 -0.6448963 0.7639238 -0.02312284 -0.6450282 0.7638089 0.01106077 -0.5439144 0.8390678 -0.03124105 -0.2962336 0.9546045 -0.07205653 -0.3566506 0.9314548 -0.02601462 -0.2607167 0.9650647 -0.007595062 -0.8424043 -0.5387926 -0.02789628 -0.8156596 -0.5778592 0.009491682 -0.7788086 -0.6271898 -0.01757979 -0.6315057 -0.7751719 -1 0 0 -1 0 0 -1 0 0 -1 0 0 -1 0 0 -1 0 0 -1 0 0 -1 0 0 -1 0 0 -1 0 0 -1 0 0 -1 0 0 -1 0 0 -1 0 0 -1 0 0 -1 0 0 -1 0 0 -1 0 0 -1 0 0 -1 0 0 -1 0 0 -1 0 0 -1 0 0 -1 0 0 0 0 1 0 0 1 0 0 1 0 0 1 0 0 1 0 0 1 0 0 1 0 0 1 0 0 1 0 0 1 0 0 1 0 0 1 0 0 1 0 0 1 0 0 1 0 0 1 0 0 1 0 0 1 0 0 1 0 0 1 0 0 1 0 0 1 0 0 1 0 0 1 0 0 1 0 0 1 0 0 1 0 0 1 -0.8828634 -0.4696086 0.004476189 -0.8228847 -0.567397 -0.03035408 -0.8322184 -0.5542067 0.01635271 -0.8306037 -0.5567744 -0.009988605 -0.8499981 -0.523505 0.05870103 -0.8439921 -0.5350432 0.03749889 -0.8210635 -0.5707998 0.006506502 -0.8113508 -0.5845562 0.001958727 -0.8050521 -0.5932042 0 -0.8089001 -0.5879421 -0.002165973 -0.8160173 -0.5779582 -0.008947551 -0.9005425 -0.4321271 0.04784756 -0.8772023 -0.4748508 -0.07094115 -0.9221521 -0.3851501 0.03598672 -0.1911724 -0.4785094 -0.8570192 -0.7007466 -0.5968905 -0.3907377 -0.8858416 -0.442621 -0.1391801 -0.4470237 -0.7711681 -0.4532876 -0.4340151 -0.7815464 -0.448125 -0.1397187 -0.8398013 -0.524607 -0.1283886 -0.8387817 -0.529114 -0.02492958 -0.8429326 -0.5374413 -0.721673 -0.6157813 -0.3162302 -0.7156129 -0.5836659 -0.3837085 -0.4798193 -0.6729884 -0.5629032 -0.4306132 -0.6669764 -0.6080419 -0.1070714 -0.6784552 -0.7267974 -0.2832893 -0.6427453 -0.7117764 -0.1658176 -0.7392851 -0.6526578 -0.1520494 -0.350332 -0.9242016 -0.195262 -0.4776185 -0.856594 -0.4327061 -0.5071727 -0.7453464 -0.4856669 -0.5349417 -0.6913503 -0.7056229 -0.5168426 -0.4847373 -0.7296895 -0.5284008 -0.4339883 -0.8743013 -0.456013 -0.1662808 -0.8781368 -0.4585255 -0.1364923 -0.120649 -0.1794394 -0.9763428 -0.1995685 -0.2500044 -0.9474546 -0.4462447 -0.3356816 -0.8295683 -0.4935202 -0.3838173 -0.7804627 -0.7071697 -0.43755 -0.5553926 -0.7291246 -0.4692544 -0.4981741 -0.860468 -0.4706954 -0.1950398 -0.8607202 -0.4816878 -0.1647348 -0.7165539 0.5264945 -0.4575523 -0.05205351 0.8438891 -0.5339867 -0.2014191 0.8240183 -0.5295511 -0.6943417 0.6200551 -0.3652687 -0.5616043 0.7418366 -0.3664411 -0.4493198 0.7656522 -0.4603132 -0.1223146 0.8521389 -0.5088207 -0.1658161 0.7392853 -0.6526578 -0.2368572 0.6837172 -0.6902387 -0.483916 0.6564162 -0.5787427 -0.4219539 0.6840094 -0.5950514 -0.7482044 0.5634149 -0.3503627 -0.6793762 0.638628 -0.3613895 -0.8983687 0.4150772 -0.1436826 -0.126402 0.6376848 -0.7598558 -0.1917351 0.4769486 -0.8577632 -0.4943097 0.5091468 -0.7045761 -0.4189816 0.5315036 -0.7361782 -0.7366272 0.5090804 -0.4452162 -0.6952462 0.5361269 -0.4787492 -0.8840862 0.4463074 -0.1385688 -0.8673461 0.4693818 -0.165504 -0.1958064 0.4792447 -0.8555608 -0.1520454 0.3503316 -0.9242024 -0.2162724 0.2125785 -0.9529096 -0.8358372 0.4841377 -0.2588182 -0.8890692 0.4258703 -0.1678999 -0.6356769 0.4809554 -0.6038185 -0.7403281 0.4442895 -0.5045009 -0.4831941 0.3798897 -0.7888011 -0.4952878 0.3797604 -0.7813272 -0.3305373 0.2964332 -0.8960316 -0.09343802 0.2117043 -0.9728569 -0.8228617 0.5673811 -0.03126198 -0.8178832 0.5752128 -0.01404464 -0.8146997 0.5798305 -0.007809162 -0.8097293 0.5867975 -0.002655088 -0.8049646 0.5933228 0 -0.8092985 0.5873962 0.001353085 -0.8132693 0.5818811 0.002759277 -0.8214759 0.5702051 0.006602168 -0.8288735 0.5592754 0.0134114 -0.8365543 0.5473995 0.02303594 -0.830595 0.5567687 0.01097619 -0.8686123 0.4954836 -0.002948284 -0.8811952 0.4727072 0.006560683 -0.8850848 0.4652756 0.01197695 -0.8961372 0.4437674 -0.002927243 -0.9170046 0.3988264 0.006333589 -0.8024618 -0.5379102 -0.2582783 -0.8283422 -0.5252163 -0.1949281 -0.6484985 -0.457485 -0.6084055 -0.6911329 -0.463284 -0.5547102 -0.506377 -0.3394374 -0.7926946 -0.4558695 -0.3201972 -0.8304557 -0.226333 -0.1300979 -0.9653227 -0.1623991 -0.1088602 -0.9807018 -0.5700284 -0.5545439 -0.6062579 -0.6926522 -0.6738379 -0.2572461 -0.6926527 -0.6738371 -0.2572466 -0.522149 -0.8131327 -0.2572464 -0.5221485 -0.8131331 -0.2572461 -0.3245399 -0.9102188 -0.257246 -0.3245401 -0.9102187 -0.2572461 -0.1100852 -0.9600551 -0.2572461 -0.1100844 -0.9600552 -0.2572457 -0.1866482 -0.181578 -0.9655008 -0.4381372 -0.4262354 -0.7914285 -0.5889474 -0.4146248 -0.6937054 -0.3833185 -0.5969354 -0.7047944 -0.3833183 -0.5969355 -0.7047943 -0.2382506 -0.6682078 -0.7047942 -0.2382511 -0.6682074 -0.7047945 -0.08081489 -0.7047933 -0.7047945 -0.08081537 -0.704793 -0.7047948 -0.1866482 -0.1815783 -0.9655008 -0.1407027 -0.2191141 -0.9655008 -0.1407027 -0.219114 -0.9655008 -0.08745366 -0.2452755 -0.9655008 -0.0874536 -0.2452754 -0.9655008 -0.02966451 -0.2587049 -0.9655008 -0.02966427 -0.2587051 -0.9655007 0 -0.9659259 -0.2588188 0 -0.9659259 -0.2588188 0 -0.7071059 -0.7071077 0 -0.7071059 -0.7071077 0 -0.258819 -0.9659258 0 -0.258819 -0.9659258 0.1548576 -0.9542737 -0.2556966 0.1548573 -0.9542738 -0.2556968 0.1139994 -0.7024961 -0.7024979 0.1139996 -0.7024962 -0.7024977 0.04196357 -0.258591 -0.965075 0.04196339 -0.2585909 -0.965075 0.4486786 -0.8563334 -0.2556967 0.4486781 -0.8563334 -0.255697 0.330298 -0.6303967 -0.7024978 0.3302988 -0.6303968 -0.7024976 0.1215838 -0.2320507 -0.965075 0.1215837 -0.2320507 -0.9650751 0.4486786 0.8563333 -0.255697 0.4486782 0.8563335 -0.2556967 0.3302982 0.630397 -0.7024975 0.3302986 0.6303965 -0.7024978 0.1215838 0.2320505 -0.965075 0.1215837 0.2320508 -0.9650751 0.1548576 0.9542737 -0.2556968 0.1548573 0.9542738 -0.2556966 0.1139994 0.7024963 -0.7024978 0.1139996 0.7024961 -0.7024979 0.04196357 0.2585908 -0.9650751 0.04196345 0.2585911 -0.965075 0 0.9659259 -0.2588188 0 0.9659259 -0.2588188 0 0.7071059 -0.7071077 0 0.7071059 -0.7071077 0 0.258819 -0.9659258 0 0.258819 -0.9659258 -0.02966451 0.2587051 -0.9655008 -0.08081483 0.704793 -0.7047948 -0.1100852 0.9600552 -0.2572457 -0.1100844 0.9600551 -0.2572461 -0.3245399 0.9102188 -0.2572461 -0.32454 0.9102188 -0.2572461 -0.522149 0.8131327 -0.2572461 -0.5221484 0.813133 -0.2572464 -0.6926521 0.6738378 -0.2572466 -0.6926528 0.6738371 -0.2572461 -0.08081549 0.7047932 -0.7047945 -0.2382505 0.6682075 -0.7047945 -0.2382512 0.6682076 -0.7047943 -0.3833186 0.5969355 -0.7047944 -0.3833183 0.5969354 -0.7047944 -0.5084886 0.4946758 -0.7047944 -0.5084887 0.4946758 -0.7047944 -0.02966427 0.258705 -0.9655008 -0.08745366 0.2452755 -0.9655008 -0.0874536 0.2452755 -0.9655008 -0.1407027 0.2191141 -0.9655008 -0.1407027 0.219114 -0.9655008 -0.1866484 0.1815782 -0.9655008 -0.1866481 0.1815782 -0.9655008 -0.8024618 0.5379102 -0.2582783 -0.8024621 0.5379101 -0.2582777 -0.5880126 0.3941593 -0.7063142 -0.6862939 0.4010297 -0.606775 -0.1569485 0.1052066 -0.9819871 -0.2270227 0.1291872 -0.9652831 -0.3630673 0.2433732 -0.8994174 -0.5080213 0.3405396 -0.7911682 -0.113919 0.99349 0 -0.2263489 0.9740223 -0.006830036 -0.3358424 0.9419182 0 -0.5403335 0.8414509 0 -0.632658 0.7744013 -0.006830036 -0.7167745 0.697305 0 0 1 0 0 1 0 0.4641069 0.8857793 0 0.4641069 0.8857793 0 0.1601825 0.9870874 0 0.1601825 0.9870874 0 -0.07216662 -0.8575112 0.5093786 -0.01638162 -0.7699136 0.6379379 0.006637394 -0.7090835 0.7050933 0.00886017 -0.7003788 0.7137163 0.001422941 -0.9870149 0.1606225 -0.005439043 -0.9422482 0.3348711 0.00187689 -0.7473235 0.6644577 -0.001371145 -0.833225 0.5529325 0.00156486 -0.865731 0.5005071 -0.001472353 -0.9155185 0.402273 0.005839586 -0.9735229 0.2285148 1.97909e-4 -0.9936023 0.1129358 -2.83298e-4 -0.9997986 0.02006709 0.005491495 -0.9903762 -0.138293 0 -0.7884181 -0.6151398 -0.001517593 -0.7763746 -0.6302698 0.002209484 -0.8795076 -0.4758799 -0.002656877 -0.8522797 -0.5230796 0.001458942 -0.9256322 -0.3784214 -0.001179873 -0.9476088 -0.3194313 0.001159965 -0.9781916 -0.2077012 -0.005916357 -0.9996199 -0.0269258 0.1601825 -0.9870874 0 0.1601825 -0.9870874 0 0.4641069 -0.8857793 0 0.4641069 -0.8857793 0 0 -1 0 0 -1 0 -0.7167745 -0.697305 0 -0.632658 -0.7744013 -0.006830036 -0.5403335 -0.8414509 0 -0.3358424 -0.9419182 0 -0.2263489 -0.9740223 -0.006830036 -0.113919 -0.99349 0 -0.1228737 -0.9924224 0 -0.1114639 -0.9937685 -2.08711e-4 -0.3846298 -0.9230709 2.64723e-4 -0.3699033 -0.9290702 -1.18705e-4 -0.6582654 -0.7527859 1.62815e-4 -0.6728248 -0.7398019 -3.76201e-4 -0.8821923 -0.4708891 3.68156e-4 -0.9035103 -0.4285656 -8.88965e-4 -0.987862 -0.1553328 6.85294e-4 -0.9924795 -0.122411 0 -4.15207e-5 -0.9837313 -0.1796464 -0.02149188 0.8177853 0.5751221 -0.02324455 0.8157567 0.577928 0.01295328 0.7544987 0.6561738 -0.03520798 0.5979377 0.8007689 -0.06502163 0.5562502 0.8284673 -0.009729862 0.452499 0.8917118 0 -0.9949023 0.1008441 -8.96778e-6 -0.9978347 -0.06577152 -0.00800246 -0.9973733 0.07198965 -0.05645471 -0.9878997 0.144454 0 -0.9516834 0.3070807 0 -0.7964366 0.6047222 0 -0.7964366 0.6047222 0 -0.4051632 0.9142443 0 -0.4051632 0.9142443 0 0.08695417 0.9962123 0 0.08695417 0.9962123 0 0.3539456 0.9352661 -0.071998 -0.5233631 -0.8490627 -8.93358e-6 -0.6499715 -0.7599587 -5.09758e-6 -0.3712033 -0.9285516 -0.01517099 -0.6632607 -0.7482346 -5.25605e-5 -0.7875115 -0.6163001 1.50317e-4 -0.936239 -0.3513639 -0.06492918 -0.8620705 -0.5026119 -0.01952064 -0.9335388 -0.3579446 -0.04372501 0.2978066 -0.9536244 -0.03290474 0.2661772 -0.9633623 0.003192424 0.1558914 -0.9877691 -0.006396293 -0.2019224 -0.9793807 -0.09615892 -0.04052656 -0.9945406 -0.02990317 -0.1793056 -0.9833388 0 0.6280645 -0.7781613 -0.01195496 0.6368927 -0.7708597 -0.02915805 0.6512892 -0.7582693 6.75314e-4 0.594508 -0.8040895 -0.002038717 0.2963776 -0.9550687 -0.1300131 0.431715 -0.892591 -0.08650696 0.386143 -0.9183737 -0.8487728 0.5287577 -3.62717e-5 -0.9830986 0.1830772 3.69507e-5 -0.9828779 0.1842583 0 -0.8549994 0.5186289 -3.93078e-4 -0.7302722 0.6831563 4.16995e-5 -0.592307 0.8057122 -5.187e-4 -0.5998998 0.8000747 -7.67165e-4 -0.417706 0.9085822 1.86318e-4 -0.2788012 0.9603486 -7.35326e-4 -0.2597612 0.9656729 -3.87558e-4 -0.06179809 0.9980887 2.61003e-4 -0.08302408 0.9965476 0 0 0 -1 0 0 -1 0 0 -1 0 0 -1 0 0 -1 0 0 -1 0 0 -1 0 0 -1 0 0 -1 0 0 -1 0 0 -1 0 0 -1 0 0 -1 0 0 -1 0 0 -1 0 0 -1 0 0 -1 0 0 -1 0 0 -1 -1 0 0 -1 0 0 -1 0 0 -1 0 0 -1 0 0 -1 0 0 -1 0 0 -1 0 0 -1 0 0 -1 0 0 -1 0 0 -1 0 0 1.06307e-4 0.1757956 0.9844267 0.03767573 0.2955299 0.9545903 0 0.1356847 0.9907521 0.08980399 0.9218878 0.3769059 0 0.8230188 0.5680141 0.01151031 0.8405848 0.5415576 -2.50394e-5 0.7299299 0.683522 7.9646e-5 0.5391388 0.8422169 0.0382263 0.6147167 0.7878211 -5.77068e-5 0.4392132 0.8983828 0 0.8422173 0.5391384 0 0.9844266 0.1757963 0 0.9844266 0.1757963 0 -0.9844266 0.1757963 0 -0.8414275 0.5403701 3.72007e-5 -0.621644 0.7832999 0.02118152 -0.5390179 0.842028 -5.75034e-5 -0.4392148 0.8983821 2.67013e-5 -0.307372 0.9515894 0.009367644 -0.1757879 0.9843835 0 -0.1356848 0.9907521 -2.50406e-5 -0.729931 0.6835208 0.0111829 -0.8377741 0.5459026 0.01458549 -0.8421276 0.539081 0 -0.9256278 0.378435 0 -0.9844266 0.1757963 -1 0 0 -1 0 0 -1 0 0 -1 0 0 -1 0 0 -1 0 0 -1 0 0 -1 0 0 -1 0 0 -1 0 0 -1 0 0 -1 0 0 0 0 1 0 0 1 0 0 1 0 0 1 0 0 1 -0.7855378 0.6186922 0.01226252 -0.6749287 0.7377943 0.01143574 -0.6898444 0.7239577 0 -0.8906825 0.4543746 -0.01511114 -0.8815554 0.4717444 0.01781344 -0.9107108 0.4129664 -0.008035659 -0.9165067 0.3992073 -0.02547377 -0.923209 0.3840157 0.01473486 -0.8742967 0.4853909 -9.37759e-4 -0.8623328 0.5063416 6.86904e-4 -0.8337496 0.5520476 -0.01025348 -0.8361548 0.5483016 -0.01450961 -0.7594817 0.6493191 0.03965222 -0.7937551 0.6075993 -0.02785527 -0.7809091 0.6245594 -0.01032513 -0.7813219 0.6240566 -0.009466648 -0.7846136 0.6199725 0.003967344 -0.7021703 0.5173887 0.4891483 -0.8904888 0.4316212 0.1439898 -0.8786428 0.4566179 0.1395953 -0.8770946 0.4602755 0.1373011 -0.6715342 0.6484711 0.3585067 -0.4639359 0.7653498 0.4460976 -0.1952598 0.8369872 0.5112005 -0.1285778 0.8359822 0.5334807 -0.05283367 0.8438377 0.5339911 -0.1205881 0.1795404 0.9763317 -0.7067934 0.4381707 0.5553824 -0.7268198 0.4674035 0.5032564 -0.8598734 0.4717789 0.195045 -0.6988176 0.6021698 0.3860641 -0.711799 0.5478035 0.4396061 -0.7266577 0.5769314 0.3729863 -0.6910781 0.6113221 0.3856116 -0.7266722 0.5290126 0.4382844 -0.872115 0.4578128 0.1726931 -0.8600208 0.4825772 0.1657811 -0.1987735 0.2493949 0.9477823 -0.1511082 0.3500598 0.924459 -0.1947251 0.4775348 0.8567629 -0.1901869 0.4785113 0.8572373 -0.1061922 0.6782633 0.7271054 -0.2823329 0.6428595 0.7120532 -0.1648353 0.7391472 0.6530625 -0.4358549 0.7909178 0.4295108 -0.4772415 0.6733787 0.5646252 -0.427896 0.6673227 0.6095781 -0.4831548 0.5347511 0.6932551 -0.4298597 0.5069804 0.7471222 -0.4913187 0.3822249 0.7826302 -0.4460601 0.3359754 0.8295486 -0.8041179 -0.5291078 0.2709971 -0.6822878 -0.6511728 0.3323513 -0.4129129 -0.78845 0.4559051 -0.01950144 -0.8425955 0.5381938 -0.5063012 -0.7179503 0.4777097 -0.8533589 -0.483447 0.1950833 -0.1511095 -0.3500562 0.9244601 -0.2153025 -0.2123666 0.9531764 -0.1012306 -0.2114022 0.9721428 -0.8663561 -0.4698308 0.1693695 -0.865945 -0.4706729 0.1691345 -0.8821449 -0.4481413 0.1448783 -0.8786428 -0.456618 0.1395953 -0.8859593 -0.4413945 0.1422921 -0.7088043 -0.5625029 0.4256606 -0.7142704 -0.5842763 0.3852778 -0.6966777 -0.5998499 0.3934723 -0.7335997 -0.5097002 0.4494854 -0.6918042 -0.5366469 0.4831326 -0.7375349 -0.4434742 0.5092866 -0.6927606 -0.4607368 0.5548011 -0.446929 -0.7656491 0.46264 -0.4813302 -0.6568811 0.5803692 -0.4192948 -0.6842619 0.5966385 -0.4917669 -0.5090678 0.70641 -0.416203 -0.5312005 0.737971 -0.5034883 -0.3537021 0.7882857 -0.4293196 -0.3620883 0.8273915 -0.1953372 -0.4793317 0.8556194 -0.1908091 -0.4767904 0.8580575 -0.1254153 -0.6377026 0.7600042 -0.236031 -0.683606 0.6906318 -0.1648353 -0.739148 0.6530616 -0.1265267 -0.8406228 0.5266349 -0.1336554 -0.8388574 0.5276879 -0.8638754 -0.5036973 0.002874314 -0.8795153 -0.4758519 -0.004222333 -0.8833654 -0.468588 -0.009533762 -0.893693 -0.4486773 0.001236081 -0.9127893 -0.4084199 -0.002985 -0.9126332 -0.4087564 -0.00434339 -0.9268764 -0.3753657 7.73617e-4 -0.7855769 -0.618723 0.007127463 -0.7823603 -0.6228072 -0.004866898 -0.7804275 -0.6251627 -0.01021713 -0.689819 -0.723931 0.008588731 -0.6749729 -0.7378426 0 -0.7836005 -0.621111 -0.01383537 -0.793548 -0.6078756 -0.02772772 -0.8018593 -0.5957742 -0.04555004 -0.8416132 -0.5400151 -0.008434832 -0.8337182 -0.5520268 -0.01343619 -0.7587533 -0.6486963 0.05904728 -0.4879639 -0.8728639 0 -0.4879639 -0.8728639 0 -0.1691017 -0.9855986 0 -0.1691017 -0.9855986 0 0 -1 0 0 -1 0 -0.09801745 0.9951847 0 -0.195038 0.9805216 -0.02318388 -0.2902846 0.9569403 0 -0.4713966 0.8819213 0 -0.5554209 0.8312463 -0.02318394 -0.6343933 0.7730105 0 -0.7730105 0.6343933 0 -0.8312463 0.5554209 -0.02318394 -0.8819213 0.4713966 0 -0.9569403 0.2902846 0 -0.9805216 0.195038 -0.02318388 -0.9951847 0.09801745 0 -0.9951847 -0.09801745 0 -0.9805216 -0.195038 -0.02318388 -0.9569403 -0.2902846 0 -0.8819213 -0.4713966 0 -0.8312463 -0.5554209 -0.02318394 -0.7730105 -0.6343933 0 -0.6343933 -0.7730105 0 -0.5554209 -0.8312463 -0.02318394 -0.4713966 -0.8819213 0 -0.2902846 -0.9569403 0 -0.195038 -0.9805216 -0.02318388 -0.09801745 -0.9951847 0 0 1 0 0 1 0 -0.1691017 0.9855986 0 -0.1691017 0.9855986 0 -0.4879639 0.8728639 0 -0.4879639 0.8728639 0 -0.1505146 0.1244105 0.9807484 -0.1319174 0.1442049 0.9807155 -0.1319174 0.1442049 0.9807154 -0.5515339 0.6232513 0.5544079 -0.5358638 0.5857764 0.6080428 -0.3754813 0.4104551 0.8309875 -0.3963094 0.4623034 0.7932304 -0.2989861 0.326835 0.8965413 -0.6620506 0.7237166 0.1947388 -0.6620506 0.7237167 0.1947387 -0.6055873 0.6619942 0.4416193 -0.1424988 0.1332809 0.9807805 -0.1426832 0.121987 0.9822223 -0.4228255 0.3614945 0.8309875 -0.4228255 0.3614946 0.8309876 -0.6323491 0.5406267 0.5548491 -0.6323491 0.5406268 0.5548489 -0.7455279 0.637389 0.1947389 -0.7455279 0.6373892 0.1947385 -0.1629576 0.1078985 0.9807153 -0.1629574 0.1078984 0.9807154 -0.4638319 0.3071152 0.8309875 -0.4638322 0.3071157 0.8309872 -0.6936753 0.4593009 0.554849 -0.6936748 0.4593001 0.5548502 -0.8178308 0.541507 0.1947385 -0.8178308 0.5415073 0.1947376 -0.03345316 0.1949794 0.9802367 -0.09653311 0.1726773 0.9802367 -0.1720468 0.212543 0.9618864 -0.04436254 0.258564 0.9649749 0.07538181 0.4410336 0.8943193 -0.2183483 0.3905789 0.8942999 -0.2997629 0.5362123 0.7890619 -0.4163504 0.5881782 0.6933245 -0.1634964 0.9529283 0.2553364 -0.07846748 0.9777612 0.1944889 -0.1520889 0.8864394 0.4371432 -0.1204371 0.7019591 0.7019604 -9.86667e-4 0.7933529 0.6087614 -0.1038816 0.6054665 0.7890621 -0.4788483 0.8565582 0.1923859 -0.5306144 0.8093329 0.2518503 -0.4388713 0.7850472 0.4371417 -0.3891953 0.6961875 0.6031997 0 0.9807853 0.1950904 0 0.9807853 0.1950904 0 0.8968729 0.4422884 0 0.8968729 0.4422884 0 0.7933532 0.6087617 0 0.7933532 0.6087617 0 0.6087601 0.7933544 0 0.6087601 0.7933544 0 0.442292 0.896871 0 0.442292 0.896871 0 0.1950886 0.9807856 0 0.1950886 0.9807856 -0.09615164 0.9762411 0.1941865 -0.07790112 0.7909423 0.6069117 -0.08799171 0.8933941 0.4405729 -0.1323912 0.956923 0.2584006 -0.2804837 0.924631 0.2576556 -0.2804836 0.9246311 0.2576555 -0.4554808 0.8521449 0.2576555 -0.4554811 0.8521446 0.2576559 -0.6129741 0.7469111 0.2576559 -0.612974 0.7469113 0.2576557 -0.7469112 0.6129741 0.2576557 -0.7469112 0.6129739 0.2576559 -0.8521448 0.4554807 0.2576559 -0.8521448 0.4554811 0.2576555 -0.924631 0.2804837 0.2576555 -0.9246311 0.2804836 0.2576556 -0.9615842 0.09470802 0.2576556 -0.961584 0.09470784 0.2576558 -0.961584 -0.09470802 0.2576558 -0.9615841 -0.0947079 0.2576556 -0.924631 -0.2804837 0.2576556 -0.9246311 -0.2804836 0.2576555 -0.8521449 -0.4554808 0.2576555 -0.8521446 -0.4554811 0.2576559 -0.7469111 -0.6129741 0.2576559 -0.7469113 -0.612974 0.2576557 -0.6129741 -0.7469112 0.2576557 -0.6129739 -0.7469112 0.2576559 -0.4554807 -0.8521448 0.2576559 -0.4554811 -0.8521448 0.2576555 -0.2804837 -0.924631 0.2576555 -0.2804836 -0.9246311 0.2576556 -0.09470802 -0.9615842 0.2576556 -0.09470784 -0.961584 0.2576558 -0.04352068 0.4418729 0.8960213 -0.05985015 0.6076688 0.7919322 -0.1230434 0.6964012 0.7070259 -0.2057567 0.6782895 0.7053988 -0.2057569 0.6782894 0.705399 -0.3341311 0.625115 0.7053989 -0.3341311 0.6251151 0.7053988 -0.4496645 0.5479182 0.7053988 -0.4496647 0.5479177 0.7053991 -0.5479179 0.4496644 0.705399 -0.547918 0.4496648 0.7053988 -0.625115 0.3341311 0.7053989 -0.625115 0.334131 0.7053989 -0.6782894 0.2057567 0.7053989 -0.6782895 0.2057569 0.7053989 -0.7053976 0.06947565 0.7053988 -0.7053975 0.06947565 0.7053988 -0.7053975 -0.06947565 0.7053988 -0.7053975 -0.06947565 0.7053988 -0.6782895 -0.2057567 0.7053988 -0.6782894 -0.2057569 0.705399 -0.625115 -0.3341311 0.7053989 -0.6251151 -0.3341311 0.7053988 -0.5479182 -0.4496645 0.7053988 -0.5479177 -0.4496647 0.7053991 -0.4496644 -0.5479179 0.705399 -0.4496648 -0.547918 0.7053988 -0.3341311 -0.625115 0.7053989 -0.334131 -0.625115 0.7053989 -0.2057567 -0.6782894 0.7053989 -0.2057569 -0.6782895 0.7053989 -0.06947565 -0.7053976 0.7053988 -0.06947565 -0.7053975 0.7053988 -0.01921093 0.1950526 0.9806047 -0.06998324 0.2499167 0.965735 -0.07547014 0.2487918 0.9656122 -0.07547014 0.2487918 0.9656122 -0.1225569 0.2292878 0.9656122 -0.1225569 0.2292878 0.9656122 -0.1649339 0.2009724 0.9656122 -0.1649339 0.2009724 0.9656122 -0.2009724 0.1649339 0.9656122 -0.2009724 0.1649338 0.9656122 -0.2292878 0.1225569 0.9656122 -0.2292878 0.1225569 0.9656122 -0.2487918 0.07547014 0.9656122 -0.2487918 0.0754702 0.9656122 -0.2587348 0.02548313 0.9656122 -0.2587348 0.02548307 0.9656122 -0.2587347 -0.02548313 0.9656122 -0.2587348 -0.02548307 0.9656122 -0.2487918 -0.07547014 0.9656122 -0.2487918 -0.07547014 0.9656122 -0.2292878 -0.1225569 0.9656122 -0.2292878 -0.1225569 0.9656122 -0.2009724 -0.1649339 0.9656122 -0.2009724 -0.1649339 0.9656122 -0.1649339 -0.2009724 0.9656122 -0.1649338 -0.2009724 0.9656122 -0.1225569 -0.2292878 0.9656122 -0.1225569 -0.2292878 0.9656122 -0.07547014 -0.2487918 0.9656122 -0.0754702 -0.2487918 0.9656122 -0.02548313 -0.2587348 0.9656122 -0.02548307 -0.2587348 0.9656122 0 -0.9659258 0.2588192 0 -0.9659258 0.2588192 0 -0.7071061 0.7071074 0 -0.7071061 0.7071074 0 -0.2588188 0.9659259 0 -0.2588188 0.9659259 -0.1280134 -0.2289889 0.9649749 -0.3358376 -0.2956457 0.8943191 -0.09653311 -0.1726773 0.9802367 -0.471789 -0.8439304 0.2553364 -0.5535309 -0.809801 0.1944892 -0.4388713 -0.7850472 0.4371417 -0.3475359 -0.6216676 0.7019604 -0.4978855 -0.6176723 0.6087619 -0.299763 -0.5362123 0.7890619 -0.0443626 -0.258564 0.9649749 -0.04436254 -0.2585639 0.9649749 -0.1204371 -0.7019591 0.7019604 -0.1204371 -0.7019591 0.7019604 -0.1634966 -0.9529282 0.2553364 -0.1634963 -0.9529283 0.2553365 -0.1427441 -0.1179876 0.982702 -0.1424988 -0.1332809 0.9807805 -0.1319175 -0.1442049 0.9807155 -0.4638323 -0.3071155 0.8309872 -0.4638317 -0.3071154 0.8309875 -0.6936746 -0.4593005 0.5548502 -0.6936755 -0.4593005 0.5548489 -0.8178309 -0.5415071 0.1947376 -0.6323491 -0.5406267 0.554849 -0.6323491 -0.5406267 0.5548489 -0.4228255 -0.3614946 0.8309876 -0.4228255 -0.3614945 0.8309876 -0.1485509 -0.1270036 0.9807154 -0.1629576 -0.1078985 0.9807154 -0.1629574 -0.1078985 0.9807154 -0.1319174 -0.1442049 0.9807154 -0.2989861 -0.326835 0.8965412 -0.366039 -0.419788 0.8305382 -0.4113821 -0.4496999 0.7928018 -0.5615444 -0.6138489 0.554849 -0.5201752 -0.5992624 0.6085248 -0.6055873 -0.6619942 0.4416193 -0.8178306 -0.5415072 0.1947385 -0.7455281 -0.6373891 0.1947385 -0.7455279 -0.6373891 0.1947389 -0.6620505 -0.7237166 0.1947389 -0.6620506 -0.7237166 0.1947388 -1 0 0 -1 0 0 -1 0 0 -1 0 0 -1 0 0 -1 0 0 -1 0 0 -1 0 0 -1 0 0 -1 0 0 -1 0 0 -1 0 0 -1 0 0 -1 0 0 -1 0 0 -1 0 0 -1 0 0 -1 0 0 -1 0 0 -1 0 0 0 0 1 0 0 1 0 0 1 0 0 1 0 0 1 -0.5255401 0.4721781 -0.7077113 -0.5482772 0.4335449 -0.715144 -0.5416195 0.4543214 -0.7072768 -0.6194656 0.3483967 -0.7034786 -0.6154955 0.3375412 -0.7122017 -0.6757702 0.2290226 -0.7006306 -0.7113768 0.2073276 -0.6715343 -0.6356124 0.0833615 -0.7674945 -0.4894023 0.5115067 -0.7062906 -0.4493373 0.5403548 -0.7114161 -0.4521945 0.5390838 -0.7105694 -0.4202553 0.5683317 -0.7073786 -0.3420285 0.623678 -0.7028814 -0.3520857 0.6074611 -0.7120581 -0.2287485 0.6749613 -0.7014995 -0.205385 0.7130386 -0.6703677 -0.08232444 0.6277049 -0.7740861 -0.9850624 0.1721976 0 -0.9836352 0.1801717 -3.33381e-4 -0.9069263 0.4212895 1.56531e-4 -0.8585333 0.5127544 -0.001877248 -0.7947856 0.6068897 7.80458e-4 -0.6106298 0.7919149 -0.001352727 -0.6328588 0.7742673 -1.96532e-4 -0.4255514 0.9049342 1.03901e-4 -0.3324636 0.9431143 -0.001839935 -0.1768402 0.9842377 0.001898765 -0.08086365 0.9967252 0 0 0.9906976 0.1360819 -0.01578313 0.974367 0.2244102 0 0.9950986 0.09888762 -0.5585528 0.8294681 0.001212954 -0.3988076 0.9170347 -1.95822e-4 -0.1962634 0.9805509 8.23133e-4 -0.171102 0.9852533 0 -0.9822543 0.1875536 0 -0.9814797 0.1915662 1.7099e-4 -0.8430032 0.5379086 -1.05182e-4 -0.8347803 0.5505831 4.63879e-4 -0.7176772 0.6963759 -2.93385e-6 -0.5903413 0.8071537 4.66781e-5 -0.7203986 -0.6935604 -3.08699e-6 -0.5585532 -0.8294687 4.96949e-5 -0.5883163 -0.8086295 0.001490235 -0.4024475 -0.9154431 -1.6504e-4 -0.1962634 -0.980551 7.10606e-4 -0.2320161 -0.97271 0.001915574 -0.06140738 -0.9981128 0 -0.9814797 -0.1915663 0 -0.9994056 -0.033683 0.007334649 -0.9802204 -0.1979082 6.10086e-4 -0.8347802 -0.5505831 -6.69437e-4 -0.9218835 -0.3873841 0.008021593 -0.8375622 -0.5463417 6.09055e-4 0 -0.9720206 0.2348957 -0.004478812 -0.9906877 0.1360805 -0.004211664 -0.9909721 0.1340019 0 -0.9993691 0.03551632 -0.08247679 -0.9965929 0 -0.3346796 -0.9423183 0.005094945 -0.1757926 -0.9844131 -0.005276203 -0.4245954 -0.9053832 2.80329e-5 -0.6366224 -0.7711756 -5.58457e-5 -0.6087598 -0.7933531 -0.00151807 -0.7933551 -0.6087585 8.52111e-4 -0.8597193 -0.5107633 -0.001875638 -0.9053822 -0.4245976 6.50112e-5 -0.9844269 -0.175795 -1.42532e-4 -0.9838473 -0.1790097 0 -0.4396851 -0.440021 -0.7829806 -0.4712352 -0.5302665 -0.7048084 -0.4240418 -0.5512005 -0.7185865 -0.4543214 -0.5416195 -0.7072768 -0.4034716 -0.580888 -0.7069512 -0.3367779 -0.6203568 -0.7083347 -0.3414422 -0.6226089 -0.7041132 -0.2270425 -0.6699276 -0.7068584 -0.1983147 -0.7144582 -0.6709848 -0.08103227 -0.6178528 -0.7821072 -0.5251993 -0.4724851 -0.7077596 -0.5485342 -0.4327186 -0.7154473 -0.5416194 -0.4543212 -0.707277 -0.578987 -0.4060457 -0.7070368 -0.6205363 -0.3403056 -0.706489 -0.6177998 -0.3420669 -0.7080351 -0.6723353 -0.2278585 -0.7043052 -0.7161123 -0.2002656 -0.6686382 -0.6228658 -0.08168977 -0.7780521 -0.1959906 -0.9321438 0.3044593 -0.1958106 -0.6437386 0.7397695 -0.1955888 -0.1727718 0.9653471 -0.1960641 0.04528939 0.9795446 -0.1961248 0.9562332 0.2171477 -0.5569106 0.798866 0.2272966 -0.8336961 0.5311427 0.1511228 -0.9814361 -0.008844375 0.1915855 -0.9713657 0.01094967 0.2373365 -0.8336961 0.5311427 0.1511229 -0.8336963 0.4943299 0.2461472 -0.8336963 0.49433 0.2461472 -0.8336963 0.4406836 0.332789 -0.8336957 0.4406841 0.3327896 -0.8336958 0.372031 0.4080985 -0.8336971 0.37203 0.4080966 -0.8336974 0.2907077 0.4695079 -0.8336952 0.2907087 0.4695113 -0.8336951 0.1994861 0.5149348 -0.8336961 0.1994858 0.5149331 -0.5569098 0.7988664 0.2272969 -0.5569093 0.7434987 0.3702186 -0.5569092 0.7434987 0.3702186 -0.5569084 0.6628119 0.500533 -0.5569118 0.6628108 0.5005309 -0.5569122 0.559553 0.6137991 -0.5569084 0.559554 0.6138017 -0.5569078 0.4372406 0.7061687 -0.556911 0.4372402 0.7061666 -0.556911 0.300037 0.7744856 -0.5569089 0.3000369 0.7744871 -0.9843118 -0.08962106 0.1519813 -0.9813616 -0.1011646 0.163386 -0.8336951 -0.2907095 0.4695108 -0.8336973 -0.2907069 0.4695085 -0.5569109 -0.4372395 0.7061671 -0.556908 -0.4372413 0.7061683 -0.981432 -0.1680016 0.09255629 -0.9772852 -0.1897107 0.09446471 -0.8336961 -0.49433 0.2461472 -0.8336963 -0.4943299 0.2461472 -0.5569092 -0.7434987 0.3702186 -0.5569093 -0.7434986 0.3702186 -0.833696 0.5498679 0.05095279 -0.833696 0.5498681 0.05095279 -0.5569106 0.8270294 0.07663559 -0.556911 0.8270291 0.07663547 -0.1954583 0.9765285 0.09048861 -0.1954594 0.9765282 0.09048837 -0.3501042 0.8904182 0.2908309 -0.1954594 0.9432738 0.2683843 -0.1957061 0.8844801 0.4235495 -0.2496179 0.8668262 0.4316285 -0.1962429 0.8415364 0.5032944 -0.1954605 0.782625 0.5910103 -0.1954585 0.7826251 0.591011 -0.1962618 0.2610703 0.945158 -0.1954622 0.3542736 0.9144861 -0.1954585 0.3542731 0.9144871 -0.1961742 0.4639028 0.8638923 -0.2810759 0.5052096 0.8159409 -0.1959056 0.5416613 0.8174497 -0.1954584 0.6607013 0.724755 -0.2908815 0.6280609 0.721753 -0.1962133 0.7091916 0.6771615 -0.1955888 0.1727718 0.9653471 -0.2255008 0.1790163 0.9576547 -0.5569046 0.1526177 0.8164345 -0.5569089 0.1526184 0.8164314 -0.8336973 0.101471 0.5428189 -0.8336962 0.1014708 0.5428208 -0.1960641 -0.04528939 0.9795446 -0.291382 0 0.9566068 -0.5569044 0 0.8305766 -0.5569044 0 0.8305766 -0.8336974 0 0.5522216 -0.8336974 0 0.5522216 -0.9813179 0 0.1923933 -0.9813178 0.03535223 0.1891176 -0.9767799 0.03415077 0.2115058 -0.9853128 0.0616849 0.1592277 -0.979399 0.06663554 0.1906232 -0.9826623 0.09760302 0.1576339 -0.9840364 0.09514135 0.1504013 -0.9788777 0.1377347 0.1510878 -0.9844115 0.124362 0.12437 -0.9779491 0.1666606 0.1258562 -0.9814022 0.1563767 0.1113374 -0.9813223 0.1722033 0.08574712 -0.972581 0.2036595 0.1122897 -0.9879973 0.1485741 0.04227286 -0.9746752 0.2107021 0.0749191 -0.984972 0.1719772 0.01593601 -0.9812394 0.1915194 0.02212595 -0.1962619 -0.2610703 0.945158 -0.2255008 -0.1790163 0.9576547 -0.5569088 -0.1526172 0.8164317 -0.5569045 -0.1526188 0.8164342 -0.8336962 -0.1014713 0.5428206 -0.8336973 -0.1014705 0.5428191 -0.9773185 -0.03891354 0.2081691 -0.9814261 -0.02758473 0.189847 -0.9853762 -0.05151641 0.1624186 -0.9784989 -0.07450664 0.1923246 -0.8336963 -0.1994854 0.5149332 -0.833695 -0.1994865 0.5149347 -0.5569089 -0.3000375 0.774487 -0.5569109 -0.3000364 0.7744859 -0.1954623 -0.3542727 0.9144863 -0.1954585 -0.3542738 0.9144867 -0.1954584 -0.5162787 0.833818 -0.3209683 -0.5231389 0.7894967 -0.1961742 -0.4639028 0.8638923 -0.1962133 -0.7091916 0.6771615 -0.2680712 -0.6490377 0.7119607 -0.5569121 -0.5595523 0.6137998 -0.5569083 -0.5595547 0.613801 -0.8336957 -0.3720314 0.4080981 -0.8336971 -0.3720296 0.4080969 -0.9852258 -0.1153775 0.1265631 -0.9811661 -0.1335935 0.1395199 -0.9768825 -0.1736748 0.1246498 -0.9813241 -0.153508 0.1159239 -0.8336958 -0.4406842 0.3327894 -0.8336963 -0.4406835 0.3327891 -0.5569118 -0.6628102 0.5005316 -0.5569084 -0.6628125 0.5005322 -0.1954584 -0.7826253 0.5910106 -0.1954605 -0.7826248 0.5910108 -0.1954602 -0.8778969 0.437141 -0.2598866 -0.8709301 0.4170607 -0.1962429 -0.8415363 0.5032945 -0.1961248 -0.9562332 0.2171477 -0.288811 -0.9208385 0.262001 -0.5569105 -0.798866 0.2272968 -0.5569099 -0.7988665 0.2272967 -0.8336962 -0.5311427 0.1511228 -0.8336961 -0.5311427 0.1511228 -0.9781842 -0.1998088 0.05685037 -0.9852867 -0.1609064 0.05761349 -0.9846946 -0.1730856 0.02044433 -0.9813251 -0.1915361 0.01774841 -0.8336959 -0.5498681 0.05095279 -0.833696 -0.5498679 0.05095279 -0.5569111 -0.8270291 0.07663559 -0.5569106 -0.8270294 0.07663553 -0.1954594 -0.9765283 0.09048861 -0.1954583 -0.9765285 0.09048837 -0.9841399 -0.1757438 0.02414041 -0.96586 -0.246066 0.08102989 -0.9038463 -0.4238772 0.05822354 -0.7920377 -0.6047933 0.08307409 -0.7906503 -0.6066831 0.08250933 -0.6071037 -0.7871173 0.1089575 -0.1742095 -0.9755485 0.134001 -0.2576611 -0.9514755 0.1682413 -0.4213496 -0.8984619 0.1234134 -0.6051776 -0.7886848 0.1083343 -0.9812766 -0.1807133 0.06662482 -0.9813522 -0.1672161 0.09479814 -0.9812782 -0.1675946 0.09489554 -0.8978659 -0.383117 0.2169288 -0.8342836 -0.4854885 0.2612885 -0.5576273 -0.7276863 0.3994051 -0.6093826 -0.6899515 0.3906657 -0.793827 -0.5291994 0.2996443 -0.195635 -0.8533736 0.4831981 -0.1956297 -0.8533752 0.4831975 -0.4421889 -0.7804918 0.4419295 -0.9659218 -0.2484401 0.07261252 -0.7929784 -0.5649145 0.2281597 -0.8339013 -0.5177401 0.1911903 -0.6093798 -0.743785 0.2746638 -0.5576276 -0.7748192 0.2978364 -0.2583252 -0.9117016 0.3194811 -0.1956342 -0.9199553 0.3397199 -0.2570233 -0.1174756 0.9592385 -0.7044705 -0.08627223 0.7044705 -0.9811984 -0.1453796 0.1269428 -0.9648215 -0.1370382 0.2243656 -0.9654408 -0.1491488 0.2137256 -0.9654412 -0.1491463 0.2137258 -0.9654411 -0.09316819 0.243399 -0.9654414 -0.09316682 0.2433988 -0.9654414 -0.03167992 0.2586879 -0.9654412 -0.03168129 0.2586884 -0.704469 -0.08627492 0.7044715 -0.7044687 -0.2537197 0.6628349 -0.7044721 -0.253713 0.6628339 -0.7044721 -0.406165 0.5820215 -0.7044718 -0.4061657 0.5820215 -0.8971365 -0.3327518 0.2905554 -0.7925968 -0.4592925 0.4010494 -0.707103 -0.4749315 0.5238753 -0.6077814 -0.5981627 0.5223057 -0.4407041 -0.6761606 0.5904123 -0.2570286 -0.1174695 0.9592378 -0.2570289 -0.3454673 0.9025456 -0.2570253 -0.3454715 0.902545 -0.2570254 -0.5530543 0.7925079 -0.2570282 -0.5530514 0.7925091 -0.2582923 -0.6911683 0.6749603 -0.1948442 -0.7388178 0.6451233 -0.2588154 0 0.9659268 -0.2588154 0 0.9659268 -0.7071068 0 0.7071068 -0.7071068 0 0.7071068 -0.965926 0 0.2588183 -0.965926 0 0.2588183 -0.9811984 0.1453796 0.1269428 -0.7925968 0.4592925 0.4010494 -0.8971365 0.3327518 0.2905554 -0.9648215 0.1370382 0.2243656 -0.9654408 0.1491471 0.2137271 -0.9654411 0.1491482 0.2137247 -0.9654411 0.09316712 0.2433996 -0.9654413 0.09316796 0.2433985 -0.9654414 0.03168123 0.2586875 -0.9654412 0.03167998 0.2586885 -0.4407041 0.6761606 0.5904123 -0.6077814 0.5981627 0.5223057 -0.707103 0.4749315 0.5238753 -0.7044718 0.4061652 0.5820218 -0.7044721 0.4061655 0.5820212 -0.7044725 0.2537183 0.6628314 -0.7044692 0.253714 0.6628367 -0.7044688 0.08627241 0.704472 -0.7044702 0.08627474 0.7044702 -0.1948442 0.7388178 0.6451233 -0.2582923 0.6911683 0.6749603 -0.2570284 0.5530539 0.7925072 -0.2570255 0.5530518 0.7925097 -0.2570252 0.3454677 0.9025465 -0.2570288 0.3454711 0.9025442 -0.2570288 0.1174755 0.959237 -0.2570235 0.1174696 0.9592391 -0.9812766 0.1675513 0.09498816 -0.9657171 0.2435709 0.08979892 -0.9813506 0.1672731 0.0947135 -0.8978659 0.3831171 0.2169288 -0.8342837 0.4854885 0.2612885 -0.9806321 0.1906292 0.04495692 -0.8342835 0.5129776 0.2020521 -0.7938288 0.5704864 0.2106683 -0.55725 0.7789314 0.2876426 -0.608671 0.7385627 0.289905 -0.1952584 0.927196 0.3196588 -0.2580336 0.9063146 0.3346827 -0.793827 0.5291994 0.2996443 -0.6093826 0.6899515 0.3906657 -0.5576273 0.7276863 0.3994051 -0.4421889 0.7804918 0.4419295 -0.1956349 0.8533743 0.483197 -0.1956298 0.8533746 0.4831986 -0.9847869 0.1721495 0.02364671 -0.9658464 0.2457507 0.08214235 -0.9054116 0.4205858 0.05777144 -0.7920385 0.6047922 0.08307397 -0.7920377 0.6047931 0.08307456 -0.6070495 0.7872717 0.1081399 -0.6070488 0.7872722 0.1081403 -0.4223014 0.8980231 0.1233531 -0.2576553 0.9515182 0.1680083 -0.1752462 0.9753662 0.1339759 0 0.9540406 0.2996774 0 0.8701885 0.492719 -0.01485008 0.8503635 0.5259862 5.74761e-4 0.8915272 0.4529669 -0.001147866 0.9380813 0.3464134 -0.01145708 0.9277823 0.372946 -0.00457561 0.9436596 0.330886 -1 0 0 -1 0 0 -1 0 0 -1 0 0 -1 0 0 -1 0 0 -1 0 0 -1 0 0 -1 0 0 -1 0 0 -1 0 0 -1 0 0 -1 0 0 -1 0 0 -1 0 0 -1 0 0 -1 0 0 -1 0 0 -1 0 0 -1 0 0 -1 0 0 -1 0 0 -1 0 0 -1 0 0 -1 0 0 0 -0.9540268 0.2997214 -1.3717e-5 -0.9098008 0.4150451 -0.002088189 -0.9380798 0.3464129 -0.01130151 -0.92853 0.3710854 -0.004696607 -0.9433733 0.3316999 0 -0.8504573 0.5260442 -0.00773245 -0.8701625 0.4927043 -0.006293892 -0.8739964 0.4858915 7.92273e-5 -0.8923686 0.4513074 0 -0.1215533 0.992585 0.01441383 -0.2412815 0.9703482 0 -0.7532545 0.6577292 0.01441389 -0.6676482 0.7443373 0 -0.5722777 0.8200599 0 -0.3574812 0.9339204 0 0 1 0 0 1 0 0.7532545 0.6577292 0.01441389 0.6676483 0.7443374 0 0.1215533 0.992585 0.01441383 0.2412815 0.9703482 0 0.3574812 0.9339204 0 0.5722777 0.8200599 0.9951848 0.09801614 0 0.9806708 0.1950675 -0.01528275 0.9569401 0.2902856 0 0.8819214 0.4713965 0 0.8313724 0.5555055 -0.01528269 0.7730101 0.6343937 0 0.6343944 0.7730096 0 0.5555055 0.8313724 -0.0152828 0.4713959 0.8819217 0 0.2902856 0.9569401 0 0.1950675 0.9806708 -0.01528275 0.09801614 0.9951848 0 1 0 0 1 0 0 1 0 0 1 0 0 1 0 0 1 0 0 1 0 0 1 0 0 1 0 0 1 0 0 1 0 0 1 0 0 1 0 0 1 0 0 1 0 0 1 0 0 1 0 0 1 0 0 1 0 0 1 0 0 1 0 0 1 0 0 1 0 0 0.09801614 -0.9951848 0 0.1950675 -0.9806708 -0.01528275 0.2902856 -0.9569401 0 0.4713959 -0.8819217 0 0.5555055 -0.8313724 -0.0152828 0.6343944 -0.7730096 0 0.7730101 -0.6343937 0 0.8313724 -0.5555055 -0.01528269 0.8819214 -0.4713965 0 0.9569401 -0.2902856 0 0.9806708 -0.1950675 -0.01528275 0.9951848 -0.09801614 0 0 0.9957342 0.09226804 0 0.9957342 0.09226804 0 0.9751721 0.2214484 0 0.9751721 0.2214484 0 0.9505797 0.3104809 0 0.9505797 0.3104809 0 0.9019209 0.4319013 0 0.9019209 0.4319013 0 0.8582243 0.513275 0 0.8582243 0.513275 0 0.7980173 0.6026346 0 0.7980173 0.6026346 0 0.7232507 0.6905856 0 0.7232507 0.6905856 0 0.6564463 0.7543728 0 0.6564463 0.7543728 0 0.5523646 0.8336027 0 0.5523646 0.8336027 0 0.4730955 0.8810112 0 0.4730955 0.8810112 0 0.3612415 0.9324723 0 0.3612415 0.9324723 0 0.2662484 0.9639045 0 0.2662484 0.9639045 0 0.1761744 0.9843589 0 0.1761744 0.9843589 0 0.04618585 0.9989329 0 0.04618585 0.9989329 0 -0.04618585 0.9989329 0 -0.04618585 0.9989329 0 -0.1761744 0.9843589 0 -0.1761744 0.9843589 0 -0.2662484 0.9639045 0 -0.2662484 0.9639045 0 -0.3612415 0.9324723 0 -0.3612415 0.9324723 0 -0.4730955 0.8810112 0 -0.4730955 0.8810112 0 -0.5523646 0.8336027 0 -0.5523646 0.8336027 0 -0.6564463 0.7543728 0 -0.6564463 0.7543728 0 -0.7232507 0.6905856 0 -0.7232507 0.6905856 0 -0.7980173 0.6026346 0 -0.7980173 0.6026346 0 -0.8582243 0.513275 0 -0.8582243 0.513275 0 -0.9019209 0.4319013 0 -0.9019209 0.4319013 0 -0.9505797 0.3104809 0 -0.9505797 0.3104809 0 -0.9751721 0.2214484 0 -0.9751721 0.2214484 0 -0.9957342 0.09226804 0 -0.9957342 0.09226804 0.1796036 0.9837391 0 0.1950885 0.9807854 6.26128e-4 0.55557 0.8314694 -7.33954e-4 0.4913831 0.8709391 0.002773404 0.9807851 0.195091 0 0.9974954 0.07035607 0.007288455 0.9718363 0.2356559 7.28083e-4 0.8314698 0.5555691 -9.45585e-4 0.9007853 0.4342073 0.007061541 0.7664678 0.6422801 -0.001833677 0 0.9919028 0.126999 0 0.9919028 0.126999 0.08247679 0.9965929 0 0.3349549 0.9422246 0.00423932 0.1757934 0.9844174 -0.004374444 0.5391365 0.8422154 0.002240419 0.6366765 0.7711305 -9.92357e-4 0.8422168 0.5391374 0.001340508 0.8599196 0.5104295 1.1756e-4 0.9844268 0.175795 -1.18278e-4 0.9838473 0.1790097 0 0.4396851 0.440021 -0.7829806 0.4712352 0.5302665 -0.7048084 0.4240418 0.5512005 -0.7185865 0.4124385 0.5546685 -0.72266 0.07118964 0.722808 -0.6873723 0.2136566 0.6570199 -0.7229632 0.2055315 0.6775443 -0.7061802 0.3349854 0.625598 -0.7045651 0.3346546 0.6260962 -0.7042796 0.4489992 0.5471057 -0.7064525 0.6227081 0.3328442 -0.708131 0.6795539 0.2105404 -0.7027655 0.6640217 0.2014294 -0.7200704 0.7273623 0.07163816 -0.6825044 0.5251993 0.4724851 -0.7077596 0.5485342 0.4327186 -0.7154473 0.5441465 0.4465699 -0.7102675 0.578267 0.4063103 -0.7074738 0.6252454 0.3394943 -0.7027174 0.5255401 -0.4721781 -0.7077113 0.5482772 -0.4335449 -0.715144 0.7388594 -0.07277053 -0.6699189 0.6332228 -0.2282876 -0.7395362 0.685979 -0.2080901 -0.6972312 0.6057721 -0.3531147 -0.7129868 0.6310874 -0.337323 -0.6985284 0.5441467 -0.44657 -0.7102672 0.3313623 -0.6199367 -0.7112506 0.214276 -0.6818625 -0.699392 0.1994035 -0.6573433 -0.7267311 0.07207494 -0.7317969 -0.6777009 0.4894023 -0.5115067 -0.7062906 0.4493373 -0.5403548 -0.7114161 0.445022 -0.5422594 -0.7126781 0.4207865 -0.5662941 -0.7086957 0.3460927 -0.6247443 -0.6999389 0.9850624 -0.1721977 0 0.9836398 -0.1801461 -2.76685e-4 0.8454405 -0.5340697 3.34322e-4 0.8588582 -0.5122114 0.001412272 0.5420115 -0.8403694 -0.001677811 0.632601 -0.7744677 0.003978133 0.3323624 -0.9431505 -0.001527249 0.1768403 -0.9842383 0.001578152 0.08086365 -0.9967252 0 0 -0.9919028 0.126999 0 -0.9919028 0.126999 0.9823563 -0.1870189 0 0.9807851 -0.195091 4.15672e-4 0.8314701 -0.5555694 -3.09553e-4 0.8407131 -0.5414806 6.0359e-4 0.6050616 -0.7961786 -4.29769e-4 0.5555695 -0.8314686 0.001606285 0.4111253 -0.9115788 -1.62949e-4 0.1950885 -0.9807854 6.26128e-4 0.1796036 -0.9837391 0 0.9806249 0.1950591 0.01807492 0.8303706 0.5548347 0.05141305 0.5539285 0.8290127 0.0768193 0.2591359 0.8711121 0.4171479 0.194291 0.878105 0.4372444 0.1948183 0.9323658 0.3045319 0.2882409 0.9210036 0.2620485 0.1949497 0.9564617 0.2171996 0.1942887 0.9767599 0.09051007 0.1942878 0.9767601 0.09050983 0.195068 0.8417375 0.5034148 0.1942896 0.7828104 0.5911509 0.1942899 0.7828103 0.5911509 0.1950407 0.7093607 0.677323 0.2673711 0.6491692 0.7121041 0.1946379 0.6438918 0.7399455 0.1942875 0.5164012 0.8340156 0.3206054 0.5232069 0.7895991 0.1949987 0.4640138 0.8640989 0.1942869 0.354358 0.9147039 0.194286 0.3543581 0.9147039 0.1950811 0.261133 0.945385 0.2245194 0.1790572 0.9578776 0.1944149 0.1728129 0.9655768 0.194287 0 0.9809447 0.3782296 0.04275476 0.924724 0.1948875 -0.04530024 0.979779 0.1944149 -0.1728129 0.9655768 0.2245194 -0.1790572 0.9578776 0.1950811 -0.261133 0.945385 0.194286 -0.354358 0.914704 0.1942869 -0.3543581 0.9147037 0.1949987 -0.4640138 0.8640989 0.2804563 -0.5053052 0.8160949 0.1947323 -0.5417904 0.8176445 0.1942877 -0.6608583 0.7249265 0.2903317 -0.6281705 0.721879 0.1950407 -0.7093607 0.677323 0.19429 -0.7828103 0.5911509 0.1942897 -0.7828104 0.5911509 0.195068 -0.8417375 0.5034148 0.2487981 -0.8670152 0.4317222 0.1945354 -0.8846901 0.42365 0.19429 -0.9434972 0.2684484 0.3499199 -0.8904836 0.2908522 0.1949497 -0.9564617 0.2171996 0.1942887 -0.9767599 0.09050983 0.1942877 -0.9767601 0.09051007 0.5539292 0.8290122 0.07681941 0.5539299 0.8007805 0.227842 0.5539286 0.8007816 0.2278419 0.5539281 0.7452812 0.3711059 0.5539293 0.7452803 0.3711059 0.5539294 0.6644001 0.5017317 0.5539281 0.664401 0.501732 0.5539282 0.5608953 0.6152724 0.5539274 0.5608958 0.6152726 0.5539273 0.4382894 0.7078608 0.5539339 0.4382855 0.7078581 0.5539342 0.3007555 0.7763395 0.5539337 0.3007558 0.7763397 0.553934 0.1529816 0.8183848 0.5539266 0.1529845 0.8183892 0.5539267 0 0.8325654 0.5539267 0 0.8325654 0.5539268 -0.1529825 0.8183895 0.5539341 -0.1529836 0.8183845 0.5539337 -0.3007556 0.7763398 0.5539343 -0.3007556 0.7763394 0.5539338 -0.4382871 0.7078571 0.5539272 -0.4382879 0.7078619 0.5539274 -0.5608957 0.6152727 0.5539282 -0.5608955 0.6152722 0.5539281 -0.6644008 0.5017322 0.5539295 -0.6644003 0.5017314 0.5539293 -0.7452806 0.3711056 0.553928 -0.7452811 0.3711063 0.5539286 -0.8007814 0.2278422 0.55393 -0.8007807 0.2278416 0.5539292 -0.8290122 0.07681924 0.5539285 -0.8290126 0.07681947 0.8303707 0.5548344 0.05141311 0.8303706 0.5359403 0.1524881 0.8303704 0.5359406 0.1524881 0.8303709 0.4987949 0.2483706 0.8303701 0.4987959 0.2483708 0.83037 0.4446651 0.3357953 0.8303707 0.4446644 0.335795 0.8303706 0.3753912 0.4117839 0.8303712 0.3753905 0.4117835 0.8303713 0.2933328 0.4737505 0.8303683 0.2933361 0.4737535 0.8303681 0.2012894 0.5195876 0.8303698 0.2012879 0.5195856 0.8303698 0.1023883 0.547725 0.8303698 0.1023883 0.547725 0.8303698 0 0.5572127 0.8303698 0 0.5572127 0.8303698 -0.1023883 0.547725 0.8303697 -0.1023882 0.547725 0.8303698 -0.2012885 0.5195854 0.8303681 -0.2012888 0.5195879 0.8303684 -0.293335 0.4737541 0.8303712 -0.2933338 0.4737498 0.8303712 -0.3753907 0.4117834 0.8303706 -0.3753911 0.4117842 0.8303706 -0.4446645 0.3357948 0.83037 -0.444665 0.3357955 0.8303702 -0.4987958 0.248371 0.8303708 -0.498795 0.2483703 0.8303704 -0.5359406 0.1524882 0.8303706 -0.5359404 0.152488 0.8303707 -0.5548344 0.05141305 0.8303706 -0.5548346 0.05141311 0.980625 0.1950589 0.01807498 0.980625 0.1884164 0.05360901 0.9806249 0.1884169 0.05360901 0.9806248 0.1753583 0.08731806 0.9806249 0.1753578 0.08731788 0.9806249 0.1563274 0.118053 0.9806249 0.1563271 0.1180528 0.980625 0.1319733 0.1447677 0.9806249 0.1319735 0.1447678 0.980625 0.1031253 0.1665529 0.9806251 0.1031246 0.1665523 0.9806252 0.07076472 0.1826654 0.9806248 0.07076567 0.1826668 0.9806248 0.0359959 0.1925597 0.9806251 0.0359953 0.1925585 0.9806251 0 0.195894 0.9806251 0 0.195894 0.980625 -0.03599566 0.1925584 0.9806249 -0.0359956 0.1925598 0.9806249 -0.07076531 0.1826669 0.9806252 -0.07076507 0.1826652 0.9806252 -0.1031249 0.1665521 0.9806249 -0.1031251 0.166553 0.980625 -0.1319734 0.1447678 0.980625 -0.1319733 0.1447677 0.980625 -0.1563271 0.1180528 0.9806249 -0.1563274 0.1180531 0.980625 -0.1753579 0.08731782 0.9806247 -0.1753582 0.08731812 0.9806249 -0.1884169 0.05360913 0.980625 -0.1884164 0.05360889 0.980625 -0.1950589 0.01807492 0.9806249 -0.1950591 0.01807498 0.1959813 -0.8036897 0.5618489 0.9855588 -0.124911 0.1143291 0.8340772 -0.5219218 0.1786416 0.8340771 -0.5219219 0.1786416 0.7079262 -0.6682278 0.2287186 0.5575034 -0.7852274 0.2694584 0.1957358 -0.9278132 0.3175689 0.1957365 -0.9278132 0.3175687 0.5554845 -0.7867195 0.2692757 0.8340771 -0.4893195 0.2547194 0.8340772 -0.4893193 0.2547192 0.5574813 -0.7363898 0.3833338 0.5574815 -0.7363896 0.3833337 0.1957356 -0.8698563 0.4528108 0.1957362 -0.8698562 0.4528106 0.1962325 -0.7592349 0.6205282 0.2474848 -0.7828122 0.5709258 0.55748 -0.6707489 0.489195 0.557482 -0.6707483 0.4891938 0.8340769 -0.4457021 0.3250619 0.8340772 -0.4457019 0.3250616 0.9787278 -0.1657605 0.1208933 0.9866205 -0.1446131 0.07527959 0.9818586 -0.1652556 0.09297561 0.9808956 -0.1840522 0.06299674 0.9813907 -0.1819176 0.061468 0.9806942 -0.1382628 0.1382834 0.8307066 -0.3963833 0.3909052 0.8340535 -0.3916029 0.3885896 0.5544642 -0.5919112 0.5849878 0.5574686 -0.589784 0.5842804 0.1945571 -0.6973378 0.6898317 0.1957388 -0.6969423 0.6898969 0.1754528 -0.9765163 0.125029 0.1950663 -0.9709537 0.138557 0.5397536 -0.8368687 0.09119683 0.5533195 -0.8264916 0.1036781 0.7060049 -0.7024723 0.08994233 0.8434734 -0.5328271 0.06817406 0.8310014 -0.5543689 0.04595333 0.9841189 -0.1720327 0.0437572 0.9811872 -0.191496 0.02451848 0.9841776 0.1757505 0.02250248 0.4817246 0.8752928 0.0424723 0.5369117 0.8387399 0.09078007 0.3448306 0.9308532 0.1208478 0.1746726 0.9781414 0.1128222 0.1552001 0.979884 0.1254602 0.6482749 0.7551305 0.09755849 0.8325948 0.5496721 0.06816571 0.8411387 0.5384473 0.05059844 0.938601 0.3419724 0.04563987 0.9868842 0.1614292 3.30628e-4 0.8340772 0.5219218 0.1786416 0.9855588 0.1579417 0.06106019 0.9874546 0.1458659 0.06046944 0.9391176 0.3250812 0.1112676 0.9806908 0.1384431 0.1381258 0.9808488 0.1377077 0.1377397 0.8341116 0.392726 0.3873294 0.8307659 0.3951264 0.3920499 0.5575026 0.5904582 0.5835666 0.5544986 0.5912 0.585674 0.5574812 0.7363898 0.3833338 0.5574815 0.7363896 0.3833337 0.8340771 0.4893195 0.2547193 0.8340772 0.4893193 0.2547193 0.9787279 0.1819822 0.09473234 0.1945618 0.6971087 0.6900616 0.1957435 0.6971685 0.6896669 0.1962325 0.7592349 0.6205282 0.2654795 0.7901739 0.5524001 0.8340771 0.5219219 0.1786416 0.650215 0.7188106 0.2460319 0.5578891 0.7808544 0.2811161 0.4886214 0.8254809 0.2825428 0.3463752 0.8875461 0.3037862 0.9818586 0.1567506 0.1066916 0.9866205 0.1317226 0.09606862 0.8340771 0.4457021 0.3250617 0.8340772 0.4457018 0.3250617 0.5574801 0.6707493 0.4891945 0.557482 0.6707479 0.4891943 0.1957353 0.7923177 0.5778584 0.1957362 0.8698561 0.4528107 0.1957356 0.8698563 0.4528107 0.1958537 0.9249444 0.3257594 0.1560059 0.9345301 0.319868 0.9801763 0.03524553 0.194967 0.9801762 0.03524583 0.1949673 0.8940183 0.07970237 0.4408842 0.8295589 0.130586 0.542936 0.5513323 0.1734592 0.8160542 0.6025922 0.1419689 0.7853199 0.7885944 0.10939 0.6051056 0.1920933 0.1745853 0.9657226 0.1920995 0.1745817 0.965722 0.4365844 0.1600455 0.8853132 0.9801762 0.1012763 0.1702869 0.9801764 0.1012753 0.1702867 0.8273082 0.2871456 0.4828131 0.8273065 0.287149 0.4828142 0.5493953 0.4271126 0.7181501 0.5493997 0.4271085 0.7181492 0.1920936 0.5016449 0.8434764 0.1920946 0.5016443 0.8434765 0.1950956 0 0.9807843 0.1950956 0 0.9807843 0.4422856 0 0.8968743 0.4422856 0 0.8968743 0.6087583 0 0.7933558 0.6087583 0 0.7933558 0.7933554 0 0.6087588 0.7933554 0 0.6087588 0.8968715 0 0.4422913 0.8968715 0 0.4422913 0.9807857 0 0.1950883 0.9807857 0 0.1950883 0.9801762 -0.03524559 0.1949674 0.9801763 -0.03524583 0.194967 0.8940183 -0.07970237 0.4408842 0.8295589 -0.130586 0.542936 0.9801764 -0.1012759 0.1702862 0.9801763 -0.1012757 0.1702872 0.8273062 -0.2871471 0.4828156 0.827308 -0.2871477 0.4828121 0.5494 -0.4271111 0.7181475 0.5493956 -0.4271098 0.7181516 0.1920947 -0.5016448 0.8434762 0.1920937 -0.5016444 0.8434767 0.7885944 -0.10939 0.6051056 0.6025922 -0.1419689 0.7853199 0.5513323 -0.1734592 0.8160542 0.4365844 -0.1600455 0.8853132 0.1920932 -0.1745819 0.9657232 0.1920993 -0.1745851 0.9657214 1 0 0 1 0 0 1 0 0 1 0 0 1 0 0 1 0 0 1 0 0 1 0 0 1 0 0 1 0 0 1 0 0 1 0 0 1 0 0 1 0 0 1 0 0 1 0 0 1 0 0 1 0 0 1 0 0 1 0 0 1 0 0 1 0 0 1 0 0 1 0 0 1 0 0 1 0 0 0 0.960173 0.2794063 0.01098352 0.9386473 0.3447037 0.001344919 0.9461135 0.3238327 -2.64464e-4 0.9147391 0.4040448 0.003522872 0.896272 0.4434911 0.008772909 0.88698 0.4617245 0.004651367 0.8779672 0.4786981 -0.01037591 0.8195393 0.5729291 0 0.8317409 0.5551642 0 0.774289 0.6328321 -0.009448051 0.7246009 0.689104 0 0.7106899 0.7035055 0 -0.9651261 0.2617854 0 -0.7106899 0.7035055 -0.009448051 -0.7246009 0.689104 0.002300918 -0.9532543 0.3021602 0.02029418 -0.9286518 0.3703972 -0.006192564 -0.9460961 0.3238267 0.003803133 -0.8916957 0.4526193 0.007254123 -0.8869909 0.4617301 -0.007460892 -0.8317176 0.5551487 0 -0.8195834 0.57296 0 -0.774289 0.6328321 0 0.1778984 0.9840489 0 0.1778984 0.9840489 0 0.5111641 0.8594832 0 0.5111641 0.8594832 0 0 1 0 0 1 0 -0.5111641 0.8594832 0 -0.5111641 0.8594832 0 -0.1778984 0.9840489 0 -0.1778984 0.9840489 0.175795 0.9844269 0 0.9989185 0.04531377 0.01041758 0.9659258 0.2588192 0 0.9791985 0.1994528 0.03726762 0.9844268 0.175795 0 0.2588191 0.9659252 0.001131772 0.6087582 0.7933546 -0.001379668 0.5391378 0.8422175 0 0.7933536 0.608761 0 0.8422163 0.5391392 -8.40318e-4 0.9657368 0.2595213 0.001127183 0.9996858 0.02481889 -0.003506422 0.9659258 -0.2588192 0 0.9791985 -0.1994528 0.03726762 0.9844268 -0.175795 0 0.9998633 -0.01611858 -0.00370562 0.2588192 -0.9659258 0 0.1757948 -0.9844255 0.001666307 0.5391377 -0.8422173 -8.40307e-4 0.6087588 -0.7933554 0 0.8422166 -0.5391394 0 0.7933529 -0.6087604 -0.001379668 0.9658337 -0.2591602 0.001129508 0.9977369 -0.06657928 0.009406387 1 0 0 1 0 0 1 0 0 1 0 0 1 0 0 1 0 0 1 0 0 1 0 0 1 0 0 1 0 0 1 0 0 1 0 0 1 0 0 1 0 0 1 0 0 1 0 0 0.9999897 -3.84253e-4 -0.004514098 0.9999934 1.71954e-4 0.003636002 1 0 0 1 0 0 1 0 0 1 0 0 1 0 0 1 0 0 0.9636115 -0.06918501 0.2581982 0.7040618 -0.6560823 0.271759 0.6947455 -0.5085905 0.5085905 0.694745 -0.5085901 0.5085917 0.6947453 -0.1861597 0.6947472 0.6947446 -0.1861585 0.6947481 0.250563 -0.9351133 0.2505621 0.250563 -0.9351133 0.2505621 0.5954533 -0.7760152 0.207932 0.2567523 -0.7667574 0.5883549 0.3107779 -0.6720917 0.6720936 0.2567526 -0.5883536 0.7667582 0.2505644 -0.2505644 0.9351123 0.250563 -0.250563 0.935113 0.9636115 -0.1890146 0.1890146 0.7830054 -0.6008206 0.1609889 0.9636114 -0.2581991 0.069184 -0.567798 -0.823168 0 -0.656839 -0.7539664 0.009859263 -0.6656101 -0.7462624 0.007454872 -0.9871188 -0.1599888 0 -0.9871188 -0.1599888 0 -0.8740075 -0.4859125 0 -0.8740075 -0.4859125 0 -0.7448063 -0.6672809 0 -1 0 0 -1 0 0 -1 0 0 -1 0 0 -1 0 0 -1 0 0 0 0 1 0 0 1 0 0 1 0 0 1 0 0 1 0 0 1 0 0 1 0 0 1 0 0.1836115 0.9829989 0.1575078 0.6274878 0.7625289 0 0.9659261 0.2588183 0.005568265 0.9844115 0.1757923 -0.002808213 0.8422142 0.5391358 0 0.7933528 0.6087623 0 0.5468215 0.8372493 -0.004102408 0.6087559 0.793347 0.003728628 0.2588174 0.9659191 -0.6568709 0.7540031 0 -0.5770043 0.8161754 0.03039467 -0.636811 0.770866 0.01540684 -0.9871188 0.1599888 0 -0.9871188 0.1599888 0 -0.8740075 0.4859125 0 -0.8740075 0.4859125 0 -0.7448063 0.6672809 0 -0.6897002 0.7240757 0.005278587 -1 0 0 -1 0 0 -1 0 0 -1 0 0 0.1623908 -0.626985 0.761918 0 -0.9844268 0.175795 0 -0.2588192 0.9659258 0.01043868 -0.1156187 0.9932388 0.003782153 -0.9659191 0.2588165 -0.004610776 -0.7933443 0.6087558 0 -0.8422176 0.5391379 0 -0.6087611 0.7933537 -0.002772986 -0.5400348 0.8416381 0.003320217 -0.285001 0.9585215 0 -1 0 0 -1 0 0 -1 0 0 -1 0 0 -1 0 0 -1 0 0 -1 0 0 -1 0 0 -1 0 0 -1 0 0 -1 0 0 -1 0 0 -1 0 0 -1 0 0 -1 0 0 -1 0 -2.07369e-5 -1 0 0 -1 -1.94394e-6 1.96761e-5 -1 3.86547e-6 0 -1 0 3.08798e-5 -1 -1.88182e-5 1.07939e-5 -1 -7.0082e-6 -1.62472e-4 -1 7.18347e-5 1.48129e-4 -1 -4.19993e-5 0 -1 0 0 -1 0 6.08885e-6 -1 8.97683e-7 0 1 0 0 1 0 0 1 0 0 1 0 0 1 0 0 1 0 0 1 0 0 1 0 0 1 0 0 1 0 0 1 0 0 1 0 0 1 0 0 1 0 0 1 0 0 1 0 2.07369e-5 1 0 0 1 -2.31321e-6 -1.88834e-5 1 6.45314e-6 -6.0033e-6 1 1.70213e-6 0 1 0 -3.37605e-5 1 -1.3771e-5 -1.16878e-5 1 -5.12821e-6 1.69771e-4 1 4.71228e-5 -1.50886e-6 1 1.00439e-5 -1.332e-4 1 -1.85927e-4 0 1 0 0.2567526 0.5883536 0.7667582 0.2505643 0.2505629 0.9351127 0.2505629 0.2505645 0.9351127 0.6947451 0.1861584 0.6947476 0.6947444 0.1861599 0.6947479 0.9636115 0.06918501 0.2581982 0.2567522 0.7667574 0.5883548 0.3107779 0.6720917 0.6720936 0.6947454 0.5085899 0.5085914 0.6947448 0.508591 0.5085909 0.9636115 0.1890146 0.1890146 0.9636114 0.2581991 0.069184 0.7830054 0.6008206 0.1609889 0.7040619 0.6560823 0.271759 0.5954533 0.7760152 0.207932 0.250563 0.9351133 0.2505621 0.250563 0.9351133 0.2505621 0.965926 0 0.2588183 0.965926 0 0.2588183 0.7071051 0 0.7071086 0.7071051 0 0.7071086 0.2588192 0 0.9659258 0.2588192 0 0.9659258 0 0 1 0 0 1 0 0 1 0 0 1 0 0 1 0 0 1 0 0 1 0 0 1 0 0 1 0 0 1 0 0 1 0 0 1 0 0 1 0 0 1 0 0 1 0 0 1 0 0 1 0 0 1 -0.1300379 0.991509 0 -0.1950846 0.9807571 -0.00759238 -0.3209739 0.9470881 0 -0.4808451 0.8768056 0 -0.5555507 0.8314402 -0.008410215 -0.6426621 0.7661498 0 -0.7661498 0.6426621 0 -0.8314402 0.5555507 -0.008410215 -0.8768056 0.4808451 0 -0.9470881 0.3209739 0 -0.9807571 0.1950846 -0.00759238 -0.991509 0.1300379 0 -1 0 0 -1 0 0 -1 0 0 -1 0 0 -1 0 0 -1 0 0 -1 0 0 -1 0 0 -1 0 0 -1 0 0 -1 0 0 -1 0 0 -1 0 0 -1 0 0 -1 0 0 -1 0 0 -1 0 0 -1 0 0 -1 0 0 -1 0 0 -1 0 0 -1 0 0 -1 0 0 -1 0 0 -1 0 0 -0.991509 -0.1300379 0 -0.9807571 -0.1950846 -0.00759238 -0.9470881 -0.3209739 0 -0.8768056 -0.4808451 0 -0.8314402 -0.5555507 -0.008410215 -0.7661498 -0.6426621 0 -0.6426621 -0.7661498 0 -0.5555507 -0.8314402 -0.008410215 -0.4808451 -0.8768056 0 -0.3209739 -0.9470881 0 -0.1950846 -0.9807571 -0.00759238 -0.1300379 -0.991509 0 0 0 -1 0 0 -1 0 0 -1 0 0 -1 0 0 -1 0 0 -1 0 0 -1 0 0 -1 0 0 -1 0 0 -1 0 0 -1 0 0 -1 0 0 -1 0 0 -1 0 0 -1 0 0 -1 0 0 -1 0 0 -1 0 0 -1 0 0 -1 0 0 -1 0 0 -1 0 0 -1 0 0 -1 0 0 -1 0 0 -1 0 0 -1 0 0 -1 0 0 -1 0 0 -1 0 0 -1 0 0 -1 0 0 -1 0 0 -1 0 0 -1 -0.2240933 -0.9745677 -8.25195e-5 -0.3026301 -0.9530267 0.01245355 -0.09036129 -0.9959091 0 -0.932559 -0.3610175 0 -0.9622984 -0.2710161 0.02306437 -0.8882194 -0.4594196 -4.79304e-5 -0.6546525 -0.75593 2.22284e-4 -0.7556583 -0.6541939 0.03179442 -0.592881 -0.8052901 7.21821e-5 -0.001141786 0.8330393 -0.5532127 0 0.8772346 -0.4800619 -0.02278107 0.8936596 -0.4481669 -0.03250312 0.9012897 -0.431996 -0.01163864 0.8757812 -0.4825679 -0.001982212 0.0725516 -0.9973626 -0.02775651 0.136074 -0.9903097 -4.20092e-4 -0.01360863 -0.9999073 6.80116e-4 -0.2315698 -0.9728181 -0.01232594 -0.1827508 -0.983082 0 -0.3034372 -0.9528514 0.001071393 0.7894033 -0.613874 -0.008587419 0.7320027 -0.6812476 -0.02154868 0.6914852 -0.7220692 -4.41898e-4 0.6350816 -0.7724449 8.04602e-4 0.4061068 -0.9138252 -0.0374974 0.4762528 -0.8785085 0.001029849 0.3216274 -0.9468657 -1 0 0 -1 0 0 -1 0 0 -1 0 0 -1 0 0 -1 0 0 -1 0 0 -1 0 0 -1 0 0 -0.007244765 -0.8012325 -0.5983093 0.002890229 -0.925624 -0.3784334 0 -0.1355559 -0.9907697 -0.003893315 -0.1045271 -0.9945144 0.002041041 -0.3067877 -0.9517758 1.83703e-5 -0.277733 -0.9606583 -3.92652e-5 -0.4390302 -0.8984722 -0.002855837 -0.4127067 -0.9108595 0.004014849 -0.6208559 -0.7839145 2.90126e-5 -0.5983248 -0.8012537 -9.39495e-6 -0.7300882 -0.6833529 0.005805373 -0.8396185 -0.5431455 0 -0.8414981 -0.54026 0 -0.994522 -0.1045279 -0.008097171 -0.9843943 -0.1757906 0 -0.9606578 -0.2777348 0 -0.9108641 -0.4127064 0 0.994522 -0.1045279 -0.008097171 0.9843943 -0.1757906 -0.007244765 0.8012325 -0.5983093 0.002890169 0.925624 -0.3784334 0 0.9108641 -0.4127064 0 0.9606578 -0.2777348 0 0.8414981 -0.54026 0.005805373 0.8396185 -0.5431455 -9.38891e-6 0.7300884 -0.6833527 2.89914e-5 0.5983248 -0.8012537 0.004014849 0.6208561 -0.7839143 -0.002855837 0.4127067 -0.9108595 -3.93193e-5 0.4390298 -0.8984725 1.83366e-5 0.277733 -0.9606583 0.002041041 0.3067887 -0.9517755 -0.003893315 0.1045271 -0.9945144 0 0.1355559 -0.9907697 0 -0.8772346 -0.4800619 1.41125e-4 -0.8080126 -0.5891653 -0.001938939 -0.8487105 -0.5288542 -0.004229247 -0.9217073 -0.3878628 -0.0302571 -0.8987039 -0.4375109 -0.03016889 -0.898617 -0.4376956 -0.01987552 -0.8861508 -0.4629706 -0.00118786 -0.7539544 -0.6569256 -0.02154868 -0.6914852 -0.7220692 -0.01152443 -0.6651855 -0.7465893 -0.01686573 -0.4060491 -0.9136956 -3.75382e-5 -0.513775 -0.857925 3.13038e-5 -0.591934 -0.8059864 -0.01461046 -0.07254403 -0.9972581 0.003841757 -0.2201802 -0.9754517 -0.008660256 -0.3832269 -0.9236136 0 0.2811644 -0.9596596 -0.01713252 0.1651301 -0.986123 3.02267e-4 0.2315699 -0.9728183 -6.37005e-5 0.07052981 -0.9975097 -0.006479978 -0.04229027 -0.9990844 -0.05228519 0.9986322 0 -0.2252252 0.9742899 0.005731523 -0.2240898 0.9745524 0.005593419 -0.9452376 0.3263827 0 -0.9325413 0.3610106 0.006170153 -0.3963652 0.9180929 -8.2464e-5 -0.524502 0.8514091 1.82537e-4 -0.6546067 0.7558771 0.01182365 -0.7257999 0.6879059 3.76929e-5 -0.8484861 0.5292178 3.80302e-5 -0.9833384 0.1758694 -0.04599535 0.8374269 0.5463804 0.01359021 0.9961705 0.08642864 0.01321089 0.4226881 0.09473139 -0.9013106 0.9798563 0.1995868 0.006853342 0.9761524 0.2114812 -0.04901075 0.983375 0.1805919 -0.01898097 0.1748616 0.9791994 -0.1029177 0.1748621 0.9791993 -0.1029174 0.1753541 0.9457728 -0.2734314 0.2708574 0.9031211 -0.3331797 0.1753556 0.8967504 -0.4063116 0.1740334 0.7890266 -0.5891939 0.1740317 0.7890265 -0.5891946 0.1740317 0.5891941 -0.7890268 0.1740326 0.5891942 -0.7890264 0.175355 0.4063135 -0.8967496 0.2708598 0.3331792 -0.9031204 0.1753544 0.2734297 -0.9457732 0.1748622 0.1029178 -0.9791992 0.1748616 0.1029175 -0.9791994 0.7917334 0.06385296 -0.6075205 0.6066534 0.08309662 -0.7906116 0.904483 0.04458248 -0.4241732 0.9844185 0.1728073 -0.03252518 0.9841071 0.1665998 -0.06146192 0.9841072 0.1665996 -0.06146174 0.9841072 0.1422828 -0.1062476 0.9841072 0.1422828 -0.1062476 0.9841072 0.1062476 -0.1422827 0.9841072 0.1062477 -0.142283 0.9841072 0.0614618 -0.1665997 0.9841071 0.0614618 -0.1665998 0.9842588 0.01847374 -0.1757649 0.9842588 0.01847368 -0.175765 0.8420293 0.09143614 -0.5316259 0.8396551 0.1879831 -0.5095505 0.8396548 0.187983 -0.5095511 0.8396548 0.3249625 -0.4351771 0.8396544 0.3249626 -0.4351779 0.8396544 0.4351777 -0.3249629 0.8396547 0.4351775 -0.3249625 0.8396548 0.5095511 -0.1879834 0.8396552 0.5095505 -0.1879827 0.8408678 0.5382756 -0.056575 0.8408677 0.538276 -0.05657517 0.5382698 0.1193343 -0.8342812 0.5351625 0.2923825 -0.7925361 0.5351617 0.2923823 -0.7925368 0.5351617 0.5054343 -0.6768589 0.5351627 0.5054345 -0.6768581 0.5351627 0.6768585 -0.505434 0.5351617 0.6768586 -0.5054348 0.5351617 0.7925366 -0.2923828 0.5351626 0.7925363 -0.2923822 0.537038 0.838937 -0.08817559 0.5370379 0.8389371 -0.08817571 0.979856 -0.1995867 0.006889462 0.9860324 -0.1515127 -0.06916499 0.9828334 -0.1834847 -0.01928508 0.9774151 -0.2069936 -0.04258322 0.9797902 -0.2000213 0.001584291 0.9844185 -0.1728073 -0.03252518 0.9841072 -0.1665999 -0.0614618 0.9841072 -0.1665996 -0.0614618 0.9841072 -0.1422828 -0.1062476 0.9841072 -0.1422828 -0.1062477 0.9841072 -0.1062476 -0.1422829 0.9841072 -0.1062477 -0.1422829 0.9841072 -0.0614618 -0.1665997 0.9841072 -0.0614618 -0.1665998 0.9842588 -0.01847368 -0.1757649 0.9842588 -0.01847374 -0.175765 0.7917334 -0.06385296 -0.6075205 0.1748616 -0.1029178 -0.9791994 0.4226881 -0.09473139 -0.9013106 0.3578138 -0.3853842 -0.8505577 0.1753544 -0.2734297 -0.9457732 0.1748622 -0.1029174 -0.9791992 0.1740325 -0.3408358 -0.9238743 0.1740326 -0.589194 -0.7890267 0.1740317 -0.5891944 -0.7890267 0.1740317 -0.7890268 -0.5891941 0.1740334 -0.7890263 -0.5891944 0.1748616 -0.9791994 -0.1029175 0.5370379 -0.8389371 -0.08817559 0.1748621 -0.9791993 -0.1029177 0.1740315 -0.9238744 -0.3408361 0.3578104 -0.8970568 -0.2593471 0.1753556 -0.8967504 -0.4063116 0.8408676 -0.538276 -0.056575 0.8408678 -0.5382757 -0.05657517 0.8396552 -0.5095503 -0.1879832 0.8396547 -0.5095512 -0.187983 0.8396546 -0.4351774 -0.3249627 0.8396544 -0.4351778 -0.3249627 0.8396544 -0.3249629 -0.4351777 0.8396548 -0.3249621 -0.4351774 0.8396548 -0.1879832 -0.5095509 0.8396551 -0.1879829 -0.5095506 0.8420293 -0.09143614 -0.5316259 0.904483 -0.04458248 -0.4241732 0.537038 -0.838937 -0.08817571 0.5351625 -0.7925361 -0.2923827 0.5351617 -0.7925367 -0.2923824 0.5351617 -0.6768589 -0.5054344 0.5351627 -0.6768581 -0.5054345 0.5351626 -0.505434 -0.6768584 0.5351617 -0.5054348 -0.6768586 0.5351617 -0.2923827 -0.7925366 0.5351626 -0.2923821 -0.7925363 0.5382698 -0.1193343 -0.8342812 0.6066534 -0.08309656 -0.7906116 0.9844268 0 -0.175795 0.9844268 0 -0.175795 0.9053832 0 -0.4245955 0.9053832 0 -0.4245955 0.7933524 0 -0.6087628 0.7933524 0 -0.6087628 0.6087588 0 -0.7933554 0.6087588 0 -0.7933554 0.4245976 0 -0.9053822 0.4245976 0 -0.9053822 0.175795 0 -0.9844268 0.175795 0 -0.9844268 -0.9857478 0.1682297 0 -0.9779745 0.2085784 -0.007808923 -0.9683678 0.2483234 -0.02448338 -0.96459 0.2614426 -0.03484135 -0.1210356 0.9926481 0 -0.1210356 0.9926481 0 -0.3436093 0.9391127 0 -0.388351 0.9193424 -0.06318908 -0.4862362 0.8738275 0 -0.7356477 0.6773644 -6.83527e-5 -0.6529517 0.7539636 -0.07206201 -0.6417354 0.7655492 -0.04593586 -0.5593638 0.8289223 0 -0.9381858 0.3460763 0.006225287 -0.8948507 0.4462725 -0.009115874 -0.8525223 0.5145485 -0.09190016 -0.8317502 0.554264 -0.03135222 -0.7785626 0.6275669 1.09049e-5 0 1 0 0 1 0 -0.1950904 0.9807853 0 -0.1950904 0.9807853 0 -0.5555701 0.8314697 0 -0.5555701 0.8314697 0 -0.8314697 0.5555702 0 -0.8314697 0.5555702 0 -0.9807853 0.1950902 0 -0.9807853 0.1950902 0 -0.9807853 -0.1950902 0 -0.9807853 -0.1950902 0 -0.8314697 -0.5555702 0 -0.8314697 -0.5555702 0 -0.5555701 -0.8314697 0 -0.5555701 -0.8314697 0 -0.1950904 -0.9807853 0 -0.1950904 -0.9807853 0 0 -1 0 0 -1 0 -0.9820058 -0.1888507 0 -0.8523746 -0.5144594 -0.09375023 -0.8737684 -0.4846413 -0.0406394 -0.9626566 -0.2609186 0.07220655 -0.9303659 -0.3453333 -0.1231431 -0.9636918 -0.2651947 -0.03114593 -0.5593638 -0.8289223 0 -0.6269419 -0.7781687 -0.03737938 -0.6524238 -0.7533541 -0.0824666 -0.7225018 -0.6913683 0.00108242 -0.8053353 -0.5928186 -0.001109957 -0.1210356 -0.9926481 0 -0.1210356 -0.9926481 0 -0.3891287 -0.9211834 0 -0.3421713 -0.9351825 -0.09139269 -0.4862362 -0.8738275 0 0 0 -1 0 0 -1 0 0 -1 0 0 -1 0 0 -1 0 0 -1 0 0 -1 0 0 -1 0 0 -1 0 0 -1 0 0 -1 0 0 -1 0 0 -1 0 0 -1 0 0 -1 0 0 -1 0 0 -1 0 0 -1 0 0 -1 0 0 -1 0 0 -1 0 0 -1 0 0 -1 0 0 -1 0 0 -1 0 0 -1 0 0 -1 0 0 -1 0 0 -1 0 0 -1 0 0 -1 0 0 -1 0 0 -1 0 0 -1 0 0 -1 0 0 -1 0 0 -1 0 0 -1 0 0 -1 0 0 -1 0 0 -1 0 0 -1 0 0 -1 0 0 -1 0 0 -1 -1 0 0 -1 0 0 -1 0 0 -1 0 0 -1 0 0 -1 0 0 -1 0 0 -1 0 0 -1 0 0 0 0 -1 0 0 -1 0 0 -1 0 0 -1 0 0 -1 0 0 -1 0 0 -1 0 0 -1 0 0 -1 0 0 -1 0 0 -1 0 0 -1 0 0 -1 0 0 -1 0 0 -1 0 0 -1 0 0 -1 0 0 -1 0 0 -1 0 0 -1 0 0 -1 0 0 -1 0 0 -1 0 0 -1 0 0 -1 0 0 -1 0 0 -1 0 0 -1 0 0 -1 0 0 -1 0 0 -1 0 0 -1 0 0 -1 0 0 -1 0 0 -1 0 0 -1 0 0 -1 0 0 -1 0.9999939 -0.001083433 0.00334239 0 0.9983718 0.05704057 -0.009108245 0.9856345 0.1686465 0 0.001667022 0.9999986 0 0.001667022 0.9999986 0 0.468751 0.8833304 0 0.468751 0.8833304 0 0.8271881 0.5619251 0 0.8271881 0.5619251 0 0.984411 0.1758836 -0.07940852 0.9551395 0.2853121 0 0.993569 0.1132279 -0.0511626 -0.4651933 0.8837293 -0.04724216 -0.4605886 0.8863556 0 -0.3078358 0.9514396 -0.02291643 -0.7600961 0.6494064 -0.005540907 -0.7131429 0.7009968 0.009348332 -0.6366948 0.7710592 -0.02756053 -0.7808758 0.6240781 -0.06292474 -0.7852675 0.615951 -0.05912941 -0.7839382 0.6180167 0.01881343 0.886488 0.462369 -0.008605778 0.7708163 0.6369994 0.01984792 0.7432316 0.6687398 0.01160204 0.7367364 0.6760805 -0.006202876 0.7022947 0.7118594 0.1161275 0.973221 0.1983819 -0.023018 0.7466372 0.6648331 0 0.9997476 0.02246803 -0.01578634 0.7720799 0.6353294 -0.003558814 0.8421012 0.5393077 0.00393778 0.9489588 0.3153757 -0.004379153 0.9173121 0.3981448 0.005141317 0.990443 0.1378266 -0.006224572 0.9681915 0.2501328 9.73131e-4 0.9961019 0.08820426 -0.05077636 0.99871 0 -0.0784434 0.9967183 -0.01998293 -0.1562266 0.9876617 0.01083934 -0.4445189 0.8957695 1.35956e-4 -0.4134656 0.9105152 -0.002892792 -0.3628492 0.9316396 -0.01970213 -0.2746424 0.9609429 -0.03406107 -0.2334445 0.9723654 0.003050923 -0.3826818 0.9238761 -0.002789974 -0.5877583 0.8089801 -0.009564697 -0.56861 0.8212991 0.04637372 -0.5224985 0.8526399 -8.4223e-4 -0.5706833 0.8207396 0.02659338 -0.6119098 0.7901941 -0.03405433 -0.5878123 0.8089367 0.009902119 -0.3560315 0.9240986 0.1388646 -0.3968942 0.9175871 0.02255576 -0.4308711 0.9024125 0.001306474 -0.4206616 -0.9072094 0.003861486 -0.3854682 -0.9217563 0.04218679 -0.3536044 -0.9177991 0.1805791 -0.4501714 -0.8929421 -4.62284e-4 -0.5877663 -0.808991 0.008010983 -0.5875167 -0.8091669 0.008556187 -0.07845902 -0.9969174 0 -0.06676679 -0.9976781 -0.01344561 -0.1929382 -0.9811735 0.008564352 -0.2334131 -0.9722346 -0.01668536 -0.2961699 -0.9551245 0.00454384 -0.3826647 -0.9238349 -0.009838283 -0.3804288 -0.9247404 -0.01136106 -0.4283217 -0.903626 -6.61075e-4 -0.5224974 -0.852638 0.002217888 -0.4945622 -0.8690014 -0.0156483 -0.648243 -0.7589952 0.06088763 -0.592786 -0.80536 0 -0.7604061 -0.6494479 0 -0.8088377 -0.5876549 0.02105468 -0.9508458 -0.3089485 0.02105468 -0.9238796 -0.3826832 0 -0.8526401 -0.5224986 0 -0.9997783 0 0.02105474 -0.9969173 -0.07845902 0 -0.9723699 -0.2334455 0 -0.9508458 0.3089485 0.02105468 -0.9723699 0.2334455 0 -0.9969173 0.07845902 0 -0.6494479 0.7604061 0 -0.7604061 0.6494479 0 -0.8088378 0.5876549 0.02105468 -0.8526401 0.5224986 0 -0.9238796 0.3826832 0 0.534556 0.8451331 0 0.4397065 0.8981415 -2.79806e-4 0.5154258 0.856723 0.01902711 0.5194779 0.8543738 0.01372247 0.5393583 0.8420664 -0.004087567 0.3968828 0.9178691 5.26609e-4 0.3523634 0.9337639 0.06265163 0.3347407 0.9113879 0.2394175 0.1017116 0.9948139 0 0.06886041 0.9964288 -0.04886561 0.1902642 0.9816657 0.01148593 0.2597361 0.9656254 -0.01024001 0.2984438 0.9544082 0.006025373 0.3715967 0.9283677 -0.007016658 0.3827633 0.923844 -0.00210154 0.515511 0.8568645 0.005643665 0.4729005 0.880384 -0.03590244 0.5033468 0.8639376 -0.01593679 -0.07580083 0.9631466 -0.258075 -0.05556464 0.7060139 -0.7060148 -0.02036523 0.2587651 -0.9657256 -0.02036529 0.2587652 -0.9657256 -0.06059426 0.2523936 -0.9657256 -0.06059426 0.2523936 -0.9657256 -0.09933131 0.2398071 -0.9657256 -0.09933131 0.2398071 -0.9657256 -0.1356226 0.2213158 -0.9657256 -0.1356224 0.2213156 -0.9657256 -0.168574 0.1973749 -0.9657256 -0.1685744 0.197375 -0.9657255 -0.1973752 0.1685742 -0.9657255 -0.1973748 0.1685742 -0.9657256 -0.2213156 0.1356225 -0.9657256 -0.2213158 0.1356225 -0.9657256 -0.2398071 0.09933131 -0.9657256 -0.2398071 0.09933131 -0.9657256 -0.2523936 0.06059426 -0.9657256 -0.2523936 0.06059426 -0.9657256 -0.2587652 0.02036523 -0.9657256 -0.2587651 0.02036529 -0.9657256 -0.2587651 -0.02036523 -0.9657256 -0.2587652 -0.02036529 -0.9657256 -0.2523936 -0.06059426 -0.9657256 -0.2523936 -0.06059426 -0.9657256 -0.2398071 -0.09933131 -0.9657256 -0.2398071 -0.09933131 -0.9657256 -0.2213158 -0.1356226 -0.9657256 -0.2213156 -0.1356224 -0.9657256 -0.1973749 -0.168574 -0.9657256 -0.197375 -0.1685744 -0.9657255 -0.1685742 -0.1973752 -0.9657255 -0.1685742 -0.1973748 -0.9657256 -0.1356225 -0.2213156 -0.9657256 -0.1356225 -0.2213158 -0.9657256 -0.09933131 -0.2398071 -0.9657256 -0.09933131 -0.2398071 -0.9657256 -0.06059426 -0.2523936 -0.9657256 -0.06059426 -0.2523936 -0.9657256 -0.02036523 -0.2587652 -0.9657256 -0.02036529 -0.2587651 -0.9657256 -0.05556416 0.7060133 -0.7060155 -0.165325 0.688629 -0.7060154 -0.1653255 0.6886293 -0.7060149 -0.2710151 0.6542887 -0.7060149 -0.271015 0.6542885 -0.7060151 -0.3700317 0.6038371 -0.7060152 -0.3700322 0.6038372 -0.7060148 -0.4599375 0.5385171 -0.7060148 -0.4599369 0.538517 -0.7060154 -0.5385167 0.4599372 -0.7060154 -0.5385173 0.4599372 -0.7060148 -0.6038373 0.3700319 -0.7060148 -0.6038369 0.3700319 -0.7060151 -0.6542885 0.2710151 -0.7060152 -0.6542887 0.2710151 -0.7060149 -0.6886295 0.1653251 -0.7060149 -0.6886289 0.1653254 -0.7060154 -0.7060133 0.05556458 -0.7060155 -0.7060139 0.05556416 -0.7060149 -0.7060139 -0.05556464 -0.7060148 -0.7060133 -0.05556416 -0.7060155 -0.688629 -0.165325 -0.7060154 -0.6886293 -0.1653255 -0.7060149 -0.6542887 -0.2710151 -0.7060149 -0.6542885 -0.271015 -0.7060151 -0.6038371 -0.3700317 -0.7060152 -0.6038372 -0.3700322 -0.7060148 -0.5385171 -0.4599375 -0.7060148 -0.538517 -0.4599369 -0.7060154 -0.4599372 -0.5385167 -0.7060154 -0.4599372 -0.5385173 -0.7060148 -0.3700319 -0.6038373 -0.7060148 -0.3700319 -0.6038369 -0.7060151 -0.2710151 -0.6542885 -0.7060152 -0.2710151 -0.6542887 -0.7060149 -0.1653251 -0.6886295 -0.7060149 -0.1653254 -0.6886289 -0.7060154 -0.05556458 -0.7060133 -0.7060155 -0.05556416 -0.7060139 -0.7060149 -0.07580125 0.9631468 -0.2580743 -0.2255377 0.939431 -0.2580743 -0.2255376 0.939431 -0.2580745 -0.3697198 0.8925833 -0.2580744 -0.3697199 0.8925833 -0.2580744 -0.5047992 0.8237569 -0.2580743 -0.5047991 0.8237569 -0.2580747 -0.627448 0.7346472 -0.2580747 -0.6274477 0.7346472 -0.258075 -0.7346471 0.6274479 -0.258075 -0.7346474 0.6274478 -0.2580747 -0.8237569 0.5047992 -0.2580747 -0.8237569 0.504799 -0.2580743 -0.8925833 0.3697198 -0.2580744 -0.8925832 0.3697199 -0.2580744 -0.9394308 0.2255377 -0.2580745 -0.939431 0.2255376 -0.2580744 -0.9631469 0.07580089 -0.2580743 -0.9631466 0.07580125 -0.258075 -0.9631466 -0.07580083 -0.258075 -0.9631468 -0.07580125 -0.2580743 -0.939431 -0.2255377 -0.2580743 -0.939431 -0.2255376 -0.2580745 -0.8925833 -0.3697198 -0.2580744 -0.8925833 -0.3697199 -0.2580744 -0.8237569 -0.5047992 -0.2580743 -0.8237569 -0.5047991 -0.2580747 -0.7346472 -0.627448 -0.2580747 -0.7346472 -0.6274477 -0.258075 -0.6274479 -0.7346471 -0.258075 -0.6274478 -0.7346474 -0.2580747 -0.5047992 -0.8237569 -0.2580747 -0.504799 -0.8237569 -0.2580743 -0.3697198 -0.8925833 -0.2580744 -0.3697199 -0.8925832 -0.2580744 -0.2255377 -0.9394308 -0.2580745 -0.2255376 -0.939431 -0.2580744 -0.07580089 -0.9631469 -0.2580743 -0.07580125 -0.9631466 -0.258075 0.09827947 -0.9612495 -0.2575666 0.07210767 -0.7052657 -0.7052665 0.02645277 -0.2587282 -0.9655879 0.02645283 -0.2587284 -0.9655879 0.06733745 -0.2503414 -0.965813 0.06733727 -0.2503414 -0.9658131 0.09633481 -0.2406755 -0.9658131 0.09633487 -0.2406755 -0.9658131 0.1340747 -0.2228543 -0.9655878 0.1340746 -0.2228542 -0.9655879 0.07210725 -0.705265 -0.7052671 0.1838301 -0.6834291 -0.7064922 0.1838305 -0.6834294 -0.7064918 0.2629933 -0.6570417 -0.7064918 0.2629934 -0.6570418 -0.7064918 0.3654731 -0.607477 -0.7052668 0.3654733 -0.607477 -0.7052665 0.09827995 -0.9612497 -0.2575656 0.2509284 -0.93288 -0.2583985 0.2509282 -0.93288 -0.2583988 0.3589855 -0.8968608 -0.2583988 0.3589854 -0.8968609 -0.2583989 0.4981259 -0.8279675 -0.257566 0.4981259 -0.8279675 -0.2575661 0 0.5672534 0.8235433 -0.006533086 0.6818177 0.731493 -0.05826002 0.5947586 0.8017905 -0.02810591 0.5635116 0.82563 -0.03212553 0.1393359 0.9897239 -0.03065258 0.1426936 0.9892922 0.01021951 0.4006441 0.9161768 -3.26641e-6 -0.5876381 0.8091238 -0.003841221 -0.4708603 0.8821995 -0.03292971 -0.3733527 0.9271049 2.89308e-4 -0.2394855 0.9708999 -1.75e-4 -0.04678344 0.9989051 1.88355e-5 -0.6769582 0.7360215 -0.0257644 -0.7864971 0.6170564 -0.01077997 -0.8211497 0.5706112 0.005077362 -0.9303731 0.3665791 -0.01370626 -0.9795848 0.2005639 0 -0.9919973 0.12626 0.2588188 -0.9659259 0 0.2588188 -0.9659259 0 0.7071068 -0.7071068 0 0.7071068 -0.7071068 0 0.9659259 -0.2588185 0 0.9659259 -0.2588185 0 0.9659259 0.2588185 0 0.9659259 0.2588185 0 0.7071062 0.7071074 0 0.7071062 0.7071074 0 0.2588199 0.9659256 0 0.2588199 0.9659256 0 0.5102025 -0.136708 0.8491197 0.3734941 -0.3734941 0.8491197 0.1367081 -0.5102023 0.8491199 0.1367087 0.5102022 0.8491198 0.3734939 0.3734944 0.8491197 0.5102025 0.136708 0.8491197 -0.5102021 0.1367079 0.84912 -0.3734937 0.3734942 0.8491199 -0.1367084 0.5102023 0.8491197 -0.1367079 -0.5102024 0.8491199 -0.3734939 -0.3734939 0.84912 -0.5102021 -0.1367079 0.84912 -0.2588193 0.9659258 0 -0.2588193 0.9659258 0 -0.7071062 0.7071074 0 -0.7071062 0.7071074 0 -0.9659259 0.2588185 0 -0.9659259 0.2588185 0 -0.9659259 -0.2588185 0 -0.9659259 -0.2588185 0 -0.7071068 -0.7071068 0 -0.7071068 -0.7071068 0 -0.2588183 -0.9659261 0 -0.2588183 -0.9659261 0 0 0 -1 0 0 -1 0 0 -1 0 0 -1 0 0 -1 0 0 -1 0 0 -1 0 0 -1 0 0 -1 0 0 -1 0.2588199 -0.9659256 0 0.2588199 -0.9659256 0 0.7071062 -0.7071074 0 0.7071062 -0.7071074 0 0.9659259 -0.2588185 0 0.9659259 -0.2588185 0 0.9659259 0.2588185 0 0.9659259 0.2588185 0 0.7071068 0.7071068 0 0.7071068 0.7071068 0 0.2588188 0.9659259 0 0.2588188 0.9659259 0 0.5102025 -0.136708 0.8491197 0.3734939 -0.3734945 0.8491197 0.1367087 -0.5102022 0.8491198 0.1367081 0.5102023 0.8491199 0.3734941 0.3734941 0.8491197 0.5102025 0.136708 0.8491197 -0.5102021 0.1367079 0.84912 -0.3734938 0.3734938 0.8491199 -0.1367079 0.5102024 0.8491199 -0.1367084 -0.5102023 0.8491197 -0.3734937 -0.3734942 0.8491199 -0.5102021 -0.1367079 0.84912 -0.2588183 0.9659261 0 -0.2588183 0.9659261 0 -0.7071068 0.7071068 0 -0.7071068 0.7071068 0 -0.9659259 0.2588185 0 -0.9659259 0.2588185 0 -0.9659259 -0.2588185 0 -0.9659259 -0.2588185 0 -0.7071062 -0.7071074 0 -0.7071062 -0.7071074 0 -0.2588193 -0.9659258 0 -0.2588193 -0.9659258 0 0 0 -1 0 0 -1 0 0 -1 0 0 -1 0 0 -1 0 0 -1 0 0 -1 0 0 -1 0 0 -1 0 0 -1</float_array>
          <technique_common>
            <accessor source="#link_1-mesh-normals-array" count="2888" stride="3">
              <param name="X" type="float"/>
              <param name="Y" type="float"/>
              <param name="Z" type="float"/>
            </accessor>
          </technique_common>
        </source>
        <vertices id="link_1-mesh-vertices">
          <input semantic="POSITION" source="#link_1-mesh-positions"/>
        </vertices>
        <triangles material="base-material" count="2888">
          <input semantic="VERTEX" source="#link_1-mesh-vertices" offset="0"/>
          <input semantic="NORMAL" source="#link_1-mesh-normals" offset="1"/>
          <p>0 0 1 0 2 0 2 1 1 1 3 1 2 2 3 2 4 2 5 3 4 3 6 3 6 4 4 4 3 4 6 5 3 5 7 5 7 6 3 6 8 6 7 7 8 7 9 7 9 8 8 8 10 8 9 9 10 9 11 9 11 10 10 10 12 10 11 11 12 11 13 11 13 12 12 12 14 12 14 13 12 13 15 13 14 14 15 14 16 14 17 15 18 15 15 15 15 16 18 16 19 16 15 17 19 17 16 17 20 18 21 18 22 18 21 19 23 19 24 19 23 20 25 20 26 20 23 21 26 21 24 21 24 22 26 22 27 22 24 23 27 23 28 23 28 24 27 24 29 24 28 25 29 25 30 25 30 26 29 26 31 26 30 27 31 27 32 27 21 28 24 28 22 28 22 29 24 29 28 29 22 30 28 30 33 30 33 31 28 31 30 31 33 32 30 32 34 32 34 33 30 33 32 33 34 34 32 34 35 34 20 35 22 35 36 35 36 36 22 36 33 36 36 37 33 37 37 37 37 38 33 38 34 38 37 39 34 39 38 39 38 40 34 40 35 40 38 41 35 41 39 41 40 42 41 42 42 42 42 43 41 43 43 43 42 44 43 44 44 44 44 45 43 45 45 45 44 46 45 46 46 46 46 47 45 47 47 47 46 48 47 48 48 48 49 49 50 49 51 49 51 50 52 50 49 50 49 51 52 51 53 51 49 52 53 52 47 52 47 53 53 53 54 53 47 54 54 54 48 54 55 55 56 55 57 55 57 56 56 56 58 56 57 57 58 57 50 57 50 58 58 58 59 58 50 59 59 59 51 59 60 60 61 60 62 60 60 61 62 61 63 61 63 62 62 62 64 62 63 63 64 63 65 63 66 64 67 64 68 64 68 65 67 65 69 65 68 66 69 66 70 66 70 67 69 67 64 67 64 68 69 68 71 68 64 69 71 69 65 69 72 70 73 70 74 70 75 71 72 71 76 71 76 72 72 72 74 72 76 73 74 73 77 73 78 74 79 74 80 74 80 75 79 75 81 75 80 76 81 76 74 76 74 77 81 77 82 77 74 78 82 78 77 78 83 79 84 79 85 79 85 80 84 80 86 80 85 81 86 81 80 81 80 82 86 82 87 82 80 83 87 83 78 83 83 84 85 84 88 84 88 85 85 85 89 85 88 86 89 86 90 86 90 87 89 87 91 87 91 88 89 88 92 88 91 89 92 89 93 89 94 90 95 90 96 90 94 91 96 91 97 91 98 92 99 92 100 92 101 93 102 93 103 93 104 94 105 94 106 94 107 95 108 95 109 95 109 96 108 96 110 96 109 97 110 97 111 97 112 98 113 98 114 98 107 99 109 99 115 99 115 100 109 100 116 100 115 101 116 101 117 101 117 102 116 102 118 102 117 103 118 103 114 103 114 104 118 104 119 104 114 105 119 105 112 105 105 106 120 106 106 106 106 107 120 107 121 107 106 108 121 108 119 108 119 109 121 109 122 109 119 110 122 110 112 110 103 111 102 111 106 111 106 112 102 112 123 112 106 113 123 113 104 113 100 114 99 114 124 114 99 115 125 115 124 115 124 116 125 116 126 116 124 117 126 117 103 117 103 118 126 118 127 118 103 119 127 119 101 119 128 120 129 120 130 120 130 121 129 121 131 121 131 122 132 122 130 122 130 123 132 123 133 123 130 124 133 124 100 124 100 125 133 125 134 125 100 126 134 126 98 126 135 127 136 127 137 127 137 128 136 128 111 128 137 129 111 129 138 129 138 130 111 130 110 130 139 131 140 131 141 131 17 132 15 132 3 132 12 133 10 133 15 133 15 134 10 134 8 134 15 135 8 135 3 135 142 136 143 136 144 136 144 137 143 137 139 137 144 138 139 138 1 138 1 139 139 139 141 139 1 140 141 140 3 140 3 141 141 141 145 141 3 142 145 142 17 142 124 143 103 143 106 143 111 144 136 144 146 144 119 145 118 145 116 145 147 146 106 146 146 146 146 147 106 147 119 147 146 148 119 148 111 148 111 149 119 149 116 149 111 150 116 150 109 150 100 151 124 151 130 151 130 152 124 152 106 152 130 153 106 153 128 153 128 154 106 154 147 154 148 155 5 155 6 155 6 156 114 156 113 156 149 157 148 157 150 157 150 158 148 158 6 158 150 159 6 159 151 159 151 160 6 160 113 160 152 161 55 161 57 161 55 162 152 162 153 162 153 163 152 163 154 163 153 164 154 164 155 164 57 165 50 165 152 165 152 166 50 166 156 166 152 167 156 167 157 167 66 168 158 168 67 168 67 169 158 169 155 169 67 170 155 170 159 170 159 171 155 171 154 171 149 172 150 172 160 172 160 173 150 173 161 173 160 174 161 174 157 174 157 175 161 175 162 175 157 176 162 176 152 176 163 177 164 177 165 177 165 178 164 178 166 178 158 179 167 179 155 179 155 180 167 180 166 180 155 181 166 181 168 181 168 182 166 182 164 182 169 183 170 183 171 183 4 184 5 184 148 184 172 185 173 185 174 185 171 186 170 186 174 186 174 187 170 187 175 187 174 188 175 188 172 188 173 189 176 189 174 189 174 190 176 190 0 190 174 191 0 191 148 191 148 192 0 192 2 192 148 193 2 193 4 193 169 194 171 194 177 194 177 195 171 195 178 195 177 196 178 196 179 196 180 197 181 197 182 197 183 198 184 198 185 198 184 199 183 199 179 199 186 200 187 200 188 200 188 201 187 201 189 201 189 202 187 202 190 202 190 203 187 203 191 203 190 204 191 204 192 204 188 205 183 205 186 205 186 206 183 206 185 206 186 207 185 207 187 207 187 208 185 208 182 208 182 209 181 209 187 209 187 210 181 210 193 210 187 211 193 211 191 211 194 212 180 212 195 212 195 213 180 213 182 213 195 214 182 214 196 214 196 215 182 215 185 215 196 216 185 216 197 216 197 217 185 217 184 217 197 218 184 218 178 218 178 219 184 219 179 219 198 220 194 220 199 220 199 221 194 221 195 221 199 222 195 222 200 222 200 223 195 223 196 223 200 224 196 224 201 224 201 225 196 225 197 225 201 226 197 226 171 226 171 227 197 227 178 227 98 228 134 228 202 228 131 229 129 229 203 229 131 230 203 230 132 230 134 231 133 231 202 231 202 232 133 232 132 232 202 233 132 233 204 233 204 234 132 234 203 234 203 235 205 235 204 235 204 236 205 236 206 236 204 237 206 237 202 237 202 238 206 238 207 238 202 239 207 239 98 239 98 240 207 240 208 240 98 241 208 241 99 241 205 242 209 242 206 242 206 243 209 243 210 243 206 244 210 244 207 244 207 245 210 245 211 245 207 246 211 246 208 246 208 247 211 247 212 247 208 248 212 248 99 248 99 249 212 249 213 249 209 250 214 250 210 250 210 251 214 251 215 251 210 252 215 252 216 252 217 253 213 253 218 253 218 254 213 254 212 254 218 255 212 255 219 255 219 256 212 256 211 256 219 257 211 257 220 257 220 258 211 258 210 258 220 259 210 259 221 259 221 260 210 260 216 260 113 261 112 261 151 261 151 262 112 262 122 262 122 263 121 263 151 263 151 264 121 264 120 264 151 265 120 265 222 265 120 266 105 266 222 266 222 267 105 267 104 267 222 268 104 268 123 268 123 269 102 269 222 269 222 270 102 270 101 270 222 271 101 271 217 271 101 272 127 272 217 272 217 273 127 273 126 273 217 274 126 274 213 274 213 275 126 275 125 275 213 276 125 276 99 276 171 277 174 277 223 277 171 278 223 278 201 278 201 279 223 279 224 279 201 280 224 280 200 280 200 281 224 281 225 281 200 282 225 282 199 282 199 283 225 283 226 283 199 284 226 284 198 284 224 285 223 285 227 285 223 286 174 286 228 286 223 287 228 287 227 287 227 288 228 288 229 288 227 289 229 289 230 289 230 290 229 290 231 290 230 291 231 291 232 291 232 292 231 292 233 292 232 293 233 293 234 293 226 294 225 294 235 294 235 295 225 295 224 295 224 296 227 296 235 296 235 297 227 297 230 297 235 298 230 298 236 298 236 299 230 299 232 299 236 300 232 300 237 300 237 301 232 301 234 301 237 302 234 302 238 302 226 303 235 303 239 303 239 304 235 304 236 304 239 305 236 305 240 305 240 306 236 306 237 306 240 307 237 307 241 307 241 308 237 308 238 308 241 309 238 309 242 309 233 310 243 310 244 310 233 311 244 311 234 311 234 312 244 312 245 312 234 313 245 313 238 313 238 314 245 314 246 314 238 315 246 315 242 315 243 316 247 316 244 316 244 317 247 317 248 317 244 318 248 318 245 318 245 319 248 319 249 319 245 320 249 320 246 320 246 321 249 321 250 321 247 322 49 322 248 322 248 323 49 323 251 323 248 324 251 324 249 324 249 325 251 325 252 325 249 326 252 326 250 326 250 327 252 327 253 327 20 328 254 328 21 328 21 329 254 329 255 329 21 330 255 330 23 330 23 331 255 331 256 331 23 332 256 332 25 332 25 333 256 333 257 333 254 334 258 334 255 334 255 335 258 335 259 335 255 336 259 336 256 336 256 337 259 337 260 337 256 338 260 338 257 338 257 339 260 339 261 339 258 340 262 340 263 340 258 341 263 341 259 341 259 342 263 342 264 342 259 343 264 343 260 343 260 344 264 344 265 344 260 345 265 345 261 345 265 346 264 346 266 346 264 347 263 347 267 347 263 348 262 348 268 348 263 349 268 349 267 349 267 350 268 350 269 350 267 351 269 351 270 351 270 352 269 352 271 352 270 353 271 353 272 353 272 354 271 354 222 354 272 355 222 355 273 355 264 356 267 356 266 356 266 357 267 357 270 357 266 358 270 358 274 358 274 359 270 359 272 359 274 360 272 360 275 360 275 361 272 361 273 361 275 362 273 362 276 362 265 363 266 363 277 363 277 364 266 364 274 364 277 365 274 365 278 365 278 366 274 366 275 366 278 367 275 367 279 367 279 368 275 368 276 368 279 369 276 369 280 369 222 370 217 370 273 370 273 371 217 371 218 371 273 372 218 372 276 372 276 373 218 373 219 373 216 374 280 374 221 374 221 375 280 375 276 375 221 376 276 376 220 376 220 377 276 377 219 377 262 378 161 378 268 378 268 379 161 379 150 379 268 380 150 380 269 380 269 381 150 381 271 381 271 382 150 382 151 382 271 383 151 383 222 383 161 384 262 384 162 384 162 385 262 385 258 385 20 386 154 386 254 386 254 387 154 387 152 387 254 388 152 388 258 388 258 389 152 389 162 389 281 390 282 390 283 390 283 391 40 391 281 391 281 392 40 392 42 392 281 393 42 393 44 393 284 394 285 394 53 394 53 395 285 395 286 395 44 396 46 396 281 396 281 397 46 397 48 397 281 398 48 398 286 398 286 399 48 399 54 399 286 400 54 400 53 400 53 401 52 401 284 401 284 402 52 402 51 402 284 403 51 403 59 403 55 404 153 404 56 404 56 405 153 405 287 405 56 406 287 406 58 406 287 407 288 407 58 407 58 408 288 408 289 408 58 409 289 409 59 409 59 410 289 410 290 410 59 411 290 411 284 411 243 412 157 412 247 412 247 413 157 413 156 413 247 414 156 414 49 414 49 415 156 415 50 415 243 416 233 416 157 416 157 417 233 417 160 417 174 418 148 418 228 418 228 419 148 419 149 419 228 420 149 420 229 420 229 421 149 421 231 421 231 422 149 422 160 422 231 423 160 423 233 423 17 424 291 424 18 424 18 425 291 425 292 425 18 426 292 426 19 426 292 427 293 427 19 427 19 428 293 428 294 428 19 429 294 429 16 429 16 430 294 430 295 430 16 431 295 431 14 431 14 432 295 432 296 432 14 433 296 433 13 433 297 434 298 434 299 434 292 435 291 435 293 435 293 436 291 436 300 436 293 437 300 437 294 437 294 438 300 438 295 438 295 439 300 439 301 439 295 440 301 440 296 440 302 441 303 441 304 441 298 442 302 442 299 442 299 443 302 443 304 443 299 444 304 444 305 444 305 445 304 445 306 445 305 446 306 446 307 446 307 447 306 447 308 447 307 448 308 448 309 448 309 449 308 449 310 449 309 450 310 450 301 450 301 451 310 451 311 451 301 452 311 452 296 452 312 453 313 453 314 453 314 454 313 454 315 454 314 455 315 455 316 455 312 456 317 456 313 456 313 457 317 457 318 457 313 458 318 458 299 458 299 459 318 459 319 459 299 460 319 460 297 460 320 461 321 461 322 461 321 462 323 462 322 462 322 463 323 463 324 463 322 464 324 464 315 464 315 465 324 465 325 465 315 466 325 466 316 466 326 467 327 467 328 467 328 468 327 468 329 468 329 469 330 469 328 469 328 470 330 470 331 470 328 471 331 471 322 471 322 472 331 472 332 472 322 473 332 473 320 473 138 474 110 474 333 474 333 475 110 475 108 475 333 476 108 476 334 476 333 477 335 477 138 477 138 478 335 478 336 478 138 479 336 479 137 479 336 480 337 480 137 480 137 481 337 481 338 481 137 482 338 482 135 482 135 483 338 483 339 483 135 484 339 484 136 484 136 485 339 485 340 485 341 486 342 486 343 486 304 487 303 487 343 487 343 488 303 488 344 488 343 489 344 489 341 489 345 490 342 490 346 490 346 491 342 491 347 491 346 492 347 492 348 492 349 493 343 493 350 493 350 494 343 494 342 494 350 495 342 495 351 495 351 496 342 496 345 496 347 497 352 497 348 497 348 498 352 498 353 498 348 499 353 499 354 499 355 500 356 500 357 500 357 501 356 501 348 501 357 502 348 502 358 502 358 503 348 503 354 503 358 504 354 504 359 504 360 505 361 505 362 505 362 506 361 506 92 506 362 507 92 507 89 507 363 508 364 508 365 508 360 509 340 509 361 509 361 510 340 510 363 510 361 511 363 511 366 511 366 512 363 512 365 512 73 513 362 513 74 513 74 514 362 514 89 514 74 515 89 515 80 515 80 516 89 516 85 516 367 517 368 517 369 517 369 518 368 518 370 518 369 519 370 519 371 519 362 520 73 520 372 520 372 521 73 521 72 521 72 522 373 522 372 522 372 523 373 523 374 523 372 524 374 524 367 524 367 525 374 525 375 525 367 526 375 526 368 526 372 527 376 527 362 527 362 528 376 528 377 528 362 529 377 529 360 529 378 530 379 530 380 530 381 531 327 531 326 531 382 532 383 532 384 532 384 533 383 533 385 533 384 534 385 534 386 534 386 535 385 535 387 535 387 536 385 536 388 536 387 537 388 537 389 537 382 538 381 538 383 538 383 539 381 539 326 539 383 540 326 540 380 540 380 541 326 541 390 541 380 542 390 542 378 542 315 543 313 543 299 543 305 544 307 544 309 544 305 545 378 545 299 545 299 546 378 546 390 546 291 547 378 547 300 547 300 548 378 548 305 548 300 549 305 549 301 549 301 550 305 550 309 550 322 551 315 551 328 551 328 552 315 552 299 552 328 553 299 553 326 553 326 554 299 554 390 554 391 555 392 555 369 555 393 556 394 556 395 556 395 557 394 557 391 557 395 558 391 558 371 558 371 559 391 559 369 559 396 560 349 560 350 560 397 561 350 561 398 561 398 562 350 562 351 562 84 563 399 563 86 563 86 564 399 564 400 564 86 565 400 565 87 565 87 566 400 566 401 566 87 567 401 567 78 567 84 568 83 568 399 568 399 569 83 569 88 569 399 570 88 570 402 570 402 571 88 571 90 571 402 572 90 572 397 572 397 573 90 573 91 573 397 574 91 574 350 574 350 575 91 575 93 575 350 576 93 576 396 576 403 577 404 577 405 577 79 578 78 578 406 578 406 579 78 579 401 579 406 580 401 580 400 580 407 581 77 581 82 581 408 582 76 582 77 582 76 583 408 583 75 583 75 584 408 584 373 584 75 585 373 585 72 585 409 586 371 586 370 586 410 587 404 587 411 587 411 588 404 588 403 588 411 589 403 589 399 589 82 590 81 590 407 590 407 591 81 591 79 591 407 592 79 592 405 592 405 593 79 593 406 593 405 594 406 594 403 594 403 595 406 595 400 595 403 596 400 596 399 596 409 597 370 597 412 597 412 598 370 598 368 598 412 599 368 599 413 599 413 600 368 600 375 600 413 601 375 601 408 601 408 602 375 602 374 602 408 603 374 603 373 603 77 604 407 604 408 604 408 605 407 605 405 605 408 606 405 606 413 606 413 607 405 607 404 607 413 608 404 608 412 608 412 609 404 609 410 609 412 610 410 610 409 610 323 611 321 611 414 611 332 612 415 612 320 612 331 613 330 613 416 613 329 614 327 614 381 614 331 615 416 615 332 615 417 616 418 616 419 616 386 617 387 617 420 617 420 618 387 618 389 618 420 619 389 619 421 619 417 620 419 620 422 620 422 621 419 621 423 621 422 622 423 622 414 622 414 623 423 623 324 623 414 624 324 624 323 624 320 625 415 625 321 625 321 626 415 626 424 626 321 627 424 627 414 627 414 628 424 628 425 628 414 629 425 629 422 629 422 630 425 630 426 630 422 631 426 631 417 631 332 632 416 632 415 632 415 633 416 633 427 633 415 634 427 634 424 634 424 635 427 635 420 635 424 636 420 636 425 636 425 637 420 637 421 637 425 638 421 638 426 638 386 639 420 639 384 639 384 640 420 640 427 640 384 641 427 641 382 641 382 642 427 642 416 642 382 643 416 643 381 643 381 644 416 644 330 644 381 645 330 645 329 645 317 646 312 646 418 646 418 647 312 647 314 647 418 648 314 648 419 648 419 649 314 649 316 649 419 650 316 650 423 650 423 651 316 651 325 651 423 652 325 652 324 652 344 653 303 653 302 653 302 654 298 654 344 654 344 655 298 655 428 655 344 656 428 656 341 656 341 657 428 657 429 657 298 658 297 658 428 658 428 659 297 659 319 659 428 660 319 660 318 660 317 661 418 661 318 661 318 662 418 662 430 662 318 663 430 663 428 663 341 664 429 664 342 664 342 665 429 665 431 665 342 666 431 666 347 666 347 667 431 667 432 667 432 668 433 668 347 668 347 669 433 669 352 669 434 670 348 670 435 670 435 671 348 671 356 671 435 672 356 672 436 672 436 673 356 673 437 673 437 674 356 674 355 674 437 675 355 675 438 675 438 676 355 676 439 676 439 677 355 677 357 677 439 678 357 678 440 678 440 679 357 679 441 679 441 680 357 680 358 680 441 681 358 681 442 681 442 682 358 682 443 682 443 683 358 683 359 683 443 684 359 684 444 684 444 685 359 685 445 685 445 686 359 686 354 686 445 687 354 687 446 687 446 688 354 688 447 688 447 689 354 689 353 689 447 690 353 690 448 690 448 691 353 691 449 691 449 692 353 692 352 692 449 693 352 693 433 693 434 694 450 694 348 694 348 695 450 695 346 695 346 696 450 696 345 696 345 697 450 697 451 697 345 698 451 698 351 698 351 699 451 699 398 699 393 700 395 700 452 700 453 701 454 701 455 701 455 702 454 702 456 702 457 703 458 703 459 703 459 704 458 704 460 704 459 705 460 705 456 705 456 706 460 706 461 706 456 707 461 707 455 707 397 708 398 708 457 708 457 709 398 709 462 709 457 710 462 710 458 710 454 711 393 711 456 711 456 712 393 712 452 712 456 713 452 713 459 713 459 714 452 714 463 714 459 715 463 715 457 715 457 716 463 716 464 716 457 717 464 717 397 717 397 718 464 718 402 718 395 719 371 719 452 719 452 720 371 720 409 720 452 721 409 721 463 721 463 722 409 722 410 722 463 723 410 723 464 723 464 724 410 724 411 724 464 725 411 725 402 725 402 726 411 726 399 726 465 727 466 727 467 727 467 728 453 728 455 728 455 729 468 729 467 729 467 730 468 730 469 730 467 731 469 731 465 731 455 732 461 732 468 732 468 733 461 733 460 733 468 734 460 734 470 734 470 735 451 735 450 735 450 736 471 736 470 736 470 737 471 737 472 737 470 738 472 738 468 738 468 739 472 739 473 739 468 740 473 740 469 740 398 741 451 741 462 741 462 742 451 742 470 742 462 743 470 743 458 743 458 744 470 744 460 744 434 745 474 745 450 745 450 746 474 746 471 746 471 747 474 747 472 747 472 748 474 748 475 748 472 749 475 749 473 749 473 750 475 750 476 750 473 751 476 751 469 751 469 752 476 752 477 752 469 753 477 753 465 753 477 754 478 754 465 754 465 755 478 755 479 755 465 756 479 756 466 756 474 757 434 757 435 757 476 758 475 758 480 758 480 759 475 759 474 759 474 760 435 760 480 760 480 761 435 761 436 761 480 762 436 762 481 762 481 763 436 763 437 763 481 764 437 764 482 764 482 765 437 765 438 765 482 766 438 766 483 766 483 767 438 767 439 767 483 768 439 768 484 768 484 769 439 769 440 769 484 770 440 770 485 770 485 771 440 771 441 771 485 772 441 772 486 772 486 773 441 773 442 773 486 774 442 774 487 774 487 775 442 775 443 775 487 776 443 776 488 776 488 777 443 777 444 777 488 778 444 778 489 778 489 779 444 779 445 779 489 780 445 780 490 780 490 781 445 781 446 781 490 782 446 782 491 782 491 783 446 783 447 783 491 784 447 784 492 784 492 785 447 785 448 785 492 786 448 786 493 786 493 787 448 787 449 787 493 788 449 788 494 788 494 789 449 789 433 789 494 790 433 790 495 790 478 791 477 791 496 791 496 792 477 792 476 792 476 793 480 793 496 793 496 794 480 794 481 794 496 795 481 795 497 795 497 796 481 796 482 796 497 797 482 797 498 797 498 798 482 798 483 798 498 799 483 799 499 799 499 800 483 800 484 800 499 801 484 801 500 801 500 802 484 802 485 802 500 803 485 803 501 803 501 804 485 804 486 804 501 805 486 805 502 805 502 806 486 806 487 806 502 807 487 807 503 807 503 808 487 808 488 808 503 809 488 809 504 809 504 810 488 810 489 810 504 811 489 811 505 811 505 812 489 812 490 812 505 813 490 813 506 813 506 814 490 814 491 814 506 815 491 815 507 815 507 816 491 816 492 816 507 817 492 817 508 817 508 818 492 818 493 818 508 819 493 819 509 819 509 820 493 820 494 820 509 821 494 821 510 821 510 822 494 822 495 822 510 823 495 823 511 823 512 824 479 824 478 824 478 825 496 825 512 825 512 826 496 826 497 826 512 827 497 827 513 827 513 828 497 828 498 828 513 829 498 829 514 829 514 830 498 830 499 830 514 831 499 831 515 831 515 832 499 832 500 832 515 833 500 833 516 833 516 834 500 834 501 834 516 835 501 835 517 835 517 836 501 836 502 836 517 837 502 837 518 837 518 838 502 838 503 838 518 839 503 839 519 839 519 840 503 840 504 840 519 841 504 841 520 841 520 842 504 842 505 842 520 843 505 843 521 843 521 844 505 844 506 844 521 845 506 845 522 845 522 846 506 846 507 846 522 847 507 847 523 847 523 848 507 848 508 848 523 849 508 849 524 849 524 850 508 850 509 850 524 851 509 851 525 851 525 852 509 852 510 852 525 853 510 853 526 853 526 854 510 854 511 854 526 855 511 855 527 855 433 856 432 856 528 856 433 857 528 857 495 857 495 858 528 858 529 858 495 859 529 859 511 859 511 860 529 860 530 860 511 861 530 861 527 861 531 862 532 862 533 862 533 863 532 863 534 863 533 864 534 864 535 864 536 865 431 865 429 865 429 866 537 866 536 866 536 867 537 867 538 867 536 868 538 868 531 868 531 869 538 869 539 869 531 870 539 870 532 870 533 871 530 871 531 871 531 872 530 872 529 872 531 873 529 873 536 873 536 874 529 874 528 874 536 875 528 875 431 875 431 876 528 876 432 876 540 877 541 877 542 877 542 878 541 878 543 878 542 879 543 879 535 879 421 880 544 880 426 880 426 881 544 881 545 881 426 882 545 882 417 882 417 883 545 883 546 883 417 884 546 884 418 884 547 885 546 885 548 885 548 886 546 886 545 886 548 887 545 887 542 887 542 888 545 888 544 888 542 889 544 889 540 889 540 890 544 890 421 890 540 891 421 891 389 891 535 892 534 892 542 892 542 893 534 893 532 893 542 894 532 894 548 894 548 895 532 895 539 895 548 896 539 896 547 896 547 897 539 897 538 897 547 898 538 898 537 898 418 899 546 899 430 899 430 900 546 900 547 900 430 901 547 901 428 901 428 902 547 902 537 902 428 903 537 903 429 903 306 904 304 904 343 904 6 905 310 905 114 905 114 906 310 906 308 906 114 907 308 907 117 907 117 908 308 908 306 908 117 909 306 909 115 909 115 910 306 910 343 910 115 911 343 911 549 911 6 912 7 912 310 912 310 913 7 913 9 913 310 914 9 914 311 914 311 915 9 915 11 915 311 916 11 916 296 916 296 917 11 917 13 917 549 918 550 918 115 918 115 919 550 919 551 919 115 920 551 920 107 920 107 921 551 921 552 921 107 922 552 922 108 922 108 923 552 923 334 923 553 924 554 924 388 924 388 925 554 925 389 925 389 926 554 926 540 926 540 927 554 927 555 927 540 928 555 928 541 928 556 929 557 929 558 929 556 930 558 930 559 930 559 931 558 931 560 931 559 932 560 932 561 932 560 933 562 933 561 933 561 934 562 934 563 934 561 935 563 935 564 935 564 936 563 936 565 936 557 937 566 937 558 937 558 938 566 938 567 938 558 939 567 939 568 939 568 940 567 940 569 940 568 941 569 941 570 941 570 942 569 942 571 942 570 943 571 943 572 943 572 944 571 944 573 944 572 945 573 945 574 945 559 946 575 946 576 946 559 947 576 947 556 947 556 948 576 948 577 948 556 949 577 949 557 949 577 950 578 950 557 950 557 951 578 951 579 951 557 952 579 952 566 952 566 953 579 953 580 953 566 954 580 954 567 954 567 955 580 955 581 955 567 956 581 956 569 956 582 957 583 957 581 957 581 958 583 958 584 958 581 959 584 959 585 959 586 960 587 960 583 960 583 961 587 961 584 961 584 962 587 962 588 962 584 963 588 963 585 963 589 964 590 964 591 964 591 965 590 965 592 965 591 966 592 966 593 966 593 967 592 967 586 967 593 968 586 968 594 968 594 969 586 969 583 969 595 970 596 970 597 970 597 971 596 971 598 971 596 972 599 972 598 972 598 973 599 973 600 973 598 974 600 974 601 974 601 975 600 975 602 975 601 976 602 976 603 976 604 977 605 977 606 977 606 978 607 978 604 978 604 979 607 979 608 979 604 980 608 980 597 980 597 981 608 981 609 981 597 982 609 982 595 982 599 983 610 983 600 983 600 984 610 984 611 984 600 985 611 985 602 985 602 986 611 986 603 986 612 987 613 987 611 987 612 988 611 988 614 988 611 989 615 989 614 989 614 990 615 990 616 990 614 991 616 991 617 991 616 992 618 992 617 992 617 993 618 993 619 993 617 994 619 994 620 994 619 995 621 995 620 995 620 996 621 996 622 996 620 997 622 997 623 997 614 998 617 998 612 998 612 999 617 999 624 999 612 1000 624 1000 613 1000 613 1001 624 1001 625 1001 613 1002 625 1002 626 1002 626 1003 625 1003 627 1003 625 1004 628 1004 627 1004 627 1005 628 1005 629 1005 627 1006 629 1006 630 1006 630 1007 629 1007 631 1007 617 1008 620 1008 624 1008 624 1009 620 1009 623 1009 624 1010 623 1010 632 1010 632 1011 623 1011 633 1011 632 1012 633 1012 634 1012 634 1013 633 1013 635 1013 634 1014 635 1014 636 1014 636 1015 635 1015 637 1015 636 1016 637 1016 638 1016 639 1017 640 1017 641 1017 642 1018 643 1018 644 1018 645 1019 646 1019 647 1019 648 1020 649 1020 650 1020 651 1021 652 1021 653 1021 653 1022 654 1022 655 1022 654 1023 656 1023 657 1023 658 1024 659 1024 660 1024 658 1025 660 1025 661 1025 654 1026 657 1026 655 1026 655 1027 657 1027 662 1027 655 1028 662 1028 663 1028 663 1029 662 1029 664 1029 663 1030 664 1030 665 1030 665 1031 664 1031 666 1031 665 1032 666 1032 667 1032 667 1033 666 1033 668 1033 667 1034 668 1034 669 1034 669 1035 668 1035 670 1035 669 1036 670 1036 671 1036 653 1037 655 1037 672 1037 672 1038 655 1038 663 1038 672 1039 663 1039 673 1039 673 1040 663 1040 665 1040 673 1041 665 1041 674 1041 674 1042 665 1042 667 1042 674 1043 667 1043 675 1043 675 1044 667 1044 669 1044 675 1045 669 1045 676 1045 676 1046 669 1046 671 1046 676 1047 671 1047 677 1047 678 1048 679 1048 680 1048 680 1049 679 1049 681 1049 680 1050 681 1050 682 1050 682 1051 681 1051 683 1051 682 1052 683 1052 684 1052 684 1053 683 1053 644 1053 685 1054 686 1054 687 1054 687 1055 686 1055 688 1055 687 1056 688 1056 689 1056 689 1057 688 1057 690 1057 689 1058 690 1058 691 1058 691 1059 690 1059 641 1059 592 1060 656 1060 586 1060 586 1061 656 1061 654 1061 586 1062 654 1062 587 1062 587 1063 654 1063 653 1063 587 1064 653 1064 588 1064 588 1065 653 1065 652 1065 651 1066 653 1066 692 1066 692 1067 653 1067 672 1067 692 1068 672 1068 693 1068 693 1069 672 1069 673 1069 693 1070 673 1070 694 1070 694 1071 673 1071 674 1071 694 1072 674 1072 695 1072 696 1073 697 1073 677 1073 677 1074 697 1074 698 1074 677 1075 698 1075 676 1075 676 1076 698 1076 699 1076 676 1077 699 1077 675 1077 675 1078 699 1078 700 1078 675 1079 700 1079 674 1079 674 1080 700 1080 701 1080 674 1081 701 1081 695 1081 649 1082 696 1082 650 1082 650 1083 696 1083 677 1083 650 1084 677 1084 702 1084 702 1085 677 1085 671 1085 702 1086 671 1086 703 1086 703 1087 671 1087 670 1087 646 1088 648 1088 647 1088 647 1089 648 1089 650 1089 647 1090 650 1090 704 1090 704 1091 650 1091 702 1091 704 1092 702 1092 660 1092 660 1093 702 1093 703 1093 660 1094 703 1094 661 1094 661 1095 703 1095 670 1095 661 1096 670 1096 705 1096 705 1097 670 1097 668 1097 705 1098 668 1098 706 1098 706 1099 668 1099 666 1099 706 1100 666 1100 707 1100 707 1101 666 1101 664 1101 707 1102 664 1102 708 1102 708 1103 664 1103 662 1103 708 1104 662 1104 709 1104 709 1105 662 1105 657 1105 709 1106 657 1106 710 1106 710 1107 657 1107 656 1107 710 1108 656 1108 711 1108 711 1109 656 1109 592 1109 711 1110 592 1110 590 1110 712 1111 645 1111 713 1111 713 1112 645 1112 647 1112 713 1113 647 1113 714 1113 714 1114 647 1114 704 1114 714 1115 704 1115 715 1115 715 1116 704 1116 660 1116 715 1117 660 1117 716 1117 716 1118 660 1118 659 1118 716 1119 678 1119 715 1119 715 1120 678 1120 680 1120 715 1121 680 1121 714 1121 714 1122 680 1122 682 1122 714 1123 682 1123 713 1123 713 1124 682 1124 684 1124 713 1125 684 1125 712 1125 712 1126 684 1126 717 1126 644 1127 643 1127 684 1127 684 1128 643 1128 718 1128 684 1129 718 1129 717 1129 719 1130 642 1130 720 1130 720 1131 642 1131 644 1131 720 1132 644 1132 721 1132 721 1133 644 1133 683 1133 721 1134 683 1134 722 1134 722 1135 683 1135 681 1135 722 1136 681 1136 723 1136 723 1137 681 1137 679 1137 723 1138 685 1138 722 1138 722 1139 685 1139 687 1139 722 1140 687 1140 721 1140 721 1141 687 1141 689 1141 721 1142 689 1142 720 1142 720 1143 689 1143 691 1143 720 1144 691 1144 719 1144 719 1145 691 1145 724 1145 641 1146 640 1146 691 1146 691 1147 640 1147 725 1147 691 1148 725 1148 724 1148 726 1149 639 1149 727 1149 727 1150 639 1150 641 1150 727 1151 641 1151 728 1151 728 1152 641 1152 690 1152 728 1153 690 1153 729 1153 729 1154 690 1154 688 1154 729 1155 688 1155 730 1155 730 1156 688 1156 686 1156 730 1157 605 1157 729 1157 729 1158 605 1158 604 1158 729 1159 604 1159 728 1159 728 1160 604 1160 597 1160 728 1161 597 1161 727 1161 727 1162 597 1162 598 1162 727 1163 598 1163 726 1163 726 1164 598 1164 601 1164 731 1165 622 1165 621 1165 731 1166 621 1166 732 1166 732 1167 621 1167 619 1167 732 1168 619 1168 733 1168 733 1169 619 1169 618 1169 733 1170 618 1170 734 1170 611 1171 610 1171 615 1171 615 1172 610 1172 734 1172 615 1173 734 1173 616 1173 616 1174 734 1174 618 1174 735 1175 736 1175 731 1175 737 1176 736 1176 738 1176 738 1177 736 1177 735 1177 738 1178 735 1178 739 1178 739 1179 735 1179 740 1179 741 1180 742 1180 740 1180 740 1181 742 1181 743 1181 740 1182 743 1182 739 1182 744 1183 745 1183 741 1183 741 1184 745 1184 746 1184 741 1185 746 1185 742 1185 731 1186 732 1186 735 1186 735 1187 732 1187 733 1187 735 1188 733 1188 740 1188 740 1189 733 1189 734 1189 740 1190 734 1190 741 1190 741 1191 734 1191 610 1191 741 1192 610 1192 744 1192 747 1193 748 1193 749 1193 748 1194 750 1194 751 1194 752 1195 737 1195 738 1195 738 1196 753 1196 752 1196 752 1197 753 1197 754 1197 752 1198 754 1198 755 1198 755 1199 754 1199 751 1199 755 1200 751 1200 756 1200 756 1201 751 1201 750 1201 756 1202 750 1202 757 1202 748 1203 751 1203 749 1203 749 1204 751 1204 754 1204 749 1205 754 1205 758 1205 758 1206 754 1206 753 1206 758 1207 753 1207 759 1207 738 1208 739 1208 753 1208 753 1209 739 1209 743 1209 753 1210 743 1210 759 1210 759 1211 743 1211 742 1211 759 1212 742 1212 746 1212 747 1213 749 1213 760 1213 760 1214 749 1214 758 1214 760 1215 758 1215 761 1215 761 1216 758 1216 759 1216 761 1217 759 1217 762 1217 762 1218 759 1218 746 1218 762 1219 746 1219 745 1219 747 1220 763 1220 764 1220 747 1221 764 1221 748 1221 748 1222 764 1222 765 1222 748 1223 765 1223 750 1223 750 1224 765 1224 766 1224 750 1225 766 1225 757 1225 767 1226 768 1226 769 1226 770 1227 771 1227 772 1227 772 1228 771 1228 767 1228 767 1229 769 1229 772 1229 772 1230 769 1230 773 1230 772 1231 773 1231 774 1231 774 1232 773 1232 775 1232 774 1233 775 1233 776 1233 776 1234 775 1234 766 1234 776 1235 766 1235 765 1235 777 1236 778 1236 779 1236 779 1237 778 1237 770 1237 770 1238 772 1238 779 1238 779 1239 772 1239 774 1239 779 1240 774 1240 780 1240 780 1241 774 1241 776 1241 780 1242 776 1242 781 1242 781 1243 776 1243 765 1243 781 1244 765 1244 764 1244 782 1245 783 1245 777 1245 777 1246 779 1246 782 1246 782 1247 779 1247 780 1247 782 1248 780 1248 784 1248 784 1249 780 1249 781 1249 784 1250 781 1250 785 1250 785 1251 781 1251 764 1251 785 1252 764 1252 763 1252 786 1253 787 1253 768 1253 788 1254 789 1254 787 1254 768 1255 767 1255 786 1255 786 1256 767 1256 771 1256 786 1257 771 1257 790 1257 787 1258 786 1258 788 1258 788 1259 786 1259 790 1259 788 1260 790 1260 791 1260 791 1261 790 1261 792 1261 791 1262 792 1262 793 1262 793 1263 792 1263 794 1263 793 1264 794 1264 582 1264 771 1265 770 1265 790 1265 790 1266 770 1266 778 1266 790 1267 778 1267 792 1267 792 1268 778 1268 777 1268 792 1269 777 1269 794 1269 794 1270 777 1270 783 1270 575 1271 789 1271 576 1271 576 1272 789 1272 788 1272 576 1273 788 1273 577 1273 577 1274 788 1274 578 1274 578 1275 788 1275 791 1275 578 1276 791 1276 579 1276 579 1277 791 1277 793 1277 579 1278 793 1278 580 1278 580 1279 793 1279 582 1279 580 1280 582 1280 581 1280 594 1281 583 1281 582 1281 794 1282 783 1282 795 1282 795 1283 589 1283 794 1283 794 1284 589 1284 591 1284 794 1285 591 1285 582 1285 582 1286 591 1286 593 1286 582 1287 593 1287 594 1287 590 1288 589 1288 795 1288 796 1289 797 1289 605 1289 605 1290 797 1290 798 1290 605 1291 798 1291 606 1291 795 1292 799 1292 590 1292 590 1293 799 1293 800 1293 590 1294 800 1294 711 1294 716 1295 659 1295 800 1295 708 1296 709 1296 800 1296 800 1297 709 1297 710 1297 800 1298 710 1298 711 1298 605 1299 730 1299 796 1299 796 1300 730 1300 686 1300 796 1301 686 1301 800 1301 800 1302 686 1302 685 1302 800 1303 685 1303 723 1303 659 1304 658 1304 800 1304 800 1305 658 1305 661 1305 800 1306 661 1306 705 1306 723 1307 679 1307 800 1307 800 1308 679 1308 678 1308 800 1309 678 1309 716 1309 705 1310 706 1310 800 1310 800 1311 706 1311 707 1311 800 1312 707 1312 708 1312 610 1313 599 1313 596 1313 608 1314 744 1314 609 1314 609 1315 744 1315 610 1315 609 1316 610 1316 595 1316 595 1317 610 1317 596 1317 798 1318 745 1318 606 1318 606 1319 745 1319 744 1319 606 1320 744 1320 607 1320 607 1321 744 1321 608 1321 796 1322 747 1322 760 1322 796 1323 760 1323 797 1323 745 1324 798 1324 762 1324 762 1325 798 1325 797 1325 762 1326 797 1326 761 1326 761 1327 797 1327 760 1327 800 1328 763 1328 796 1328 796 1329 763 1329 747 1329 795 1330 783 1330 782 1330 795 1331 782 1331 799 1331 763 1332 800 1332 785 1332 785 1333 800 1333 799 1333 785 1334 799 1334 784 1334 784 1335 799 1335 782 1335 801 1336 802 1336 803 1336 803 1337 802 1337 804 1337 803 1338 804 1338 805 1338 805 1339 804 1339 806 1339 806 1340 804 1340 807 1340 806 1341 807 1341 808 1341 808 1342 807 1342 809 1342 809 1343 807 1343 810 1343 809 1344 810 1344 811 1344 811 1345 810 1345 812 1345 812 1346 810 1346 813 1346 812 1347 813 1347 814 1347 815 1348 802 1348 816 1348 816 1349 802 1349 801 1349 817 1350 818 1350 819 1350 819 1351 818 1351 820 1351 819 1352 820 1352 816 1352 821 1353 822 1353 823 1353 823 1354 822 1354 824 1354 823 1355 824 1355 825 1355 826 1356 827 1356 828 1356 828 1357 827 1357 829 1357 828 1358 829 1358 830 1358 821 1359 831 1359 822 1359 822 1360 831 1360 832 1360 822 1361 832 1361 801 1361 801 1362 832 1362 833 1362 801 1363 833 1363 816 1363 816 1364 833 1364 834 1364 816 1365 834 1365 819 1365 825 1366 835 1366 823 1366 823 1367 835 1367 836 1367 823 1368 836 1368 828 1368 828 1369 836 1369 837 1369 828 1370 837 1370 826 1370 838 1371 839 1371 840 1371 840 1372 839 1372 841 1372 840 1373 841 1373 842 1373 842 1374 841 1374 843 1374 843 1375 841 1375 844 1375 843 1376 844 1376 845 1376 845 1377 844 1377 846 1377 846 1378 844 1378 847 1378 846 1379 847 1379 848 1379 848 1380 847 1380 849 1380 849 1381 847 1381 815 1381 849 1382 815 1382 816 1382 850 1383 588 1383 851 1383 851 1384 588 1384 652 1384 851 1385 652 1385 852 1385 852 1386 652 1386 651 1386 852 1387 651 1387 853 1387 853 1388 651 1388 692 1388 853 1389 692 1389 854 1389 854 1390 692 1390 693 1390 854 1391 693 1391 855 1391 855 1392 693 1392 694 1392 855 1393 694 1393 856 1393 856 1394 694 1394 695 1394 856 1395 695 1395 857 1395 857 1396 695 1396 701 1396 857 1397 701 1397 858 1397 858 1398 701 1398 700 1398 858 1399 700 1399 859 1399 859 1400 700 1400 699 1400 859 1401 699 1401 860 1401 860 1402 699 1402 698 1402 860 1403 698 1403 861 1403 861 1404 698 1404 697 1404 861 1405 697 1405 862 1405 862 1406 697 1406 696 1406 862 1407 696 1407 863 1407 863 1408 696 1408 649 1408 863 1409 649 1409 864 1409 864 1410 649 1410 648 1410 864 1411 648 1411 865 1411 865 1412 648 1412 646 1412 865 1413 646 1413 866 1413 866 1414 646 1414 645 1414 866 1415 645 1415 867 1415 867 1416 645 1416 712 1416 867 1417 712 1417 868 1417 868 1418 712 1418 717 1418 868 1419 717 1419 869 1419 869 1420 717 1420 718 1420 869 1421 718 1421 870 1421 870 1422 718 1422 643 1422 870 1423 643 1423 871 1423 871 1424 643 1424 642 1424 871 1425 642 1425 872 1425 872 1426 642 1426 719 1426 872 1427 719 1427 873 1427 873 1428 719 1428 724 1428 873 1429 724 1429 874 1429 874 1430 724 1430 725 1430 874 1431 725 1431 875 1431 875 1432 725 1432 640 1432 875 1433 640 1433 876 1433 876 1434 640 1434 639 1434 876 1435 639 1435 877 1435 877 1436 639 1436 726 1436 877 1437 726 1437 878 1437 878 1438 726 1438 601 1438 879 1439 880 1439 850 1439 850 1440 881 1440 879 1440 879 1441 881 1441 882 1441 879 1442 882 1442 883 1442 884 1443 885 1443 886 1443 886 1444 887 1444 884 1444 884 1445 887 1445 888 1445 884 1446 888 1446 882 1446 882 1447 888 1447 889 1447 882 1448 889 1448 883 1448 890 1449 880 1449 891 1449 891 1450 880 1450 879 1450 892 1451 893 1451 890 1451 892 1452 890 1452 894 1452 890 1453 895 1453 894 1453 894 1454 895 1454 896 1454 894 1455 896 1455 897 1455 897 1456 896 1456 898 1456 897 1457 898 1457 899 1457 899 1458 898 1458 836 1458 899 1459 836 1459 835 1459 894 1460 897 1460 892 1460 892 1461 897 1461 808 1461 892 1462 808 1462 893 1462 893 1463 808 1463 900 1463 814 1464 901 1464 812 1464 812 1465 901 1465 902 1465 812 1466 902 1466 811 1466 811 1467 902 1467 900 1467 811 1468 900 1468 809 1468 809 1469 900 1469 808 1469 806 1470 824 1470 805 1470 805 1471 824 1471 822 1471 805 1472 822 1472 803 1472 803 1473 822 1473 801 1473 897 1474 899 1474 808 1474 808 1475 899 1475 835 1475 808 1476 835 1476 806 1476 806 1477 835 1477 825 1477 806 1478 825 1478 824 1478 903 1479 904 1479 845 1479 903 1480 845 1480 817 1480 816 1481 820 1481 849 1481 849 1482 820 1482 818 1482 849 1483 818 1483 848 1483 848 1484 818 1484 817 1484 848 1485 817 1485 846 1485 846 1486 817 1486 845 1486 843 1487 905 1487 842 1487 842 1488 905 1488 906 1488 842 1489 906 1489 840 1489 840 1490 906 1490 838 1490 904 1491 907 1491 845 1491 845 1492 907 1492 908 1492 845 1493 908 1493 843 1493 843 1494 908 1494 909 1494 843 1495 909 1495 905 1495 817 1496 819 1496 910 1496 817 1497 910 1497 903 1497 903 1498 910 1498 911 1498 903 1499 911 1499 904 1499 904 1500 911 1500 912 1500 904 1501 912 1501 907 1501 907 1502 912 1502 908 1502 908 1503 912 1503 913 1503 908 1504 913 1504 909 1504 914 1505 915 1505 913 1505 913 1506 915 1506 916 1506 917 1507 918 1507 919 1507 919 1508 920 1508 917 1508 917 1509 920 1509 921 1509 917 1510 921 1510 922 1510 922 1511 921 1511 923 1511 923 1512 921 1512 924 1512 923 1513 924 1513 915 1513 915 1514 924 1514 878 1514 915 1515 878 1515 916 1515 885 1516 884 1516 925 1516 884 1517 882 1517 926 1517 882 1518 881 1518 927 1518 854 1519 928 1519 853 1519 853 1520 928 1520 929 1520 853 1521 929 1521 852 1521 852 1522 929 1522 927 1522 852 1523 927 1523 851 1523 851 1524 927 1524 881 1524 851 1525 881 1525 850 1525 854 1526 855 1526 928 1526 928 1527 855 1527 856 1527 928 1528 856 1528 930 1528 930 1529 856 1529 857 1529 930 1530 857 1530 931 1530 931 1531 857 1531 858 1531 931 1532 858 1532 932 1532 932 1533 858 1533 859 1533 859 1534 860 1534 932 1534 932 1535 860 1535 861 1535 932 1536 861 1536 933 1536 933 1537 861 1537 862 1537 933 1538 862 1538 934 1538 934 1539 862 1539 863 1539 934 1540 863 1540 935 1540 935 1541 863 1541 864 1541 864 1542 865 1542 935 1542 935 1543 865 1543 866 1543 935 1544 866 1544 936 1544 866 1545 867 1545 936 1545 936 1546 867 1546 868 1546 936 1547 868 1547 937 1547 937 1548 868 1548 869 1548 937 1549 869 1549 938 1549 938 1550 869 1550 870 1550 938 1551 870 1551 939 1551 939 1552 870 1552 871 1552 871 1553 872 1553 939 1553 939 1554 872 1554 873 1554 939 1555 873 1555 940 1555 940 1556 873 1556 874 1556 940 1557 874 1557 941 1557 941 1558 874 1558 875 1558 941 1559 875 1559 942 1559 942 1560 875 1560 876 1560 876 1561 877 1561 942 1561 942 1562 877 1562 878 1562 942 1563 878 1563 924 1563 882 1564 927 1564 926 1564 926 1565 927 1565 929 1565 926 1566 929 1566 943 1566 943 1567 929 1567 928 1567 943 1568 928 1568 944 1568 944 1569 928 1569 930 1569 944 1570 930 1570 945 1570 945 1571 930 1571 931 1571 945 1572 931 1572 946 1572 946 1573 931 1573 932 1573 946 1574 932 1574 947 1574 947 1575 932 1575 933 1575 947 1576 933 1576 948 1576 948 1577 933 1577 934 1577 948 1578 934 1578 949 1578 949 1579 934 1579 935 1579 949 1580 935 1580 950 1580 950 1581 935 1581 936 1581 950 1582 936 1582 951 1582 951 1583 936 1583 937 1583 951 1584 937 1584 952 1584 952 1585 937 1585 938 1585 952 1586 938 1586 953 1586 953 1587 938 1587 939 1587 953 1588 939 1588 954 1588 954 1589 939 1589 940 1589 954 1590 940 1590 955 1590 955 1591 940 1591 941 1591 955 1592 941 1592 956 1592 956 1593 941 1593 942 1593 956 1594 942 1594 957 1594 957 1595 942 1595 924 1595 957 1596 924 1596 921 1596 884 1597 926 1597 925 1597 925 1598 926 1598 943 1598 925 1599 943 1599 958 1599 958 1600 943 1600 944 1600 958 1601 944 1601 959 1601 959 1602 944 1602 945 1602 959 1603 945 1603 960 1603 960 1604 945 1604 946 1604 960 1605 946 1605 961 1605 961 1606 946 1606 947 1606 961 1607 947 1607 962 1607 962 1608 947 1608 948 1608 962 1609 948 1609 963 1609 963 1610 948 1610 949 1610 963 1611 949 1611 964 1611 964 1612 949 1612 950 1612 964 1613 950 1613 965 1613 965 1614 950 1614 951 1614 965 1615 951 1615 966 1615 966 1616 951 1616 952 1616 966 1617 952 1617 967 1617 967 1618 952 1618 953 1618 967 1619 953 1619 968 1619 968 1620 953 1620 954 1620 968 1621 954 1621 969 1621 969 1622 954 1622 955 1622 969 1623 955 1623 970 1623 970 1624 955 1624 956 1624 970 1625 956 1625 971 1625 971 1626 956 1626 957 1626 971 1627 957 1627 972 1627 972 1628 957 1628 921 1628 972 1629 921 1629 920 1629 885 1630 925 1630 973 1630 973 1631 925 1631 958 1631 973 1632 958 1632 974 1632 974 1633 958 1633 959 1633 974 1634 959 1634 975 1634 975 1635 959 1635 960 1635 975 1636 960 1636 976 1636 976 1637 960 1637 961 1637 976 1638 961 1638 977 1638 977 1639 961 1639 962 1639 977 1640 962 1640 978 1640 978 1641 962 1641 963 1641 978 1642 963 1642 979 1642 979 1643 963 1643 964 1643 979 1644 964 1644 980 1644 980 1645 964 1645 965 1645 980 1646 965 1646 981 1646 981 1647 965 1647 966 1647 981 1648 966 1648 982 1648 982 1649 966 1649 967 1649 982 1650 967 1650 983 1650 983 1651 967 1651 968 1651 983 1652 968 1652 984 1652 984 1653 968 1653 969 1653 984 1654 969 1654 985 1654 985 1655 969 1655 970 1655 985 1656 970 1656 986 1656 986 1657 970 1657 971 1657 986 1658 971 1658 987 1658 987 1659 971 1659 972 1659 987 1660 972 1660 988 1660 988 1661 972 1661 920 1661 988 1662 920 1662 919 1662 989 1663 990 1663 991 1663 992 1664 832 1664 831 1664 993 1665 994 1665 995 1665 995 1666 994 1666 996 1666 995 1667 996 1667 997 1667 997 1668 996 1668 998 1668 999 1669 914 1669 998 1669 998 1670 914 1670 1000 1670 998 1671 1000 1671 997 1671 994 1672 1001 1672 996 1672 996 1673 1001 1673 1002 1673 996 1674 1002 1674 998 1674 998 1675 1002 1675 991 1675 998 1676 991 1676 999 1676 999 1677 991 1677 990 1677 1003 1678 989 1678 1004 1678 1004 1679 989 1679 991 1679 1004 1680 991 1680 1005 1680 1005 1681 991 1681 1002 1681 1005 1682 1002 1682 992 1682 992 1683 1002 1683 1001 1683 992 1684 1001 1684 832 1684 832 1685 1001 1685 994 1685 832 1686 994 1686 833 1686 833 1687 994 1687 993 1687 833 1688 993 1688 834 1688 831 1689 1006 1689 992 1689 992 1690 1006 1690 1007 1690 992 1691 1007 1691 1005 1691 1005 1692 1007 1692 1008 1692 1005 1693 1008 1693 1004 1693 1004 1694 1008 1694 1009 1694 1004 1695 1009 1695 1003 1695 914 1696 913 1696 912 1696 914 1697 912 1697 1000 1697 1000 1698 912 1698 911 1698 1000 1699 911 1699 997 1699 997 1700 911 1700 995 1700 995 1701 911 1701 910 1701 995 1702 910 1702 993 1702 993 1703 910 1703 819 1703 993 1704 819 1704 834 1704 837 1705 836 1705 898 1705 1010 1706 896 1706 1011 1706 1011 1707 896 1707 895 1707 1011 1708 895 1708 1012 1708 1012 1709 895 1709 890 1709 1012 1710 890 1710 891 1710 1010 1711 1013 1711 896 1711 896 1712 1013 1712 1014 1712 896 1713 1014 1713 898 1713 898 1714 1014 1714 1015 1714 898 1715 1015 1715 837 1715 1016 1716 1017 1716 1014 1716 826 1717 837 1717 1017 1717 1017 1718 837 1718 1015 1718 1017 1719 1015 1719 1014 1719 1018 1720 829 1720 827 1720 827 1721 1019 1721 1018 1721 1018 1722 1019 1722 1020 1722 1018 1723 1020 1723 1021 1723 1021 1724 1020 1724 1022 1724 1021 1725 1022 1725 1023 1725 1024 1726 1025 1726 1016 1726 1016 1727 1025 1727 1026 1727 1016 1728 1026 1728 1017 1728 1017 1729 1026 1729 1027 1729 1017 1730 1027 1730 826 1730 1028 1731 1023 1731 1029 1731 1029 1732 1023 1732 1022 1732 1029 1733 1022 1733 1030 1733 1030 1734 1022 1734 1031 1734 1014 1735 1013 1735 1016 1735 1016 1736 1013 1736 1010 1736 1016 1737 1010 1737 1024 1737 1024 1738 1010 1738 1011 1738 1024 1739 1011 1739 1012 1739 827 1740 826 1740 1019 1740 1019 1741 826 1741 1027 1741 1019 1742 1027 1742 1020 1742 1020 1743 1027 1743 1026 1743 1020 1744 1026 1744 1022 1744 1022 1745 1026 1745 1025 1745 1022 1746 1025 1746 1031 1746 1031 1747 1025 1747 1024 1747 1031 1748 1024 1748 1032 1748 1032 1749 1024 1749 1012 1749 1032 1750 1012 1750 891 1750 828 1751 830 1751 1033 1751 1033 1752 830 1752 1034 1752 1033 1753 1034 1753 1035 1753 1035 1754 1034 1754 1036 1754 1037 1755 1038 1755 1036 1755 1036 1756 1038 1756 1039 1756 1036 1757 1039 1757 1035 1757 1040 1758 1041 1758 1037 1758 1037 1759 1041 1759 1042 1759 1037 1760 1042 1760 1038 1760 830 1761 829 1761 1034 1761 1034 1762 829 1762 1018 1762 1034 1763 1018 1763 1036 1763 1036 1764 1018 1764 1021 1764 1036 1765 1021 1765 1037 1765 1037 1766 1021 1766 1023 1766 1037 1767 1023 1767 1040 1767 1040 1768 1023 1768 1028 1768 1041 1769 1043 1769 1042 1769 1042 1770 1043 1770 1044 1770 1042 1771 1044 1771 1038 1771 1038 1772 1044 1772 1045 1772 1038 1773 1045 1773 1039 1773 1039 1774 1045 1774 1046 1774 1039 1775 1046 1775 1035 1775 1035 1776 1046 1776 1047 1776 1035 1777 1047 1777 1033 1777 1033 1778 1047 1778 1048 1778 1033 1779 1048 1779 828 1779 828 1780 1048 1780 823 1780 1049 1781 821 1781 823 1781 823 1782 1048 1782 1049 1782 1049 1783 1048 1783 1047 1783 1049 1784 1047 1784 1050 1784 831 1785 821 1785 1006 1785 1006 1786 821 1786 1049 1786 1006 1787 1049 1787 1007 1787 1007 1788 1049 1788 1050 1788 1007 1789 1050 1789 1008 1789 1008 1790 1050 1790 1051 1790 1008 1791 1051 1791 1009 1791 1009 1792 1051 1792 1052 1792 1047 1793 1046 1793 1050 1793 1050 1794 1046 1794 1045 1794 1050 1795 1045 1795 1051 1795 1051 1796 1045 1796 1044 1796 1051 1797 1044 1797 1052 1797 1052 1798 1044 1798 1043 1798 918 1799 1053 1799 919 1799 919 1800 1053 1800 1054 1800 919 1801 1054 1801 988 1801 988 1802 1054 1802 1055 1802 886 1803 885 1803 1056 1803 1056 1804 885 1804 1057 1804 1058 1805 986 1805 1055 1805 1055 1806 986 1806 987 1806 1055 1807 987 1807 988 1807 1059 1808 1060 1808 974 1808 1057 1809 885 1809 1060 1809 1060 1810 885 1810 973 1810 1060 1811 973 1811 974 1811 974 1812 975 1812 1059 1812 1059 1813 975 1813 976 1813 1059 1814 976 1814 1058 1814 1058 1815 976 1815 977 1815 977 1816 978 1816 1058 1816 1058 1817 978 1817 979 1817 1058 1818 979 1818 980 1818 980 1819 981 1819 1058 1819 1058 1820 981 1820 982 1820 1058 1821 982 1821 983 1821 983 1822 984 1822 1058 1822 1058 1823 984 1823 985 1823 1058 1824 985 1824 986 1824 879 1825 883 1825 891 1825 891 1826 883 1826 889 1826 891 1827 889 1827 1032 1827 889 1828 888 1828 1032 1828 1032 1829 888 1829 887 1829 1032 1830 887 1830 1031 1830 1031 1831 887 1831 886 1831 1031 1832 886 1832 1030 1832 1030 1833 886 1833 1056 1833 1030 1834 1056 1834 1029 1834 1029 1835 1056 1835 1057 1835 1029 1836 1057 1836 1028 1836 923 1837 915 1837 914 1837 1009 1838 1054 1838 1003 1838 1003 1839 1054 1839 1053 1839 923 1840 914 1840 922 1840 922 1841 914 1841 917 1841 917 1842 914 1842 999 1842 917 1843 999 1843 918 1843 918 1844 999 1844 990 1844 918 1845 990 1845 1053 1845 1053 1846 990 1846 989 1846 1053 1847 989 1847 1003 1847 1059 1848 1041 1848 1040 1848 1059 1849 1040 1849 1060 1849 1060 1850 1040 1850 1028 1850 1060 1851 1028 1851 1057 1851 1058 1852 1043 1852 1059 1852 1059 1853 1043 1853 1041 1853 1054 1854 1009 1854 1052 1854 1054 1855 1052 1855 1055 1855 1055 1856 1052 1856 1043 1856 1055 1857 1043 1857 1058 1857 1061 1858 1062 1858 1063 1858 1064 1859 1065 1859 1066 1859 1066 1860 1065 1860 1067 1860 1068 1861 1069 1861 1070 1861 1070 1862 1069 1862 1071 1862 1063 1863 1072 1863 1061 1863 1061 1864 1072 1864 1073 1864 1061 1865 1073 1865 1074 1865 1074 1866 1073 1866 1065 1866 1074 1867 1065 1867 1069 1867 1069 1868 1065 1868 1064 1868 1069 1869 1064 1869 1071 1869 1075 1870 1076 1870 1077 1870 97 1871 96 1871 1078 1871 1078 1872 96 1872 1079 1872 1078 1873 1079 1873 1080 1873 1081 1874 1082 1874 1083 1874 1083 1875 1084 1875 1081 1875 1081 1876 1084 1876 1085 1876 1081 1877 1085 1877 1086 1877 1086 1878 1085 1878 1078 1878 1086 1879 1078 1879 1077 1879 1077 1880 1078 1880 1080 1880 1077 1881 1080 1881 1075 1881 1087 1882 1088 1882 1070 1882 1080 1883 1079 1883 1075 1883 1075 1884 1079 1884 1066 1884 1075 1885 1066 1885 1076 1885 1076 1886 1066 1886 1067 1886 96 1887 1089 1887 1090 1887 1064 1888 1066 1888 1071 1888 1071 1889 1066 1889 1079 1889 1071 1890 1079 1890 1070 1890 1070 1891 1079 1891 96 1891 1070 1892 96 1892 1087 1892 1087 1893 96 1893 1090 1893 1091 1894 1092 1894 1089 1894 1089 1895 1092 1895 1093 1895 1089 1896 1093 1896 1094 1896 1094 1897 1093 1897 1095 1897 96 1898 95 1898 1089 1898 1089 1899 95 1899 1096 1899 1089 1900 1096 1900 1091 1900 1091 1901 1096 1901 1097 1901 1091 1902 1097 1902 1098 1902 1098 1903 1097 1903 1099 1903 1098 1904 1099 1904 1100 1904 1100 1905 1099 1905 1101 1905 1076 1906 1102 1906 1103 1906 1086 1907 1104 1907 1105 1907 1105 1908 1104 1908 1103 1908 1105 1909 1103 1909 1106 1909 1106 1910 1103 1910 1102 1910 1106 1911 1102 1911 1107 1911 1108 1912 1082 1912 1105 1912 1105 1913 1082 1913 1081 1913 1105 1914 1081 1914 1086 1914 1108 1915 1105 1915 1109 1915 1109 1916 1105 1916 1106 1916 1109 1917 1106 1917 1110 1917 1110 1918 1106 1918 1107 1918 1110 1919 1107 1919 1111 1919 1104 1920 1076 1920 1103 1920 1086 1921 1077 1921 1104 1921 1104 1922 1077 1922 1076 1922 1112 1923 1113 1923 1114 1923 1114 1924 1113 1924 1115 1924 1114 1925 1115 1925 1116 1925 1117 1926 1118 1926 1119 1926 1119 1927 1118 1927 1120 1927 1119 1928 1120 1928 1115 1928 1115 1929 1120 1929 1121 1929 1115 1930 1121 1930 1116 1930 1122 1931 1123 1931 1124 1931 1125 1932 1113 1932 1124 1932 1124 1933 1113 1933 1112 1933 1124 1934 1112 1934 1122 1934 1126 1935 1127 1935 1117 1935 1117 1936 1127 1936 1118 1936 1128 1937 1116 1937 1121 1937 1129 1938 1111 1938 1130 1938 1130 1939 1111 1939 1131 1939 1121 1940 1120 1940 1128 1940 1128 1941 1120 1941 1118 1941 1128 1942 1118 1942 1111 1942 1111 1943 1118 1943 1127 1943 1111 1944 1127 1944 1131 1944 1114 1945 1116 1945 1128 1945 1122 1946 1112 1946 1114 1946 1132 1947 1063 1947 1124 1947 1124 1948 1123 1948 1132 1948 1132 1949 1123 1949 1122 1949 1132 1950 1122 1950 1133 1950 1133 1951 1122 1951 1114 1951 1133 1952 1114 1952 1134 1952 1134 1953 1114 1953 1128 1953 1135 1954 1136 1954 1137 1954 1137 1955 1136 1955 1138 1955 1137 1956 1138 1956 1139 1956 1127 1957 1126 1957 1131 1957 1131 1958 1126 1958 1140 1958 1131 1959 1140 1959 1130 1959 1130 1960 1140 1960 1137 1960 1130 1961 1137 1961 1129 1961 1129 1962 1137 1962 1139 1962 1135 1963 1141 1963 1136 1963 1136 1964 1141 1964 1142 1964 1136 1965 1142 1965 1143 1965 1143 1966 1142 1966 1144 1966 1138 1967 1136 1967 1143 1967 1144 1968 1142 1968 1082 1968 1111 1969 1129 1969 1110 1969 1110 1970 1129 1970 1139 1970 1082 1971 1108 1971 1144 1971 1144 1972 1108 1972 1109 1972 1144 1973 1109 1973 1143 1973 1143 1974 1109 1974 1110 1974 1143 1975 1110 1975 1138 1975 1138 1976 1110 1976 1139 1976 17 1977 145 1977 1083 1977 378 1978 291 1978 379 1978 379 1979 291 1979 17 1979 1082 1980 1142 1980 1141 1980 17 1981 1083 1981 379 1981 379 1982 1083 1982 1082 1982 379 1983 1082 1983 1145 1983 1145 1984 1082 1984 1146 1984 1145 1985 1146 1985 1147 1985 1082 1986 1141 1986 1146 1986 1146 1987 1141 1987 839 1987 1146 1988 839 1988 1148 1988 1148 1989 839 1989 838 1989 1148 1990 838 1990 631 1990 878 1991 601 1991 916 1991 916 1992 601 1992 603 1992 909 1993 913 1993 905 1993 905 1994 913 1994 916 1994 905 1995 916 1995 906 1995 611 1996 613 1996 603 1996 603 1997 613 1997 626 1997 603 1998 626 1998 627 1998 627 1999 630 1999 603 1999 603 2000 630 2000 631 2000 603 2001 631 2001 916 2001 916 2002 631 2002 838 2002 916 2003 838 2003 906 2003 340 2004 360 2004 377 2004 1062 2005 146 2005 136 2005 1149 2006 1150 2006 1151 2006 1151 2007 1150 2007 1063 2007 1151 2008 1063 2008 377 2008 377 2009 1063 2009 1062 2009 377 2010 1062 2010 340 2010 340 2011 1062 2011 136 2011 588 2012 850 2012 585 2012 585 2013 850 2013 880 2013 574 2014 585 2014 813 2014 1124 2015 1063 2015 1125 2015 1125 2016 1063 2016 1150 2016 1125 2017 1150 2017 813 2017 813 2018 1150 2018 1152 2018 813 2019 1152 2019 574 2019 569 2020 581 2020 571 2020 571 2021 581 2021 585 2021 571 2022 585 2022 573 2022 573 2023 585 2023 574 2023 890 2024 893 2024 880 2024 880 2025 893 2025 900 2025 900 2026 902 2026 880 2026 880 2027 902 2027 901 2027 880 2028 901 2028 585 2028 585 2029 901 2029 814 2029 585 2030 814 2030 813 2030 1133 2031 1134 2031 1153 2031 1134 2032 1128 2032 1153 2032 1153 2033 1128 2033 1154 2033 1153 2034 1154 2034 1155 2034 1155 2035 1154 2035 1156 2035 1155 2036 1156 2036 1067 2036 1132 2037 1133 2037 1157 2037 1157 2038 1133 2038 1153 2038 1157 2039 1153 2039 1158 2039 1158 2040 1153 2040 1155 2040 1158 2041 1155 2041 1067 2041 1067 2042 1065 2042 1158 2042 1158 2043 1065 2043 1073 2043 1158 2044 1073 2044 1157 2044 1157 2045 1073 2045 1072 2045 1157 2046 1072 2046 1132 2046 1132 2047 1072 2047 1063 2047 1076 2048 1067 2048 1156 2048 1076 2049 1156 2049 1102 2049 1102 2050 1156 2050 1154 2050 1102 2051 1154 2051 1107 2051 1107 2052 1154 2052 1128 2052 1107 2053 1128 2053 1111 2053 804 2054 1115 2054 807 2054 807 2055 1115 2055 1113 2055 807 2056 1113 2056 810 2056 810 2057 1113 2057 1125 2057 810 2058 1125 2058 813 2058 839 2059 1141 2059 841 2059 841 2060 1141 2060 1135 2060 841 2061 1135 2061 844 2061 844 2062 1135 2062 1137 2062 844 2063 1137 2063 847 2063 847 2064 1137 2064 1140 2064 847 2065 1140 2065 815 2065 815 2066 1140 2066 1126 2066 815 2067 1126 2067 802 2067 802 2068 1126 2068 1117 2068 802 2069 1117 2069 804 2069 804 2070 1117 2070 1119 2070 804 2071 1119 2071 1115 2071 574 2072 1152 2072 572 2072 572 2073 1152 2073 1159 2073 572 2074 1159 2074 570 2074 570 2075 1159 2075 568 2075 568 2076 1159 2076 1160 2076 568 2077 1160 2077 558 2077 558 2078 1160 2078 560 2078 560 2079 1160 2079 1161 2079 560 2080 1161 2080 562 2080 562 2081 1161 2081 563 2081 563 2082 1161 2082 1162 2082 563 2083 1162 2083 565 2083 565 2084 1162 2084 1163 2084 637 2085 635 2085 757 2085 635 2086 633 2086 757 2086 757 2087 633 2087 623 2087 757 2088 623 2088 622 2088 1163 2089 638 2089 565 2089 565 2090 638 2090 768 2090 565 2091 768 2091 787 2091 575 2092 559 2092 561 2092 775 2093 773 2093 638 2093 638 2094 773 2094 769 2094 638 2095 769 2095 768 2095 622 2096 731 2096 757 2096 757 2097 731 2097 736 2097 757 2098 736 2098 737 2098 787 2099 789 2099 565 2099 565 2100 789 2100 575 2100 565 2101 575 2101 564 2101 564 2102 575 2102 561 2102 637 2103 757 2103 638 2103 638 2104 757 2104 766 2104 638 2105 766 2105 775 2105 737 2106 752 2106 757 2106 757 2107 752 2107 755 2107 757 2108 755 2108 756 2108 638 2109 1163 2109 636 2109 636 2110 1163 2110 1164 2110 636 2111 1164 2111 634 2111 634 2112 1164 2112 632 2112 632 2113 1164 2113 1165 2113 632 2114 1165 2114 624 2114 624 2115 1165 2115 625 2115 625 2116 1165 2116 1166 2116 625 2117 1166 2117 628 2117 628 2118 1166 2118 629 2118 629 2119 1166 2119 1148 2119 629 2120 1148 2120 631 2120 1167 2121 1168 2121 1148 2121 1148 2122 1168 2122 1169 2122 1148 2123 1169 2123 1146 2123 1150 2124 1170 2124 1152 2124 1152 2125 1170 2125 1171 2125 1152 2126 1171 2126 1172 2126 1162 2127 1173 2127 1163 2127 1163 2128 1173 2128 1174 2128 1163 2129 1174 2129 1175 2129 1152 2130 1176 2130 1159 2130 1159 2131 1176 2131 1177 2131 1159 2132 1177 2132 1160 2132 1160 2133 1177 2133 1173 2133 1160 2134 1173 2134 1161 2134 1161 2135 1173 2135 1162 2135 1164 2136 1163 2136 1165 2136 1165 2137 1163 2137 1175 2137 1165 2138 1175 2138 1166 2138 1166 2139 1175 2139 1178 2139 1166 2140 1178 2140 1148 2140 1179 2141 1180 2141 1181 2141 1181 2142 1180 2142 1182 2142 1181 2143 1182 2143 1172 2143 1172 2144 1182 2144 1183 2144 1172 2145 1183 2145 1152 2145 1152 2146 1183 2146 1184 2146 1152 2147 1184 2147 1176 2147 1185 2148 1186 2148 1187 2148 1178 2149 1188 2149 1148 2149 1148 2150 1188 2150 1189 2150 1148 2151 1189 2151 1167 2151 1167 2152 1189 2152 1190 2152 1167 2153 1190 2153 1187 2153 1187 2154 1190 2154 1191 2154 1187 2155 1191 2155 1185 2155 1169 2156 1192 2156 1146 2156 1146 2157 1192 2157 1193 2157 1146 2158 1193 2158 1147 2158 1168 2159 1167 2159 1194 2159 1194 2160 1195 2160 1168 2160 1168 2161 1195 2161 1196 2161 1168 2162 1196 2162 1169 2162 1169 2163 1196 2163 1197 2163 1169 2164 1197 2164 1192 2164 1197 2165 1196 2165 1198 2165 1198 2166 1145 2166 1147 2166 1147 2167 1193 2167 1198 2167 1198 2168 1193 2168 1192 2168 1198 2169 1192 2169 1197 2169 1199 2170 1200 2170 1201 2170 1201 2171 1202 2171 1199 2171 1199 2172 1202 2172 1203 2172 1199 2173 1203 2173 553 2173 553 2174 1203 2174 1204 2174 553 2175 1204 2175 554 2175 1196 2176 1195 2176 1198 2176 1198 2177 1195 2177 1194 2177 1198 2178 1194 2178 1205 2178 1205 2179 1194 2179 1206 2179 1205 2180 1206 2180 1200 2180 1200 2181 1206 2181 1207 2181 1200 2182 1207 2182 1201 2182 380 2183 379 2183 1145 2183 380 2184 1145 2184 383 2184 1145 2185 1198 2185 383 2185 383 2186 1198 2186 1205 2186 383 2187 1205 2187 385 2187 385 2188 1205 2188 1200 2188 385 2189 1200 2189 388 2189 388 2190 1200 2190 1199 2190 388 2191 1199 2191 553 2191 140 2192 1208 2192 1209 2192 140 2193 1209 2193 141 2193 198 2194 1210 2194 194 2194 194 2195 1210 2195 1211 2195 194 2196 1211 2196 180 2196 180 2197 1211 2197 1212 2197 180 2198 1212 2198 181 2198 181 2199 1212 2199 1213 2199 181 2200 1213 2200 193 2200 193 2201 1213 2201 1208 2201 193 2202 1208 2202 191 2202 191 2203 1208 2203 140 2203 191 2204 140 2204 192 2204 1083 2205 145 2205 1214 2205 1214 2206 145 2206 141 2206 1214 2207 141 2207 1215 2207 1215 2208 141 2208 1209 2208 1062 2209 1216 2209 146 2209 146 2210 1216 2210 147 2210 1217 2211 128 2211 1218 2211 1218 2212 128 2212 147 2212 1218 2213 147 2213 1219 2213 1219 2214 147 2214 1216 2214 129 2215 128 2215 203 2215 203 2216 128 2216 1217 2216 203 2217 1217 2217 205 2217 205 2218 1217 2218 1220 2218 205 2219 1220 2219 209 2219 209 2220 1220 2220 1221 2220 209 2221 1221 2221 214 2221 214 2222 1221 2222 1222 2222 214 2223 1222 2223 215 2223 215 2224 1222 2224 1223 2224 215 2225 1223 2225 216 2225 1149 2226 1151 2226 1224 2226 1225 2227 1226 2227 1224 2227 1224 2228 1226 2228 1227 2228 1228 2229 1149 2229 1229 2229 1229 2230 1149 2230 1224 2230 1229 2231 1224 2231 1230 2231 1230 2232 1224 2232 1227 2232 1225 2233 1224 2233 1231 2233 1231 2234 1224 2234 1232 2234 1231 2235 1232 2235 1233 2235 1234 2236 1235 2236 1232 2236 1232 2237 1235 2237 1236 2237 1232 2238 1236 2238 1233 2238 1237 2239 1238 2239 1234 2239 1234 2240 1238 2240 1239 2240 1234 2241 1239 2241 1235 2241 391 2242 1240 2242 392 2242 392 2243 1240 2243 1241 2243 392 2244 1241 2244 1237 2244 1237 2245 1241 2245 1242 2245 1237 2246 1242 2246 1238 2246 1149 2247 1228 2247 1150 2247 1150 2248 1228 2248 1229 2248 1150 2249 1229 2249 1170 2249 1231 2250 1172 2250 1225 2250 1225 2251 1172 2251 1171 2251 1229 2252 1230 2252 1170 2252 1170 2253 1230 2253 1227 2253 1170 2254 1227 2254 1171 2254 1171 2255 1227 2255 1226 2255 1171 2256 1226 2256 1225 2256 1087 2257 1243 2257 1088 2257 1088 2258 1243 2258 1068 2258 1088 2259 1068 2259 1070 2259 1244 2260 1245 2260 1246 2260 1068 2261 1243 2261 1069 2261 1069 2262 1243 2262 1087 2262 1069 2263 1087 2263 1247 2263 1061 2264 1248 2264 1062 2264 1062 2265 1248 2265 1216 2265 1216 2266 1248 2266 1219 2266 1219 2267 1248 2267 1249 2267 1219 2268 1249 2268 1218 2268 1218 2269 1249 2269 1250 2269 1218 2270 1250 2270 1217 2270 1217 2271 1250 2271 1251 2271 1217 2272 1251 2272 1220 2272 1220 2273 1251 2273 1221 2273 1221 2274 1251 2274 1246 2274 1221 2275 1246 2275 1222 2275 1222 2276 1246 2276 1245 2276 1222 2277 1245 2277 1223 2277 1252 2278 1253 2278 1254 2278 1254 2279 1253 2279 1244 2279 1255 2280 1256 2280 1252 2280 1087 2281 1090 2281 1247 2281 1247 2282 1090 2282 1089 2282 1247 2283 1089 2283 1257 2283 1257 2284 1089 2284 1094 2284 1257 2285 1094 2285 1258 2285 1258 2286 1094 2286 1095 2286 1258 2287 1095 2287 1259 2287 1259 2288 1095 2288 1093 2288 1259 2289 1093 2289 1255 2289 1255 2290 1093 2290 1092 2290 1255 2291 1092 2291 1256 2291 1252 2292 1254 2292 1255 2292 1255 2293 1254 2293 1260 2293 1255 2294 1260 2294 1259 2294 1259 2295 1260 2295 1261 2295 1259 2296 1261 2296 1258 2296 1258 2297 1261 2297 1262 2297 1258 2298 1262 2298 1257 2298 1257 2299 1262 2299 1263 2299 1257 2300 1263 2300 1247 2300 1247 2301 1263 2301 1074 2301 1247 2302 1074 2302 1069 2302 1244 2303 1246 2303 1254 2303 1254 2304 1246 2304 1251 2304 1254 2305 1251 2305 1260 2305 1260 2306 1251 2306 1250 2306 1260 2307 1250 2307 1261 2307 1261 2308 1250 2308 1249 2308 1261 2309 1249 2309 1262 2309 1262 2310 1249 2310 1248 2310 1262 2311 1248 2311 1263 2311 1263 2312 1248 2312 1061 2312 1263 2313 1061 2313 1074 2313 94 2314 97 2314 1078 2314 1096 2315 1264 2315 1265 2315 1265 2316 1264 2316 1078 2316 1078 2317 1264 2317 95 2317 1078 2318 95 2318 94 2318 1096 2319 1265 2319 1097 2319 1097 2320 1265 2320 1266 2320 1097 2321 1266 2321 1099 2321 1099 2322 1266 2322 1267 2322 1099 2323 1267 2323 1101 2323 1101 2324 1267 2324 1268 2324 1101 2325 1268 2325 1100 2325 1100 2326 1268 2326 1269 2326 1100 2327 1269 2327 1098 2327 1098 2328 1269 2328 1270 2328 1098 2329 1270 2329 1091 2329 1271 2330 1272 2330 1273 2330 1210 2331 1274 2331 1275 2331 1275 2332 1274 2332 1276 2332 1213 2333 1212 2333 1275 2333 1275 2334 1212 2334 1211 2334 1275 2335 1211 2335 1210 2335 1275 2336 1277 2336 1213 2336 1213 2337 1277 2337 1278 2337 1213 2338 1278 2338 1208 2338 1208 2339 1278 2339 1279 2339 1208 2340 1279 2340 1209 2340 1084 2341 1083 2341 1214 2341 1085 2342 1084 2342 1280 2342 1280 2343 1084 2343 1214 2343 1280 2344 1214 2344 1279 2344 1279 2345 1214 2345 1215 2345 1279 2346 1215 2346 1209 2346 1078 2347 1085 2347 1281 2347 1078 2348 1281 2348 1265 2348 1265 2349 1281 2349 1282 2349 1265 2350 1282 2350 1266 2350 1266 2351 1282 2351 1283 2351 1266 2352 1283 2352 1267 2352 1267 2353 1283 2353 1284 2353 1267 2354 1284 2354 1268 2354 1268 2355 1284 2355 1271 2355 1268 2356 1271 2356 1269 2356 1269 2357 1271 2357 1273 2357 1269 2358 1273 2358 1270 2358 1085 2359 1280 2359 1281 2359 1281 2360 1280 2360 1279 2360 1281 2361 1279 2361 1282 2361 1282 2362 1279 2362 1278 2362 1282 2363 1278 2363 1283 2363 1283 2364 1278 2364 1277 2364 1283 2365 1277 2365 1284 2365 1284 2366 1277 2366 1275 2366 1284 2367 1275 2367 1271 2367 1271 2368 1275 2368 1276 2368 1271 2369 1276 2369 1272 2369 1092 2370 1091 2370 1256 2370 1256 2371 1091 2371 1270 2371 1256 2372 1270 2372 1252 2372 1252 2373 1270 2373 1273 2373 1252 2374 1273 2374 1253 2374 1253 2375 1273 2375 1272 2375 1253 2376 1272 2376 1244 2376 1244 2377 1272 2377 1276 2377 1244 2378 1276 2378 1245 2378 1245 2379 1276 2379 1274 2379 1245 2380 1274 2380 1223 2380 1223 2381 1274 2381 1210 2381 1172 2382 1231 2382 1233 2382 1233 2383 1236 2383 1172 2383 1172 2384 1236 2384 1235 2384 1172 2385 1235 2385 1181 2385 1285 2386 1183 2386 1286 2386 1286 2387 1183 2387 1182 2387 1286 2388 1182 2388 393 2388 393 2389 1182 2389 1180 2389 393 2390 1180 2390 394 2390 1179 2391 1241 2391 1240 2391 1179 2392 1240 2392 1180 2392 1180 2393 1240 2393 391 2393 1180 2394 391 2394 394 2394 1235 2395 1239 2395 1181 2395 1181 2396 1239 2396 1238 2396 1181 2397 1238 2397 1179 2397 1179 2398 1238 2398 1242 2398 1179 2399 1242 2399 1241 2399 1184 2400 1183 2400 1287 2400 1287 2401 1183 2401 1285 2401 1184 2402 1287 2402 1288 2402 1184 2403 1288 2403 1176 2403 1176 2404 1288 2404 1289 2404 1176 2405 1289 2405 1177 2405 1177 2406 1289 2406 1290 2406 1177 2407 1290 2407 1173 2407 1173 2408 1290 2408 1291 2408 1173 2409 1291 2409 1174 2409 1174 2410 1291 2410 1292 2410 1174 2411 1292 2411 1175 2411 1175 2412 1292 2412 1293 2412 1175 2413 1293 2413 1178 2413 1178 2414 1293 2414 1294 2414 1178 2415 1294 2415 1188 2415 1188 2416 1294 2416 1295 2416 1188 2417 1295 2417 1189 2417 1295 2418 1296 2418 1189 2418 1189 2419 1296 2419 1190 2419 1206 2420 1194 2420 1167 2420 1186 2421 1202 2421 1187 2421 1187 2422 1202 2422 1201 2422 1187 2423 1201 2423 1167 2423 1167 2424 1201 2424 1207 2424 1167 2425 1207 2425 1206 2425 555 2426 554 2426 1185 2426 1185 2427 554 2427 1204 2427 1185 2428 1204 2428 1186 2428 1186 2429 1204 2429 1203 2429 1186 2430 1203 2430 1202 2430 1190 2431 1296 2431 1191 2431 1191 2432 1296 2432 1297 2432 1191 2433 1297 2433 1185 2433 1185 2434 1297 2434 541 2434 1185 2435 541 2435 555 2435 1298 2436 1299 2436 25 2436 25 2437 1299 2437 26 2437 257 2438 250 2438 253 2438 1298 2439 25 2439 1300 2439 1300 2440 25 2440 257 2440 1300 2441 257 2441 1301 2441 253 2442 1302 2442 257 2442 257 2443 1302 2443 1303 2443 257 2444 1303 2444 1301 2444 26 2445 1299 2445 27 2445 27 2446 1299 2446 1304 2446 27 2447 1304 2447 1305 2447 216 2448 1223 2448 280 2448 280 2449 1223 2449 1210 2449 280 2450 1210 2450 279 2450 279 2451 1210 2451 278 2451 1305 2452 1306 2452 27 2452 27 2453 1306 2453 1307 2453 27 2454 1307 2454 1308 2454 1308 2455 1309 2455 27 2455 27 2456 1309 2456 1310 2456 27 2457 1310 2457 1311 2457 1312 2458 1313 2458 1311 2458 1311 2459 1314 2459 1315 2459 226 2460 239 2460 277 2460 278 2461 1210 2461 277 2461 277 2462 1210 2462 198 2462 277 2463 198 2463 226 2463 239 2464 240 2464 277 2464 277 2465 240 2465 241 2465 277 2466 241 2466 242 2466 1313 2467 1316 2467 1311 2467 1311 2468 1316 2468 1317 2468 1311 2469 1317 2469 1314 2469 1315 2470 31 2470 1311 2470 1311 2471 31 2471 29 2471 1311 2472 29 2472 27 2472 1318 2473 1319 2473 1311 2473 1311 2474 1319 2474 1320 2474 1311 2475 1320 2475 1312 2475 250 2476 257 2476 246 2476 246 2477 257 2477 261 2477 246 2478 261 2478 242 2478 242 2479 261 2479 265 2479 242 2480 265 2480 277 2480 1151 2481 377 2481 376 2481 1151 2482 376 2482 1224 2482 1224 2483 376 2483 372 2483 1224 2484 372 2484 1232 2484 1232 2485 372 2485 367 2485 1232 2486 367 2486 1234 2486 1234 2487 367 2487 1237 2487 1237 2488 367 2488 369 2488 1237 2489 369 2489 392 2489 1295 2490 1294 2490 526 2490 541 2491 1297 2491 543 2491 543 2492 1297 2492 535 2492 527 2493 530 2493 533 2493 453 2494 1286 2494 454 2494 454 2495 1286 2495 393 2495 1285 2496 1286 2496 479 2496 453 2497 467 2497 1286 2497 1286 2498 467 2498 466 2498 1286 2499 466 2499 479 2499 1288 2500 512 2500 513 2500 1288 2501 513 2501 1289 2501 513 2502 514 2502 1289 2502 1289 2503 514 2503 515 2503 1289 2504 515 2504 1290 2504 1293 2505 1292 2505 522 2505 522 2506 523 2506 1293 2506 1293 2507 523 2507 524 2507 1293 2508 524 2508 1294 2508 1294 2509 524 2509 525 2509 1294 2510 525 2510 526 2510 533 2511 535 2511 527 2511 527 2512 535 2512 1297 2512 527 2513 1297 2513 526 2513 526 2514 1297 2514 1296 2514 526 2515 1296 2515 1295 2515 512 2516 1288 2516 479 2516 479 2517 1288 2517 1287 2517 479 2518 1287 2518 1285 2518 515 2519 516 2519 1290 2519 1290 2520 516 2520 517 2520 1290 2521 517 2521 1291 2521 1291 2522 517 2522 518 2522 518 2523 519 2523 1291 2523 1291 2524 519 2524 520 2524 1291 2525 520 2525 1292 2525 1292 2526 520 2526 521 2526 1292 2527 521 2527 522 2527 1096 2528 95 2528 1264 2528 396 2529 93 2529 92 2529 396 2530 92 2530 349 2530 364 2531 552 2531 365 2531 365 2532 552 2532 551 2532 365 2533 551 2533 366 2533 366 2534 551 2534 550 2534 366 2535 550 2535 361 2535 361 2536 550 2536 549 2536 361 2537 549 2537 92 2537 92 2538 549 2538 343 2538 92 2539 343 2539 349 2539 363 2540 333 2540 364 2540 364 2541 333 2541 334 2541 364 2542 334 2542 552 2542 337 2543 336 2543 363 2543 363 2544 336 2544 335 2544 363 2545 335 2545 333 2545 340 2546 339 2546 363 2546 363 2547 339 2547 338 2547 363 2548 338 2548 337 2548 1321 2549 1322 2549 1323 2549 1323 2550 1322 2550 1324 2550 1323 2551 1324 2551 1325 2551 1325 2552 1326 2552 1323 2552 1323 2553 1326 2553 1327 2553 1323 2554 1327 2554 1321 2554 1321 2555 1327 2555 1328 2555 61 2556 60 2556 1329 2556 1328 2557 1330 2557 1321 2557 1321 2558 1330 2558 1331 2558 1321 2559 1331 2559 1332 2559 1332 2560 1331 2560 1333 2560 1332 2561 1333 2561 1329 2561 1329 2562 1333 2562 1334 2562 1329 2563 1334 2563 61 2563 1326 2564 39 2564 1327 2564 1327 2565 39 2565 1335 2565 1327 2566 1335 2566 1328 2566 1334 2567 1333 2567 1336 2567 1336 2568 1333 2568 1331 2568 1336 2569 1331 2569 1330 2569 1328 2570 1335 2570 1330 2570 1330 2571 1335 2571 1337 2571 1330 2572 1337 2572 1336 2572 158 2573 64 2573 167 2573 167 2574 64 2574 62 2574 1336 2575 1338 2575 1334 2575 1334 2576 1338 2576 167 2576 1334 2577 167 2577 61 2577 61 2578 167 2578 62 2578 66 2579 68 2579 158 2579 158 2580 68 2580 70 2580 158 2581 70 2581 64 2581 289 2582 288 2582 155 2582 155 2583 288 2583 287 2583 155 2584 287 2584 153 2584 289 2585 155 2585 290 2585 290 2586 155 2586 168 2586 290 2587 168 2587 284 2587 1339 2588 41 2588 40 2588 40 2589 283 2589 1339 2589 1339 2590 283 2590 282 2590 1339 2591 282 2591 1340 2591 1340 2592 282 2592 281 2592 1340 2593 281 2593 1341 2593 281 2594 286 2594 1341 2594 1341 2595 286 2595 285 2595 1341 2596 285 2596 1342 2596 1342 2597 285 2597 284 2597 1342 2598 284 2598 1343 2598 1343 2599 284 2599 168 2599 1343 2600 168 2600 1344 2600 1344 2601 168 2601 164 2601 163 2602 1345 2602 164 2602 164 2603 1345 2603 1346 2603 164 2604 1346 2604 1344 2604 165 2605 1347 2605 163 2605 163 2606 1347 2606 1348 2606 163 2607 1348 2607 1345 2607 166 2608 1349 2608 165 2608 165 2609 1349 2609 1350 2609 165 2610 1350 2610 1347 2610 1338 2611 1351 2611 167 2611 167 2612 1351 2612 1352 2612 167 2613 1352 2613 166 2613 166 2614 1352 2614 1353 2614 166 2615 1353 2615 1349 2615 154 2616 20 2616 1329 2616 65 2617 159 2617 63 2617 63 2618 159 2618 154 2618 63 2619 154 2619 60 2619 60 2620 154 2620 1329 2620 65 2621 71 2621 159 2621 159 2622 71 2622 69 2622 159 2623 69 2623 67 2623 38 2624 39 2624 1326 2624 1326 2625 1325 2625 38 2625 38 2626 1325 2626 1324 2626 38 2627 1324 2627 37 2627 37 2628 1324 2628 1322 2628 37 2629 1322 2629 36 2629 36 2630 1322 2630 1321 2630 36 2631 1321 2631 20 2631 20 2632 1321 2632 1332 2632 20 2633 1332 2633 1329 2633 39 2634 35 2634 1354 2634 35 2635 32 2635 1355 2635 32 2636 31 2636 1315 2636 32 2637 1315 2637 1355 2637 1355 2638 1315 2638 1314 2638 1355 2639 1314 2639 1356 2639 1356 2640 1314 2640 1317 2640 1356 2641 1317 2641 1357 2641 1357 2642 1317 2642 1316 2642 1357 2643 1316 2643 1358 2643 1358 2644 1316 2644 1313 2644 1358 2645 1313 2645 1359 2645 1359 2646 1313 2646 1312 2646 1359 2647 1312 2647 1360 2647 1360 2648 1312 2648 1320 2648 1360 2649 1320 2649 1361 2649 1361 2650 1320 2650 1319 2650 1361 2651 1319 2651 1362 2651 1362 2652 1319 2652 1318 2652 1362 2653 1318 2653 1363 2653 1363 2654 1318 2654 1311 2654 1363 2655 1311 2655 1364 2655 1364 2656 1311 2656 1310 2656 1364 2657 1310 2657 1365 2657 1365 2658 1310 2658 1309 2658 1365 2659 1309 2659 1366 2659 1366 2660 1309 2660 1308 2660 1366 2661 1308 2661 1367 2661 1367 2662 1308 2662 1307 2662 1367 2663 1307 2663 1368 2663 1368 2664 1307 2664 1306 2664 1368 2665 1306 2665 1369 2665 1369 2666 1306 2666 1305 2666 1369 2667 1305 2667 1370 2667 1370 2668 1305 2668 1304 2668 1370 2669 1304 2669 1371 2669 1371 2670 1304 2670 1299 2670 1371 2671 1299 2671 1372 2671 1372 2672 1299 2672 1298 2672 1372 2673 1298 2673 1373 2673 1373 2674 1298 2674 1300 2674 1373 2675 1300 2675 1374 2675 35 2676 1355 2676 1354 2676 1354 2677 1355 2677 1356 2677 1354 2678 1356 2678 1375 2678 1375 2679 1356 2679 1357 2679 1375 2680 1357 2680 1376 2680 1376 2681 1357 2681 1358 2681 1376 2682 1358 2682 1377 2682 1377 2683 1358 2683 1359 2683 1377 2684 1359 2684 1378 2684 1378 2685 1359 2685 1360 2685 1378 2686 1360 2686 1379 2686 1379 2687 1360 2687 1361 2687 1379 2688 1361 2688 1380 2688 1380 2689 1361 2689 1362 2689 1380 2690 1362 2690 1381 2690 1381 2691 1362 2691 1363 2691 1381 2692 1363 2692 1382 2692 1382 2693 1363 2693 1364 2693 1382 2694 1364 2694 1383 2694 1383 2695 1364 2695 1365 2695 1383 2696 1365 2696 1384 2696 1384 2697 1365 2697 1366 2697 1384 2698 1366 2698 1385 2698 1385 2699 1366 2699 1367 2699 1385 2700 1367 2700 1386 2700 1386 2701 1367 2701 1368 2701 1386 2702 1368 2702 1387 2702 1387 2703 1368 2703 1369 2703 1387 2704 1369 2704 1388 2704 1388 2705 1369 2705 1370 2705 1388 2706 1370 2706 1389 2706 1389 2707 1370 2707 1371 2707 1389 2708 1371 2708 1390 2708 1390 2709 1371 2709 1372 2709 1390 2710 1372 2710 1391 2710 1391 2711 1372 2711 1373 2711 1391 2712 1373 2712 1392 2712 1392 2713 1373 2713 1374 2713 1392 2714 1374 2714 1393 2714 39 2715 1354 2715 1335 2715 1335 2716 1354 2716 1375 2716 1335 2717 1375 2717 1337 2717 1337 2718 1375 2718 1376 2718 1337 2719 1376 2719 1336 2719 1336 2720 1376 2720 1377 2720 1336 2721 1377 2721 1338 2721 1338 2722 1377 2722 1378 2722 1338 2723 1378 2723 1351 2723 1351 2724 1378 2724 1379 2724 1351 2725 1379 2725 1352 2725 1352 2726 1379 2726 1380 2726 1352 2727 1380 2727 1353 2727 1353 2728 1380 2728 1381 2728 1353 2729 1381 2729 1349 2729 1349 2730 1381 2730 1382 2730 1349 2731 1382 2731 1350 2731 1350 2732 1382 2732 1383 2732 1350 2733 1383 2733 1347 2733 1347 2734 1383 2734 1384 2734 1347 2735 1384 2735 1348 2735 1348 2736 1384 2736 1385 2736 1348 2737 1385 2737 1345 2737 1345 2738 1385 2738 1386 2738 1345 2739 1386 2739 1346 2739 1346 2740 1386 2740 1387 2740 1346 2741 1387 2741 1344 2741 1344 2742 1387 2742 1388 2742 1344 2743 1388 2743 1343 2743 1343 2744 1388 2744 1389 2744 1343 2745 1389 2745 1342 2745 1342 2746 1389 2746 1390 2746 1342 2747 1390 2747 1341 2747 1341 2748 1390 2748 1391 2748 1341 2749 1391 2749 1340 2749 1340 2750 1391 2750 1392 2750 1340 2751 1392 2751 1339 2751 1339 2752 1392 2752 1393 2752 1339 2753 1393 2753 41 2753 41 2754 1393 2754 1394 2754 1393 2755 1374 2755 1395 2755 1374 2756 1300 2756 1301 2756 1374 2757 1301 2757 1395 2757 1395 2758 1301 2758 1303 2758 1395 2759 1303 2759 1396 2759 1396 2760 1303 2760 1302 2760 1396 2761 1302 2761 1397 2761 1397 2762 1302 2762 253 2762 1397 2763 253 2763 252 2763 1393 2764 1395 2764 1394 2764 1394 2765 1395 2765 1396 2765 1394 2766 1396 2766 1398 2766 1398 2767 1396 2767 1397 2767 1398 2768 1397 2768 1399 2768 1399 2769 1397 2769 252 2769 1399 2770 252 2770 251 2770 41 2771 1394 2771 43 2771 43 2772 1394 2772 1398 2772 43 2773 1398 2773 45 2773 45 2774 1398 2774 1399 2774 45 2775 1399 2775 47 2775 47 2776 1399 2776 251 2776 47 2777 251 2777 49 2777 192 2778 140 2778 139 2778 190 2779 192 2779 189 2779 189 2780 192 2780 139 2780 189 2781 139 2781 188 2781 143 2782 179 2782 139 2782 139 2783 179 2783 183 2783 139 2784 183 2784 188 2784 175 2785 170 2785 142 2785 142 2786 170 2786 169 2786 142 2787 169 2787 143 2787 143 2788 169 2788 177 2788 143 2789 177 2789 179 2789 175 2790 142 2790 172 2790 172 2791 142 2791 144 2791 172 2792 144 2792 173 2792 173 2793 144 2793 176 2793 176 2794 144 2794 1 2794 176 2795 1 2795 0 2795 1400 2796 1401 2796 1402 2796 1402 2797 1401 2797 1403 2797 1402 2798 1403 2798 1404 2798 1404 2799 1403 2799 1405 2799 1404 2800 1405 2800 1406 2800 1406 2801 1405 2801 1407 2801 1406 2802 1407 2802 1408 2802 1408 2803 1407 2803 1409 2803 1408 2804 1409 2804 1410 2804 1410 2805 1409 2805 1411 2805 1410 2806 1411 2806 1412 2806 1412 2807 1411 2807 1413 2807 1414 2808 1404 2808 1406 2808 1402 2809 1404 2809 1414 2809 1400 2810 1402 2810 1414 2810 1414 2811 1410 2811 1412 2811 1408 2812 1410 2812 1414 2812 1406 2813 1408 2813 1414 2813 1414 2814 1415 2814 1416 2814 1417 2815 1415 2815 1414 2815 1412 2816 1417 2816 1414 2816 1414 2817 1418 2817 1400 2817 1419 2818 1418 2818 1414 2818 1416 2819 1419 2819 1414 2819 1412 2820 1413 2820 1417 2820 1417 2821 1413 2821 1420 2821 1417 2822 1420 2822 1415 2822 1415 2823 1420 2823 1421 2823 1415 2824 1421 2824 1416 2824 1416 2825 1421 2825 1422 2825 1416 2826 1422 2826 1419 2826 1419 2827 1422 2827 1423 2827 1419 2828 1423 2828 1418 2828 1418 2829 1423 2829 1424 2829 1418 2830 1424 2830 1400 2830 1400 2831 1424 2831 1401 2831 1422 2832 1421 2832 1407 2832 1407 2833 1421 2833 1420 2833 1405 2834 1403 2834 1407 2834 1407 2835 1403 2835 1401 2835 1401 2836 1424 2836 1407 2836 1407 2837 1424 2837 1423 2837 1407 2838 1423 2838 1422 2838 1420 2839 1413 2839 1407 2839 1407 2840 1413 2840 1411 2840 1407 2841 1411 2841 1409 2841 1425 2842 1426 2842 1427 2842 1427 2843 1426 2843 1428 2843 1427 2844 1428 2844 1429 2844 1429 2845 1428 2845 1430 2845 1429 2846 1430 2846 1431 2846 1431 2847 1430 2847 1432 2847 1431 2848 1432 2848 1433 2848 1433 2849 1432 2849 1434 2849 1433 2850 1434 2850 1435 2850 1435 2851 1434 2851 1436 2851 1435 2852 1436 2852 1437 2852 1437 2853 1436 2853 1438 2853 1439 2854 1429 2854 1431 2854 1427 2855 1429 2855 1439 2855 1425 2856 1427 2856 1439 2856 1439 2857 1435 2857 1437 2857 1433 2858 1435 2858 1439 2858 1431 2859 1433 2859 1439 2859 1439 2860 1440 2860 1441 2860 1442 2861 1440 2861 1439 2861 1437 2862 1442 2862 1439 2862 1439 2863 1443 2863 1425 2863 1444 2864 1443 2864 1439 2864 1441 2865 1444 2865 1439 2865 1437 2866 1438 2866 1442 2866 1442 2867 1438 2867 1445 2867 1442 2868 1445 2868 1440 2868 1440 2869 1445 2869 1446 2869 1440 2870 1446 2870 1441 2870 1441 2871 1446 2871 1447 2871 1441 2872 1447 2872 1444 2872 1444 2873 1447 2873 1448 2873 1444 2874 1448 2874 1443 2874 1443 2875 1448 2875 1449 2875 1443 2876 1449 2876 1425 2876 1425 2877 1449 2877 1426 2877 1448 2878 1447 2878 1432 2878 1432 2879 1447 2879 1446 2879 1434 2880 1432 2880 1436 2880 1436 2881 1432 2881 1446 2881 1436 2882 1446 2882 1438 2882 1438 2883 1446 2883 1445 2883 1449 2884 1448 2884 1426 2884 1426 2885 1448 2885 1432 2885 1426 2886 1432 2886 1428 2886 1428 2887 1432 2887 1430 2887</p>
        </triangles>
      </mesh>
    </geometry>
  </library_geometries>
  <library_visual_scenes>
    <visual_scene id="Scene" name="Scene">
      <node id="link_1" name="link_1" type="NODE">
        <matrix sid="transform">1 0 0 0 0 1 0 0 0 0 1 0 0 0 0 1</matrix>
        <instance_geometry url="#link_1-mesh" name="link_1">
          <bind_material>
            <technique_common>
              <instance_material symbol="base-material" target="#base-material"/>
            </technique_common>
          </bind_material>
        </instance_geometry>
      </node>
    </visual_scene>
  </library_visual_scenes>
  <scene>
    <instance_visual_scene url="#Scene"/>
  </scene>
</COLLADA>