<?xml version="1.0" encoding="utf-8"?>
<COLLADA xmlns="http://www.collada.org/2005/11/COLLADASchema" version="1.4.1" xmlns:xsi="http://www.w3.org/2001/XMLSchema-instance">
  <asset>
    <contributor>
      <author>Blender User</author>
      <authoring_tool>Blender 4.5.7 LTS commit date:2026-02-16, commit time:13:34, hash:a9874eeece8d</authoring_tool>
    </contributor>
    <created>2026-10-01T12:26:30</created>
    <modified>2026-10-01T12:26:30</modified>
    <unit name="meter" meter="1"/>
    <up_axis>Z_UP</up_axis>
  </asset>
  <library_effects>
    <effect id="black-effect">
      <profile_COMMON>
        <technique sid="common">
          <lambert>
            <emission>
              <color sid="emission">0 0 0 1</color>
            </emission>
            <diffuse>
              <color sid="diffuse">0 0 0 1</color>
            </diffuse>
            <index_of_refraction>
              <float sid="ior">1.5</float>
            </index_of_refraction>
          </lambert>
        </technique>
      </profile_COMMON>
    </effect>
    <effect id="base-effect">
      <profile_COMMON>
        <technique sid="common">
          <lambert>
            <emission>
              <color sid="emission">0 0 0 1</color>
            </emission>
            <diffuse>
              <color sid="diffuse">0.22 0.22 0.17 1</color>
            </diffuse>
            <index_of_refraction>
              <float sid="ior">1.5</float>
            </index_of_refraction>
          </lambert>
        </technique>
      </profile_COMMON>
    </effect>
    <effect id="light-effect">
      <profile_COMMON>
        <technique sid="common">
          <lambert>
            <emission>
              <color sid="emission">0 0 0 1</color>
            </emission>
            <diffuse>
              <color sid="diffuse">1 1 1 1</color>
            </diffuse>
            <index_of_refraction>
              <float sid="ior">1.5</float>
            </index_of_refraction>
          </lambert>
        </technique>
      </profile_COMMON>
    </effect>
    <effect id="silver-effect">
      <profile_COMMON>
        <technique sid="common">
          <lambert>
            <emission>
              <color sid="emission">0 0 0 1</color>
            </emission>
            <diffuse>
              <color sid="diffuse">0.3 0.3 0.3 1</color>
            </diffuse>
            <index_of_refraction>
              <float sid="ior">1.5</float>
            </index_of_refraction>
          </lambert>
        </technique>
      </profile_COMMON>
    </effect>
  </library_effects>
  <library_images/>
  <library_materials>
    <material id="black-material" name="black">
      <instance_effect url="#black-effect"/>
    </material>
    <material id="base-material" name="base">
      <instance_effect url="#base-effect"/>
    </material>
    <material id="light-material" name="light">
      <instance_effect url="#light-effect"/>
    </material>
    <material id="silver-material" name="silver">
      <instance_effect url="#silver-effect"/>
    </material>
  </library_materials>
  <library_geometries>
    <geometry id="link_base-mesh" name="link_base">
      <mesh>
        <source id="link_base-mesh-positions">
          <float_array id="link_base-mesh-positions-array" count="10350">-0.009388864 0.01042103 0.06569999 -0.009388864 0.01042103 0.07034188 -0.009499967 0.01122993 0.06569999 -0.009499967 0.01122993 0.0708 -0.009207069 0 0.07009285 -0.009334385 0 0.07024884 -0.009438157 0 0.07045388 -0.009493589 0 0.07068711 -0.009499967 0 0.0708 -0.00885266 0.008964359 0.06986391 -0.008499979 0.00827372 0.06979995 -0.008499979 0 0.06979995 -0.008526027 0 0.06980031 -0.00898391 0 0.06992489 -0.009015142 0.009336531 0.06994289 -0.0091995 0.009820222 0.07008534 0.008559823 0.008381903 0.06980168 0.00885266 0.0089643 0.06986385 0.00898391 0 0.06992489 0.009499967 0.01122993 0.0708 0.009499967 0 0.0708 0.009493589 0 0.07068711 0.009388864 0.01042103 0.07034188 0.009207069 0 0.07009285 0.009438157 0 0.07045388 0.009334385 0 0.07024884 0.009201049 0.009824633 0.07008689 0.00907427 0.009483516 0.06998127 0.008499979 0.00827372 0.06979995 0.008526027 0 0.06980031 0.008499979 0 0.06979995 0.009499967 0.01122993 0.06569999 0.009388864 0.01042103 0.06569999 0.005209982 -0.006748974 0.06980031 0.006028771 -0.006028771 0.06980031 0.006352543 -0.006352543 0.06992489 0.008221685 -0.004746794 0.07068711 0.006712973 -0.006712973 0.07068711 0.006600379 -0.006600379 0.07024884 0 -0.009493589 0.07068711 -0.002457082 -0.009170114 0.07068711 -0.002415895 -0.009016335 0.07024884 -0.003095448 -0.007916271 0.06979995 -0.002199947 -0.00821042 0.06979995 -0.002206683 -0.008235514 0.06980031 0.008526027 0 0.06980031 0.008235514 -0.002206683 0.06980031 0.00821042 -0.002199947 0.06979995 0.008047521 -0.002736389 0.06979995 0.007895588 -0.003217458 0.06980031 0.007361233 -0.004249989 0.06979995 0.007383763 -0.004262983 0.06980031 0.006833076 -0.005055665 0.06979995 -0.001117587 -0.008452475 0.06980031 -2.74109e-4 -0.008495569 0.06979995 0 -0.008526027 0.06980031 9.14589e-5 -0.008499503 0.06979995 0.002206683 -0.008235514 0.06980031 -0.008257031 -0.002017915 0.06979995 -0.008526027 0 0.06980031 -0.008235514 -0.002206683 0.06980031 -0.00867778 -0.002325177 0.06992489 -0.009176254 -0.002458751 0.0708 -0.009493589 0 0.07068711 -0.007277369 -0.006106436 0.0708 -0.008227229 -0.004749953 0.0708 -0.008221685 -0.004746794 0.07068711 -0.008927047 -0.003249168 0.0708 -0.006712973 -0.006712973 0.07068711 -0.006717503 -0.006717503 0.0708 -0.004749953 -0.008227229 0.0708 0.001649618 -0.009355664 0.0708 0 -0.009499967 0.0708 -0.001649618 -0.009355664 0.0708 -0.002458751 -0.009176254 0.0708 0.004749953 -0.008227229 0.0708 0.002458751 -0.009176254 0.0708 0.002457082 -0.009170114 0.07068711 0.008927047 -0.003249168 0.0708 0.008227229 -0.004749953 0.0708 0.007277369 -0.006106436 0.0708 0.006717503 -0.006717503 0.0708 0.009170114 -0.002457082 0.07068711 0.009176254 -0.002458751 0.0708 -0.009170114 -0.002457082 0.07068711 -0.009016335 -0.002415895 0.07024884 -0.004491925 -0.007780253 0.06992489 -0.004667162 -0.00808382 0.07024884 -0.004746794 -0.008221685 0.07068711 0 -0.009334385 0.07024884 0.002415895 -0.009016335 0.07024884 0.004491925 -0.007780253 0.06992489 0.004667162 -0.00808382 0.07024884 0.004746794 -0.008221685 0.07068711 0.009016335 -0.002415895 0.07024884 0.009334385 0 0.07024884 -0.007780253 -0.004491925 0.06992489 -0.00808382 -0.004667162 0.07024884 -0.006600379 -0.006600379 0.07024884 -0.006352543 -0.006352543 0.06992489 0.002325177 -0.00867778 0.06992489 0 -0.00898391 0.06992489 -0.002325177 -0.00867778 0.06992489 0.007780253 -0.004491925 0.06992489 0.00867778 -0.002325177 0.06992489 0.00898391 0 0.06992489 -0.009334385 0 0.07024884 -0.00898391 0 0.06992489 -0.007383763 -0.004262983 0.06980031 -0.006786048 -0.005161583 0.06980031 -0.006028771 -0.006028771 0.06980031 -0.005209982 -0.006748974 0.06980031 -0.004262983 -0.007383763 0.06980031 -0.00821042 -0.002199947 0.06979995 -0.007361233 -0.004249989 0.06979995 -0.007211744 -0.004498958 0.06979995 -0.006010353 -0.006010353 0.06979995 -0.005366563 -0.006591737 0.06979995 -0.004249989 -0.007361233 0.06979995 -0.003276228 -0.007871448 0.06980031 0.003276228 -0.007871448 0.06980031 0.004262983 -0.007383763 0.06980031 0.00808382 -0.004667162 0.07024884 0.002199947 -0.00821042 0.06979995 0.00263375 -0.008081734 0.06979995 0.004249989 -0.007361233 0.06979995 0.005055904 -0.006832897 0.06979995 0.006010353 -0.006010353 0.06979995 0.006786048 -0.005161583 0.06980031 0.009485185 0.01122993 0.06552857 0.009374618 0.01042503 0.06552857 0.009365975 0.01122993 0.06519997 0.009192109 0.01047611 0.06509423 0.009295642 0.01122993 0.06509423 0.008999943 0.01122993 0.06483393 0.008830845 0.01057732 0.06479269 0.00892049 0.01122993 0.06479269 0.008425891 0.01069068 0.0647 0.008499979 0.01122993 0.0647 0.007589638 0.007902622 0.06479269 0.007241666 0.008138656 0.0647 0.007937669 0.009366452 0.0647 0.008844077 0.008945822 0.06569999 0.008069276 0.007577419 0.06569999 0.008056998 0.007585704 0.06552857 0.008830666 0.008952081 0.06552857 0.007900178 0.007692098 0.06509423 0.008658766 0.009031832 0.06509423 0.008318483 0.009189784 0.06479269 0.006413996 0.007699966 0.0647 0.006882369 0.007816433 0.0647 0.007079303 0.007444858 0.06479269 0.007350742 0.006932914 0.06569999 0.006413996 0.006699979 0.06569999 0.006413996 0.006714761 0.06552857 0.007343769 0.006945967 0.06552857 0.006413996 0.00683397 0.06519997 0.007255017 0.007113397 0.06509423 0.006413996 0.006904304 0.06509423 0.006413996 0.007199943 0.06483393 0.006413996 0.007279455 0.06479269 -0.006413996 0.007699966 0.0647 -0.006413996 0.007279455 0.06479269 -0.006413996 0.007199943 0.06483393 -0.006413996 0.006904304 0.06509423 -0.006413996 0.00683397 0.06519997 -0.006413996 0.006714761 0.06552857 -0.006413996 0.006699979 0.06569999 -0.007350742 0.006932914 0.06569999 -0.008069276 0.007577419 0.06569999 -0.008056998 0.007585704 0.06552857 -0.007343769 0.006945967 0.06552857 -0.007255017 0.007113397 0.06509423 -0.007900178 0.007692098 0.06509423 -0.007589638 0.007902622 0.06479269 -0.007079303 0.007444858 0.06479269 -0.007241666 0.008138656 0.0647 -0.006882369 0.007816433 0.0647 -0.008830845 0.01057732 0.06479269 -0.008425891 0.01069068 0.0647 -0.007937669 0.009366452 0.0647 -0.008844077 0.008945822 0.06569999 -0.009374618 0.01042503 0.06552857 -0.008830666 0.008952081 0.06552857 -0.009192109 0.01047611 0.06509423 -0.008658766 0.009031832 0.06509423 -0.008318483 0.009189784 0.06479269 -0.009485185 0.01122993 0.06552857 -0.009423851 0.01122993 0.06531727 -0.009295642 0.01122993 0.06509423 -0.00892049 0.01122993 0.06479269 -0.008499979 0.01122993 0.0647 -0.008069276 0.007577419 0.06979995 0.008069276 0.007577419 0.06979995 -0.006413996 0.006699979 0.06979995 -0.007350742 0.006932914 0.06979995 0.006413996 0.006699979 0.06979995 0.007350742 0.006932914 0.06979995 9.14589e-5 -0.008499503 0.06979995 0.009499967 0 0.08199995 0.009176254 -0.002458751 0.08199995 0.008927047 -0.003249168 0.08199995 0.008227229 -0.004749953 0.08199995 0.007277369 -0.006106436 0.08199995 0.006717503 -0.006717503 0.08199995 0.004749953 -0.008227229 0.08199995 0.002458751 -0.009176254 0.08199995 0.001649618 -0.009355664 0.08199995 0 -0.009499967 0.0708 0 -0.009499967 0.08199995 -0.001649618 -0.009355664 0.08199995 -0.002458751 -0.009176254 0.08199995 -0.004749953 -0.008227229 0.08199995 -0.006717503 -0.006717503 0.08199995 -0.007277369 -0.006106436 0.08199995 -0.008227229 -0.004749953 0.08199995 -0.008927047 -0.003249168 0.08199995 -0.009176254 -0.002458751 0.08199995 -0.009499967 0 0.08199995 -0.009435474 0.009043514 0.08235335 -0.009499967 0.009547412 0.08199995 -0.008499979 0 0.083 -0.008499979 0.006723701 0.083 -0.008671402 0 0.08298516 -0.008728623 0.007155656 0.08297407 -0.008846104 0 0.08293819 -0.008849561 0.007407605 0.08293747 -0.009105682 0 0.08279567 -0.009205698 0.008287847 0.08270859 -0.009207069 0 0.0827071 -0.009407281 0 0.08242052 -0.009499967 0.009547412 0.08609998 -0.009435474 0.009043514 0.08609998 0.009435474 0.009043514 0.08609998 0.009435474 0.009043514 0.08235335 0.009499967 0.009547412 0.08609998 0.009499967 0.009547412 0.08199995 0.008499979 0.006723701 0.083 0.008499979 0 0.083 0.008671402 0 0.08298516 0.009014487 0.007785081 0.08285748 0.008846104 0 0.08293819 0.009105682 0 0.08279567 0.009201765 0.0082767 0.08271247 0.009207069 0 0.0827071 0.009357333 0.008760869 0.082515 0.009407281 0 0.08242052 0.009086728 -0.00243473 0.08242052 -0.006651937 -0.006651937 0.08242052 0.002244293 -0.008375942 0.08298516 0 -0.008671402 0.08298516 0 -0.009105682 0.08279567 -0.008210361 -0.002199947 0.083 -0.008671402 0 0.08298516 -0.007361173 -0.004249989 0.083 -0.008375942 -0.002244293 0.08298516 -0.006010353 -0.006010353 0.083 -0.007509648 -0.004335701 0.08298516 -0.004249989 -0.007361173 0.083 -0.006131589 -0.006131589 0.08298516 -0.002199947 -0.008210361 0.083 -0.004335701 -0.007509648 0.08298516 0 -0.008499979 0.083 0.002199947 -0.008210361 0.083 0.004249989 -0.007361173 0.083 0.008210361 -0.002199947 0.083 0.007361173 -0.004249989 0.083 0.007509648 -0.004335701 0.08298516 0.008375942 -0.002244293 0.08298516 -0.00879544 -0.002356708 0.08279567 -0.00243473 -0.009086728 0.08242052 -0.002356708 -0.00879544 0.08279567 -0.002244293 -0.008375942 0.08298516 0.004552841 -0.007885754 0.08279567 0.006438672 -0.006438672 0.08279567 0.006131589 -0.006131589 0.08298516 0.00879544 -0.002356708 0.08279567 -0.009407281 0 0.08242052 -0.009086728 -0.00243473 0.08242052 -0.009105682 0 0.08279567 0.006651937 -0.006651937 0.08242052 0.00470364 -0.008146941 0.08242052 0.00243473 -0.009086728 0.08242052 -0.007885754 -0.004552841 0.08279567 -0.008146941 -0.00470364 0.08242052 -0.006438672 -0.006438672 0.08279567 -0.004552841 -0.007885754 0.08279567 -0.00470364 -0.008146941 0.08242052 0 -0.009407281 0.08242052 0.002356708 -0.00879544 0.08279567 0.004335701 -0.007509648 0.08298516 0.006010353 -0.006010353 0.083 0 -0.009499967 0.08199995 0.007885754 -0.004552841 0.08279567 0.008146941 -0.00470364 0.08242052 0.008286237 0.006361901 0.08609998 0.008758306 0.007215857 0.08609998 0.008752584 0.007218658 0.08621275 0.007883548 0.007643759 0.08709961 0.008874654 0.009189546 0.08700728 0.007860481 0.007655084 0.08709996 0.008467733 0.009295463 0.08709996 0.00942111 0.009047269 0.0862714 0.007726132 0.005563259 0.08621275 0.007731199 0.005559384 0.08609998 0.007599949 0.005660235 0.08665102 0.006385385 0.004151463 0.0862714 0.006395101 0.004140317 0.08609998 0.009237706 0.009095013 0.08670568 0.008609592 0.007288575 0.08665102 0.008936107 0.009173512 0.08697503 0.00829482 0.007442593 0.08697503 0.006938576 0.006168425 0.08709996 0.005739212 0.00489515 0.08709996 0.006958961 0.006152749 0.08709961 0.006015002 0.004577696 0.08700728 0.007322072 0.005873739 0.08697503 0.00626105 0.004294514 0.08670568 0.006286501 0.004265248 0.08665102 0.007458627 0.006875097 0.08709961 0.007436394 0.006888866 0.08709996 0.008499979 0.009547412 0.08709996 0.009485185 0.009547412 0.0862714 0.009365975 0.009547412 0.0866 0.009295642 0.009547412 0.08670568 0.008999943 0.009547412 0.08696597 0.00892049 0.009547412 0.08700728 -0.009485185 0.009547412 0.0862714 -0.00942111 0.009047269 0.0862714 -0.009365975 0.009547412 0.0866 -0.009275257 0.009085237 0.08665102 -0.009295642 0.009547412 0.08670568 -0.009237706 0.009095013 0.08670568 -0.008999943 0.009547412 0.08696597 -0.008874654 0.009189546 0.08700728 -0.00892049 0.009547412 0.08700728 -0.008467733 0.009295463 0.08709996 -0.008499979 0.009547412 0.08709996 -0.008286237 0.006361901 0.08609998 -0.007731199 0.005559384 0.08609998 -0.007726132 0.005563259 0.08621275 -0.006958961 0.006152749 0.08709961 -0.006015002 0.004577696 0.08700728 -0.006938576 0.006168365 0.08709996 -0.005739212 0.00489515 0.08709996 -0.006395101 0.004140317 0.08609998 -0.006385385 0.004151463 0.0862714 -0.008752584 0.007218658 0.08621275 -0.008758306 0.007215857 0.08609998 -0.008609592 0.007288575 0.08665102 -0.00626105 0.004294514 0.08670568 -0.007599949 0.005660235 0.08665102 -0.006056666 0.004529774 0.08697503 -0.007322072 0.005873739 0.08697503 -0.007860422 0.007655084 0.08709996 -0.007883548 0.007643759 0.08709961 -0.00829482 0.007442593 0.08697503 -0.007458627 0.006875097 0.08709961 -0.007436394 0.006888866 0.08709996 -0.005083262 0.004649996 0.08709996 -0.00543338 0.004713237 0.08709996 -0.005580604 0.004319369 0.08700728 -0.005778312 0.003790438 0.0862714 -0.005783498 0.00377655 0.08609998 -0.005083262 0.003664791 0.0862714 -0.005083262 0.00364995 0.08609998 -0.005711972 0.00396794 0.08670568 -0.005083262 0.003783941 0.0866 -0.005083262 0.003854274 0.08670568 -0.005083262 0.004149973 0.08696597 -0.005083262 0.004229426 0.08700728 0.005083262 0.004649996 0.08709996 0.005083262 0.004229426 0.08700728 0.005083262 0.004149973 0.08696597 0.005083262 0.003854274 0.08670568 0.005083262 0.003783941 0.0866 0.005083262 0.003664791 0.0862714 0.005083262 0.00364995 0.08609998 0.005783498 0.00377655 0.08609998 0.005778312 0.003790438 0.0862714 0.005711972 0.00396794 0.08670568 0.005580604 0.004319369 0.08700728 0.00543338 0.004713237 0.08709996 -0.008286237 0.006361901 0.083 -0.006395101 0.004140317 0.083 0.008286237 0.006361901 0.083 0.006395101 0.004140317 0.083 0.005783498 0.00377655 0.083 0.005083262 0.00364995 0.083 -0.005783498 0.00377655 0.083 -0.005083262 0.00364995 0.083 0 -0.008499979 0.083 -0.008499979 0.01499998 0.0647 0.008499979 0.01499998 0.0647 -0.009499967 0.01499998 0.06569999 -0.009423851 0.01499998 0.06531727 -0.009207069 0.01499998 0.06499284 -0.008882641 0.01499998 0.06477612 0.009499967 0.01499998 0.06569999 0.009365975 0.01499998 0.06519997 0.008999943 0.01499998 0.06483393 -0.009499967 0.01499998 0.08609998 -0.008499979 0.01499998 0.08709996 0.008499979 0.01499998 0.08709996 0.009499967 0.01499998 0.08609998 -0.009365975 0.01499998 0.0866 -0.008999943 0.01499998 0.08696597 0.009365975 0.01499998 0.0866 0.008999943 0.01499998 0.08696597 0.01496374 0.01876395 0.08719998 0.01774823 0.01499998 0.08719998 0.01876395 0.01496374 0.08719998 0.01865273 0.01478374 0.08719998 0.01936167 0.01418179 0.08719998 0.01041316 0.02162325 0.08719998 0.005340456 0.02339822 0.08719998 0 0.02399998 0.08719998 -0.005340456 0.02339822 0.08719998 -0.01041316 0.02162325 0.08719998 -0.01774823 0.01499998 0.08719998 -0.01496374 0.01876395 0.08719998 -0.01865273 0.01478374 0.08719998 -0.01876395 0.01496374 0.08719998 -0.01936167 0.01418179 0.08719998 0.01774823 0.01499998 0.06369996 -0.01774823 0.01499998 0.06369996 -0.01865273 0.01478374 0.06369996 -0.01936167 0.01418179 0.06369996 0.005340456 -0.02339822 0.06369996 0 -0.02399998 0.06369996 0 -0.02399998 0.09719997 0.01079684 -0.02143424 0.09369999 0.01079684 -0.02143424 0.09719997 0.01496374 -0.01876395 0.09719997 0.02143424 0.01079684 0.09369999 0.02143424 0.01079684 0.09719997 0.01876395 0.01496374 0.09719997 0.01936167 0.01418179 0.06369996 0.02162325 0.01041316 0.06369996 0.02162325 0.01041316 0.09369999 0.02188062 0.009860813 0.09369999 0.02339822 0.005340456 0.06369996 0.005340456 -0.02339822 0.09719997 0.009860813 -0.02188062 0.09719997 0.009860813 -0.02188062 0.09369999 0.01496374 0.01876395 0.09719997 0.01041316 0.02162325 0.09719997 0.005340456 0.02339822 0.09719997 0 0.02399998 0.09719997 0.01041316 -0.02162325 0.06369996 0.01041316 -0.02162325 0.09369999 0.01496374 -0.01876395 0.06369996 0.01876395 -0.01496374 0.06369996 0.01876395 -0.01496374 0.09719997 0.02162325 -0.01041316 0.06369996 0.02162325 -0.01041316 0.09719997 0.02339822 -0.005340456 0.06369996 0.02339822 -0.005340456 0.09719997 0.02399998 0 0.06369996 0.02399998 0 0.09719997 0.02339822 0.005340456 0.09719997 0.02188062 0.009860813 0.09719997 -0.01496374 -0.01876395 0.06369996 -0.01041316 -0.02162325 0.06369996 -0.005340456 -0.02339822 0.06369996 -0.01876395 -0.01496374 0.06369996 0.01865273 0.01478374 0.06369996 -0.02162325 -0.01041316 0.06369996 -0.02399998 0 0.06369996 -0.02339822 -0.005340456 0.06369996 -0.02162325 0.01041316 0.06369996 -0.02339822 0.005340456 0.06369996 0.02717936 0.01281076 0.09369999 0.02245962 0.009245336 0.09369999 0.02335208 0.008747696 0.09369999 0.02438181 0.01467263 0.09369999 0.02293515 0.01431393 0.09369999 0.02183121 0.01331251 0.09369999 0.02628093 0.01400005 0.09369999 0.02538853 0.01449769 0.09369999 0.02133363 0.01190757 0.09369999 0.02690935 0.009932816 0.09369999 0.02740699 0.01133781 0.09369999 0.02580541 0.008931398 0.09369999 0.02435874 0.008572697 0.09369999 -0.01060444 0.02724528 0.09369999 -0.01161116 0.02742028 0.09369999 -0.01305782 0.02706158 0.09369999 -0.01163423 0.02132034 0.09369999 -0.01079684 0.02143424 0.09369999 -0.01041316 0.02162325 0.09369999 -0.01353335 0.02199292 0.09369999 -0.01264095 0.02149528 0.09369999 -0.01416176 0.02606016 0.09369999 -0.01465934 0.02465522 0.09369999 -0.01443177 0.02318221 0.09369999 -0.008585989 0.0240854 0.09369999 -0.008813619 0.02555841 0.09369999 -0.009083628 0.02268046 0.09369999 -0.00971204 0.02674764 0.09369999 -0.009860813 0.02188062 0.09369999 -0.02717936 -0.01281076 0.09369999 -0.02162325 -0.01041316 0.09369999 -0.02188062 -0.009860813 0.09369999 -0.02245962 -0.009245336 0.09369999 -0.02335208 -0.008747696 0.09369999 -0.02435874 -0.008572697 0.09369999 -0.02438181 -0.01467263 0.09369999 -0.02293515 -0.01431393 0.09369999 -0.02183121 -0.01331251 0.09369999 -0.02628093 -0.01400005 0.09369999 -0.02538853 -0.01449769 0.09369999 -0.02143424 -0.01079684 0.09369999 -0.02133363 -0.01190757 0.09369999 -0.02580541 -0.008931398 0.09369999 -0.02690935 -0.009932816 0.09369999 -0.02740699 -0.01133781 0.09369999 0.01060444 -0.02724528 0.09369999 0.01161116 -0.02742028 0.09369999 0.01305782 -0.02706158 0.09369999 0.01163423 -0.02132034 0.09369999 0.01353335 -0.02199292 0.09369999 0.01264095 -0.02149528 0.09369999 0.01443177 -0.02318221 0.09369999 0.01465934 -0.02465522 0.09369999 0.01416176 -0.02606016 0.09369999 0.008585989 -0.0240854 0.09369999 0.008813619 -0.02555841 0.09369999 0.009083628 -0.02268046 0.09369999 0.00971204 -0.02674764 0.09369999 -8.21358e-4 -0.01497745 0.09719997 -0.005340456 -0.02339822 0.09719997 -0.005007684 -0.01413935 0.09719997 -0.01041316 -0.02162325 0.09719997 -0.008788406 -0.01215577 0.09719997 -0.01496374 -0.01876395 0.09719997 -0.01185709 -0.0091874 0.09719997 8.21358e-4 0.01497745 0.09719997 0.005007684 0.01413935 0.09719997 0.008788406 0.01215577 0.09719997 0.01185709 0.0091874 0.09719997 -0.01079684 0.02143424 0.09719997 -0.007406473 0.01304388 0.09719997 -0.01496374 0.01876395 0.09719997 -0.01078134 0.0104289 0.09719997 -0.01876395 0.01496374 0.09719997 -0.02162325 0.01041316 0.09719997 -0.01328277 0.006968975 0.09719997 -0.02339822 0.005340456 0.09719997 -0.0147081 0.002944469 0.09719997 -0.02399998 0 0.09719997 -0.01494193 -0.001318514 0.09719997 -0.02339822 -0.005340456 0.09719997 -0.01396518 -0.005474686 0.09719997 -0.02188062 -0.009860813 0.09719997 -0.01018756 0.02167904 0.09719997 -0.009860813 0.02188062 0.09719997 -0.003431558 0.01460218 0.09719997 -0.005340456 0.02339822 0.09719997 -0.01876395 -0.01496374 0.09719997 -0.02143424 -0.01079684 0.09719997 -0.0215612 -0.01043456 0.09719997 0.007406473 -0.01304388 0.09719997 0.01078134 -0.0104289 0.09719997 0.01018756 -0.02167904 0.09719997 0.003431558 -0.01460218 0.09719997 0.01328277 -0.006968975 0.09719997 0.0147081 -0.002944469 0.09719997 0.01494193 0.001318514 0.09719997 0.01396518 0.005474686 0.09719997 0.0215612 0.01043456 0.09719997 -0.02201056 -0.01355504 0.09997951 -0.02183687 -0.01332098 0.1001981 -0.02335208 -0.008747696 0.1006751 -0.02288627 -0.008958041 0.1009182 -0.02218425 -0.009495735 0.1011979 -0.02166646 -0.01021134 0.1013038 -0.02154147 -0.01276296 0.1006032 -0.02133053 -0.01187223 0.1010246 -0.02137452 -0.0110501 0.1012393 -0.02156072 -0.0104357 0.1013031 -0.02444183 -0.01467186 0.09705239 -0.02347022 -0.01453685 0.09823912 -0.02294319 -0.01431822 0.09886562 -0.02264994 -0.0141412 0.09921234 -0.02538853 -0.01449769 0.09585016 -0.01060444 0.02724528 0.09585016 -0.009914934 0.02689737 0.09681183 -0.009234964 0.02626806 0.09795135 -0.009714305 0.02674949 0.0971232 -0.008588671 0.02468252 0.09973728 -0.008787333 0.02549427 0.09894692 -0.008611857 0.02388292 0.1003459 -0.008585333 0.02409243 0.1002003 -0.01018792 0.02167886 0.1013031 -0.01004856 0.0217579 0.1012956 -0.009368121 0.02231615 0.1011546 -0.009079813 0.02268612 0.1010094 -0.008879542 0.02303701 0.1008442 -0.01086544 0.02141577 0.1012674 -0.01176774 0.02132374 0.1010602 -0.01264095 0.02149528 0.1006751 0.02676814 0.0135076 0.09422653 0.02627569 0.01400423 0.09473806 0.02554339 0.01443809 0.09565162 0.02538853 0.01449769 0.09585016 0.02708029 0.01302212 0.09405297 0.02718067 0.01280778 0.09405702 0.02727651 0.01254802 0.09411829 0.02740156 0.01196044 0.09444224 0.02691024 0.009934186 0.09678262 0.02705615 0.01017749 0.0964272 0.02737766 0.01111435 0.09523802 0.02740567 0.01132416 0.09501224 0.02643984 0.009382247 0.09768104 0.02577704 0.008916497 0.09861755 0.02503615 0.008646249 0.09941768 0.02422749 0.008576035 0.1001013 0.02335208 0.008747696 0.1006751 0.0135411 -0.02199918 0.09999364 0.01333099 -0.02184361 0.1001893 0.01264095 -0.02149528 0.1006751 0.01465928 -0.02465564 0.09678387 0.01466739 -0.02419048 0.09736394 0.01447385 -0.02328711 0.09845763 0.01401209 -0.0224747 0.09941977 0.01328074 -0.02693027 0.09411144 0.01306033 -0.02706021 0.09405702 0.012802 -0.02718305 0.09405821 0.01376825 -0.02653807 0.09444493 0.01422816 -0.02595579 0.09512782 0.0145787 -0.02512156 0.09619247 0.01229166 -0.02734601 0.09423077 0.01151788 -0.02741849 0.09481918 0.01060444 -0.02724528 0.09585016 -0.01879733 -0.01481723 0.1013136 -0.01680588 -0.01324748 0.1024629 -0.01853293 -0.01069885 0.1024629 -0.01467525 -0.011568 0.1030877 -0.01618331 -0.009342491 0.1030877 -0.01354122 0.02199929 0.09999346 -0.01400792 0.02246946 0.09942597 -0.01594454 0.02078127 0.09968537 -0.01447135 0.02328056 0.0984655 -0.01466667 0.0241791 0.09737807 -0.01709586 0.02228182 0.09764248 -0.0220561 -0.01738601 0.09764248 0.006931245 0.03002256 0.09090614 0.006407558 0.03013867 0.09090614 0.00633949 0.02981865 0.0926491 0 0.03081226 0.09090614 -0.002416074 0.03071737 0.09090614 -0.002390444 0.03039121 0.0926491 -0.003732681 0.01649963 0.1032 -0.00412321 0.01822584 0.1030877 -0.006695806 0.01744556 0.1030877 -0.006061673 0.01579332 0.1032 -0.009129822 0.01630425 0.1030877 -0.008265137 0.01476007 0.1032 -0.01137489 0.01482546 0.1030877 -0.01029759 0.01342129 0.1032 -0.01338452 0.01303982 0.1030877 -0.01211684 0.01180481 0.1032 -0.01511716 0.0109843 0.1030877 -0.0136854 0.009943962 0.1032 -0.01653689 0.008701384 0.1030877 -0.01497066 0.00787729 0.1032 -0.0176143 0.0062384 0.1030877 -0.01594603 0.005647599 0.1032 -0.01832723 0.003646314 0.1030877 -0.01659142 0.003300964 0.1032 -0.01866078 9.78809e-4 0.1030877 -0.01689338 8.86105e-4 0.1032 -0.01860809 -0.001708984 0.1030877 -0.0168457 -0.001547098 0.1032 -0.01817029 -0.00436145 0.1030877 -0.01644939 -0.00394833 0.1032 -0.01735645 -0.006923615 0.1030877 -0.01571261 -0.006267845 0.1032 -0.01465058 -0.00845766 0.1032 -0.01328539 -0.01047235 0.1032 -0.005647599 -0.01594603 0.1032 -0.007680654 -0.01507246 0.1032 -0.0062384 -0.0176143 0.1030877 -0.008484184 -0.01664936 0.1030877 -0.007144153 -0.02017164 0.1024629 -0.009715974 -0.01906657 0.1024629 -0.007990717 -0.0225619 0.1013136 -0.01086723 -0.02132588 0.1013136 -0.008744597 -0.0246905 0.09968537 -0.01189255 -0.02333784 0.09968537 -0.009375989 -0.02647334 0.09764248 -0.01275128 -0.02502304 0.09764248 -0.009859979 -0.02783983 0.09526568 -0.01340949 -0.02631467 0.09526568 -0.01028662 -0.02904444 0.09090614 -0.01017743 -0.02873605 0.0926491 -0.01253247 -0.02814841 0.09090614 -0.01384115 -0.02716177 0.0926491 -0.01398968 -0.0274533 0.09090614 -0.01759541 -0.02489459 0.0926491 -0.01778423 -0.0251618 0.09090614 -0.02098554 -0.02211219 0.0926491 -0.02121073 -0.02234947 0.09090614 -0.03024613 -0.005879223 0.09090614 -0.02996122 -0.007191598 0.09090614 -0.02964311 -0.007115244 0.0926491 -0.02861922 -0.01141643 0.09090614 -0.02831536 -0.01129519 0.0926491 -0.02668488 -0.01540493 0.09090614 -0.02640157 -0.01524138 0.0926491 -0.02584135 -0.01678156 0.09090614 -0.02394127 -0.01887208 0.0926491 -0.02419823 -0.01907461 0.09090614 -0.02216446 -0.02140396 0.09090614 -0.03068315 -0.002817988 0.09090614 -0.03035736 -0.002788066 0.0926491 -0.03081226 0 0.09090614 -0.03044325 0.001596808 0.0926491 -0.03076994 0.001613914 0.09090614 -0.02989906 0.005948662 0.0926491 -0.03021997 0.006012499 0.09090614 -0.02873605 0.01017743 0.0926491 -0.02904444 0.01028662 0.09090614 -0.01767319 0.02523994 0.09090614 -0.01875621 0.02444583 0.09090614 -0.01855707 0.02418625 0.0926491 -0.02206993 0.02150148 0.09090614 -0.02183556 0.02127319 0.0926491 -0.02492684 0.01811212 0.09090614 -0.02466213 0.01791977 0.0926491 -0.02584135 0.01678156 0.09090614 -0.02697831 0.0141955 0.0926491 -0.02726781 0.01434785 0.09090614 -0.02856862 0.01154243 0.09090614 -0.01505428 0.02688425 0.09090614 -0.01489448 0.02659881 0.0926491 -0.01253247 0.02814841 0.09090614 -0.01092356 0.0284608 0.0926491 -0.0110408 0.02876621 0.09090614 0.003517866 0.01654678 0.1032 0.005647599 0.01594603 0.1032 0.003885924 0.01827794 0.1030877 0.0062384 0.0176143 0.1030877 0.004450082 0.0209316 0.1024629 0.007144153 0.02017164 0.1024629 0.004977405 0.02341187 0.1013136 0.007990717 0.0225619 0.1013136 0.00544703 0.02562069 0.09968537 0.008744597 0.0246905 0.09968537 0.005840301 0.02747064 0.09764248 0.009375989 0.02647334 0.09764248 0.006141781 0.0288887 0.09526568 0.009859979 0.02783983 0.09526568 0.01017743 0.02873605 0.0926491 0.01028662 0.02904444 0.09090614 -0.02223157 -0.008868336 0.1013136 -0.02327406 -0.005586504 0.1013136 -0.02422749 -0.008576035 0.1001013 -0.02730894 -0.006554961 0.09764248 -0.02644246 -0.009384691 0.09767669 -0.02577936 -0.008917689 0.09861475 -0.02691024 -0.009934127 0.09678244 -0.02871859 -0.006893336 0.09526568 -0.0270524 -0.01017045 0.09643697 -0.02743226 -0.01094293 0.09526568 -0.02737563 -0.01110255 0.0952512 -0.02620279 -0.01406079 0.09482467 -0.0267049 -0.01358532 0.09428119 -0.02705353 -0.01307272 0.09405863 -0.02718126 -0.01280629 0.0940572 -0.02729344 -0.01249325 0.09413832 -0.02741098 -0.01186108 0.09451794 -0.02740585 -0.01132601 0.09501034 -0.02319461 -0.01828348 0.09526568 -0.02557814 -0.01476603 0.09526568 -0.02542525 -0.0144844 0.09580308 -0.02057075 -0.0162152 0.09968537 -0.02072894 -0.01196664 0.1013136 -0.01423239 0.02594888 0.09513646 -0.01377373 0.02653253 0.09445065 -0.01281118 0.02717918 0.09405708 -0.01306051 0.02706015 0.09405702 -0.01328778 0.02692568 0.09411406 -0.01229149 0.02734607 0.09423089 -0.01151823 0.02741849 0.09481889 -0.01058292 0.02757316 0.09526568 -0.01465928 0.02465564 0.09678381 -0.01797831 0.02343195 0.09526568 -0.01458001 0.0251165 0.09619891 -0.01442992 0.02576923 0.09526568 -0.01169425 0.02088379 0.1013136 -0.01456993 0.01898968 0.1013136 -0.01332527 0.02183973 0.1001942 -0.008576571 0.02234572 0.1013136 -0.005281329 0.02334517 0.1013136 -0.005779623 0.02554768 0.09968537 -0.006516814 0.02880638 0.09526568 -0.006196975 0.02739238 0.09764248 -0.01987636 -0.007928788 0.1024629 -0.02080839 -0.00499463 0.1024629 -0.02130973 -0.001957118 0.1024629 -0.02137005 0.001120865 0.1024629 -0.02098804 0.004175722 0.1024629 -0.02017164 0.007144153 0.1024629 -0.01893776 0.009964704 0.1024629 -0.01731193 0.01257902 0.1024629 -0.01532775 0.01493299 0.1024629 -0.01302635 0.01697784 0.1024629 -0.01045536 0.01867139 0.1024629 -0.007667958 0.0199784 0.1024629 -0.00472182 0.02087193 0.1024629 -0.02383482 -0.00218898 0.1013136 -0.02390229 0.001253724 0.1013136 -0.02347499 0.00467056 0.1013136 -0.0225619 0.007990717 0.1013136 -0.02118176 0.01114547 0.1013136 -0.01936328 0.01406955 0.1013136 -0.01714402 0.01670247 0.1013136 -0.01876151 0.01827824 0.09968537 -0.0211901 0.01539695 0.09968537 -0.02318018 0.01219701 0.09968537 -0.0246905 0.008744597 0.09968537 -0.02568978 0.005111157 0.09968537 -0.02615731 0.001371979 0.09968537 -0.02608352 -0.00239551 0.09968537 -0.02546983 -0.006113529 0.09968537 -0.02503854 -0.008646786 0.09941542 -0.0201162 0.01959806 0.09764248 -0.02272021 0.01650875 0.09764248 -0.02485394 0.01307773 0.09764248 -0.02647334 0.009375989 0.09764248 -0.02754473 0.005480229 0.09764248 -0.02804607 0.001471042 0.09764248 -0.02796691 -0.002568483 0.09764248 -0.009763956 -0.01381438 0.1032 -0.01078546 -0.01525962 0.1030877 -0.01235133 -0.01747506 0.1024629 -0.01381492 -0.01954579 0.1013136 -0.0151183 -0.02138984 0.09968537 -0.0162099 -0.02293437 0.09764248 -0.01704668 -0.02411818 0.09526568 -0.01164519 -0.01227033 0.1032 -0.01286351 -0.01355409 0.1030877 -0.01473104 -0.01552194 0.1024629 -0.01647663 -0.01736116 0.1013136 -0.01803112 -0.01899915 0.09968537 -0.01933306 -0.02037101 0.09764248 -0.02033102 -0.02142256 0.09526568 -0.02115458 0.02060973 0.09526568 -0.02389299 0.01736092 0.09526568 -0.02613693 0.01375275 0.09526568 -0.02783983 0.009859979 0.09526568 -0.0289666 0.005763113 0.09526568 -0.0294938 0.001546978 0.09526568 -0.02941054 -0.002701103 0.09526568 -0.006726622 0.02973371 0.0926491 -0.006798803 0.03005278 0.09090614 -0.001326501 0.01686453 0.1032 -0.00146526 0.01862889 0.1030877 -0.001677989 0.02133351 0.1024629 -0.001876831 0.0238614 0.1013136 -0.002053916 0.02611267 0.09968537 -0.002202212 0.02799814 0.09764248 -0.002315878 0.02944338 0.09526568 0.001107156 0.01688033 0.1032 0.001222968 0.01864635 0.1030877 0.00140053 0.02135354 0.1024629 0.001566469 0.02388381 0.1013136 0.001714289 0.02613711 0.09968537 0.001838028 0.02802443 0.09764248 0.001932919 0.02947103 0.09526568 0.001995146 0.03041976 0.0926491 0.002016544 0.03074622 0.09090614 -8.21358e-4 -0.01497745 0.1032 -0.001107156 -0.01688033 0.1032 0.001326501 -0.01686453 0.1032 0.003431558 -0.01460218 0.1032 -0.003517866 -0.01654678 0.1032 -0.005007684 -0.01413935 0.1032 -0.008788406 -0.01215577 0.1032 8.21358e-4 0.01497745 0.1032 0.008788406 0.01215577 0.1032 0.01185709 0.0091874 0.1032 0.01328539 0.01047235 0.1032 -0.01185709 -0.0091874 0.1032 -0.01396518 -0.005474686 0.1032 -0.01494193 -0.001318514 0.1032 -0.0147081 0.002944469 0.1032 -0.003431558 0.01460218 0.1032 0.005007684 0.01413935 0.1032 0.01164519 0.01227033 0.1032 0.009763956 0.01381438 0.1032 0.007680654 0.01507246 0.1032 0.01396518 0.005474686 0.1032 0.01494193 0.001318514 0.1032 0.0168457 0.001547098 0.1032 -0.01078134 0.0104289 0.1032 -0.01328277 0.006968975 0.1032 -0.007406473 0.01304388 0.1032 0.01644939 0.00394833 0.1032 0.01571261 0.006267845 0.1032 0.01465058 0.00845766 0.1032 0.01328277 -0.006968975 0.1032 0.01078134 -0.0104289 0.1032 0.0136854 -0.009943962 0.1032 0.01497066 -0.00787729 0.1032 0.01594603 -0.005647599 0.1032 0.0147081 -0.002944469 0.1032 0.01659142 -0.003300964 0.1032 0.01689338 -8.86105e-4 0.1032 0.007406473 -0.01304388 0.1032 0.01029759 -0.01342129 0.1032 0.01211684 -0.01180481 0.1032 0.003732681 -0.01649963 0.1032 0.006061673 -0.01579332 0.1032 0.008265137 -0.01476007 0.1032 0.0354982 -0.0110951 0.02224338 0.0354982 -0.01159387 0.02234858 0.03449821 -0.0110951 0.02224338 0.0354982 -0.01287621 0.02295881 0.03449821 -0.01288461 0.02296477 0.0354982 -0.01288461 0.02296477 0.03449821 -0.01414597 0.02442473 0.0354982 -0.01364731 0.02367234 0.0354982 -0.01414597 0.02442473 0.0354982 -0.01459997 0.02629995 0.03449821 -0.01459997 0.02629995 0.03449821 -0.009904801 0.02224338 0.03449821 -0.009904801 0.02204138 0.03449821 -0.008115351 0.02296477 0.03449821 -0.008014976 0.02279072 0.03449821 -0.006853938 0.02442473 0.03449821 -0.006680548 0.02432459 0.03449821 -0.006399989 0.02629995 0.03449821 -0.006199955 0.02629995 0.03449821 -0.006949245 0.02834999 0.03449821 -0.006776034 0.02844995 0.03449821 -0.008449971 0.02985066 0.03449821 -0.008349955 0.03002387 0.03449821 -0.01049995 0.03039997 0.03449821 -0.01049995 0.03059995 0.03449821 -0.01254999 0.02985066 0.03449821 -0.01264995 0.03002387 0.03449821 -0.01405066 0.02834999 0.03449821 -0.01422387 0.02844995 0.03449821 -0.01479995 0.02629995 0.03449821 -0.01431936 0.02432459 0.03449821 -0.01298499 0.02279072 0.03449821 -0.0110951 0.02204138 0.0354982 -0.009904801 0.02204138 0.0354982 -0.008014976 0.02279072 0.0354982 -0.006680548 0.02432459 0.0354982 -0.006199955 0.02629995 0.03349822 -0.009904801 0.02298033 0.0354982 -0.009904801 0.02298033 0.03349822 -0.009931623 0.02308034 0.0354982 -0.009931623 0.02308034 0.03349822 -0.01000481 0.02315354 0.0354982 -0.01000481 0.02315354 0.03349822 -0.01010483 0.02318036 0.0354982 -0.01010483 0.02318036 0.03349822 -0.01089513 0.02318036 0.0354982 -0.01089513 0.02318036 0.03349822 -0.01097166 0.0231651 0.0354982 -0.01097166 0.0231651 0.03349822 -0.01103651 0.02312177 0.0354982 -0.01103651 0.02312177 0.03349822 -0.0110799 0.02305686 0.0354982 -0.0110799 0.02305686 0.03349822 -0.0110951 0.02298033 0.0354982 -0.0110951 0.02298033 0.0354982 -0.0110951 0.02296102 0.03349822 -0.0110951 0.02183949 0.0354982 -0.0110951 0.02183949 0.0354982 -0.0110951 0.02204138 0.0354982 -0.009904801 0.02183949 0.03349822 -0.009904801 0.02183949 0.0354982 -0.009904801 0.02224338 0.0354982 -0.009904801 0.02296102 0.03349822 -0.01049995 0.02179998 0.0304982 -0.008628666 0.02461165 0.0304982 -0.008811652 0.02442866 0.0304982 -0.008878648 0.02417868 0.0304982 -0.008811652 0.02392864 0.0304982 -0.007878661 0.02417868 0.0304982 -0.008628666 0.02374565 0.0304982 -0.008378624 0.02367866 0.0304982 -0.008128643 0.02374565 0.0304982 -0.007945656 0.02392864 0.0304982 -0.008378624 0.02467864 0.0304982 -0.008128643 0.02461165 0.0304982 -0.007945656 0.02442866 0.0354982 -0.007878661 0.02417868 0.0354982 -0.007945656 0.02442866 0.0354982 -0.008128643 0.02461165 0.0354982 -0.008378624 0.02467864 0.0354982 -0.008628666 0.02461165 0.0354982 -0.008811652 0.02442866 0.0354982 -0.008878648 0.02417868 0.0304982 -0.007249951 0.02673298 0.0304982 -0.007499992 0.02679997 0.0304982 -0.007749974 0.02673298 0.0304982 -0.007749974 0.02586698 0.0304982 -0.007499992 0.02579998 0.0304982 -0.007249951 0.02586698 0.0304982 -0.00793296 0.02654999 0.0304982 -0.007999956 0.02629995 0.0304982 -0.006999969 0.02629995 0.0304982 -0.007066965 0.02654999 0.0304982 -0.007066965 0.02604997 0.0304982 -0.00793296 0.02604997 0.0354982 -0.006999969 0.02629995 0.0354982 -0.007066965 0.02654999 0.0354982 -0.007249951 0.02673298 0.0354982 -0.007499992 0.02679997 0.0354982 -0.007749974 0.02673298 0.0354982 -0.00793296 0.02654999 0.0354982 -0.007999956 0.02629995 0.0304982 -0.008628666 0.02885431 0.0304982 -0.008811652 0.02867132 0.0304982 -0.008878648 0.02842128 0.0304982 -0.008811652 0.0281713 0.0304982 -0.007878661 0.02842128 0.0304982 -0.008628666 0.02798825 0.0304982 -0.008378624 0.02792131 0.0304982 -0.008128643 0.02798825 0.0304982 -0.007945656 0.0281713 0.0304982 -0.008378624 0.0289213 0.0304982 -0.008128643 0.02885431 0.0304982 -0.007945656 0.02867132 0.0354982 -0.007878661 0.02842128 0.0354982 -0.007945656 0.02867132 0.0354982 -0.008128643 0.02885431 0.0354982 -0.008378624 0.0289213 0.0354982 -0.008628666 0.02885431 0.0354982 -0.008811652 0.02867132 0.0354982 -0.008878648 0.02842128 0.0304982 -0.0131213 0.02417868 0.0304982 -0.01305431 0.02392864 0.0304982 -0.01287132 0.02374565 0.0304982 -0.01212131 0.02417868 0.0304982 -0.01218825 0.02442866 0.0304982 -0.0123713 0.02461165 0.0304982 -0.01218825 0.02392864 0.0304982 -0.0123713 0.02374565 0.0304982 -0.01262128 0.02367866 0.0304982 -0.01305431 0.02442866 0.0304982 -0.01287132 0.02461165 0.0304982 -0.01262128 0.02467864 0.0354982 -0.01212131 0.02417868 0.0354982 -0.01218825 0.02442866 0.0354982 -0.0123713 0.02461165 0.0354982 -0.01262128 0.02467864 0.0354982 -0.01287132 0.02461165 0.0354982 -0.01305431 0.02442866 0.0354982 -0.0131213 0.02417868 0.0304982 -0.01324999 0.02586698 0.0304982 -0.01306694 0.02604997 0.0304982 -0.01299995 0.02629995 0.0304982 -0.01306694 0.02654999 0.0304982 -0.01399999 0.02629995 0.0304982 -0.01324999 0.02673298 0.0304982 -0.01349997 0.02679997 0.0304982 -0.01374995 0.02673298 0.0304982 -0.013933 0.02654999 0.0304982 -0.01349997 0.02579998 0.0304982 -0.01374995 0.02586698 0.0304982 -0.013933 0.02604997 0.0354982 -0.01299995 0.02629995 0.0354982 -0.01306694 0.02654999 0.0354982 -0.01324999 0.02673298 0.0354982 -0.01349997 0.02679997 0.0354982 -0.01374995 0.02673298 0.0354982 -0.013933 0.02654999 0.0354982 -0.01399999 0.02629995 0.0304982 -0.0131213 0.02842128 0.0304982 -0.01305431 0.0281713 0.0304982 -0.01287132 0.02798825 0.0304982 -0.01212131 0.02842128 0.0304982 -0.01218825 0.02867132 0.0304982 -0.0123713 0.02885431 0.0304982 -0.01218825 0.0281713 0.0304982 -0.0123713 0.02798825 0.0304982 -0.01262128 0.02792131 0.0304982 -0.01305431 0.02867132 0.0304982 -0.01287132 0.02885431 0.0304982 -0.01262128 0.0289213 0.0354982 -0.01212131 0.02842128 0.0354982 -0.01218825 0.02867132 0.0354982 -0.0123713 0.02885431 0.0354982 -0.01262128 0.0289213 0.0354982 -0.01287132 0.02885431 0.0354982 -0.01305431 0.02867132 0.0354982 -0.0131213 0.02842128 0.0304982 -0.01099997 0.02629995 0.0304982 -0.01093298 0.02604997 0.0304982 -0.01074999 0.02586698 0.0304982 -0.00999999 0.02629995 0.0304982 -0.01006698 0.02654999 0.0304982 -0.01024997 0.02673298 0.0304982 -0.01006698 0.02604997 0.0304982 -0.01024997 0.02586698 0.0304982 -0.01049995 0.02579998 0.0304982 -0.01093298 0.02654999 0.0304982 -0.01074999 0.02673298 0.0304982 -0.01049995 0.02679997 0.0354982 -0.00999999 0.02629995 0.0354982 -0.01006698 0.02654999 0.0354982 -0.01024997 0.02673298 0.0354982 -0.01049995 0.02679997 0.0354982 -0.01074999 0.02673298 0.0354982 -0.01093298 0.02654999 0.0354982 -0.01099997 0.02629995 0.0304982 -0.01099997 0.02929997 0.0304982 -0.01093298 0.02904999 0.0304982 -0.01074999 0.02886694 0.0304982 -0.00999999 0.02929997 0.0304982 -0.01006698 0.02954995 0.0304982 -0.01024997 0.029733 0.0304982 -0.01006698 0.02904999 0.0304982 -0.01024997 0.02886694 0.0304982 -0.01049995 0.02879995 0.0304982 -0.01093298 0.02954995 0.0304982 -0.01074999 0.029733 0.0304982 -0.01049995 0.02979999 0.0354982 -0.00999999 0.02929997 0.0354982 -0.01006698 0.02954995 0.0354982 -0.01024997 0.029733 0.0354982 -0.01049995 0.02979999 0.0354982 -0.01074999 0.029733 0.0354982 -0.01093298 0.02954995 0.0354982 -0.01099997 0.02929997 0.0354982 -0.008249998 0.02240288 0.0354982 -0.006602883 0.02404999 0.0354982 -0.01274996 0.02240288 0.0354982 -0.01298499 0.02279072 0.0354982 -0.01439708 0.02404999 0.0354982 -0.01431936 0.02432459 0.0354982 -0.01499998 0.02629995 0.0354982 -0.01479995 0.02629995 0.0354982 -0.01439708 0.02854996 0.0354982 -0.01422387 0.02844995 0.0354982 -0.01274996 0.03019708 0.0354982 -0.01264995 0.03002387 0.0354982 -0.01049995 0.03079998 0.0354982 -0.01049995 0.03059995 0.0354982 -0.008249998 0.03019708 0.0354982 -0.008349955 0.03002387 0.0354982 -0.006602883 0.02854996 0.0354982 -0.006776034 0.02844995 0.0354982 -0.005999982 0.02629995 0.02849823 -0.01274996 0.02240288 0.02849823 -0.01049995 0.02179998 0.02849823 -0.008249998 0.02240288 0.02849823 -0.01439708 0.02404999 0.02849823 -0.01499998 0.02629995 0.02849823 -0.006602883 0.02404999 0.02849823 -0.005999982 0.02629995 0.02849823 -0.009276092 0.02093786 0.02849823 -0.007070779 0.02199989 0.02849823 -0.005544662 0.02391362 0.02849823 -0.004999995 0.02629995 0.02849823 -0.006602883 0.02854996 0.02849823 -0.005544662 0.02868634 0.02849823 -0.008249998 0.03019708 0.02849823 -0.007070779 0.03060007 0.02849823 -0.01049995 0.03079998 0.02849823 -0.009276092 0.0316621 0.02849823 -0.01172381 0.0316621 0.02849823 -0.01274996 0.03019708 0.02849823 -0.01392918 0.03060007 0.02849823 -0.01439708 0.02854996 0.02849823 -0.0154553 0.02868634 0.02849823 -0.01599997 0.02629995 0.02849823 -0.0154553 0.02391362 0.02849823 -0.01392918 0.02199989 0.02849823 -0.01172381 0.02093786 0.0354982 -0.007352232 0.02892708 0.0354982 -0.007439315 0.02736061 0.0354982 -0.006949245 0.02834999 0.0354982 -0.009403169 0.03025054 0.0354982 -0.009439289 0.02936065 0.0354982 -0.008449971 0.02985066 0.0354982 -0.01312708 0.02944773 0.0354982 -0.01156061 0.02936065 0.0354982 -0.01254999 0.02985066 0.0354982 -0.01445055 0.02739673 0.0354982 -0.01356065 0.02736061 0.0354982 -0.01405066 0.02834999 0.0354982 -0.01356065 0.02523928 0.0354982 -0.01156061 0.02296102 0.0354982 -0.01156061 0.02523928 0.0354982 -0.009439289 0.02296102 0.0354982 -0.009439289 0.02523928 0.0354982 -0.01218825 0.02392864 0.0354982 -0.0123713 0.02374565 0.0354982 -0.01262128 0.02367866 0.0354982 -0.01287132 0.02374565 0.0354982 -0.01305431 0.02392864 0.0354982 -0.01218825 0.0281713 0.0354982 -0.01156061 0.02736061 0.0354982 -0.0123713 0.02798825 0.0354982 -0.01262128 0.02792131 0.0354982 -0.01287132 0.02798825 0.0354982 -0.01305431 0.0281713 0.0354982 -0.01049995 0.03039997 0.0354982 -0.008628666 0.02798825 0.0354982 -0.009439289 0.02736061 0.0354982 -0.008378624 0.02792131 0.0354982 -0.008128643 0.02798825 0.0354982 -0.008811652 0.0281713 0.0354982 -0.007945656 0.0281713 0.0354982 -0.006546795 0.0252127 0.0354982 -0.006399989 0.02629995 0.0354982 -0.007439315 0.02523928 0.0354982 -0.006853938 0.02442473 0.0354982 -0.007945656 0.02392864 0.0354982 -0.008115351 0.02296477 0.0354982 -0.008128643 0.02374565 0.0354982 -0.008123755 0.02295881 0.0354982 -0.008628666 0.02374565 0.0354982 -0.008811652 0.02392864 0.0354982 -0.008378624 0.02367866 0.0354982 -0.009406089 0.02234858 0.0354982 -0.007066965 0.02604997 0.0354982 -0.007249951 0.02586698 0.0354982 -0.007499992 0.02579998 0.0354982 -0.007749974 0.02586698 0.0354982 -0.00793296 0.02604997 0.0354982 -0.01306694 0.02604997 0.0354982 -0.01324999 0.02586698 0.0354982 -0.01349997 0.02579998 0.0354982 -0.01374995 0.02586698 0.0354982 -0.013933 0.02604997 0.0354982 -0.01093298 0.02904999 0.0354982 -0.01074999 0.02886694 0.0354982 -0.01024997 0.02886694 0.0354982 -0.01049995 0.02879995 0.0354982 -0.01006698 0.02904999 0.0354982 -0.01093298 0.02604997 0.0354982 -0.01074999 0.02586698 0.0354982 -0.01049995 0.02579998 0.0354982 -0.01024997 0.02586698 0.0354982 -0.01006698 0.02604997 0.02249997 -0.01599997 0.02629995 0.02249997 -0.0154553 0.02391362 0.02249997 -0.01392918 0.02199989 0.02249997 -0.01172381 0.02093786 0.02249997 -0.009276092 0.02093786 0.02249997 -0.007070779 0.02199989 0.02249997 -0.005544662 0.02391362 0.02249997 -0.004999995 0.02629995 0.02361822 0.001349985 0.02967 0.02361822 0.01414996 0.02967 0.03361821 0.001349985 0.02967 0.03361821 0.01414996 0.02967 0.02361822 0.001349985 0.02792996 0.03361821 0.001349985 0.02792996 0.02361822 0.002449989 0.02792996 0.03361821 0.002449989 0.02792996 0.02361822 0.002449989 0.02621996 0.03361821 0.002449989 0.02621996 0.02361822 0.001349985 0.02621996 0.03361821 0.001349985 0.02621996 0.02361822 0.001349985 0.01958996 0.03361821 0.001349985 0.01958996 0.02361822 0.005289971 0.01958996 0.03361821 0.005289971 0.01958996 0.02361822 0.01414996 0.01958996 0.02361822 0.01020997 0.01958996 0.03361821 0.01414996 0.01958996 0.03361821 0.01020997 0.01958996 0.02361822 0.01414996 0.02621996 0.03361821 0.01414996 0.02621996 0.02361822 0.01304996 0.02621996 0.03361821 0.01304996 0.02621996 0.02361822 0.01304996 0.02792996 0.03361821 0.01304996 0.02792996 0.02361822 0.01414996 0.02792996 0.03361821 0.01414996 0.02792996 0.03361821 0.005289971 0.01819998 0.02361822 0.005289971 0.01819998 0.02361822 0.01020997 0.01819998 0.03361821 0.01020997 0.01819998 0.03361821 -3e-4 0.01819998 0.03361821 -3e-4 0.03489995 0.03361821 0.01579999 0.01819998 0.03361821 0.01579999 0.03489995 0.01849997 -3e-4 0.01819998 0.01849997 0.01579999 0.01819998 0.01849997 -3e-4 0.03489995 0.01849997 0.01579999 0.03489995 0.02249997 -0.01870727 0.03831917 0.02249997 -0.01879996 0.03779995 0.02945822 -0.01879996 0.03779995 0.02998 -0.01796096 0.03914666 0.03036838 -0.01729995 0.03929996 0.02249997 -0.01729995 0.03929996 0.02249997 -0.01781916 0.03920727 0.02249997 -0.01836061 0.03886061 0.02973753 -0.01835745 0.03886389 0.02948164 -0.01876342 0.0381307 0.02951842 -0.01870584 0.03832334 0.02965736 -0.01848602 0.03871876 0.02945822 -0.01879996 0.03529995 0.02249997 -0.01879996 0.03529995 0.03211575 -0.01381307 0.03529995 0.02249997 -0.001999974 0.03529995 0.03414362 -0.007594823 0.03529995 0.0349369 -0.001999974 0.03529995 0.03492742 -0.002151846 0.03845787 0.03490775 -0.002439379 0.03886067 0.0349369 -0.001999974 0.03779995 0.0348975 -0.002576291 0.03898167 0.03486412 -0.002980947 0.03920733 0.03484505 -0.003189325 0.03926771 0.03481435 -0.003499984 0.03929996 0.03469228 -0.004530668 0.03929996 0.03453969 -0.005557358 0.03929996 0.03435677 -0.006578981 0.03929996 0.03211575 -0.01381307 0.03929996 0.02992272 -0.01805567 0.03854995 0.0332753 -0.01075142 0.03929996 0.03414362 -0.007594823 0.03929996 0.03482455 -0.003499984 0.01729995 0.03485435 -0.003189504 0.01733219 0.02249997 -0.003499984 0.01729995 0.02249997 -0.002980768 0.01739269 0.0349428 -0.001999974 0.01879996 0.02249997 -0.001999974 0.01879996 0.03493374 -0.002151906 0.01814198 0.02249997 -0.002092659 0.0182808 0.02249997 -0.00243932 0.01773929 0.03487277 -0.002980947 0.01739257 0.03490501 -0.00257641 0.01761817 0.03491485 -0.002439379 0.01773923 0.02249997 -0.01890724 0.0182808 0.02249997 -0.01899999 0.01879996 0.02939385 -0.01899999 0.01879996 0.0299195 -0.01816099 0.01745331 0.03031086 -0.01749998 0.01729995 0.02249997 -0.01749998 0.01729995 0.02249997 -0.01801913 0.01739269 0.02249997 -0.01856064 0.01773929 0.02967524 -0.01855736 0.01773601 0.02941745 -0.01896339 0.01846915 0.02945452 -0.01890581 0.01827657 0.02959442 -0.01868605 0.01788121 0.02249997 -0.01801913 0.03920727 0.02249997 -0.01749998 0.03929996 0.03031086 -0.01749998 0.03929996 0.02947252 -0.01887768 0.03839319 0.02939385 -0.01899999 0.03779995 0.02249997 -0.01899999 0.03779995 0.02999192 -0.01804113 0.03919893 0.02969819 -0.01852071 0.03889912 0.02249997 -0.01856064 0.03886061 0.02249997 -0.01890724 0.03831917 0.0349428 -0.001999974 0.03779995 0.03435695 -0.006678283 0.01729995 0.03245139 -0.01311123 0.01729995 0.03120535 0.01584994 0.01941418 0.01849997 0.01584994 0.01941418 0.01849997 0.01604384 0.01914095 0.03109323 0.01606881 0.01908469 0.01849997 0.01614189 0.01866221 0.03105503 0.01614254 0.01868224 0.03110349 0.01604902 0.01828414 0.01849997 0.01600134 0.01819419 0.03112858 0.01600027 0.01819217 0.03125298 0.01575595 0.01791703 0.01849997 0.01565575 0.01784861 0.031304 0.01565432 0.01784771 0.03148216 0.01529288 0.01771837 0.01849997 0.01518774 0.01770806 0.03153276 0.01518821 0.01770806 0.01849997 0.01470899 0.01780611 0.0317313 0.01476895 0.01777958 0.01849997 0.01443576 0.01799994 0.03188425 0.01443576 0.01799994 0.03169316 0.01485067 0.0353493 0.03188425 0.01443576 0.03509998 0.01849997 0.01443576 0.03509998 0.01849997 0.01476019 0.03531676 0.01849997 0.01514285 0.03539288 0.03155457 0.01514285 0.03539288 0.03499507 -5.84277e-4 0.03405398 0.03499823 -3.5e-4 0.03368574 0.01849997 -3.5e-4 0.03368574 0.01849997 -5.6975e-4 0.03401744 0.01849997 -6.33993e-4 0.03452599 0.03499424 -6.32893e-4 0.03454029 0.01849997 -4.37838e-4 0.03499954 0.0349971 -4.50013e-4 0.03498256 0.01849997 -3.28209e-5 0.03531372 0.0349999 -7.8444e-5 0.03529286 0.01849997 3.57107e-4 0.03539288 0.03499817 3.57107e-4 0.03539288 0.01849997 3.12242e-4 0.01770806 0.03499382 6.5739e-4 0.01775312 0.01849997 7.90991e-4 0.01780611 0.03498381 0.001064181 0.01799994 0.01849997 0.001064181 0.01799994 0.01849997 -1.55792e-4 0.01784861 0.03499948 1.81615e-4 0.01772242 0.03499859 3.12253e-4 0.01770806 0.01849997 -5.01342e-4 0.01819419 0.03499931 -2.15679e-4 0.01788717 0.0349996 -1.55856e-4 0.01784849 0.03499406 -6.42863e-4 0.0187155 0.03499591 -5.32288e-4 0.01824975 0.03499639 -5.01466e-4 0.01819407 0.01849997 -6.41886e-4 0.01866221 0.01849997 -5.43862e-4 0.01914095 0.03499609 -5.22992e-4 0.01918208 0.01849997 -3.5e-4 0.01941418 0.03499823 -3.5e-4 0.01941418 0.01849997 0.001064181 0.03509998 0.03245139 0.01311123 0.03509998 0.03435695 0.006678283 0.03509998 0.03498381 0.001064181 0.03509998 0.01849997 0.01584994 0.03368574 0.03120535 0.01584994 0.03368574 0.03245139 0.01311123 0.01799994 0.03435695 0.006678283 0.01799994 0.02249997 -0.0154553 0.02868634 0.02249997 -0.005544662 0.02868634 0.02249997 -0.007070779 0.03060007 0.02249997 -0.01392918 0.03060007 0.02249997 -0.01172381 0.0316621 0.02249997 -0.009276092 0.0316621 0.03145778 -0.01534295 0.03929996 0.03245139 -0.01311123 0.03929996 0.03355866 -0.009940505 0.03929996 0.03399693 -0.00831896 0.03929996 0.03435695 -0.006678283 0.03929996 0.03462719 -0.005094468 0.03929996 0.03482455 -0.003499984 0.03929996 0.03488439 -0.002842068 0.03914809 0.03491485 -0.002439379 0.03886073 0.03492313 -0.002318084 0.03872346 0.03493738 -0.002092659 0.03831923 0.03494095 -0.002032041 0.03810977 0.01089996 0.01069277 0.01379996 0.01049995 0.009199976 0.01379996 0.01049995 0.0108 0.01379996 0.01009994 0.009307146 0.01379996 0.009807169 0.009599983 0.01379996 0.0097 0.00999999 0.01379996 0.009807169 0.01039999 0.01379996 0.01009994 0.01069277 0.01379996 0.01119279 0.009599983 0.01379996 0.01089996 0.009307146 0.01379996 0.01129996 0.00999999 0.01379996 0.01119279 0.01039999 0.01379996 -0.01009994 0.01069277 0.01379996 -0.01049995 0.009199976 0.01379996 -0.01049995 0.0108 0.01379996 -0.01089996 0.009307146 0.01379996 -0.009807169 0.009599983 0.01379996 -0.01009994 0.009307146 0.01379996 -0.0097 0.00999999 0.01379996 -0.009807169 0.01039999 0.01379996 -0.01119279 0.01039999 0.01379996 -0.01089996 0.01069277 0.01379996 -0.01129996 0.00999999 0.01379996 -0.01119279 0.009599983 0.01379996 0.005499958 0.00563395 0.01379996 0.005133926 0.005999982 0.01379996 0.004999995 0.006499946 0.01379996 0.006499946 0.00563395 0.01379996 0.005999982 0.005499958 0.01379996 0.006865978 0.005999982 0.01379996 0.006999969 0.006499946 0.01379996 0.006999969 0.01349997 0.01379996 0.004999995 0.01349997 0.01379996 0.005499958 0.01436597 0.01379996 0.005999982 0.01449996 0.01379996 0.006499946 0.01436597 0.01379996 0.005133926 0.01399999 0.01379996 0.006865978 0.01399999 0.01379996 -0.006999969 0.01349997 0.01379996 -0.004999995 0.01349997 0.01379996 -0.006999969 0.006499946 0.01379996 -0.004999995 0.006499946 0.01379996 -0.005133926 0.005999982 0.01379996 -0.006499946 0.00563395 0.01379996 -0.006865978 0.005999982 0.01379996 -0.005999982 0.005499958 0.01379996 -0.005499958 0.00563395 0.01379996 -0.006499946 0.01436597 0.01379996 -0.005999982 0.01449996 0.01379996 -0.005499958 0.01436597 0.01379996 -0.006865978 0.01399999 0.01379996 -0.005133926 0.01399999 0.01379996 0.00236696 0.009149968 0.01349997 0.002299964 0.00939995 0.01349997 0.003232955 0.009149968 0.01349997 0.00236696 0.01084995 0.01349997 0.002549946 0.01103299 0.01349997 0.002799987 0.01109999 0.01349997 0.003049969 0.01103299 0.01349997 0.003232955 0.01084995 0.01349997 0.002299964 0.01059997 0.01349997 0.003299951 0.01059997 0.01349997 0.003299951 0.00939995 0.01349997 0.003049969 0.008966982 0.01349997 0.002799987 0.008899986 0.01349997 0.002549946 0.008966982 0.01349997 0.003299951 0.00939995 0.01299995 0.003299951 0.01059997 0.01299995 0.003232955 0.009149968 0.01299995 0.003049969 0.008966982 0.01299995 0.002799987 0.008899986 0.01299995 0.002549946 0.008966982 0.01299995 0.00236696 0.009149968 0.01299995 0.002299964 0.00939995 0.01299995 0.002299964 0.01059997 0.01299995 0.00236696 0.01084995 0.01299995 0.002549946 0.01103299 0.01299995 0.002799987 0.01109999 0.01299995 0.004499971 0.01189994 0.01349997 0.003499984 0.01189994 0.01349997 0.004499971 0.01309996 0.01349997 0.003499984 0.01309996 0.01349997 0.00356698 0.01334995 0.01349997 0.004432976 0.01334995 0.01349997 0.004249989 0.01353299 0.01349997 0.003999948 0.01359999 0.01349997 0.003749966 0.01353299 0.01349997 0.004249989 0.01146697 0.01349997 0.003999948 0.01139998 0.01349997 0.004432976 0.01164996 0.01349997 0.003749966 0.01146697 0.01349997 0.00356698 0.01164996 0.01349997 0.004499971 0.01189994 0.01299995 0.004499971 0.01309996 0.01299995 0.004432976 0.01164996 0.01299995 0.004249989 0.01146697 0.01299995 0.003999948 0.01139998 0.01299995 0.003749966 0.01146697 0.01299995 0.00356698 0.01164996 0.01299995 0.003499984 0.01189994 0.01299995 0.003499984 0.01309996 0.01299995 0.00356698 0.01334995 0.01299995 0.003749966 0.01353299 0.01299995 0.003999948 0.01359999 0.01299995 -0.001349985 0.007066965 0.01349997 -0.001599967 0.006999969 0.01349997 -0.001849949 0.007066965 0.01349997 -0.001849949 0.00793296 0.01349997 -0.001599967 0.007999956 0.01349997 -0.001349985 0.00793296 0.01349997 -0.001166939 0.007749974 0.01349997 -0.001099944 0.007499992 0.01349997 -0.001166939 0.007249951 0.01349997 -0.002032995 0.007249951 0.01349997 -0.002032995 0.007749974 0.01349997 -0.00209999 0.007499992 0.01349997 -0.001599967 0.007999956 0.01299995 -0.001349985 0.00793296 0.01299995 -0.001166939 0.007749974 0.01299995 -0.001099944 0.007499992 0.01299995 -0.001166939 0.007249951 0.01299995 -0.001349985 0.007066965 0.01299995 -0.001599967 0.006999969 0.01299995 -0.002549946 0.007066965 0.01349997 -0.002799987 0.006999969 0.01349997 -0.003049969 0.007066965 0.01349997 -0.003049969 0.00793296 0.01349997 -0.002799987 0.007999956 0.01349997 -0.002549946 0.00793296 0.01349997 -0.002299964 0.007499992 0.01349997 -0.00236696 0.007249951 0.01349997 -0.00236696 0.007749974 0.01349997 -0.003232955 0.007249951 0.01349997 -0.003232955 0.007749974 0.01349997 -0.003299951 0.007499992 0.01349997 -0.002799987 0.007999956 0.01299995 -0.002549946 0.00793296 0.01299995 -0.00236696 0.007749974 0.01299995 -0.002299964 0.007499992 0.01299995 -0.00236696 0.007249951 0.01299995 -0.002549946 0.007066965 0.01299995 -0.002799987 0.006999969 0.01299995 -0.003499984 0.007499992 0.01349997 -0.00356698 0.007249951 0.01349997 -0.003749966 0.007066965 0.01349997 -0.004249989 0.00793296 0.01349997 -0.003999948 0.006999969 0.01349997 -0.00356698 0.007749974 0.01349997 -0.003749966 0.00793296 0.01349997 -0.003999948 0.007999956 0.01349997 -0.004499971 0.007499992 0.01349997 -0.004432976 0.007749974 0.01349997 -0.004432976 0.007249951 0.01349997 -0.004249989 0.007066965 0.01349997 -0.003999948 0.007999956 0.01299995 -0.003749966 0.00793296 0.01299995 -0.00356698 0.007749974 0.01299995 -0.003499984 0.007499992 0.01299995 -0.00356698 0.007249951 0.01299995 -0.003749966 0.007066965 0.01299995 -0.003999948 0.006999969 0.01299995 -0.003049969 0.01043295 0.01349997 -0.002799987 0.01049995 0.01349997 -0.002549946 0.01043295 0.01349997 -0.002549946 0.009566962 0.01349997 -0.002799987 0.009499967 0.01349997 -0.003049969 0.009566962 0.01349997 -0.003299951 0.00999999 0.01349997 -0.003232955 0.01024997 0.01349997 -0.003232955 0.009749948 0.01349997 -0.00236696 0.01024997 0.01349997 -0.00236696 0.009749948 0.01349997 -0.002299964 0.00999999 0.01349997 -0.002799987 0.01049995 0.01299995 -0.002549946 0.01043295 0.01299995 -0.00236696 0.01024997 0.01299995 -0.002299964 0.00999999 0.01299995 -0.00236696 0.009749948 0.01299995 -0.002549946 0.009566962 0.01299995 -0.002799987 0.009499967 0.01299995 -0.003749966 0.009566962 0.01349997 -0.003999948 0.009499967 0.01349997 -0.004249989 0.009566962 0.01349997 -0.004249989 0.01043295 0.01349997 -0.003999948 0.01049995 0.01349997 -0.003749966 0.01043295 0.01349997 -0.004499971 0.00999999 0.01349997 -0.004432976 0.01024997 0.01349997 -0.003499984 0.00999999 0.01349997 -0.00356698 0.009749948 0.01349997 -0.00356698 0.01024997 0.01349997 -0.004432976 0.009749948 0.01349997 -0.003999948 0.01049995 0.01299995 -0.003749966 0.01043295 0.01299995 -0.00356698 0.01024997 0.01299995 -0.003499984 0.00999999 0.01299995 -0.00356698 0.009749948 0.01299995 -0.003749966 0.009566962 0.01299995 -0.003999948 0.009499967 0.01299995 -0.003749966 0.01293301 0.01349997 -0.00356698 0.01274996 0.01349997 -0.003499984 0.01249998 0.01349997 -0.004499971 0.01249998 0.01349997 -0.004432976 0.01274996 0.01349997 -0.004249989 0.01293301 0.01349997 -0.003999948 0.01199996 0.01349997 -0.004249989 0.01206696 0.01349997 -0.003749966 0.01206696 0.01349997 -0.004432976 0.01224994 0.01349997 -0.00356698 0.01224994 0.01349997 -0.003999948 0.01299995 0.01349997 -0.003999948 0.01299995 0.01299995 -0.003749966 0.01293301 0.01299995 -0.00356698 0.01274996 0.01299995 -0.003499984 0.01249998 0.01299995 -0.00356698 0.01224994 0.01299995 -0.003749966 0.01206696 0.01299995 -0.003999948 0.01199996 0.01299995 0.004249989 0.01103299 0.01349997 0.004432976 0.01084995 0.01349997 0.003999948 0.01109999 0.01349997 0.004499971 0.01059997 0.01349997 0.004499971 0.00939995 0.01349997 0.003499984 0.00939995 0.01349997 0.003749966 0.01103299 0.01349997 0.00356698 0.01084995 0.01349997 0.003499984 0.01059997 0.01349997 0.004249989 0.008966982 0.01349997 0.003999948 0.008899986 0.01349997 0.004432976 0.009149968 0.01349997 0.003749966 0.008966982 0.01349997 0.00356698 0.009149968 0.01349997 0.004499971 0.00939995 0.01299995 0.004499971 0.01059997 0.01299995 0.004432976 0.009149968 0.01299995 0.004249989 0.008966982 0.01299995 0.003999948 0.008899986 0.01299995 0.003749966 0.008966982 0.01299995 0.00356698 0.009149968 0.01299995 0.003499984 0.00939995 0.01299995 0.003499984 0.01059997 0.01299995 0.00356698 0.01084995 0.01299995 0.003749966 0.01103299 0.01299995 0.003999948 0.01109999 0.01299995 -0.005499958 0.00436598 0.01349997 -0.006499946 0.002633929 0.01349997 -0.006865978 0.002999961 0.01349997 -0.005133926 0.003999948 0.01349997 -0.004999995 0.003499984 0.01349997 -0.005133926 0.002999961 0.01349997 -0.005999982 0.004499971 0.01349997 -0.006499946 0.00436598 0.01349997 -0.006865978 0.003999948 0.01349997 -0.006999969 0.003499984 0.01349997 -0.005499958 0.002633929 0.01349997 -0.005999982 0.002499997 0.01349997 -0.005999982 0.004499971 0.01299995 -0.005499958 0.00436598 0.01299995 -0.005133926 0.003999948 0.01299995 -0.004999995 0.003499984 0.01299995 -0.005133926 0.002999961 0.01299995 -0.005499958 0.002633929 0.01299995 -0.005999982 0.002499997 0.01299995 -0.006499946 0.01563394 0.01349997 -0.006865978 0.01599997 0.01349997 -0.005133926 0.01699995 0.01349997 -0.006865978 0.01699995 0.01349997 -0.006499946 0.01736599 0.01349997 -0.005999982 0.01749998 0.01349997 -0.005999982 0.01549994 0.01349997 -0.005499958 0.01563394 0.01349997 -0.005133926 0.01599997 0.01349997 -0.004999995 0.01649999 0.01349997 -0.006999969 0.01649999 0.01349997 -0.005499958 0.01736599 0.01349997 -0.005999982 0.01749998 0.01299995 -0.005499958 0.01736599 0.01299995 -0.005133926 0.01699995 0.01299995 -0.004999995 0.01649999 0.01299995 -0.005133926 0.01599997 0.01299995 -0.005499958 0.01563394 0.01299995 -0.005999982 0.01549994 0.01299995 0.005499958 0.01563394 0.01349997 0.005133926 0.01599997 0.01349997 0.006865978 0.01699995 0.01349997 0.005133926 0.01699995 0.01349997 0.005499958 0.01736599 0.01349997 0.005999982 0.01749998 0.01349997 0.005999982 0.01549994 0.01349997 0.006499946 0.01563394 0.01349997 0.006865978 0.01599997 0.01349997 0.006999969 0.01649999 0.01349997 0.004999995 0.01649999 0.01349997 0.006499946 0.01736599 0.01349997 0.005999982 0.01749998 0.01299995 0.006499946 0.01736599 0.01299995 0.006865978 0.01699995 0.01299995 0.006999969 0.01649999 0.01299995 0.006865978 0.01599997 0.01299995 0.006499946 0.01563394 0.01299995 0.005999982 0.01549994 0.01299995 -0.005999982 0.01449996 0.01299995 -0.005499958 0.01436597 0.01299995 -0.005133926 0.01399999 0.01299995 -0.004999995 0.01349997 0.01299995 -0.006999969 0.01349997 0.01299995 -0.006865978 0.01399999 0.01299995 -0.006499946 0.01436597 0.01299995 -0.005999982 0.005499958 0.01299995 -0.006499946 0.00563395 0.01299995 -0.006865978 0.005999982 0.01299995 -0.006999969 0.006499946 0.01299995 -0.004999995 0.006499946 0.01299995 -0.005133926 0.005999982 0.01299995 -0.005499958 0.00563395 0.01299995 0.006999969 0.006499946 0.01299995 0.006865978 0.005999982 0.01299995 0.006499946 0.00563395 0.01299995 0.005999982 0.005499958 0.01299995 0.005499958 0.00563395 0.01299995 0.005133926 0.005999982 0.01299995 0.004999995 0.006499946 0.01299995 0.004999995 0.01349997 0.01299995 0.005133926 0.01399999 0.01299995 0.005499958 0.01436597 0.01299995 0.005999982 0.01449996 0.01299995 0.006499946 0.01436597 0.01299995 0.006865978 0.01399999 0.01299995 0.006999969 0.01349997 0.01299995 0.006999969 0.01169997 0.01299995 0.006999969 0.01124995 0.01299995 0.006999969 0.009049952 0.01299995 0.006999969 0.008449971 0.01299995 0.004999995 0.01169997 0.01299995 0.004999995 0.008449971 0.01299995 0.004999995 0.009049952 0.01299995 0.004999995 0.01124995 0.01299995 -0.004999995 0.01169997 0.01299995 -0.004999995 0.01124995 0.01299995 -0.004999995 0.009049952 0.01299995 -0.004999995 0.008449971 0.01299995 -0.006999969 0.01169997 0.01299995 -0.006999969 0.008449971 0.01299995 -0.006999969 0.009049952 0.01299995 -0.006999969 0.01124995 0.01299995 -0.01049995 0.009199976 0.01299995 -0.01009994 0.009307146 0.01299995 -0.009807169 0.009599983 0.01299995 -0.0097 0.00999999 0.01299995 -0.009807169 0.01039999 0.01299995 -0.01009994 0.01069277 0.01299995 -0.01049995 0.0108 0.01299995 0.01049995 0.009199976 0.01299995 0.01089996 0.009307146 0.01299995 0.01119279 0.009599983 0.01299995 0.01129996 0.00999999 0.01299995 0.01119279 0.01039999 0.01299995 0.01089996 0.01069277 0.01299995 0.01049995 0.0108 0.01299995 -0.004499971 0.00999999 0.01299995 -0.004749953 0.009049952 0.01299995 -0.004749953 0.01124995 0.01299995 6e-4 0.008449971 0.01299995 -0.002199947 0.008449971 0.01299995 -0.002199947 0.009049952 0.01299995 -0.004749953 0.006249964 0.01299995 -0.004749953 0.004999995 0.01299995 -0.001648545 -0.02244955 0.01299995 6e-4 0.004999995 0.01299995 0 -0.02250999 0.01299995 0.003399968 0.004999995 0.01299995 0.001648545 -0.02244955 0.01299995 0.004749953 0.004999995 0.01299995 0.00673139 -0.0214799 0.01299995 0.008349955 0.004999995 0.01299995 0.0223608 -0.002587199 0.01299995 0.02117919 -0.007624983 0.01299995 0.01887845 -0.01225978 0.01299995 0.01558011 -0.01624679 0.01299995 0.01145851 -0.01937526 0.01299995 0.009807169 0.009599983 0.01299995 0.01009994 0.009307146 0.01299995 0.008349955 0.009049952 0.01299995 0.01947093 0.01129525 0.01299995 0.01009994 0.01069277 0.01299995 0.008349955 0.01124995 0.01299995 0.009807169 0.01039999 0.01299995 0.0097 0.00999999 0.01299995 0.0223608 0.002587199 0.01299995 0.008349955 0.006249964 0.01299995 0.02117919 0.007624983 0.01299995 0.008349955 0.008449971 0.01299995 0.02084797 0.008488833 0.01299995 0.02058565 0.009106516 0.01299995 0.008349955 0.01169997 0.01299995 0.01921319 0.01172822 0.01299995 0.01887845 0.01225978 0.01299995 0.008349955 0.01404994 0.01299995 0.01558011 0.01624679 0.01299995 0.01145851 0.01937526 0.01299995 0.005499958 0.01563394 0.01299995 0.004749953 0.01404994 0.01299995 0.005133926 0.01599997 0.01299995 0.004999995 0.01649999 0.01299995 0.00673139 0.0214799 0.01299995 0.004776597 0.02199733 0.01299995 0.005499958 0.01736599 0.01299995 0.005133926 0.01699995 0.01299995 6e-4 0.01404994 0.01299995 0.001648545 0.02244955 0.01299995 0.003399968 0.01404994 0.01299995 -0.006865978 0.01699995 0.01299995 -0.01145851 0.01937526 0.01299995 -0.006499946 0.01736599 0.01299995 -0.00673139 0.0214799 0.01299995 -0.006999969 0.01649999 0.01299995 -0.006865978 0.01599997 0.01299995 -0.008349955 0.01404994 0.01299995 -0.004749953 0.01404994 0.01299995 -0.004776597 0.02199733 0.01299995 -0.00342524 0.02224785 0.01299995 -0.003399968 0.01404994 0.01299995 -0.002210795 0.02240115 0.01299995 -0.002199947 0.01404994 0.01299995 -0.001648545 0.02244955 0.01299995 0 0.02250999 0.01299995 -0.01690495 0.009049952 0.01299995 -0.01947093 0.01129525 0.01299995 -0.01690495 0.01124995 0.01299995 -0.01921319 0.01172822 0.01299995 -0.01690495 0.01169997 0.01299995 -0.01887845 0.01225978 0.01299995 -0.01690495 0.01404994 0.01299995 -0.01558011 0.01624679 0.01299995 -0.02058565 0.009106516 0.01299995 -0.01690495 0.008449971 0.01299995 -0.02084797 0.008488833 0.01299995 -0.01690495 0.006249964 0.01299995 -0.02117919 0.007624983 0.01299995 -0.01690495 0.004999995 0.01299995 -0.0223608 0.002587199 0.01299995 -0.01887845 -0.01225978 0.01299995 -0.02117919 -0.007624983 0.01299995 -0.0223608 -0.002587199 0.01299995 -0.006865978 0.003999948 0.01299995 -0.006999969 0.003499984 0.01299995 -0.008349955 0.004999995 0.01299995 -0.01145851 -0.01937526 0.01299995 -0.01558011 -0.01624679 0.01299995 -0.006865978 0.002999961 0.01299995 -0.006499946 0.002633929 0.01299995 -0.00673139 -0.0214799 0.01299995 -0.004776597 -0.02199733 0.01299995 -0.006499946 0.00436598 0.01299995 -0.003399968 0.004999995 0.01299995 -0.00342524 -0.02224785 0.01299995 -0.002210795 -0.02240115 0.01299995 -0.002199947 0.004999995 0.01299995 0.003049969 0.01103299 0.01299995 0.003399968 0.01124995 0.01299995 6e-4 0.01124995 0.01299995 0.003399968 0.008449971 0.01299995 0.003399968 0.009049952 0.01299995 6e-4 0.009049952 0.01299995 0.003232955 0.01084995 0.01299995 0.004432976 0.01334995 0.01299995 0.004249989 0.01353299 0.01299995 0.003399968 0.01169997 0.01299995 0.004749953 0.01169997 0.01299995 0.004749953 0.01124995 0.01299995 0.004432976 0.01084995 0.01299995 0.004249989 0.01103299 0.01299995 0.004749953 0.009049952 0.01299995 0.004749953 0.008449971 0.01299995 0.004749953 0.006249964 0.01299995 -0.006499946 0.01563394 0.01299995 -0.008349955 0.009049952 0.01299995 -0.008349955 0.01124995 0.01299995 -0.008349955 0.01169997 0.01299995 6e-4 0.006249964 0.01299995 0.003399968 0.006249964 0.01299995 -0.003399968 0.006249964 0.01299995 -0.008349955 0.006249964 0.01299995 -0.001849949 0.007066965 0.01299995 -0.002199947 0.006249964 0.01299995 -0.001849949 0.00793296 0.01299995 -0.002032995 0.007749974 0.01299995 -0.00209999 0.007499992 0.01299995 -0.002032995 0.007249951 0.01299995 -0.003049969 0.007066965 0.01299995 -0.003399968 0.008449971 0.01299995 -0.003049969 0.00793296 0.01299995 -0.003232955 0.007749974 0.01299995 -0.003299951 0.007499992 0.01299995 -0.003232955 0.007249951 0.01299995 -0.004749953 0.008449971 0.01299995 -0.004499971 0.007499992 0.01299995 -0.004432976 0.007249951 0.01299995 -0.004249989 0.007066965 0.01299995 -0.004249989 0.00793296 0.01299995 -0.004432976 0.007749974 0.01299995 -0.008349955 0.008449971 0.01299995 -0.003399968 0.009049952 0.01299995 -0.002199947 0.01124995 0.01299995 -0.003049969 0.009566962 0.01299995 -0.003049969 0.01043295 0.01299995 -0.003232955 0.01024997 0.01299995 -0.003399968 0.01124995 0.01299995 -0.003299951 0.00999999 0.01299995 -0.003232955 0.009749948 0.01299995 -0.004432976 0.009749948 0.01299995 -0.004249989 0.009566962 0.01299995 -0.004249989 0.01043295 0.01299995 -0.004432976 0.01024997 0.01299995 -0.01089996 0.009307146 0.01299995 -0.01119279 0.009599983 0.01299995 -0.01129996 0.00999999 0.01299995 -0.01119279 0.01039999 0.01299995 -0.01089996 0.01069277 0.01299995 -0.003399968 0.01169997 0.01299995 -0.002199947 0.01169997 0.01299995 6e-4 0.01169997 0.01299995 -0.004749953 0.01169997 0.01299995 -0.004499971 0.01249998 0.01299995 -0.004432976 0.01274996 0.01299995 -0.004432976 0.01224994 0.01299995 -0.004249989 0.01206696 0.01299995 -0.004249989 0.01293301 0.01299995 0.01126646 0.02006304 0.003999948 0.01171302 0.01980566 0.003999948 0.01145851 0.01937526 0.004499971 0.01887845 -0.01225978 0.004499971 0.01929777 -0.01253211 0.003999948 0.01558011 -0.01624679 0.004499971 0.01592618 -0.0166077 0.003999948 0.01145851 -0.01937526 0.004499971 0.01171302 -0.01980566 0.003999948 0.00673139 -0.0214799 0.004499971 0.006880879 -0.02195703 0.003999948 0.001648545 -0.02244955 0.004499971 0.001685202 -0.0229482 0.003999948 0 -0.02250999 0.004499971 0 -0.02300995 0.003999948 0.0223608 -0.002587199 0.004499971 0.02285748 -0.002644658 0.003999948 0.02117919 -0.007624983 0.004499971 0.02164965 -0.00779432 0.003999948 0.02006304 -0.01126646 0.003999948 0.01558011 0.01624679 0.004499971 0.01592618 0.0166077 0.003999948 0.01887845 0.01225978 0.004499971 0.01929777 0.01253211 0.003999948 0.02117919 0.007624983 0.004499971 0.02164965 0.00779432 0.003999948 0.0223608 0.002587199 0.004499971 0.02285748 0.002644658 0.003999948 0.02300834 -2.74437e-4 0.003999948 0.006880879 0.02195703 0.003999948 0.00673139 0.0214799 0.004499971 0.001685202 0.0229482 0.003999948 0.001648545 0.02244955 0.004499971 2.74437e-4 0.02300834 0.003999948 0 0.02250999 0.004499971 0 0.02300995 0.003999948 -0.0252487 -0.01226794 0.008499979 -0.02614867 -0.0107091 0.008499979 -0.02519255 -0.0123651 0.007839441 -0.02604204 -0.01089376 0.007244884 -0.02492338 -0.01283138 0.007023751 -0.02553057 -0.01177972 0.005695104 -0.02449303 -0.01357674 0.006560564 -0.02471292 -0.01319587 0.004815161 -0.02400434 -0.01442319 0.006560564 -0.02378445 -0.01480406 0.004815161 -0.02357399 -0.01516854 0.007023751 -0.0229668 -0.01622027 0.005695104 -0.02330482 -0.01563483 0.007839441 -0.02245533 -0.01710617 0.007244884 -0.02324867 -0.01573204 0.008499979 -0.0223487 -0.01729089 0.008499979 -0.02330482 -0.01563483 0.009160518 -0.02245533 -0.01710617 0.009755015 -0.02357399 -0.01516854 0.009976208 -0.0229668 -0.01622027 0.01130485 -0.02400434 -0.01442319 0.01043933 -0.02378445 -0.01480406 0.01218479 -0.02449303 -0.01357674 0.01043933 -0.02471292 -0.01319587 0.01218479 -0.02492338 -0.01283138 0.009976208 -0.02553057 -0.01177972 0.01130485 -0.02519255 -0.0123651 0.009160518 -0.02604204 -0.01089376 0.009755015 -0.03203171 -0.01410561 0.008499979 -0.0319696 -0.0142458 0.009565591 -0.03178489 -0.01465332 0.01054584 -0.0315113 -0.01523268 0.01130485 -0.03148257 -0.01529192 0.0113635 -0.03107547 -0.0161032 0.01195049 -0.03076452 -0.01668965 0.01218479 -0.02955806 -0.01874345 0.01201111 -0.02983587 -0.01829797 0.01218479 -0.03004711 -0.01794904 0.01226413 -0.03058624 -0.01701408 0.0122587 -0.02863103 -0.02013111 0.01067131 -0.02894753 -0.01967322 0.01130485 -0.02904891 -0.01952332 0.01145976 -0.02934312 -0.01907825 0.01181888 -0.02834838 -0.02052724 0.009707927 -0.02823489 -0.02068299 0.008703589 -0.02823168 -0.0206874 0.008499979 0.02324867 -0.01573204 0.008499979 0.0223487 -0.01729089 0.008499979 0.02330482 -0.01563483 0.007839441 0.02245533 -0.01710617 0.007244884 0.02357399 -0.01516854 0.007023751 0.0229668 -0.01622027 0.005695104 0.02400434 -0.01442319 0.006560564 0.02378445 -0.01480406 0.004815161 0.02449303 -0.01357674 0.006560564 0.02471292 -0.01319587 0.004815161 0.02492338 -0.01283138 0.007023751 0.02553057 -0.01177972 0.005695104 0.02519255 -0.0123651 0.007839441 0.02604204 -0.01089376 0.007244884 0.0252487 -0.01226794 0.008499979 0.02614867 -0.0107091 0.008499979 0.02519255 -0.0123651 0.009160518 0.02604204 -0.01089376 0.009755015 0.02492338 -0.01283138 0.009976208 0.02553057 -0.01177972 0.01130485 0.02449303 -0.01357674 0.01043933 0.02471292 -0.01319587 0.01218479 0.02400434 -0.01442319 0.01043933 0.02378445 -0.01480406 0.01218479 0.02357399 -0.01516854 0.009976208 0.0229668 -0.01622027 0.01130485 0.02330482 -0.01563483 0.009160518 0.02245533 -0.01710617 0.009755015 0.03174954 -0.01472961 0.01067131 0.0315113 -0.01523268 0.01130485 0.02823168 -0.0206874 0.008499979 0.02832204 -0.0205636 0.009565591 0.02858257 -0.02019983 0.01054584 0.02894753 -0.01967322 0.01130485 0.02983587 -0.01829802 0.01218479 0.02948355 -0.01886051 0.01195049 0.02934455 -0.01907598 0.01182037 0.02898448 -0.01961874 0.0113635 0.03056788 -0.01704698 0.01226413 0.03002774 -0.01798141 0.0122587 0.03143215 -0.0153954 0.01145976 0.0310114 -0.01622629 0.01201111 0.03076446 -0.01668965 0.01218479 0.0319513 -0.01428675 0.009707927 0.0320295 -0.01411062 0.008703589 0.03203171 -0.01410561 0.008499979 0.02041709 -0.00947839 0.008499979 0.02035236 -0.009616613 0.009264826 0.02016317 -0.0100072 0.009913265 0.01986652 -0.01058399 0.01034694 0.01973402 -0.01082903 0.01043969 0.01874911 -0.01245665 0.009915173 0.01910066 -0.01191061 0.01034808 0.0192452 -0.01167565 0.01043963 0.01949501 -0.01125359 0.01049995 0.01850503 -0.01281642 0.009267508 0.01841711 -0.01294249 0.008499979 -0.01841711 -0.01294249 0.008499979 -0.01850444 -0.01281738 0.009264826 -0.0187481 -0.0124582 0.009913265 -0.01909923 -0.01191288 0.01034694 -0.0192452 -0.01167565 0.01043969 -0.02016234 -0.01000887 0.009915173 -0.01986521 -0.01058638 0.01034808 -0.01973402 -0.01082903 0.01043963 -0.0194934 -0.01125633 0.01049995 -0.02035188 -0.009617626 0.009267508 -0.02041709 -0.00947839 0.008499979 0 0.02799999 0.006499946 0 0.02799999 0.004699945 -6.60558e-4 0.02799999 0.006612181 -0.001255035 0.02799999 0.00491321 -0.001476228 0.02799999 0.00715065 -0.002804815 0.02799999 0.005936205 -0.001939356 0.02799999 0.008011281 -0.003684818 0.02799999 0.007571458 -0.001939356 0.02799999 0.008988678 -0.003684818 0.02799999 0.009428441 -0.001476228 0.02799999 0.009849309 -0.002804815 0.02799999 0.01106369 -6.60558e-4 0.02799999 0.01038771 -0.001255035 0.02799999 0.01208674 0 0.02799999 0.01049995 0 0.02799999 0.01229995 6.60558e-4 0.02799999 0.01038771 0.001255035 0.02799999 0.01208674 0.001476228 0.02799999 0.009849309 0.002804815 0.02799999 0.01106369 0.001939356 0.02799999 0.008988678 0.003684818 0.02799999 0.009428441 0.001939356 0.02799999 0.008011281 0.003684818 0.02799999 0.007571458 0.001476228 0.02799999 0.00715065 0.002804815 0.02799999 0.005936205 6.60558e-4 0.02799999 0.006612181 0.001255035 0.02799999 0.00491321 0 0.03499996 0.004699945 0.001065611 0.03498375 0.004852414 0.00204581 0.03494012 0.00529772 0.003684818 0.03480547 0.007571399 0.003450453 0.03482949 0.006908059 0.002863526 0.03488266 0.006001949 0.002804815 0.03488743 0.005936205 0.003511071 0.03482341 0.00995326 0.003684818 0.03480547 0.00942856 0.003764152 0.03479695 0.009020745 0.003758728 0.03479754 0.007941424 0.002959847 0.03487461 0.01088309 0.002804815 0.03488743 0.01106375 0.002171337 0.03493255 0.01161849 0.001207947 0.0349791 0.0121029 2.03635e-4 0.03499937 0.01229453 0 0.03499996 0.01229995 0 0.02250999 0.01049995 7.64313e-4 0.02249699 0.01034814 0.001413524 0.02246552 0.009914875 0.001846969 0.02243405 0.00926721 0.001939654 0.02242624 0.008988738 0.001999974 0.02242094 0.008501529 0.001939654 0.02242624 0.008011162 0.001848042 0.02243399 0.007735431 0.001415193 0.02246546 0.007086753 7.67535e-4 0.02249687 0.00665313 0 0.02250999 0.006499946 0 -0.0345 0.003999948 0 -0.03499996 0.004499971 -0.001221477 -0.03497862 0.004499971 -0.001204013 -0.03447896 0.003999948 -0.007873237 -0.03410291 0.004499971 -0.007760763 -0.03361576 0.003999948 -0.01423573 -0.03197407 0.004499971 -0.01403236 -0.03151726 0.003999948 -0.02007514 -0.02867031 0.004499971 -0.01978838 -0.0282607 0.003999948 -0.02517688 -0.02431303 0.004499971 -0.02481722 -0.02396571 0.003999948 -0.02935343 -0.01906234 0.004499971 -0.02893412 -0.01879 0.003999948 -0.03245139 -0.01311123 0.004499971 -0.03198784 -0.01292389 0.003999948 -0.03435695 -0.006678283 0.004499971 -0.0338661 -0.006582856 0.003999948 -0.03499996 0 0.004499971 -0.0345 0 0.003999948 -0.03435695 0.006678283 0.004499971 -0.0338661 0.006582856 0.003999948 -0.03245139 0.01311123 0.004499971 -0.03198784 0.01292389 0.003999948 -0.02935343 0.01906234 0.004499971 -0.02893412 0.01879 0.003999948 -0.02517688 0.02431303 0.004499971 -0.02481722 0.02396571 0.003999948 -0.02007514 0.02867031 0.004499971 -0.01978838 0.0282607 0.003999948 -0.01423573 0.03197407 0.004499971 -0.01403236 0.03151726 0.003999948 -0.007873237 0.03410291 0.004499971 -0.007760763 0.03361576 0.003999948 -0.001221477 0.03497862 0.004499971 -0.001204013 0.03447896 0.003999948 0 0.03499996 0.004499971 0 0.0345 0.003999948 0.0201627 -0.01000821 0.007085502 0.0203523 -0.009616792 0.007734537 0.01986533 -0.01058614 0.006651937 0.01850444 -0.01281738 0.007735073 0.01874846 -0.01245772 0.007086038 0.01910018 -0.01191139 0.006652235 0.01924526 -0.01167553 0.006560802 0.01949381 -0.01125562 0.006499946 0.01973402 -0.01082903 0.006560266 -2.11939e-4 -0.02486974 0.003999948 -9.2617e-4 -0.0271399 0.003999948 -0.002431571 -0.02898311 0.003999948 -0.02508711 2.40842e-4 0.003999948 -0.02769702 0.001265168 0.003999948 -0.02960407 0.003320455 0.003999948 -0.01211351 -0.0213471 0.003999948 -0.01126646 -0.02006304 0.003999948 -0.006880879 -0.02195703 0.003999948 -0.03042566 0.005939304 0.003999948 -0.03072851 0.004093587 0.003999948 0.02127534 -0.01207733 0.003999948 1.78384e-4 0.02446365 0.003999948 7.68903e-4 0.02682805 0.003999948 0.002212524 0.02879142 0.003999948 -0.02164375 0.01225131 0.003999948 -0.02006304 0.01126646 0.003999948 -0.02164965 0.00779432 0.003999948 -0.01006919 -0.0293191 0.003999948 -0.01109486 -0.02842658 0.003999948 -0.01192641 -0.02729809 0.003999948 -0.02610224 -0.01672333 0.003999948 -0.02218866 -0.02164858 0.003999948 -0.01736134 -0.02568233 0.003999948 -0.01181906 -0.02865844 0.003999948 0.01403236 0.03151726 0.003999948 0.01006919 0.0293191 0.003999948 0.007760763 0.03361576 0.003999948 0.001204013 0.03447896 0.003999948 -0.03092223 -0.002194166 0.003999948 -0.02984255 -0.008391678 0.003999948 -0.02753394 -0.01424354 0.003999948 -0.02684676 -0.01549994 0.003999948 0.02660489 -0.01591157 0.003999948 0.02926933 -0.01021289 0.003999948 0.02893412 -0.01879 0.003999948 0.0293191 -0.01006919 0.003999948 0.03198784 -0.01292389 0.003999948 0.03042566 -0.005939304 0.003999948 0.03018254 -0.004660487 0.003999948 0.02960407 -0.003320455 0.003999948 0.01105511 0.02846908 0.003999948 0.01192641 0.02729809 0.003999948 -0.02300834 2.74437e-4 0.003999948 -0.02285748 0.002644658 0.003999948 -0.03016555 0.004604816 0.003999948 -0.0293191 0.01006919 0.003999948 -0.01265043 -0.02537184 0.003999948 -0.0127151 -0.02331501 0.003999948 -2.74437e-4 -0.02300834 0.003999948 -0.001685202 -0.0229482 0.003999948 -0.004513323 -0.0301364 0.003999948 -0.005939304 -0.03042566 0.003999948 -0.005790054 -0.03045445 0.003999948 4.7738e-4 -0.03099632 0.003999948 0.001204013 -0.03447896 0.003999948 0.006725132 -0.03026169 0.003999948 0.02284479 -0.02095502 0.003999948 0.02481722 -0.02396571 0.003999948 0.01814401 -0.02513551 0.003999948 0.01978838 -0.0282607 0.003999948 0.01269596 -0.02828091 0.003999948 0.01403236 -0.03151726 0.003999948 0.007760763 -0.03361576 0.003999948 0.02361822 -0.01274812 0.003999948 0.02604037 -0.01247954 0.003999948 0.0281794 -0.01131182 0.003999948 0.02305871 -2.65378e-4 0.003999948 0.02497392 -2.24832e-4 0.003999948 0.02893412 0.01879 0.003999948 0.02610224 0.01672333 0.003999948 0.02481722 0.02396571 0.003999948 0.02218866 0.02164858 0.003999948 0.01978838 0.0282607 0.003999948 0.01736134 0.02568233 0.003999948 0.01181906 0.02865844 0.003999948 0.004293382 0.03005999 0.003999948 0.005939304 0.03042566 0.003999948 0.005790054 0.03045445 0.003999948 -4.7738e-4 0.03099632 0.003999948 -0.006725132 0.03026169 0.003999948 -0.0239669 0.01276785 0.003999948 -0.02631592 0.01238572 0.003999948 -0.02835553 0.01115953 0.003999948 0.02681273 -7.61725e-4 0.003999948 0.02840518 -0.001826405 0.003999948 0.0338661 -0.006582856 0.003999948 0.03072851 -0.004093587 0.003999948 0.0345 0 0.003999948 0.03092223 0.002194166 0.003999948 0.0338661 0.006582856 0.003999948 0.02984255 0.008391678 0.003999948 0.03198784 0.01292389 0.003999948 0.02753394 0.01424354 0.003999948 0.02684676 0.01549994 0.003999948 0.01275283 0.02461892 0.003999948 0.01233494 0.02184647 0.003999948 -0.01269596 0.02828091 0.003999948 -0.01814401 0.02513551 0.003999948 -0.02284479 0.02095502 0.003999948 -0.02660489 0.01591157 0.003999948 -0.02926933 0.01021289 0.003999948 -0.02610224 -0.01672333 0 -0.02684676 -0.01549994 0 -0.009068548 -0.02264809 0 -0.02155005 0.007970452 0 -0.02264809 0.009068548 0 0.02155005 -0.004970431 0 0.02155005 -0.007970452 0 -0.004429936 -0.02634727 0 -0.003677845 -0.02524411 0 -0.02218866 -0.02164858 0 -0.02753394 -0.01424354 0 -0.02984255 -0.008391678 0 -0.007970452 -0.02155005 0 0.03072851 -0.004093587 0 0.02926933 -0.01021289 0 0.02674621 -0.007970452 0 -0.003478825 -0.02392393 0 -0.003872394 -0.02264809 0 0.02114814 -0.006470441 0 -0.004970431 -0.02155005 0 -0.006470441 -0.02114814 0 -0.0241481 0.009470462 0 0.00347042 0.0241481 0 -0.02284479 0.02095502 0 -0.01736134 -0.02568233 0 -0.009470462 -0.0241481 0 -0.01181906 -0.02865844 0 0.02564811 -0.009068548 0 0.02660489 -0.01591157 0 0.0241481 -0.009470462 0 0.02284479 -0.02095502 0 0.02264809 -0.009068548 0 -0.02660489 0.01591157 0 -0.02564811 0.009068548 0 -0.02926933 0.01021289 0 -0.02674621 0.007970452 0 -0.03072851 0.004093587 0 -0.01814401 0.02513551 0 -0.01269596 0.02828091 0 0.003872394 0.02564811 0 -0.006725132 0.03026169 0 0.004970431 0.02674621 0 -4.7738e-4 0.03099632 0 0.006470441 0.02714812 0 0.005790054 0.03045445 0 0.007970452 0.02674621 0 0.01181906 0.02865844 0 0.009068548 0.02564811 0 -0.009068548 -0.02564811 0 -0.008160412 -0.02662682 0 -0.005790054 -0.03045445 0 0.02714812 -0.006470441 0 0.02674621 -0.004970431 0 0.03092223 0.002194166 0 0.02564811 -0.003872394 0 0.02984255 0.008391678 0 0.0241481 -0.00347042 0 0.02753394 0.01424354 0 0.02684676 0.01549994 0 0.009462058 0.02437233 0 0.01736134 0.02568233 0 0.02218866 0.02164858 0 -0.006917595 -0.02711462 0 -0.005586206 -0.02701485 0 4.7738e-4 -0.03099632 0 0.006725132 -0.03026169 0 0.01269596 -0.02828091 0 0.01814401 -0.02513551 0 0.009263098 0.02305209 0 0.02264809 -0.003872394 0 0.02610224 0.01672333 0 0.007354736 0.02128142 0 0.008510947 0.02194899 0 -0.02326387 0.003603756 0 -0.0221076 0.004271268 0 -0.0213555 0.005374431 0 -0.02115648 0.006694614 0 0.003872394 0.02264809 0 0.004780471 0.02166938 0 0.006023347 0.02118164 0 -0.02714812 0.006470441 0 -0.02674621 0.004970431 0 -0.03092223 -0.002194166 0 -0.02583807 0.003991723 0 -0.02459526 0.003503978 0 -0.006848812 -0.03023397 0.003798007 -0.007468223 -0.03008693 0.00372231 -0.005790054 -0.03045445 0 -0.01181906 -0.02865844 0 -0.008944153 -0.02968162 0.003761708 0.03072851 -0.004093587 0 0.03008693 -0.007468223 0.00372231 0.02926933 -0.01021289 0 0.02968162 -0.008944153 0.003761708 -0.01736134 -0.02568233 0 -0.02218866 -0.02164858 0 -0.02610224 -0.01672333 0 0.02660489 -0.01591157 0 0.02284479 -0.02095502 0 0.01269596 -0.02828091 0 0.006725132 -0.03026169 0 4.7738e-4 -0.03099632 0 0.02753394 0.01424354 0 0.02984255 0.008391678 0 0.03092223 0.002194166 0 -0.003872394 -0.02264809 7e-4 -0.00414294 -0.02225536 7e-4 -0.004970431 -0.02155005 0 -0.004970431 -0.02155005 7e-4 -0.005110323 -0.02147418 7e-4 -0.006470441 -0.02114814 0 -0.006311357 -0.02115231 7e-4 -0.006470441 -0.02114814 7e-4 -0.007970452 -0.02155005 0 -0.007539749 -0.02134513 7e-4 -0.009068548 -0.02264809 7e-4 -0.009068548 -0.02264809 0 -0.008584439 -0.0220195 7e-4 -0.007970452 -0.02155005 7e-4 -0.009157598 -0.02281427 7e-4 -0.009444117 -0.02375143 7e-4 -0.009470462 -0.0241481 0 -0.009068548 -0.02564811 7e-4 -0.009413301 -0.02473086 7e-4 -0.009470462 -0.0241481 7e-4 0.02674621 -0.004970431 7e-4 0.02564811 -0.003872394 0 0.02617532 -0.00425899 7e-4 0.02564811 -0.003872394 7e-4 0.02541697 -0.003751993 7e-4 0.02454137 -0.003496348 7e-4 0.0241481 -0.00347042 0 0.02264809 -0.003872394 7e-4 0.02264809 -0.003872394 0 0.02362936 -0.00351566 7e-4 0.0241481 -0.00347042 7e-4 0.02251356 -0.003954827 7e-4 0.02165895 -0.004795908 7e-4 0.02155005 -0.004970431 0 0.02155005 -0.004970431 7e-4 0.02114814 -0.006470441 0 0.02120196 -0.005904555 7e-4 0.02155005 -0.007970452 7e-4 0.02121567 -0.007103562 7e-4 0.02114814 -0.006470441 7e-4 0.009068548 0.02564811 7e-4 0.00865364 0.02620571 7e-4 0.007970452 0.02674621 0 0.007970452 0.02674621 7e-4 0.007709383 0.02688032 7e-4 0.006470441 0.02714812 0 0.006579756 0.02714616 7e-4 0.006470441 0.02714812 7e-4 0.004970431 0.02674621 0 0.005433738 0.02696329 7e-4 0.003872394 0.02564811 7e-4 0.003872394 0.02564811 0 0.00444287 0.0263592 7e-4 0.004970431 0.02674621 7e-4 0.00375539 0.0254243 7e-4 0.003474235 0.02429836 7e-4 0.00347042 0.0241481 0 0.00347042 0.0241481 7e-4 0.003641366 0.02315002 7e-4 0.003872394 0.02264809 7e-4 -0.02155005 0.007970452 7e-4 -0.0220195 0.008584439 7e-4 -0.02264809 0.009068548 0 -0.02264809 0.009068548 7e-4 -0.02295559 0.009223222 7e-4 -0.0241481 0.009470462 0 -0.02406185 0.009469211 7e-4 -0.0241481 0.009470462 7e-4 -0.02564811 0.009068548 0 -0.02518039 0.009287238 7e-4 -0.02674621 0.007970452 7e-4 -0.02674621 0.007970452 0 -0.02615165 0.008703351 7e-4 -0.02564811 0.009068548 7e-4 -0.02683705 0.007800817 7e-4 -0.02713865 0.006708383 7e-4 -0.02714812 0.006470441 0 -0.02714812 0.006470441 7e-4 -0.02701354 0.005582034 7e-4 -0.02674621 0.004970431 7e-4 -0.02249658 3.90804e-4 0.003999948 -0.02225565 -0.003306925 0.003999948 -0.02285748 -0.002644658 0.003999948 -0.021411 -0.006914913 0.003999948 -0.02164965 -0.00779432 0.003999948 -0.01669406 -0.01508498 0.003999948 -0.01090985 -0.01967799 0.003999948 -0.01171302 -0.01980566 0.003999948 -0.01399171 -0.0176205 0.003999948 -0.01592618 -0.0166077 0.003999948 -0.01929777 -0.01253211 0.003999948 -0.008715987 -0.0182619 0.003999948 -0.006136417 -0.01785695 0.003999948 -0.003614187 -0.01853281 0.003999948 -0.001014471 -0.02099812 0.003999948 -0.001582622 -0.02017325 0.003999948 0.01936233 -0.01056754 0.003999948 0.01932656 -0.01052534 0.003999948 0.01669406 -0.01508498 0.003999948 -3.90804e-4 -0.02249658 0.003999948 0.00438112 -0.02206933 0.003999948 0.008954405 -0.02064138 0.003999948 0.01312172 -0.01827758 0.003999948 0.01869213 -0.009620428 0.003999948 0.01798999 -0.007800042 0.003999948 0.0179612 -0.005282044 0.003999948 0.01892083 -0.002953946 0.003999948 0.02071559 -0.001187682 0.003999948 0.02249658 -3.90804e-4 0.003999948 0.02205586 0.004448354 0.003999948 0.01090985 0.01967799 0.003999948 0.01488035 0.01687675 0.003999948 0.01815682 0.01328831 0.003999948 0.02058643 0.009080111 0.003999948 0.008944153 0.02968162 0.003761708 0.001014471 0.02099812 0.003999948 5.48021e-4 0.02199995 0.003999948 5.29384e-4 0.02205204 0.003999948 0.007468223 0.03008693 0.00372231 0.006679594 0.03027176 0.003827571 -0.004716932 0.02199995 0.003999948 -0.01967799 0.01090985 0.003999948 -0.01929777 0.01253211 0.003999948 -0.01692199 0.0148288 0.003999948 -0.01592618 0.0166077 0.003999948 -0.01339876 0.01807546 0.003999948 -0.01171302 0.01980566 0.003999948 -0.009267985 0.0205025 0.003999948 -0.006880879 0.02195703 0.003999948 -0.001685202 0.0229482 0.003999948 -0.01869213 0.009620428 0.003999948 -0.03021275 0.006941735 0.003783345 -0.03008693 0.007468223 0.00372231 -0.02968162 0.008944153 0.003761708 -0.02249658 3.90804e-4 0.01199996 -0.02225565 -0.003306925 0.01199996 -0.021411 -0.006914913 0.01199996 -0.01925408 -0.01065081 0.006900012 -0.01885098 -0.01134914 0.006900012 -0.01849591 -0.01196402 0.007282078 -0.01983124 -0.009651243 0.009044945 -0.01960915 -0.01003593 0.009717881 -0.01925408 -0.01065081 0.01009994 -0.01669406 -0.01508498 0.01199996 -0.01885098 -0.01134914 0.01009994 -0.01849591 -0.01196402 0.009717881 -0.01827383 -0.01234871 0.009044945 -0.01822751 -0.01242893 0.008499979 -0.01827383 -0.01234871 0.007955014 -0.01960915 -0.01003593 0.007282078 -0.01983124 -0.009651243 0.007955014 -0.01987755 -0.009571015 0.008499979 -0.01399171 -0.0176205 0.01199996 -0.01090985 -0.01967799 0.01199996 -0.008715987 -0.0182619 0.01199996 -0.006136417 -0.01785695 0.01199996 -0.003614187 -0.01853281 0.01199996 -0.001582622 -0.02017325 0.01199996 -3.90804e-4 -0.02249658 0.01199996 0.00438112 -0.02206933 0.01199996 0.008954405 -0.02064138 0.01199996 0.01312172 -0.01827758 0.01199996 0.01669406 -0.01508498 0.01199996 0.01925408 -0.01065081 0.01009994 0.01932656 -0.01052534 0.01005631 0.01932656 -0.01052534 0.01199996 0.01827383 -0.01234871 0.009044945 0.01849591 -0.01196402 0.009717881 0.01885098 -0.01134914 0.01009994 0.01932656 -0.01052534 0.006943643 0.01925408 -0.01065081 0.006900012 0.01885098 -0.01134914 0.006900012 0.01849591 -0.01196402 0.007282078 0.01827383 -0.01234871 0.007955014 0.01822751 -0.01242893 0.008499979 0.01870483 -0.009642362 0.007188975 0.01869213 -0.009620428 0.007198691 0.02249658 -3.90804e-4 0.01199996 0.02205586 0.004448354 0.01199996 0.02058643 0.009080111 0.01199996 0.01815682 0.01328831 0.01199996 0.01488035 0.01687675 0.01199996 0.01090985 0.01967799 0.01199996 0.001014471 0.02099812 0.007198691 0.002921521 0.01894283 0.003999948 0.001104533 0.0208469 0.00727427 0.001325845 0.02051156 0.007517814 0.001567184 0.02019184 0.007983982 0.001649975 0.02009189 0.008499979 0.002239942 0.01947987 0.01199996 0.00159347 0.02015995 0.008928 0.001553773 0.02020901 0.009055078 0.001014471 0.02099812 0.009801208 0.001014471 0.02099812 0.01199996 0.001103997 0.02084785 0.009726226 0.001340806 0.02049058 0.009461581 0.01075553 0.01952987 0.003999948 0.009329199 0.01853406 0.01199996 0.009329199 0.01853406 0.003999948 0.008327424 0.01812803 0.003999948 0.006902158 0.01786291 0.01199996 0.006902158 0.01786291 0.003999948 0.004406154 0.01819592 0.01199996 0.005531489 0.01791846 0.003999948 0.004406154 0.01819592 0.003999948 -0.001113176 0.02199995 0.009717881 -0.004716932 0.02199995 0.01199996 -4.03162e-4 0.02199995 0.01009994 5.48021e-4 0.02199995 0.01199996 4.03162e-4 0.02199995 0.01009994 5.48021e-4 0.02199995 0.01005631 -0.001113176 0.02199995 0.007282078 -4.03162e-4 0.02199995 0.006900012 4.03162e-4 0.02199995 0.006900012 5.48021e-4 0.02199995 0.006943643 -0.00155735 0.02199995 0.009044945 -0.001649975 0.02199995 0.008499979 -0.00155735 0.02199995 0.007955014 -0.009267985 0.0205025 0.01199996 -0.01339876 0.01807546 0.01199996 -0.01692199 0.0148288 0.01199996 -0.01967799 0.01090985 0.01199996 -0.0182619 0.008715987 0.01199996 -0.0182619 0.008715987 0.003999948 -0.01786571 0.006941258 0.003999948 -0.01785695 0.006136417 0.01199996 -0.01785695 0.006136417 0.003999948 -0.0182836 0.004168808 0.003999948 -0.01853281 0.003614187 0.01199996 -0.01853281 0.003614187 0.003999948 -0.019863 0.001852214 0.003999948 -0.02017325 0.001582622 0.01199996 -0.02017325 0.001582622 0.003999948 -0.02229118 4.50367e-4 0.003999948 0.01798999 -0.007800042 0.01199996 0.0179612 -0.005282044 0.01199996 0.01892083 -0.002953946 0.01199996 0.02071559 -0.001187682 0.01199996 0.01869213 -0.009620428 0.01199996 -0.01217615 -0.008760154 0.009190857 -0.01208651 -0.008883416 0.008499979 -0.0124222 -0.008407592 0.009755849 -0.01276296 -0.007880687 0.01008915 -0.01312053 -0.007269859 0.01012897 -0.01318734 -0.007147967 0.01010018 -0.01342654 -0.006687819 0.009869098 -0.01351118 -0.006515204 0.009717881 -0.01362174 -0.00628072 0.009417712 -0.01369887 -0.006110668 0.009045064 -0.01372373 -0.00605458 0.00882256 -0.01373654 -0.006025493 0.008499979 0.01925474 -0.01043844 0.01004189 0.01869213 -0.009620428 0.009801208 0.01827025 -0.008738636 0.009015977 0.01842647 -0.00910753 0.009482085 0.01349228 -0.006554186 0.009755849 0.01860624 -0.009466826 0.009725689 0.01320636 -0.007112681 0.01008915 0.01367461 -0.006164789 0.009190857 0.01373654 -0.006025493 0.008499979 0.01822507 -0.008616983 0.008499979 0.01285618 -0.007727742 0.01012897 0.012784 -0.007846534 0.01010018 0.01250511 -0.008283793 0.009869098 0.01239788 -0.008443415 0.009717881 0.01225012 -0.008656382 0.009417712 0.0121414 -0.008808195 0.009045064 0.01210528 -0.008857786 0.00882256 0.01208651 -0.008883416 0.008499979 0.001113235 0.01495862 0.009717881 0.001371562 0.01493716 0.009417712 0.001557409 0.01491892 0.009045064 0.001618444 0.01491242 0.00882256 0.001649975 0.01490896 0.008499979 4.03338e-4 0.01499456 0.01010018 0.001001894 0.02102005 0.009810984 9.21433e-4 0.01497167 0.009869098 -0.001498401 0.01492494 0.009190857 -0.001649975 0.01490896 0.008499979 -0.001070022 0.01496177 0.009755849 -4.43404e-4 0.01499342 0.01008915 2.64341e-4 0.01499766 0.01012897 -0.01210528 -0.008857786 0.008177399 -0.01262933 -0.008093178 0.009314477 -0.01250511 -0.008283793 0.007130861 -0.01239788 -0.008443415 0.007282018 -0.01332354 -0.006890714 0.007685482 -0.01367461 -0.006164789 0.007809042 -0.01349228 -0.006554186 0.00724405 -0.01320636 -0.007112681 0.0069108 -0.01285618 -0.007727742 0.006870985 -0.012784 -0.007846534 0.006899774 -0.01225012 -0.008656382 0.007582247 -0.0121414 -0.008808195 0.007954895 0.01342654 -0.006687819 0.007130861 0.01351118 -0.006515204 0.007282018 0.01262933 -0.008093178 0.007685482 0.01217615 -0.008760154 0.007809042 0.0124222 -0.008407592 0.00724405 0.01276296 -0.007880687 0.0069108 0.01312053 -0.007269859 0.006870985 0.01318734 -0.007147967 0.006899774 0.01362174 -0.00628072 0.007582247 0.01369887 -0.006110668 0.007954895 0.01372373 -0.00605458 0.008177399 0.01332354 -0.006890714 0.009314477 -9.21433e-4 0.01497167 0.007130861 -0.001113235 0.01495862 0.007282018 6.94247e-4 0.01498389 0.007685482 0.001498401 0.01492494 0.007809042 0.001070022 0.01496177 0.00724405 4.43404e-4 0.01499342 0.0069108 -2.64341e-4 0.01499766 0.006870985 -4.03338e-4 0.01499456 0.006899774 -0.001371562 0.01493716 0.007582247 -0.001557409 0.01491892 0.007954895 -0.001618444 0.01491242 0.008177399 -6.94247e-4 0.01498389 0.009314477 0.01849997 0.01606971 0.03401744 0.01849997 0.01613396 0.03452599 0.01849997 0.0159378 0.03499954 0.01849997 0.01553279 0.03531372 0.01849997 7.3979e-4 0.03531676 0 -0.03499996 0.05649417 0 -0.03496271 0.05710351 -0.00456351 -0.03466361 0.05710351 -0.004568397 -0.03470057 0.05649417 -0.007864892 -0.03406661 0.05710351 -0.007873237 -0.03410291 0.05649417 -0.01109379 -0.03315597 0.05710351 -0.01110565 -0.03319132 0.05649417 -0.01422059 -0.03194004 0.05710351 -0.01423573 -0.03197407 0.05649417 -0.01721644 -0.03042995 0.05710351 -0.0172348 -0.03046244 0.05649417 -0.0200538 -0.02863979 0.05710351 -0.02007514 -0.02867031 0.05649417 -0.02270644 -0.02658581 0.05710351 -0.02273064 -0.02661418 0.05649417 -0.02515006 -0.0242871 0.05710351 -0.02517688 -0.02431303 0.05649417 -0.0273621 -0.02176481 0.05710351 -0.02739125 -0.021788 0.05649417 -0.0293222 -0.01904201 0.05710351 -0.02935343 -0.01906234 0.05649417 -0.03101229 -0.01614397 0.05710351 -0.03104537 -0.0161612 0.05649417 -0.03241688 -0.01309722 0.05710351 -0.03245139 -0.01311123 0.05649417 -0.0335229 -0.009929895 0.05710351 -0.03355866 -0.009940505 0.05649417 -0.03432035 -0.00667119 0.05710351 -0.03435695 -0.006678283 0.05649417 -0.03480172 -0.003350973 0.05710351 -0.03483885 -0.003354549 0.05649417 -0.03496271 0 0.05710351 -0.03499996 0 0.05649417 -0.03480172 0.003350973 0.05710351 -0.03483885 0.003354549 0.05649417 -0.03432035 0.00667119 0.05710351 -0.03435695 0.006678283 0.05649417 -0.0335229 0.009929895 0.05710351 -0.03355866 0.009940505 0.05649417 -0.03241688 0.01309722 0.05710351 -0.03245139 0.01311123 0.05649417 -0.03101229 0.01614397 0.05710351 -0.03104537 0.0161612 0.05649417 -0.0293222 0.01904201 0.05710351 -0.02935343 0.01906234 0.05649417 -0.0273621 0.02176481 0.05710351 -0.02739125 0.021788 0.05649417 -0.02515006 0.0242871 0.05710351 -0.02517688 0.02431303 0.05649417 -0.02270644 0.02658581 0.05710351 -0.02273064 0.02661418 0.05649417 -0.0200538 0.02863979 0.05710351 -0.02007514 0.02867031 0.05649417 -0.01721644 0.03042995 0.05710351 -0.0172348 0.03046244 0.05649417 -0.01422059 0.03194004 0.05710351 -0.01423573 0.03197407 0.05649417 -0.01109379 0.03315597 0.05710351 -0.01110565 0.03319132 0.05649417 -0.007864892 0.03406661 0.05710351 -0.007873237 0.03410291 0.05649417 -0.00456351 0.03466361 0.05710351 -0.004568397 0.03470057 0.05649417 -0.001220166 0.03494143 0.05710351 -0.001221477 0.03497862 0.05649417 0 0.03496271 0.05710351 0 0.03499996 0.05649417 0.00883162 0.02949994 0.07709079 0.008999943 0.02949994 0.07609999 0.003168344 0.02949994 0.07709079 0.00883162 0.02949994 0.07510912 0.003168344 0.02949994 0.07510912 0.002999961 0.02949994 0.07609999 0.006733 0.02949994 0.07900905 0.008023977 0.02949994 0.07831436 0.005266964 0.02949994 0.07900905 0.003975987 0.02949994 0.07831436 0.005266964 0.02949994 0.07319092 0.003975987 0.02949994 0.07388561 0.006733 0.02949994 0.07319092 0.008023977 0.02949994 0.07388561 -0.00883162 0.02949994 0.07709079 -0.003168344 0.02949994 0.07709079 -0.008999943 0.02949994 0.07609999 -0.002999961 0.02949994 0.07609999 -0.00883162 0.02949994 0.07510912 -0.003168344 0.02949994 0.07510912 -0.005266964 0.02949994 0.07900905 -0.003975987 0.02949994 0.07831436 -0.006733 0.02949994 0.07900905 -0.008023977 0.02949994 0.07831436 -0.006733 0.02949994 0.07319092 -0.008023977 0.02949994 0.07388561 -0.005266964 0.02949994 0.07319092 -0.003975987 0.02949994 0.07388561 -0.002831637 0.02949994 0.08010911 -0.002999961 0.02949994 0.08109998 0.002831637 0.02949994 0.08010911 -0.002831637 0.02949994 0.08209079 0.002831637 0.02949994 0.08209079 0.002999961 0.02949994 0.08109998 -7.33021e-4 0.02949994 0.07819092 -0.002023994 0.02949994 0.07888561 7.33021e-4 0.02949994 0.07819092 0.002023994 0.02949994 0.07888561 7.33021e-4 0.02949994 0.08400905 0.002023994 0.02949994 0.08331435 -7.33021e-4 0.02949994 0.08400905 -0.002023994 0.02949994 0.08331435 0.008960127 0.03131377 0.07658737 0.008999943 0.0313645 0.07609999 0.008661568 0.03128337 0.07748413 0.008107602 0.03133624 0.07823491 0.007369279 0.03145074 0.07876926 0.006732642 0.03156316 0.07900911 0.005892038 0.03171956 0.07909804 0.006517469 0.0316025 0.07905501 0.003976106 0.03211307 0.07831448 0.004172563 0.03206777 0.07847917 0.004987657 0.03189587 0.078924 0.005266964 0.03184032 0.07900905 0.003551483 0.03222233 0.07783347 0.003160417 0.03235757 0.07706785 0.002999961 0.03249204 0.07609999 -0.002999961 0.03249204 0.07609999 -0.003048181 0.03242158 0.07663553 -0.003323376 0.03229343 0.07745486 -0.004550576 0.03198558 0.07872664 -0.003877937 0.03213673 0.0782206 -0.006732583 0.03156316 0.07900917 -0.006278634 0.03164672 0.07908701 -0.00546199 0.03180223 0.07905137 -0.005267024 0.03184032 0.07900905 -0.007828891 0.03137636 0.07847797 -0.007125675 0.03149271 0.07888078 -0.008868575 0.03128993 0.07697814 -0.008454382 0.03129673 0.07782506 -0.00802356 0.03134775 0.07831472 -0.008999943 0.0313645 0.07609999 0.002999961 0.03187543 0.08109998 0.002842724 0.03177171 0.08205854 0.002398133 0.03170448 0.08290243 0.002024054 0.03167986 0.08331423 9.17171e-4 0.03165245 0.08395636 0.001754581 0.03166913 0.08353334 0 0.03164798 0.0841 7.33025e-4 0.03165072 0.08400905 -0.001782536 0.03167009 0.08351296 -8.98629e-4 0.03165221 0.0839622 -0.002847015 0.03177374 0.08204561 -0.002403736 0.0317052 0.08289492 -0.002024054 0.03167986 0.08331423 -0.002999961 0.03187543 0.08109998 -0.00106585 0.03498375 0.01214748 -0.002049267 0.03493994 0.01170003 -0.002804815 0.03488743 0.01106375 -0.002867758 0.0348823 0.01099318 -0.003453969 0.03482913 0.01008427 -0.003684818 0.03480547 0.00942856 -0.00375998 0.03479743 0.00905013 -0.003763198 0.03479707 0.0079723 -0.003684818 0.03480547 0.007571399 -0.00351125 0.03482341 0.007047057 -0.002964019 0.03487426 0.006121993 -0.002804815 0.03488743 0.005936205 -0.002174317 0.03493237 0.005383491 -0.001210033 0.03497904 0.004897773 -2.05693e-4 0.03499937 0.004705488 -0.02948766 -0.01885408 0.00504595 -0.02983587 -0.01829802 0.004815161 -0.03003209 -0.01797419 0.00473994 -0.03057128 -0.01704096 0.004736781 -0.03076446 -0.01668965 0.004815161 -0.03101122 -0.01622658 0.004988729 -0.03142988 -0.01540005 0.005536019 -0.0315113 -0.01523268 0.005695104 -0.03174871 -0.01473152 0.006325662 -0.03195101 -0.01428741 0.007289946 -0.03202944 -0.01411074 0.008294284 -0.02832204 -0.02056354 0.007434129 -0.02858388 -0.02019798 0.006450653 -0.02894753 -0.01967322 0.005695104 -0.02898722 -0.01961475 0.005632221 -0.02934437 -0.01907622 0.005179703 -0.03499996 0 0.004499971 -0.03499996 0 0.05649417 0 0.03238469 0.07809996 -8.68176e-4 0.03235721 0.07822835 -0.001644849 0.03228229 0.07859116 -0.005268096 0.03256398 0.07319062 -0.00587511 0.032471 0.07310259 -0.006830334 0.03226906 0.07321715 -0.007425725 0.03210675 0.0734604 -0.004942238 0.03260242 0.07329261 -0.004126429 0.03265821 0.07375699 -0.003975927 0.03266102 0.07388567 -0.003569185 0.03265118 0.07434171 -0.003145277 0.0325914 0.07517755 -0.002824008 0.03201633 0.0800876 -0.002340435 0.03216117 0.07922321 -0.002024352 0.03222459 0.07888597 -0.002992331 0.03190267 0.08088606 -0.008854389 0.03152376 0.07517671 -0.008403837 0.03175735 0.07430511 -0.008023858 0.03190886 0.0738855 -0.007682561 0.03202658 0.07361626 0 -0.03081226 0.09090614 -0.002016544 -0.03074622 0.09090614 -0.03496271 0 0.05710351 -0.006931245 -0.03002256 0.09090614 -0.006407558 -0.03013867 0.09090614 7.33376e-4 0.03236508 0.07819098 0.001153469 0.03233575 0.07833063 0.001220166 0.03494143 0.05710351 0.002868354 0.03199601 0.08022123 0.002497017 0.03212356 0.07943725 0.002024233 0.03222465 0.07888585 0.00185734 0.03225201 0.07874411 0.003975987 0.03266102 0.07388561 0.004237174 0.03265446 0.07367253 0.00300306 0.03250849 0.07596409 0.003178358 0.03260076 0.07508087 0.003621697 0.03265446 0.07427138 0.005044519 0.03259128 0.07325619 0.005267739 0.03256404 0.07319068 0.00456351 0.03466361 0.05710351 0.005889058 0.03246855 0.07310205 0.007864892 0.03406661 0.05710351 2.38243e-4 0.0323826 0.07810944 0.002416074 -0.03071737 0.09090614 0.008386075 0.03176546 0.07428157 0.008844375 0.03153043 0.07514631 0.01422059 0.03194004 0.05710351 0.006843626 0.03226578 0.07322102 0.007426023 0.03210687 0.07346057 0.01109379 0.03315597 0.05710351 0.007691979 0.03202354 0.07362264 0.008023798 0.03190869 0.07388544 0.01253247 0.02814841 0.09090614 0.001220166 -0.03494143 0.05710351 0.00456351 -0.03466361 0.05710351 0.006798803 -0.03005278 0.09090614 0.007864892 -0.03406661 0.05710351 0.0110408 -0.02876621 0.09090614 0.01109379 -0.03315597 0.05710351 0.01253247 -0.02814841 0.09090614 0.01422059 -0.03194004 0.05710351 0.01505428 -0.02688425 0.09090614 0.01721644 -0.03042995 0.05710351 0.01767319 -0.02523994 0.09090614 0.0200538 -0.02863979 0.05710351 0.01875621 -0.02444583 0.09090614 0.02270644 -0.02658581 0.05710351 0.02206993 -0.02150148 0.09090614 0.02515006 -0.0242871 0.05710351 0.02492684 -0.01811212 0.09090614 0.0273621 -0.02176481 0.05710351 0.02584135 -0.01678156 0.09090614 0.0293222 -0.01904201 0.05710351 0.02726781 -0.01434785 0.09090614 0.03101229 -0.01614397 0.05710351 0.02856862 -0.01154243 0.09090614 0.03241688 -0.01309722 0.05710351 0.02904444 -0.01028662 0.09090614 0.0335229 -0.009929895 0.05710351 0.03021997 -0.006012499 0.09090614 0.03432035 -0.00667119 0.05710351 0.03076994 -0.001613914 0.09090614 0.03480172 -0.003350973 0.05710351 0.03081226 0 0.09090614 0.03496271 0 0.05710351 0.03068315 0.002817988 0.09090614 0.03480172 0.003350973 0.05710351 0.03024613 0.005879223 0.09090614 0.03432035 0.00667119 0.05710351 0.02996122 0.007191598 0.09090614 0.0335229 0.009929895 0.05710351 0.02861922 0.01141643 0.09090614 0.03241688 0.01309722 0.05710351 0.02668488 0.01540493 0.09090614 0.03101229 0.01614397 0.05710351 0.02584135 0.01678156 0.09090614 0.0293222 0.01904201 0.05710351 0.02419823 0.01907461 0.09090614 0.0273621 0.02176481 0.05710351 0.02216446 0.02140396 0.09090614 0.02515006 0.0242871 0.05710351 0.02121073 0.02234947 0.09090614 0.02270644 0.02658581 0.05710351 0.01778423 0.0251618 0.09090614 0.0200538 0.02863979 0.05710351 0.01398968 0.0274533 0.09090614 0.01721644 0.03042995 0.05710351 0.03499037 8.19119e-4 0.03527987 0.004568397 0.03470057 0.05649417 0.007873237 0.03410291 0.004499971 0.007873237 0.03410291 0.05649417 0.001221477 0.03497862 0.004499971 0.001221477 -0.03497862 0.004499971 0.001221477 -0.03497862 0.05649417 0.03499996 0 0.004499971 0.03435695 -0.006678283 0.004499971 0.03499996 0 0.05649417 0.03483885 -0.003354549 0.05649417 0.03435695 -0.006678283 0.05649417 0.03435695 0.006678283 0.004499971 0.03130489 0.01565259 0.03525322 0.02935343 0.01906234 0.05649417 0.03104537 0.0161612 0.05649417 0.03245139 0.01311123 0.05649417 0.03116142 0.01593619 0.03500169 0.03112643 0.0160045 0.03490048 0.03105956 0.01613384 0.03452682 0.03108513 0.01608455 0.03405648 0.02935343 0.01906234 0.004499971 0.03105664 0.0161395 0.0344752 0.03245139 0.01311123 0.004499971 0.03483885 0.003354549 0.05649417 0.03435695 0.006678283 0.05649417 0.03355866 0.009940505 0.05649417 0.03196954 -0.01424586 0.007434129 0.03245139 -0.01311123 0.004499971 0.03178393 -0.01465535 0.006450653 0.0315113 -0.01523268 0.005695104 0.03148049 -0.01529628 0.005632221 0.03107196 -0.01611 0.00504595 0.03076452 -0.01668965 0.004815161 0.03058212 -0.01702141 0.00473994 0.02935343 -0.01906234 0.004499971 0.03004354 -0.017955 0.004736781 0.02983587 -0.01829797 0.004815161 0.02935343 -0.01906234 0.05649417 0.03355866 -0.009940505 0.05649417 0.03104537 -0.0161612 0.05649417 0.03245139 -0.01311123 0.05649417 0.02863222 -0.02012938 0.006325662 0.0283488 -0.02052664 0.007289946 0.02517688 -0.02431303 0.004499971 0.02894753 -0.01967322 0.005695104 0.02955824 -0.01874315 0.004988729 0.02934324 -0.01907807 0.005180954 0.02905178 -0.01951903 0.005536019 0.02823495 -0.02068293 0.008294284 0.02517688 -0.02431303 0.05649417 0.02739125 -0.021788 0.05649417 0.004568397 -0.03470057 0.05649417 0.007873237 -0.03410291 0.004499971 0.007873237 -0.03410291 0.05649417 0.01110565 -0.03319132 0.05649417 0.01423573 -0.03197407 0.004499971 0.01423573 -0.03197407 0.05649417 0.0172348 -0.03046244 0.05649417 0.02007514 -0.02867031 0.004499971 0.02007514 -0.02867031 0.05649417 0.02273064 -0.02661418 0.05649417 0.02739125 0.021788 0.05649417 0.02517688 0.02431303 0.004499971 0.02517688 0.02431303 0.05649417 0.02273064 0.02661418 0.05649417 0.02007514 0.02867031 0.004499971 0.02007514 0.02867031 0.05649417 0.0172348 0.03046244 0.05649417 0.01423573 0.03197407 0.004499971 0.01423573 0.03197407 0.05649417 0.01110565 0.03319132 0.05649417 0.03496271 0 0.05710351 0.03499996 0 0.05649417 5.87385e-4 0.02189433 0.006958067 0.01841574 -0.009084105 0.007538318 0.01827841 -0.008758842 0.007944881 0.01825582 -0.008699953 0.008071959 0.01860678 -0.00946778 0.007273733 -0.02115648 0.006694614 7e-4 -0.0213555 0.005374431 7e-4 -0.0221076 0.004271268 7e-4 -0.02326387 0.003603756 7e-4 -0.02459526 0.003503978 7e-4 -0.02583807 0.003991723 7e-4 0.004780471 0.02166938 7e-4 0.009462058 0.02437233 7e-4 0.009263098 0.02305209 7e-4 0.008510947 0.02194899 7e-4 0.007354736 0.02128142 7e-4 0.006023347 0.02118164 7e-4 0.02702164 -0.005608558 7e-4 0.02714812 -0.006470441 7e-4 0.02713376 -0.006763637 7e-4 0.02679914 -0.007874786 7e-4 0.02674621 -0.007970452 7e-4 0.02186918 -0.00842148 7e-4 0.02606779 -0.00877583 7e-4 0.02564811 -0.009068548 7e-4 0.0250492 -0.009331941 7e-4 0.0241481 -0.009470462 7e-4 0.0238958 -0.009459793 7e-4 0.02278012 -0.009140372 7e-4 0.02264809 -0.009068548 7e-4 -0.008672535 -0.02618545 7e-4 -0.008160412 -0.02662682 7e-4 -0.00775963 -0.02685701 7e-4 -0.006662786 -0.02714192 7e-4 -0.003575384 -0.02336168 7e-4 -0.003478825 -0.02392393 7e-4 -0.003490209 -0.02449172 7e-4 -0.005538463 -0.02699971 7e-4 -0.004547178 -0.02645051 7e-4 -0.003830313 -0.02557277 7e-4 -0.003677845 -0.02524411 7e-4 -0.02583807 0.003991723 0 -0.02459526 0.003503978 0 -0.02326387 0.003603756 0 -0.0221076 0.004271268 0 -0.0213555 0.005374431 0 -0.02115648 0.006694614 0 0.004780471 0.02166938 0 0.006023347 0.02118164 0 0.007354736 0.02128142 0 0.008510947 0.02194899 0 0.009263098 0.02305209 0 0.009462058 0.02437233 0 0.02264809 -0.009068548 0 0.0241481 -0.009470462 0 0.02564811 -0.009068548 0 0.02674621 -0.007970452 0 0.02714812 -0.006470441 0 -0.008160412 -0.02662682 0 -0.006917595 -0.02711462 0 -0.005586206 -0.02701485 0 -0.004429936 -0.02634727 0 -0.003677845 -0.02524411 0 -0.003478825 -0.02392393 0 0.005790054 0.03045445 0 0.01181906 0.02865844 0 -0.02926933 0.01021289 0 -0.03072851 0.004093587 0 0.01736134 0.02568233 0 0.02218866 0.02164858 0 0.02610224 0.01672333 0 -0.02660489 0.01591157 0 -0.02284479 0.02095502 0 -0.01269596 0.02828091 0 -0.006725132 0.03026169 0 -4.7738e-4 0.03099632 0 -0.02753394 -0.01424354 0 -0.02984255 -0.008391678 0 -0.03092223 -0.002194166 0 -0.001939654 0.02242624 0.008988738 -0.001648545 -0.02244955 0.004499971 -0.001415669 0.0224654 0.009912729 -7.66897e-4 0.02249693 0.01034712 -2.30448e-6 0.02250999 0.01049995 -0.001939117 0.0224263 0.008011281 -0.00673139 0.0214799 0.004499971 -0.001847445 0.02243405 0.007733881 -0.001648545 0.02244955 0.004499971 -0.001413464 0.02246552 0.007085025 -0.001999974 0.02242094 0.008499085 -0.001848578 0.02243393 0.009263277 -7.64469e-4 0.02249699 0.006651818 -0.02035236 -0.009616613 0.007735073 -0.02117919 -0.007624983 0.004499971 -0.02016294 -0.01000773 0.007086038 -0.01986569 -0.01058554 0.006652235 -0.01973396 -0.01082909 0.006560802 -0.01887845 -0.01225978 0.004499971 -0.01949459 -0.01125437 0.006499946 -0.0192452 -0.01167565 0.006560266 -0.01910054 -0.01191079 0.006651937 -0.0187487 -0.01245731 0.007085502 -0.01558011 -0.01624679 0.004499971 -0.01850455 -0.0128172 0.007734537 -0.01145851 0.01937526 0.004499971 -0.01558011 0.01624679 0.004499971 -0.01887845 0.01225978 0.004499971 -0.02117919 0.007624983 0.004499971 -0.0223608 0.002587199 0.004499971 -0.0223608 -0.002587199 0.004499971 -0.01145851 -0.01937526 0.004499971 -0.00673139 -0.0214799 0.004499971 0.03499996 0 0.004499971 0.01879733 0.01481723 0.1013136 0.01680588 0.01324748 0.1024629 0.01853293 0.01069885 0.1024629 0.01467525 0.011568 0.1030877 0.01618331 0.009342491 0.1030877 0.01709586 -0.02228182 0.09764248 0.01594454 -0.02078127 0.09968537 -0.00633949 -0.02981865 0.0926491 0.002390444 -0.03039121 0.0926491 -0.003885924 -0.01827794 0.1030877 -0.004450082 -0.0209316 0.1024629 -0.004977405 -0.02341187 0.1013136 -0.00544703 -0.02562069 0.09968537 -0.005840301 -0.02747064 0.09764248 -0.006141781 -0.0288887 0.09526568 0.00412321 -0.01822584 0.1030877 0.006695806 -0.01744556 0.1030877 0.009129822 -0.01630425 0.1030877 0.01137489 -0.01482546 0.1030877 0.01338452 -0.01303982 0.1030877 0.01511716 -0.0109843 0.1030877 0.01653689 -0.008701384 0.1030877 0.0176143 -0.0062384 0.1030877 0.01832723 -0.003646314 0.1030877 0.01866078 -9.78809e-4 0.1030877 0.01860809 0.001708984 0.1030877 0.01817029 0.00436145 0.1030877 0.01735645 0.006923615 0.1030877 0.008484184 0.01664936 0.1030877 0.009715974 0.01906657 0.1024629 0.01086723 0.02132588 0.1013136 0.01189255 0.02333784 0.09968537 0.01275128 0.02502304 0.09764248 0.01340949 0.02631467 0.09526568 0.01384115 0.02716177 0.0926491 0.01759541 0.02489459 0.0926491 0.02098554 0.02211219 0.0926491 0.02964311 0.007115244 0.0926491 0.02831536 0.01129519 0.0926491 0.02640157 0.01524138 0.0926491 0.02394127 0.01887208 0.0926491 0.03035736 0.002788066 0.0926491 0.03044325 -0.001596808 0.0926491 0.02989906 -0.005948662 0.0926491 0.02873605 -0.01017743 0.0926491 0.01855707 -0.02418625 0.0926491 0.02183556 -0.02127319 0.0926491 0.02466213 -0.01791977 0.0926491 0.02697831 -0.0141955 0.0926491 0.01489448 -0.02659881 0.0926491 0.01092356 -0.0284608 0.0926491 0.01169425 -0.02088379 0.1013136 0.01176762 -0.02132374 0.1010608 0.01456993 -0.01898968 0.1013136 0.009079754 -0.02268618 0.1010087 0.009384155 -0.02229869 0.1011603 0.008576571 -0.02234572 0.1013136 0.01006656 -0.02174711 0.1012969 0.01018792 -0.02167886 0.1013032 0.01088637 -0.02141052 0.1012654 0.005281329 -0.02334517 0.1013136 0.005779623 -0.02554768 0.09968537 0.008585691 -0.02465182 0.09976345 0.008585333 -0.02409243 0.1002003 0.008613586 -0.02387249 0.1003528 0.008883774 -0.02302825 0.1008478 0.009921014 -0.02690148 0.09680265 0.006516814 -0.02880638 0.09526568 0.009714305 -0.02674949 0.09712308 0.006196975 -0.02739238 0.09764248 0.00923562 -0.02626883 0.09795016 0.008787631 -0.02549499 0.09894621 0.01058292 -0.02757316 0.09526568 0.01797831 -0.02343195 0.09526568 0.01442992 -0.02576923 0.09526568 0.02557814 0.01476603 0.09526568 0.02319461 0.01828348 0.09526568 0.02444142 0.01467186 0.09705281 0.0220561 0.01738601 0.09764248 0.02347904 0.01453953 0.09822851 0.02057075 0.0162152 0.09968537 0.02264565 0.01413822 0.09921741 0.02294343 0.01431834 0.09886533 0.02137494 0.01104807 0.1012396 0.02133005 0.0118668 0.1010265 0.02072894 0.01196664 0.1013136 0.02153962 0.01275831 0.100606 0.02183681 0.01332086 0.1001982 0.02200734 0.01355117 0.09998351 0.02288788 0.008957147 0.1009175 0.02218556 0.009494423 0.1011975 0.02223157 0.008868336 0.1013136 0.0216673 0.01020973 0.1013038 0.02156072 0.0104357 0.1013031 0.02327406 0.005586504 0.1013136 0.02730894 0.006554961 0.09764248 0.02871859 0.006893336 0.09526568 0.02743226 0.01094293 0.09526568 0.01987636 0.007928788 0.1024629 0.02080839 0.00499463 0.1024629 0.02130973 0.001957118 0.1024629 0.02137005 -0.001120865 0.1024629 0.02098804 -0.004175722 0.1024629 0.02017164 -0.007144153 0.1024629 0.01893776 -0.009964704 0.1024629 0.01731193 -0.01257902 0.1024629 0.01532775 -0.01493299 0.1024629 0.01302635 -0.01697784 0.1024629 0.01045536 -0.01867139 0.1024629 0.007667958 -0.0199784 0.1024629 0.00472182 -0.02087193 0.1024629 0.02383482 0.00218898 0.1013136 0.02390229 -0.001253724 0.1013136 0.02347499 -0.00467056 0.1013136 0.0225619 -0.007990717 0.1013136 0.02118176 -0.01114547 0.1013136 0.01936328 -0.01406955 0.1013136 0.01714402 -0.01670247 0.1013136 0.01876151 -0.01827824 0.09968537 0.0211901 -0.01539695 0.09968537 0.02318018 -0.01219701 0.09968537 0.0246905 -0.008744597 0.09968537 0.02568978 -0.005111157 0.09968537 0.02615731 -0.001371979 0.09968537 0.02608352 0.00239551 0.09968537 0.02546983 0.006113529 0.09968537 0.0201162 -0.01959806 0.09764248 0.02272021 -0.01650875 0.09764248 0.02485394 -0.01307773 0.09764248 0.02647334 -0.009375989 0.09764248 0.02754473 -0.005480229 0.09764248 0.02804607 -0.001471042 0.09764248 0.02796691 0.002568483 0.09764248 0.01078546 0.01525962 0.1030877 0.01235133 0.01747506 0.1024629 0.01381492 0.01954579 0.1013136 0.0151183 0.02138984 0.09968537 0.0162099 0.02293437 0.09764248 0.01704668 0.02411818 0.09526568 0.01286351 0.01355409 0.1030877 0.01473104 0.01552194 0.1024629 0.01647663 0.01736116 0.1013136 0.01803112 0.01899915 0.09968537 0.01933306 0.02037101 0.09764248 0.02033102 0.02142256 0.09526568 0.02115458 -0.02060973 0.09526568 0.02389299 -0.01736092 0.09526568 0.02613693 -0.01375275 0.09526568 0.02783983 -0.009859979 0.09526568 0.0289666 -0.005763113 0.09526568 0.0294938 -0.001546978 0.09526568 0.02941054 0.002701103 0.09526568 0.006726622 -0.02973371 0.0926491 0.00146526 -0.01862889 0.1030877 0.001677989 -0.02133351 0.1024629 0.001876831 -0.0238614 0.1013136 0.002053916 -0.02611267 0.09968537 0.002202212 -0.02799814 0.09764248 0.002315878 -0.02944338 0.09526568 -0.001222968 -0.01864635 0.1030877 -0.00140053 -0.02135354 0.1024629 -0.001566469 -0.02388381 0.1013136 -0.001714289 -0.02613711 0.09968537 -0.001838028 -0.02802443 0.09764248 -0.001932919 -0.02947103 0.09526568 -0.001995146 -0.03041976 0.0926491 0.02249997 -0.007549941 0.03729999 0.02549999 -0.007549941 0.03729999 0.02249997 -0.007683932 0.03779995 0.02549999 -0.007683932 0.03779995 0.02249997 -0.008049964 0.03816598 0.02549999 -0.008049964 0.03816598 0.02249997 -0.008549988 0.03829997 0.02549999 -0.008549988 0.03829997 0.02249997 -0.009049952 0.03816598 0.02549999 -0.009049952 0.03816598 0.02249997 -0.009415984 0.03779995 0.02549999 -0.009415984 0.03779995 0.02249997 -0.009549975 0.03729999 0.02549999 -0.009549975 0.03729999 0.02549999 -0.009415984 0.03679996 0.02549999 -0.008549988 0.0363 0.02549999 -0.009049952 0.03643393 0.02549999 -0.008049964 0.03643393 0.02549999 -0.007683932 0.03679996 0.02249997 -0.009415984 0.03679996 0.02249997 -0.009049952 0.03643393 0.02249997 -0.008549988 0.0363 0.02249997 -0.008049964 0.03643393 0.02249997 -0.007683932 0.03679996 0.02249997 -0.003549993 0.03729999 0.02749997 -0.003549993 0.03729999 0.02249997 -0.003683924 0.03779995 0.02749997 -0.003683924 0.03779995 0.02249997 -0.004049956 0.03816598 0.02749997 -0.004049956 0.03816598 0.02249997 -0.00454998 0.03829997 0.02749997 -0.00454998 0.03829997 0.02249997 -0.005049943 0.03816598 0.02749997 -0.005049943 0.03816598 0.02249997 -0.005415976 0.03779995 0.02749997 -0.005415976 0.03779995 0.02249997 -0.005549967 0.03729999 0.02749997 -0.005549967 0.03729999 0.02749997 -0.005415976 0.03679996 0.02749997 -0.00454998 0.0363 0.02749997 -0.005049943 0.03643393 0.02749997 -0.004049956 0.03643393 0.02749997 -0.003683924 0.03679996 0.02249997 -0.005415976 0.03679996 0.02249997 -0.005049943 0.03643393 0.02249997 -0.00454998 0.0363 0.02249997 -0.004049956 0.03643393 0.02249997 -0.003683924 0.03679996</float_array>
          <technique_common>
            <accessor source="#link_base-mesh-positions-array" count="3450" stride="3">
              <param name="X" type="float"/>
              <param name="Y" type="float"/>
              <param name="Z" type="float"/>
            </accessor>
          </technique_common>
        </source>
        <source id="link_base-mesh-normals">
          <float_array id="link_base-mesh-normals-array" count="20274">-0.9906976 -0.136082 0 -0.9906975 -0.136082 0 -0.7746812 0.00159496 -0.63235 -0.8922083 -6.32944e-4 -0.4516237 -0.9709989 0.002024233 -0.2390756 -0.9729168 0.001769363 -0.2311489 -0.9984021 0 -0.05650866 -0.1783248 0 -0.9839717 -0.01315456 0.006611943 -0.9998916 -0.2624823 -0.002720892 -0.9649329 -0.4367273 2.74289e-4 -0.8995939 -0.6014099 -4.70696e-4 -0.7989405 -0.6116939 -1.33217e-4 -0.7910945 -0.8043227 1.66275e-4 -0.5941928 0.214334 -0.003508388 -0.9767541 0.9984021 0 -0.05650866 0.9710719 0.001847088 -0.2387805 0.6014065 0.003368318 -0.7989361 0.9729161 0.002118527 -0.2311487 0.8922083 -6.32944e-4 -0.4516237 0.8039129 0.001106441 -0.5947461 0.7746821 8.99394e-5 -0.6323509 0.6400785 -7.55755e-5 -0.7683095 0.4749574 -0.003701865 -0.880001 0.05081504 -0.01210242 -0.9986347 0.2624832 7.8646e-4 -0.9649362 0.01315534 0 -0.9999135 0.9906975 -0.136082 0 0.9906976 -0.136082 0 0.1736859 -0.1974691 -0.9648001 0.7464262 -0.5727529 -0.3388246 -0.1228057 -0.9328008 -0.3388238 -0.00412625 -0.01256197 -0.9999126 0.01315528 -0.001731872 -0.999912 0.01320242 -0.001737534 -0.9999114 0.01263898 -0.003838717 -0.9999128 0.0346648 -0.01165628 -0.9993311 0.005174338 -0.002345979 -0.9999839 0.01187014 -0.005811393 -0.9999127 0.01104485 -0.007240772 -0.9999128 -0.002584755 -0.01297533 -0.9999125 -6.20627e-4 -0.004191577 -0.9999911 -0.001819491 -0.02764177 -0.9996162 -1.32687e-4 -0.01245403 -0.9999225 0.003110468 -0.02362644 -0.999716 -0.01315486 -0.001583755 -0.9999122 -0.10216 -0.0134496 -0.994677 -0.2623266 -0.03453588 -0.9643609 -0.9898876 -0.1303211 -0.05602669 -0.8178529 -0.5726667 -0.05629962 -0.9048702 -0.421948 -0.05630022 -0.7361013 -0.6745129 -0.05645692 -0.6078051 -0.7921071 -0.0560286 0.08701735 -0.9946149 -0.05629426 -0.08701735 -0.9946149 -0.05629426 -0.1071218 -0.8136695 -0.5713727 -0.2160943 -0.9747387 -0.05646091 0.3820822 -0.922428 -0.05603271 0.9048702 -0.421948 -0.05630022 0.8178529 -0.5726667 -0.05629962 0.6510978 -0.4996048 -0.5713727 0.7361013 -0.6745129 -0.05645716 0.9898875 -0.1303213 -0.05602669 0.9898873 -0.130321 -0.05603253 -0.9898872 -0.1303213 -0.05603247 -0.9650342 -0.1270493 -0.2292761 -0.9311262 -0.1337924 -0.3392691 -0.260955 -0.6300011 -0.7314376 -0.3600476 -0.8692318 -0.3388238 -0.3600476 -0.8692319 -0.338824 -0.3820823 -0.9224281 -0.05603271 -0.3820822 -0.922428 -0.05603235 0.1228053 -0.9328008 -0.3388237 0.4151195 -0.5409943 -0.7314376 0.5727529 -0.7464262 -0.3388246 0.5727529 -0.7464264 -0.3388242 0.607805 -0.7921071 -0.0560286 0.6078051 -0.7921069 -0.05603235 0.8861165 -0.1166592 -0.4485401 -0.2444494 -0.1012544 -0.964361 -0.6300011 -0.2609552 -0.7314377 -0.6300015 -0.2609552 -0.7314373 -0.8692318 -0.3600476 -0.3388239 -0.8692319 -0.3600476 -0.3388237 -0.7582187 -0.3140645 -0.5713738 -0.9521956 -0.300226 -0.05646091 -0.6510977 -0.4996047 -0.5713729 -0.7464264 -0.5727529 -0.3388242 -0.7464262 -0.5727529 -0.3388245 -0.5409943 -0.4151195 -0.7314376 -0.5409942 -0.4151194 -0.7314378 0.08900678 -0.6760749 -0.7314373 0.08900678 -0.6760748 -0.7314374 -0.08900672 -0.6760748 -0.7314374 0.6300015 -0.2609553 -0.7314373 0.7706843 -0.1014623 -0.6290875 0.6736918 -0.1004565 -0.7321529 0.5995337 -0.07892996 -0.796448 -0.8861165 -0.1166592 -0.4485401 -0.7706843 -0.1014623 -0.6290875 -0.6736918 -0.1004565 -0.7321529 -0.5995337 -0.07892996 -0.796448 -0.2623267 -0.03453588 -0.9643609 -0.2444495 -0.1012544 -0.9643609 -0.218964 -0.1456369 -0.9648029 -0.2464612 -0.1891164 -0.9505219 -0.1981325 -0.1730164 -0.9647843 -0.1736859 -0.1974691 -0.9648001 -0.607805 -0.7921071 -0.05603188 -0.5727529 -0.7464262 -0.3388246 -0.572753 -0.7464264 -0.3388242 -0.4151195 -0.5409942 -0.7314377 -0.4151195 -0.5409942 -0.7314376 -0.1891342 -0.2464846 -0.9505122 -0.146451 -0.2184892 -0.9647874 -0.01278537 -0.003272831 -0.9999129 -0.01229774 -0.005093872 -0.9999114 -0.01229673 -0.005093455 -0.9999114 -0.01131367 -0.006795227 -0.999913 -0.02273225 -0.01511961 -0.9996272 -0.00339204 -0.002696156 -0.9999906 -0.009931325 -0.008672356 -0.9999131 -0.008827745 -0.009776353 -0.9999133 -0.01541656 -0.01752758 -0.9997275 -0.004786014 -0.006944596 -0.9999644 -0.007357895 -0.01097726 -0.9999127 -0.005854129 -0.01184546 -0.9999127 -0.1165208 -0.2357725 -0.9647976 -0.1189016 -0.2870537 -0.9505065 -0.2609553 -0.6300015 -0.7314373 -0.08900678 -0.6760749 -0.7314373 -0.1228052 -0.9328001 -0.3388256 0.1228056 -0.9328001 -0.3388256 0.1071218 -0.8136695 -0.5713727 0.2160943 -0.9747387 -0.05646097 0.3820823 -0.9224281 -0.05603271 0.3600476 -0.8692319 -0.3388239 0.3600477 -0.8692319 -0.3388238 0.2609552 -0.6300015 -0.7314373 0.2609551 -0.630001 -0.7314378 0.1189016 -0.2870536 -0.9505065 0.1165208 -0.2357725 -0.9647976 -0.003918886 -0.00815171 -0.9999591 -0.006996035 -0.02055203 -0.9997644 -0.08475816 -0.2489904 -0.9647901 -0.051382 -0.2579349 -0.964795 -0.04055607 -0.3080548 -0.9505038 -0.01727551 -0.2624441 -0.9647926 0.03453588 -0.2623267 -0.9643609 0.03453588 -0.2623266 -0.9643609 0.08475816 -0.2489904 -0.9647901 0.9521956 -0.300226 -0.05646091 0.7582185 -0.3140645 -0.5713739 0.8692319 -0.3600476 -0.3388239 0.7464263 -0.572753 -0.3388242 0.5409942 -0.4151195 -0.7314377 0.4151194 -0.5409942 -0.7314378 0.1891342 -0.2464846 -0.9505122 0.1464511 -0.2184891 -0.9647874 0.001806616 -0.01317858 -0.9999116 0.003755152 -0.01265633 -0.9999129 0.01385664 -0.04070621 -0.9990751 0.002007603 -0.004503905 -0.9999879 0.0058586 -0.01185452 -0.9999126 0.007246732 -0.01105302 -0.9999126 0.01184773 -0.01767557 -0.9997736 0.006041288 -0.007010579 -0.9999572 0.008705914 -0.009898006 -0.9999132 0.009931445 -0.008672475 -0.999913 0.1981325 -0.1730164 -0.9647843 0.2464612 -0.1891164 -0.9505219 0.5409942 -0.4151195 -0.7314376 0.6300011 -0.260955 -0.7314377 0.8692318 -0.3600476 -0.3388238 0.9311262 -0.1337924 -0.3392692 0.9650342 -0.1270493 -0.2292761 0.2623267 -0.03453588 -0.9643609 0.2623267 -0.03453588 -0.964361 0.2492486 -0.08381152 -0.9648061 0.286966 -0.1188653 -0.9505375 0.2362595 -0.1156683 -0.964781 0.218964 -0.1456369 -0.9648029 0.01460313 -0.009712755 -0.9998462 0.007737874 -0.006667792 -0.9999479 0.9870927 -0.1355875 -0.0852288 0.9870926 -0.1355868 -0.08523195 0.9323385 -0.1280664 -0.3381476 0.9045299 -0.1528303 -0.3980809 0.827143 -0.1136168 -0.5503867 0.6580742 -0.09039342 -0.7475075 0.6183523 -0.1110526 -0.7780153 0.4598324 -0.06316238 -0.8857565 0.2152119 -0.0295614 -0.9761198 0.2152124 -0.02956187 -0.9761197 0.1878767 -0.106511 -0.9764004 0.8669838 -0.4909038 -0.08574724 0.8669838 -0.4909039 -0.08574616 0.7979727 -0.4518284 -0.3988616 0.7979727 -0.4518285 -0.3988616 0.5462662 -0.3093071 -0.7784102 0.5462663 -0.3093073 -0.77841 0.1882606 -0.106597 -0.9763171 0.2029969 -0.07484036 -0.9763151 0.2026039 -0.07481735 -0.9763985 0.5888865 -0.2174634 -0.7784101 0.5888866 -0.2174634 -0.77841 0.8602316 -0.3176655 -0.3988612 0.8602315 -0.3176654 -0.3988614 0.9346266 -0.345138 -0.08574801 0.9346268 -0.3451382 -0.0857467 0.05346065 -0.2149981 -0.9751502 0.2404651 -0.9670595 -0.08350169 0.6653861 -0.7418148 -0.0834999 0.2404649 -0.9670597 -0.08350044 0.2276201 -0.9154025 -0.3320052 0.2453573 -0.8866433 -0.3919992 0.2027164 -0.8152485 -0.5424721 0.1621329 -0.652037 -0.7406488 0.1764661 -0.609574 -0.7728385 0.1138243 -0.4577579 -0.8817605 0.05346059 -0.2149982 -0.9751501 0.6653861 -0.7418146 -0.0835008 0.6148566 -0.6854812 -0.3899574 0.6148567 -0.6854807 -0.3899582 0.4259363 -0.4748604 -0.7701207 0.4259363 -0.4748606 -0.7701206 0.1479297 -0.1649214 -0.9751501 0.1479297 -0.1649215 -0.9751501 0 -0.2153061 -0.9765467 0 -0.2153061 -0.9765467 0 -0.4607524 -0.8875287 0 -0.4607524 -0.8875287 0 -0.6607798 -0.7505798 0 -0.6607798 -0.7505798 0 -0.832534 -0.5539739 0 -0.832534 -0.5539739 0 -0.9400796 -0.3409552 0 -0.9400796 -0.3409552 0 -0.9962929 -0.08602589 0 -0.9962929 -0.08602589 -0.665386 -0.7418147 -0.08350068 -0.2404649 -0.9670595 -0.08350169 -0.2404652 -0.9670596 -0.08350044 -0.2276201 -0.9154025 -0.3320052 -0.2453572 -0.8866433 -0.3919992 -0.2027164 -0.8152485 -0.5424721 -0.6653861 -0.7418147 -0.0834999 -0.6148565 -0.685481 -0.389958 -0.614857 -0.685481 -0.3899574 -0.4259364 -0.4748605 -0.7701206 -0.4259362 -0.4748606 -0.7701207 -0.1479297 -0.1649214 -0.9751501 -0.1479296 -0.1649214 -0.9751501 -0.1621329 -0.652037 -0.7406488 -0.1764661 -0.609574 -0.7728385 -0.1138243 -0.4577579 -0.8817605 -0.05346059 -0.2149981 -0.9751501 -0.05346071 -0.2149982 -0.9751502 -0.2026353 -0.07470703 -0.9764004 -0.9346266 -0.3451381 -0.08574801 -0.9346268 -0.345138 -0.08574676 -0.8602316 -0.3176655 -0.3988612 -0.8602315 -0.3176655 -0.3988613 -0.5888864 -0.2174634 -0.7784101 -0.5888866 -0.2174634 -0.77841 -0.2029489 -0.07494473 -0.9763171 -0.1882119 -0.106701 -0.9763152 -0.1879406 -0.1064159 -0.9763985 -0.5462661 -0.3093072 -0.7784102 -0.5462663 -0.3093072 -0.77841 -0.7979727 -0.4518285 -0.3988616 -0.7979727 -0.4518284 -0.3988615 -0.8669837 -0.4909039 -0.08574724 -0.8669838 -0.4909039 -0.08574622 -0.9870928 -0.1355869 -0.0852288 -0.9870924 -0.1355875 -0.08523195 -0.9521181 -0.1307834 -0.2763454 -0.9032056 -0.159813 -0.398346 -0.8608976 -0.1182534 -0.494845 -0.6242068 -0.0857414 -0.7765399 -0.6242077 -0.08574092 -0.7765393 -0.215212 -0.0295614 -0.9761198 -0.2152119 -0.02956146 -0.9761198 -0.9537494 -0.3006029 0 -0.8701888 -0.4927185 0 -0.8503636 -0.5259858 -0.01485019 -0.8905788 -0.4548289 1.89819e-4 -0.9380816 -0.346414 -3.89992e-4 -0.9178906 -0.3963066 -0.02044427 -0.9351791 -0.3540817 -0.008128702 0 0 -1 0 0 -1 0 0 -1 0 0 -1 0 0 -1 0 0 -1 0 0 -1 0 0 -1 0 0 -1 0 0 -1 0 0 -1 0 0 -1 0 0 -1 0 0 -1 0 0 -1 0 0 -1 0 0 -1 0 0 -1 0 0 -1 0 0 -1 0 0 -1 0 0 -1 0 0 -1 0 0 -1 0 0 -1 0 0 -1 0 0 -1 0 0 -1 0.9197307 -0.3925499 -1.47052e-4 0.9380592 -0.3464058 -0.006927669 0.938039 -0.3464602 -0.00694108 0.9538218 -0.3003731 0 0.8504569 -0.5260446 0 0.8701628 -0.4927038 -0.007732689 0.8749084 -0.4842519 -0.005948901 0.8934442 -0.4491741 1.58467e-4 0.2413079 -0.9704486 0 0.2413079 -0.9704486 0 0.6677178 -0.7444144 0 0.6677178 -0.7444144 0 0 -1 0 0 -1 0 -0.6677178 -0.7444144 0 -0.6677178 -0.7444144 0 -0.2413079 -0.9704486 0 -0.2413079 -0.9704486 0 0.9914449 -0.1305261 0 0.9914449 -0.1305261 0 0.9537169 -0.3007057 0 0.9537169 -0.3007057 0 0.9063078 -0.4226183 0 0.9063078 -0.4226183 0 0.8191521 -0.5735763 0 0.8191521 -0.5735763 0 0.7372772 -0.6755904 0 0.7372772 -0.6755904 0 0.6087614 -0.7933533 0 0.6087614 -0.7933533 0 0.3826835 -0.9238795 0 0.3826835 -0.9238795 0 0.2164396 -0.9762961 0 0.2164396 -0.9762961 0 0.08715558 -0.9961948 0 0.08715558 -0.9961948 0 -0.08715558 -0.9961948 0 -0.08715558 -0.9961948 0 -0.2164396 -0.9762961 0 -0.2164396 -0.9762961 0 -0.3826835 -0.9238795 0 -0.3826835 -0.9238795 0 -0.6087614 -0.7933533 0 -0.6087614 -0.7933533 0 -0.7372772 -0.6755904 0 -0.7372772 -0.6755904 0 -0.8191521 -0.5735763 0 -0.8191521 -0.5735763 0 -0.9063078 -0.4226183 0 -0.9063078 -0.4226183 0 -0.9537169 -0.3007057 0 -0.9537169 -0.3007057 0 -0.9914449 -0.1305261 0 -0.9914449 -0.1305261 0 -0.9837387 0 0.1796052 -0.08600312 0 0.9962949 -0.1114509 6.54313e-4 0.9937697 -0.2598176 -5.76296e-4 0.9656575 -0.2896088 -4.45916e-5 0.9571451 -0.4812234 -1.41584e-4 0.876598 -0.5364761 0.002394735 0.8439122 -0.6579192 -2.44417e-5 0.7530886 -0.8396084 4.43143e-5 0.5431921 -0.8198148 0.001695454 0.5726262 -0.9765445 -0.001446425 0.2153109 -0.9919028 -0.1269988 0 -0.9919029 -0.1269988 0 0.9919029 -0.1269988 0 0.9919028 -0.1269988 0 0.08600354 0 0.9962948 0.2582934 0.004458785 0.9660562 0.2598152 0.004384994 0.9656484 0.4812229 -0.001327574 0.8765972 0.6109702 8.66924e-4 0.7916532 0.6579192 -6.58159e-5 0.7530886 0.7854052 1.02677e-4 0.6189818 0.819815 -0.001503646 0.5726264 0.900034 4.29476e-4 0.4358195 0.9765445 -0.001446425 0.2153109 0.9837387 0 0.1796052 0.931389 -0.2936657 0.2151161 -0.7200166 -0.659774 0.2151148 0.05258142 -0.399397 0.915269 -0.08599758 -0.01132178 0.996231 -0.08013677 -0.0331937 0.996231 -0.06881535 -0.05280387 0.996231 -0.05280381 -0.06881523 0.996231 -0.03319382 -0.08013701 0.996231 0.01132184 -0.08599805 0.996231 0.01132172 -0.0859974 0.9962311 0.0331937 -0.08013677 0.996231 0.08013713 -0.03319382 0.996231 0.08599805 -0.01132178 0.996231 0.08599734 -0.01132178 0.996231 -0.0859974 -0.01132172 0.9962311 -0.2596658 -0.03418552 0.9650933 -0.3965899 -0.06390357 0.9157689 -0.1020759 -0.775343 0.6232365 -0.0525816 -0.399397 0.915269 -0.05258154 -0.3993977 0.9152687 -0.01132178 -0.08599805 0.996231 -0.01132178 -0.08599734 0.996231 0.2452354 -0.3195971 0.9152689 0.2596658 -0.03418552 0.9650933 0.3965899 -0.06390357 0.9157689 0.4802605 -0.06322753 0.8748441 -0.8150823 -0.1073076 0.5693206 -0.7735394 -0.1116701 0.6238322 -0.655465 -0.08629363 0.7502794 -0.4802605 -0.06322753 0.8748441 0.4760717 -0.6204286 0.6232368 0.4760712 -0.6204283 0.6232374 0.2992708 -0.7225041 0.6232373 -0.9685736 -0.1275151 0.2135535 -0.9685735 -0.127515 0.2135539 -0.931389 -0.2936657 0.2151161 -0.08013713 -0.03319388 0.996231 -0.3721793 -0.1541618 0.9152687 -0.3721792 -0.1541616 0.9152688 -0.7225046 -0.2992712 0.6232366 -0.7225043 -0.2992709 0.6232371 -0.8606302 -0.3564845 0.3636406 -0.8852068 -0.4127787 0.2145291 -0.06881523 -0.05280381 0.996231 -0.3195974 -0.2452357 0.9152688 -0.3195971 -0.2452354 0.9152689 -0.6204285 -0.4760714 0.623237 -0.6204287 -0.4760716 0.6232368 -0.7750519 -0.5947182 0.213553 -0.7401002 -0.5182237 0.4285975 -0.05280375 -0.06881523 0.996231 -0.2452355 -0.3195971 0.9152689 -0.2452357 -0.3195974 0.9152688 -0.4760716 -0.6204288 0.6232367 -0.4760715 -0.6204286 0.623237 -0.5947183 -0.775052 0.2135525 -0.5947182 -0.7750518 0.2135531 -0.03319376 -0.08013677 0.996231 -0.1541617 -0.3721791 0.9152688 -0.1541617 -0.3721793 0.9152687 -0.2992711 -0.7225042 0.6232371 -0.2992711 -0.7225046 0.6232367 -0.3738554 -0.9025671 0.2135529 -0.3738555 -0.9025668 0.2135539 -0.2113724 -0.9534394 0.2151162 -0.1215903 -0.9235698 0.3636408 -0.1020758 -0.7753431 0.6232364 0.1020759 -0.7753431 0.6232364 0.05258172 -0.3993976 0.9152687 0.1541618 -0.3721793 0.9152687 0.03319388 -0.08013713 0.996231 0.05280387 -0.06881535 0.996231 -0.08512639 -0.9730008 0.2145296 0.1275151 -0.9685736 0.2135535 0.1020758 -0.775343 0.6232366 0.2992712 -0.7225046 0.6232366 0.1541616 -0.3721791 0.9152688 0.2452357 -0.3195974 0.9152688 0.05280381 -0.06881523 0.996231 0.06881523 -0.05280381 0.996231 0.07874464 -0.9000571 0.4285983 0.2113724 -0.9534394 0.2151162 0.3738552 -0.9025669 0.2135539 0.3738556 -0.9025671 0.2135525 0.5947183 -0.7750519 0.2135523 0.5947183 -0.7750519 0.2135524 0.7200166 -0.659774 0.2151148 0.06881529 -0.05280381 0.996231 0.3195971 -0.2452355 0.9152689 0.3195974 -0.2452357 0.9152688 0.6204288 -0.4760716 0.6232367 0.6204286 -0.4760715 0.623237 0.73904 -0.5670853 0.3636401 0.8000802 -0.5602222 0.214529 0.08013677 -0.03319376 0.996231 0.3721791 -0.1541617 0.9152688 0.3721793 -0.1541617 0.9152687 0.7225042 -0.2992711 0.6232371 0.7225046 -0.2992711 0.6232367 0.9025671 -0.3738554 0.2135529 0.8188447 -0.3818336 0.4285983 0.655465 -0.08629363 0.7502794 0.7735394 -0.1116701 0.6238322 0.8150823 -0.1073076 0.5693206 0.9685735 -0.1275151 0.2135539 0.9685736 -0.127515 0.2135534 0.8737878 -0.4830268 0.05639123 0.03355234 0.03816729 0.9987079 0.2028791 -0.0751025 0.9763194 0.9342713 -0.3461355 0.08559906 0.8211315 -0.5679461 0.0563932 0.6889302 -0.640136 0.3400019 0.7242279 -0.6842258 0.08560961 0.7269241 -0.6844158 0.05618214 0.9371352 -0.344417 0.05616527 0.8574329 -0.3262409 0.3979647 0.8852005 -0.3180594 0.3394972 0.6124384 -0.2357751 0.7545391 0.638289 -0.2364774 0.7325747 0.009735822 -0.009170711 0.9999106 0.1552304 -0.1502991 0.9763778 0.1969205 -0.1746035 0.9647465 0.4517353 -0.4362163 0.7782356 0.5002422 -0.4610754 0.732917 0.5947441 -0.5599651 0.5768176 0.6771495 -0.6375517 0.3674187 0.4260432 -0.1578432 0.890827 0.2439455 -0.09876525 0.9647466 0.2300701 -0.127182 0.9648277 0.01168906 -0.00646162 0.9999108 0.01147711 -0.006352484 0.9999139 0.7634006 -0.4733638 0.4394842 0.7993025 -0.4956257 0.3398097 0.7993025 -0.4956257 0.3398098 0.5784987 -0.3587113 0.7325747 0.5784988 -0.3587113 0.7325745 0.2462212 -0.152675 0.957113 0.2162058 -0.1495414 0.9648277 0.01078897 -0.007462322 0.9999139 0.01096093 -0.007573843 0.9999112 0.2152245 -0.02755683 0.9761757 0.988285 -0.1265356 0.08533173 0.9882845 -0.1265367 0.08533525 0.9333429 -0.1195022 0.3385119 0.9024234 -0.1626337 0.3989766 0.827844 -0.1059954 0.5508532 0.6515912 -0.08342838 0.7539686 0.6578358 -0.09428256 0.7472369 0.4522691 -0.05572187 0.8901391 0.4599527 -0.05889058 0.8859884 0.2152248 -0.02755653 0.9761757 -0.9882848 -0.1265368 0.08533173 -0.9882847 -0.1265355 0.08533525 -0.9333429 -0.1195022 0.3385119 -0.9195129 -0.1399421 0.367304 -0.8282168 -0.1017069 0.5511013 -0.8110943 -0.1038509 0.5756222 -0.658427 -0.08430361 0.7479084 -0.6144119 -0.1253071 0.7789713 -0.4599527 -0.05889058 0.8859883 -0.2152246 -0.02755653 0.9761757 -0.2152243 -0.027556 0.9761757 -0.8211314 -0.567946 0.05639654 0.01927244 -0.04702186 0.998708 -0.1574672 -0.1483383 0.9763195 -0.725402 -0.6829827 0.08559507 -0.8737878 -0.4830268 0.05639123 -0.8796776 -0.3325144 0.3400021 -0.934863 -0.3445309 0.08561354 -0.9362322 -0.346862 0.05618005 -0.7251361 -0.6863109 0.0561704 -0.6734215 -0.6229994 0.397964 -0.6784377 -0.6515094 0.3394964 -0.4834687 -0.4437665 0.7545392 -0.4955904 -0.4666098 0.7325746 -0.0125429 -0.004643678 0.9999106 -0.203641 -0.07222718 0.9763778 -0.2439455 -0.09876525 0.9647466 -0.5915676 -0.2107069 0.7782355 -0.6353996 -0.2431047 0.732917 -0.7659916 -0.2837896 0.5768191 -0.8721254 -0.3231108 0.3674191 -0.3307949 -0.311451 0.8908271 -0.1969205 -0.1746035 0.9647465 -0.2162058 -0.1495414 0.9648277 -0.01098442 -0.007597506 0.9999108 -0.01079261 -0.007456362 0.999914 -0.7633998 -0.4733636 0.4394855 -0.7993026 -0.495626 0.339809 -0.7993026 -0.4956257 0.3398097 -0.5784988 -0.3587113 0.7325745 -0.5784986 -0.3587111 0.7325747 -0.2462212 -0.152675 0.957113 -0.2300701 -0.127182 0.9648277 -0.0114808 -0.006346523 0.9999139 -0.01165711 -0.006450951 0.9999112 -0.03889322 -0.2151433 0.9758077 -0.5093311 -0.8563961 0.08466082 -0.5093313 -0.856396 0.08466142 -0.1772564 -0.9805164 0.08466154 -0.1772562 -0.9805165 0.084661 -0.4696915 -0.7897462 0.3945769 -0.4696917 -0.7897458 0.3945773 -0.1958176 -0.8968936 0.3965315 -0.167544 -0.9267911 0.3361357 -0.1488282 -0.8232613 0.5478056 -0.1186118 -0.6561152 0.7452812 -0.1442589 -0.6128152 0.7769472 -0.08300673 -0.4591624 0.8844659 -0.03889328 -0.2151432 0.9758077 -0.3373057 -0.5671509 0.7513753 -0.297926 -0.5550869 0.7766072 -0.2342868 -0.3939332 0.8887779 -0.1117565 -0.187909 0.9758077 -0.1117566 -0.1879087 0.9758077 0 -0.2153061 0.9765467 0 -0.2153061 0.9765467 0 -0.4607524 0.8875287 0 -0.4607524 0.8875287 0 -0.6607798 0.7505798 0 -0.6607798 0.7505798 0 -0.8325332 0.5539752 0 -0.8325332 0.5539752 0 -0.9400796 0.3409552 0 -0.9400796 0.3409552 0 -0.9962931 0.08602321 0 -0.9962931 0.08602321 0.5093313 -0.856396 0.08466082 0.1772564 -0.9805166 0.084661 0.1772562 -0.9805165 0.0846616 0.5093311 -0.8563961 0.08466142 0.4761167 -0.8005487 0.3639156 0.4514493 -0.7996839 0.3958523 0.167544 -0.9267911 0.3361357 0.1958176 -0.8968936 0.3965315 0.1488282 -0.8232613 0.5478056 0.4190858 -0.7046568 0.5725607 0.3233764 -0.5437299 0.7744582 0.3233765 -0.54373 0.7744582 0.1117565 -0.187909 0.9758077 0.1117566 -0.187909 0.9758077 0.1186118 -0.6561152 0.7452812 0.1442589 -0.6128151 0.7769472 0.08300673 -0.4591624 0.8844659 0.03889328 -0.2151433 0.9758077 0.03889316 -0.2151432 0.9758077 0 0 1 0 0 1 0 0 1 0 0 1 0 0 1 0 0 1 0 0 1 0 0 1 0 0 1 0 0 1 0 0 1 0 0 1 0 0 1 0 0 1 0 0 1 0 0 1 0 0 1 0 0 1 0 0 1 0 0 1 0 0 1 -0.9273706 -0.3741219 0.004065275 -0.9376229 -0.3473773 0.01387172 -0.9567431 -0.2909342 0 -0.9015279 -0.4327208 -2.33061e-4 -0.8838126 -0.4678407 6.11469e-4 -0.8751739 -0.483793 0.003863751 -0.861036 -0.5085441 0 -0.8224403 -0.5688514 0 -0.7610871 -0.6478872 -0.03144568 -0.728074 -0.6854985 0 0.9638427 -0.2664721 0 0.728074 -0.6854985 0 0.7610871 -0.6478872 -0.03144568 0.8224403 -0.5688514 0 0.9524563 -0.3046581 0.003258943 0.8751805 -0.4837966 0 0.8610003 -0.5085253 0.008971393 0.9374652 -0.3473188 -0.02299207 0.9013219 -0.4302568 0.04997897 0.93588 -0.3519946 0.01511752 -0.1778949 -0.9840495 0 -0.1778949 -0.9840495 0 -0.5111665 -0.8594818 0 -0.5111665 -0.8594818 0 0 -1 0 0 -1 0 0.5111665 -0.8594818 0 0.5111665 -0.8594818 0 0.1778949 -0.9840495 0 0.1778949 -0.9840495 0 0 0 -1 0 0 -1 0 0 -1 0 0 -1 0 0 -1 0 0 -1 0 0 -1 0 0 -1 0 0 -1 0 0 -1 0 0 -1 0 0 -1 -0.9962932 0 -0.08602321 -0.9807733 0.005019783 -0.1950858 -0.9603667 0 -0.2787395 -0.8314734 0 -0.5555647 -0.8669596 0.006965756 -0.4983295 -0.5555362 -0.009308815 -0.8314402 -0.6265115 0.002857327 -0.779407 -0.1950946 -0.002358555 -0.9807816 -0.2153061 0 -0.9765467 0.9962932 0 -0.08602321 0.9658953 0.007975578 -0.2588101 0.9400795 0 -0.3409552 0.832534 0 -0.5539739 0.7070903 0.006634712 -0.7070922 0.2153065 0 -0.9765465 0.2588192 0.005115032 -0.9659122 0.4607524 0 -0.8875287 0.6607792 0 -0.7505804 -1 0 0 -1 0 0 -1 0 0 -1 0 0 -1 0 0 -1 0 0 0 0 1 0 0 1 0 0 1 0 0 1 0 0 1 0 0 1 0 0 1 0 0 1 0 0 1 0 0 1 0 0 1 0 0 1 0 0 1 0 0 1 0 0 1 0 0 1 1 0 0 1 0 0 1 0 0 1 0 0 1 0 0 1 0 0 -0.9962931 0 0.08602321 -0.9659113 0.005514562 0.2588144 -0.9400795 0 0.3409552 -0.832534 0 0.5539739 -0.7070984 0.004587411 0.7071002 -0.2153061 0 0.9765466 -0.2588205 0.003536641 0.965919 -0.4607524 0 0.8875287 -0.6607792 0 0.7505803 0.9962931 0 0.08602321 0.9659113 0.005514562 0.2588144 0.9400795 0 0.3409552 0.832534 0 0.5539739 0.7070984 0.004587411 0.7071003 0.6607792 0 0.7505803 0.4607524 0 0.8875287 0.258821 0.003536641 0.9659188 0.2153065 0 0.9765466 0 0 1 0 0 1 0 0 1 0 0 1 0 0 1 0 0 1 0 0 1 0 0 1 0 0 1 0 0 1 0 0 1 0 0 1 0 0 1 0 -1 0 0 -1 0 0 -1 0 0 -1 0 0 -1 0 0 -1 0 0 -1 0 0 -1 0 0 -1 0 0 -1 0 0 -1 0 0 -1 0 0 -1 0 0 -1 0 0 -1 0 0 -1 0 0 -1 0 0 -1 0 0 -1 0 0 -1 0 0 -1 0 0.2325049 -0.9725953 0 0.2325049 -0.9725953 0 0.6472398 -0.7622864 0 0.6472398 -0.7622864 0 -0.1119647 0.9937122 0 -0.5395559 0.8419498 0 -0.8419498 -0.5395559 0 -0.8574556 -0.5145578 0 -0.792185 -0.6055939 -0.07549089 -0.8574556 -0.5145579 0 -0.9064041 -0.4224116 0 -0.9438814 -0.3302783 0.002017796 -0.3182694 0.9480003 0 -0.8938254 -0.4402966 0.08494186 -0.8419498 -0.5395558 0 -0.7071068 -0.7071068 0 -0.7071068 -0.7071068 0 -0.532032 -0.8467243 0 -0.532032 -0.8467243 0 -0.3302791 -0.9438834 0 -0.3302791 -0.9438834 0 -0.1119647 -0.9937122 0 -0.1119647 -0.9937122 0 -0.1119647 0.9937122 0 -0.3182694 0.9480002 0 -0.3302783 0.9438814 0.002017796 -0.4224116 0.9064041 0 -0.532032 0.8467243 0 -0.4418183 0.8969145 0.01846766 -0.5395558 0.8419498 0 -0.7071068 0.7071068 0 -0.7071068 0.7071068 0 -0.8467242 0.5320319 0 -0.8467242 0.5320319 0 -0.9438834 0.3302791 0 -0.9438834 0.3302791 0 -0.9937122 0.1119647 0 -0.9937122 0.1119647 0 -0.9937122 -0.1119647 0 -0.9937122 -0.1119647 0 -0.9480002 -0.3182694 0 -0.9480003 -0.3182694 0 0 0 1 0 0 1 0 0 1 0 0 1 0 0 1 0 0 1 0 0 1 0 0 1 0 0 1 0 0 1 0 0 1 0 0 1 0 0 1 0 0 1 0 0 1 0 0 1 0 0 1 0 0 1 0 0 1 0 0 1 0 0 1 0 0 1 0 0 1 -0.6472398 -0.7622864 0 -0.6472398 -0.7622864 0 -0.2325049 -0.9725953 0 -0.2325049 -0.9725953 0 0 0 1 0 0 1 0 0 1 0 0 1 0 0 1 0 0 1 0 0 1 0 0 1 0 0 1 0 0 1 0 0 1 0 0 1 0 0 1 0 0 1 0 0 1 0 0 1 0 0 1 0 0 1 0 0 1 0 0 1 0 0 1 0 0 1 0 0 1 0 0 1 0 0 1 0 0 1 0 0 1 0 0 1 0 0 1 0 0 1 0 0 1 0 0 1 0 0 1 0 0 1 0 0 1 0 0 1 0 0 1 0 0 1 0 0 1 0 0 1 0 0 1 0 0 1 0 0 1 0 0 1 0 0 1 0 0 1 0 0 1 0 0 1 0 0 1 0 0 1 0 0 1 0 0 1 0 0 1 0 0 1 0 0 1 0 0 1 0 0 -1 0 0 -1 0 0 -1 0 0 -1 0 0 -1 0 0 -1 0 0 -1 0 0 -1 0 0 -1 0 0 -1 0 0 -1 0 0 -1 0 0 -1 0 0 -1 0 0 -1 0 0 -1 0 0 -1 0 0 -1 0 0 -1 0 0 -1 0 0 -1 0 0 -1 0 0 -1 0 0 -1 0 0 -1 0 0 -1 0 0 -1 0 0 -1 0 0 -1 0 0 -1 0 0 -1 0 0 -1 0 0 -1 0 0 -1 0 0 -1 0 0 -1 0 0 -1 0 0 -1 0 0 -1 0 0 -1 0 0 -1 0 0 -1 0 0 -1 0 0 -1 0 0 -1 0 0 -1 0 0 -1 0 0 -1 0 0 -1 0 0 -1 0 0 -1 0 0 -1 0 0 -1 0 0 -1 0 0 -1 0 0 -1 0 0 -1 0 0 -1 -0.8031113 0.5958291 7.71093e-5 -0.9959241 -0.09019523 0 -0.7283876 -0.6851654 0 -0.4116547 -0.9113399 0 -0.4870192 -0.8733709 0.005969822 -0.6069966 -0.794693 -0.004252195 -0.7420226 -0.6703571 0.004859924 -0.8095752 -0.5869632 -0.007885873 -0.8737159 -0.4864195 0.004049301 -0.9426264 0.3338493 -3.83815e-4 -0.8919991 0.4511034 0.02904051 -0.9730095 0.230764 -7.0015e-4 -0.9956736 -0.09291541 8.70429e-4 -0.9983475 -0.05635869 0.01122176 -0.9436772 -0.3307977 -0.006792068 -0.9570085 -0.2900599 3.19746e-5 -0.9045834 -0.4262968 -1.22484e-5 -0.1712452 0.9848255 0.02817493 -0.3833613 0.9235984 1.6616e-4 -0.6718723 0.7406668 -4.31427e-4 -0.5530384 0.8320486 0.04293924 -0.6814265 0.7318335 0.008805155 -0.240666 0.9705973 -0.004543781 0.1712359 0.985226 0.002824187 0.1809189 0.983498 0 -0.1347857 0.9908748 0 -0.4505069 -0.8927729 0 -0.4870022 -0.8733404 0.01025915 -0.7977266 -0.602635 0.02152353 -0.7086059 -0.7056046 -9.35505e-5 -0.59334 -0.8049519 3.52646e-5 -0.9881671 -0.1526791 0.01466041 -0.9717843 -0.2358627 0.001981675 -0.8645647 -0.5025182 -0.001812756 -0.9426066 0.333842 0.006504118 -0.9920937 0.1254999 -3.64378e-5 -0.9999845 -0.005574882 1.06478e-4 -0.7171548 0.6969141 0 -0.4934271 0.8697871 -2.67935e-6 -0.633456 0.7737506 0.006598651 -0.5249241 0.850679 -0.02828347 -0.7828922 0.6214768 0.02909857 -0.7175296 0.6965281 -1.71428e-4 -0.8684498 0.4957772 6.29395e-5 -0.9513214 0.3079745 0.01180303 -0.361925 0.9322072 1.15248e-5 -0.3728097 0.9279055 -0.002080917 -0.1021155 0.9947687 0.002785265 -0.1236708 0.9923196 -0.00270617 0.171236 0.9852265 0.002647221 0.1927683 0.9812443 0 -0.710512 -0.7036848 -7.39049e-4 -0.4870275 -0.8733859 0.001077055 -0.4975785 -0.8673219 0.01297682 -0.3593631 -0.9331978 0 -0.7926812 -0.5784908 0.1923668 -0.7905344 -0.5972014 0.1356675 -0.9056521 -0.4240212 -3.51661e-4 -0.9381433 -0.3462468 4.18421e-4 -0.979564 -0.1513499 0.1324671 -0.9826325 -0.1456395 0.1149895 -0.8576108 0.5142993 2.47304e-5 -0.9378712 0.3464404 0.01940488 -0.9421876 0.3336938 0.0305112 -0.9911475 0.1327643 3.89295e-4 -0.9999718 -0.007430493 -0.0010764 -0.7611057 0.6486278 -6.25398e-5 -0.6716918 0.7404679 0.02318394 -0.575773 0.8176092 -8.37701e-4 -0.3418065 0.9397699 8.82367e-4 -0.2406376 0.9704828 0.01602554 -0.08847445 0.9960757 -0.00233078 0.1712358 0.9852255 0.002999246 0.1924001 0.9813165 0 -0.4870278 -0.8733864 -2.67453e-4 -0.5838003 -0.8116862 0.01851361 -0.4506121 -0.8927198 0 -0.9882733 -0.1526955 -3.38613e-5 -0.9975914 -0.04668015 0.05130571 -0.976826 -0.2139992 0.003925681 -0.797896 -0.602763 -0.006233572 -0.8545187 -0.5186743 0.02783435 -0.7103801 -0.7038182 1.75971e-4 -0.5362365 0.737286 0.4109255 -0.6718711 0.7406656 0.001947581 -0.4294838 0.9030745 -3.73411e-4 -0.6697841 0.73334 0.1166264 -0.7791739 0.6267352 -0.009548783 -0.9424481 0.3337859 0.01945668 -0.9365226 0.3488582 0.03497558 -0.9853702 0.170427 1.06744e-5 -0.2578613 0.9559673 0.140122 -0.2371541 0.9564356 0.1702612 -0.100763 0.9948605 -0.009976446 0.1712228 0.9851504 0.0126999 0.1862801 0.9824966 0 -0.3424744 -0.2320681 0.9104151 -0.1862421 -0.1262017 0.9743649 -0.3712407 0.5417273 0.7541299 -0.4414113 0.6511845 0.6173449 -0.6634663 -0.4538542 0.5948351 0.2127432 0.9595351 0.1844798 -0.03856486 0.9821038 0.1843502 -0.01843011 0.0607658 0.9979819 -0.01843011 0.0607658 0.9979819 -0.02695882 0.05749237 0.9979819 -0.02695882 0.05749237 0.9979819 -0.03492957 0.053029 0.9979819 -0.03492957 0.053029 0.9979819 -0.04217737 0.04746812 0.9979819 -0.04217737 0.04746806 0.9979819 -0.04855221 0.04092472 0.9979819 -0.04855221 0.04092466 0.9979819 -0.05392217 0.03353428 0.9979819 -0.05392217 0.03353428 0.9979819 -0.05817604 0.02544981 0.9979819 -0.0581761 0.02544987 0.9979819 -0.06122595 0.01683861 0.9979819 -0.06122589 0.01683861 0.9979819 -0.06300854 0.007878839 0.9979819 -0.06300854 0.007878839 0.9979819 -0.06348705 -0.001243829 0.9979819 -0.06348705 -0.001243829 0.9979819 -0.06265157 -0.01034092 0.9979819 -0.06265151 -0.01034092 0.9979819 -0.06051927 -0.01922392 0.9979819 -0.06051939 -0.01922392 0.9979819 -0.05713456 -0.02770906 0.9979819 -0.05713456 -0.02770912 0.9979819 -0.05256724 -0.03562068 0.9979819 -0.05256724 -0.03562068 0.9979819 -0.02505731 -0.05831527 0.9979837 -0.02505725 -0.05831521 0.9979836 -0.08877807 -0.2066112 0.9743871 -0.08877807 -0.2066112 0.9743871 -0.1632599 -0.379951 0.9104853 -0.16326 -0.379951 0.9104853 -0.2312232 -0.5381203 0.8105322 -0.2312232 -0.5381203 0.8105322 -0.2899813 -0.6748663 0.6785768 -0.2899809 -0.6748662 0.678577 -0.3372315 -0.7848315 0.5199177 -0.3372319 -0.7848316 0.5199173 -0.3642269 -0.9128822 0.1843498 -0.385267 -0.8966221 0.2182615 -0.4231458 -0.8870932 0.1844262 -0.5081164 -0.841399 0.1840257 -0.5081166 -0.841399 0.1840253 -0.6235929 -0.7597807 0.1840252 -0.6235926 -0.7597807 0.1840259 -0.9604694 -0.2085146 0.1844456 -0.936795 -0.2975727 0.1840262 -0.9367952 -0.2975725 0.1840253 -0.884401 -0.4289166 0.1840253 -0.8844012 -0.4289165 0.1840251 -0.8380259 -0.5135169 0.1844257 -0.8068423 -0.5467341 0.223802 -0.7989355 -0.5724819 0.1843001 -0.7261623 -0.6624372 0.1840253 -0.7321053 -0.6391902 0.2354946 -0.6919515 -0.697985 0.1844452 -0.9621232 -0.1373372 0.235494 -0.9697999 -0.1600701 0.184026 -0.9818395 -0.04499226 0.1843009 -0.9744475 -0.01909214 0.2238025 -0.9825091 0.02575063 0.1844256 -0.9753259 0.1219598 0.1840251 -0.9753258 0.1219596 0.1840254 -0.9477322 0.2606498 0.1840254 -0.9477323 0.2606498 0.1840253 -0.5811469 0.7926211 0.184445 -0.6528751 0.7347712 0.1840257 -0.6528751 0.734771 0.1840261 -0.7515531 0.6334844 0.184026 -0.751553 0.6334846 0.1840256 -0.809977 0.5567084 0.1844262 -0.8276388 0.5147101 0.2238025 -0.8479444 0.4970145 0.184301 -0.900523 0.393945 0.1840261 -0.8817033 0.4088295 0.2354949 -0.9190834 0.3482323 0.1844446 -0.5167937 0.8230834 0.235495 -0.5406843 0.8208501 0.1840257 -0.4404524 0.8786553 0.1843006 -0.4137849 0.8824368 0.2238022 -0.3760994 0.9080396 0.1844267 0.01723122 0.06108701 0.9979837 0.01723122 0.06108701 0.9979836 0.06105035 0.2164314 0.9743871 0.06105041 0.2164314 0.9743871 0.1122696 0.3980101 0.9104853 0.1122696 0.3980101 0.9104853 0.1590062 0.5636972 0.8105323 0.1590064 0.5636972 0.8105322 0.1994128 0.7069427 0.6785768 0.1994129 0.7069428 0.6785768 0.231906 0.8221349 0.5199173 0.2319055 0.8221347 0.5199177 0.2552251 0.9048057 0.3408619 0.2552254 0.9048057 0.3408616 0.2659653 0.9428797 0.2005996 0.2750623 0.943616 0.1842001 -0.5012596 -0.1191412 0.8570556 -0.501703 -0.1593656 0.8502333 -0.5623891 -0.1503643 0.813086 -0.7418069 -0.2194742 0.6336827 -0.8285734 -0.2405955 0.505549 -0.8494517 -0.269828 0.4534586 -0.8110923 -0.3316633 0.4817976 -0.8129426 -0.4774833 0.3333677 -0.8447189 -0.4461366 0.2956553 -0.8718333 -0.4228214 0.2472425 -0.8723964 -0.4168203 0.2553144 -0.8752947 -0.3882459 0.2883128 -0.8792515 -0.3545544 0.3181319 -0.890488 -0.3034449 0.3390464 -0.6943195 -0.4971724 0.5203269 -0.7172541 -0.4918602 0.4935789 -0.7326441 -0.496456 0.4655793 -0.7570593 -0.4649264 0.4590257 -0.7900349 -0.4211775 0.4454823 -0.5900016 -0.4365751 0.679191 -0.5613244 -0.4414172 0.700047 -0.6058781 -0.4395665 0.6630936 -0.450926 -0.248081 0.8573924 -0.4510743 -0.2921667 0.8433094 -0.4436395 -0.3006201 0.8442817 -0.4679015 -0.3433833 0.8143439 -0.4694756 -0.3490614 0.8110171 -0.5037783 -0.3595386 0.7854549 -0.5476983 -0.3789409 0.7459427 -0.4875672 -0.1937482 0.8513166 -0.4476081 -0.1946937 0.8727779 -0.1125352 -0.05457723 0.9921478 -0.1443548 -0.07160162 0.9869321 -0.4085269 -0.215826 0.8868624 -0.5015382 0.7950035 0.3412167 -0.4188156 0.8767257 0.236528 -0.4112562 0.877044 0.2483186 -0.4339547 0.8545871 0.285244 -0.4559328 0.8326961 0.3142331 -0.3793056 0.8783335 0.2909596 -0.334935 0.881878 0.3318277 -0.3098138 0.8874032 0.3413662 -0.497217 0.6798484 0.5390561 -0.4911024 0.7153707 0.4970545 -0.4928555 0.7482376 0.4441105 -0.3945819 0.7815458 0.4832093 -0.4357357 0.5730022 0.6941202 -0.2903488 0.4407985 0.8493493 -0.2889087 0.439212 0.8506612 -0.3379454 0.4682381 0.8164228 -0.3568936 0.5054631 0.7855789 -0.1897627 0.4832326 0.8546792 -0.1918008 0.4535458 0.8703497 -0.1557629 0.3618075 0.9191481 -0.05531281 0.11796 0.9914767 -0.1970941 0.3854029 0.9014536 -0.2431743 0.4533777 0.8575051 -0.1585697 0.5635007 0.8107543 -0.1246992 0.6120793 0.7809027 -0.14063 0.576936 0.8045919 -0.1587429 0.5233895 0.8371762 -0.1004909 0.528408 0.8430223 -0.1750612 0.4994311 0.8484823 -0.2511208 0.838566 0.4834724 -0.2189666 0.8191391 0.5301555 -0.2272808 0.8231754 0.5203131 -0.2285984 0.778311 0.5847861 -0.1930987 0.7082763 0.6790121 -0.1731146 0.7384389 0.6517203 -0.190039 0.6606041 0.7262833 -0.1862421 -0.1262017 0.9743649 -0.2024237 -0.09817135 0.9743649 -0.2024236 -0.09817135 0.9743649 -0.2144157 -0.06810915 0.9743649 -0.2144159 -0.06810909 0.9743649 -0.2219701 -0.03663712 0.9743649 -0.22197 -0.03663718 0.9743649 -0.2249301 -0.004406869 0.9743649 -0.2249301 -0.004406929 0.974365 -0.2232347 0.02791434 0.9743649 -0.2232347 0.02791434 0.9743649 -0.216919 0.05965805 0.9743649 -0.2169191 0.05965816 0.974365 -0.2061138 0.09016698 0.9743649 -0.2061138 0.09016692 0.9743649 -0.1910424 0.1188097 0.9743649 -0.1910425 0.1188098 0.974365 -0.1720172 0.1449934 0.9743649 -0.1720172 0.1449934 0.9743649 -0.1494315 0.1681761 0.9743649 -0.1494315 0.1681761 0.9743649 -0.1237531 0.187878 0.9743649 -0.1237531 0.1878781 0.974365 -0.09551328 0.2036916 0.9743649 -0.09551328 0.2036914 0.9743649 -0.0652967 0.2152889 0.9743649 -0.0652967 0.2152889 0.9743649 -0.3424742 -0.2320682 0.9104152 -0.3722301 -0.180524 0.9104151 -0.3722303 -0.1805239 0.9104151 -0.3942821 -0.1252435 0.9104151 -0.3942822 -0.1252435 0.9104151 -0.4081733 -0.06737101 0.9104151 -0.4081733 -0.06737107 0.9104151 -0.4136165 -0.008103787 0.9104151 -0.4136166 -0.008103668 0.9104151 -0.4104992 0.0513308 0.9104151 -0.4104991 0.0513308 0.9104151 -0.3988854 0.1097035 0.9104151 -0.3988853 0.1097033 0.9104151 -0.3790158 0.1658049 0.9104151 -0.379016 0.1658052 0.910415 -0.3513019 0.2184755 0.9104151 -0.3513017 0.2184751 0.9104151 -0.3163166 0.2666234 0.9104151 -0.3163166 0.2666237 0.9104151 -0.2747848 0.3092535 0.910415 -0.2747848 0.3092533 0.9104151 -0.2275653 0.3454826 0.9104151 -0.2275654 0.3454825 0.9104152 -0.1756362 0.3745612 0.9104151 -0.1756362 0.3745613 0.9104152 -0.120072 0.3958876 0.9104151 -0.1200719 0.3958877 0.9104152 -0.3476752 0.4703899 0.8110828 -0.3891444 0.4379581 0.8104069 -0.3891444 0.437958 0.810407 -0.4479609 0.3775866 0.810407 -0.4479609 0.3775869 0.8104069 -0.4975061 0.3094 0.8104069 -0.497506 0.3093998 0.8104071 -0.5367541 0.2348095 0.810407 -0.5367542 0.2348098 0.8104069 -0.564893 0.1553595 0.8104069 -0.564893 0.1553596 0.8104069 -0.5813402 0.07269364 0.8104069 -0.5813402 0.07269364 0.8104069 -0.5857551 -0.01147639 0.8104069 -0.5857553 -0.01147627 0.8104067 -0.5780467 -0.09540933 0.8104068 -0.5780465 -0.09540951 0.8104069 -0.557341 -0.1812287 0.8102636 -0.6365925 -0.1067041 0.7637829 -0.4285008 0.5958985 0.6791848 -0.4879897 0.5492027 0.6784117 -0.4879897 0.5492026 0.6784119 -0.561746 0.4734963 0.6784119 -0.5617461 0.4734962 0.678412 -0.623876 0.3879896 0.6784119 -0.6238761 0.3879898 0.6784119 -0.6730935 0.2944529 0.6784118 -0.6730935 0.2944529 0.6784118 -0.7083796 0.194822 0.6784118 -0.7083796 0.1948219 0.678412 -0.7290044 0.09115844 0.678412 -0.7290042 0.09115827 0.678412 -0.7345407 -0.01439166 0.6784121 -0.7345408 -0.01439148 0.678412 -0.7248742 -0.1196437 0.678412 -0.724874 -0.1196439 0.678412 -0.7111949 -0.1808726 0.6793283 -0.687243 -0.1916704 0.7006851 -0.03282558 -0.05435651 0.9979819 -0.03282558 -0.05435651 0.9979819 -0.1162989 -0.1925813 0.9743649 -0.1162989 -0.1925813 0.974365 -0.2138582 -0.3541314 0.9104151 -0.2138581 -0.3541314 0.9104151 -0.3028614 -0.5015134 0.8104069 -0.3028613 -0.5015134 0.8104069 -0.3797901 -0.6289011 0.678412 -0.3797902 -0.6289011 0.678412 -0.4416369 -0.7313142 0.5197464 -0.4416368 -0.7313142 0.5197466 -0.04028564 -0.04908376 0.9979819 -0.0402857 -0.04908376 0.9979819 -0.1427294 -0.1739003 0.9743649 -0.1427293 -0.1739003 0.9743649 -0.2624602 -0.3197796 0.9104151 -0.2624602 -0.3197796 0.9104152 -0.3716905 -0.4528651 0.8104069 -0.3716909 -0.4528651 0.8104068 -0.4661027 -0.5678957 0.678412 -0.4661024 -0.5678957 0.6784121 -0.5420047 -0.6603745 0.5197467 -0.5420047 -0.6603745 0.5197466 -0.04691195 -0.04279512 0.9979819 -0.04691195 -0.04279512 0.9979819 -0.1662057 -0.1516201 0.9743649 -0.1662057 -0.15162 0.9743649 -0.3056302 -0.2788091 0.9104151 -0.3056301 -0.2788091 0.9104151 -0.4328271 -0.3948437 0.8104068 -0.4328268 -0.3948437 0.8104069 -0.5427677 -0.4951366 0.6784122 -0.542768 -0.4951365 0.6784119 -0.6311547 -0.5757666 0.5197466 -0.6311548 -0.5757666 0.5197464 -0.4897418 0.6995493 0.5203689 -0.5674559 0.638637 0.5197467 -0.5674558 0.6386371 0.5197466 -0.6532232 0.5506024 0.5197466 -0.6532232 0.5506024 0.5197465 -0.7254706 0.4511719 0.5197464 -0.7254706 0.4511715 0.5197468 -0.7827028 0.3424028 0.5197468 -0.7827027 0.3424028 0.5197468 -0.8237351 0.2265475 0.5197468 -0.8237351 0.2265477 0.5197466 -0.8477186 0.1060029 0.5197467 -0.8477186 0.1060031 0.5197465 -0.8541566 -0.01673507 0.5197466 -0.8541564 -0.01673525 0.5197467 -0.8429158 -0.1391271 0.5197467 -0.8429159 -0.139127 0.5197466 -0.8224531 -0.2295094 0.5204771 -0.7938129 -0.2362861 0.5603837 -0.7993241 -0.4945191 0.3413677 -0.7783049 -0.5273965 0.340726 -0.7783048 -0.5273967 0.3407264 -0.6945728 -0.6336199 0.3407263 -0.6945734 -0.6336197 0.3407256 -0.5964655 -0.7267289 0.3407255 -0.5964653 -0.726729 0.3407257 -0.4860125 -0.8047968 0.3407257 -0.4860125 -0.8047968 0.3407257 -0.3711429 -0.8637514 0.3408614 -0.3711428 -0.8637514 0.3408616 -0.5004382 0.7957395 0.3411162 -0.5171637 0.7851418 0.3407257 -0.5171638 0.7851416 0.340726 -0.624474 0.7028072 0.3407261 -0.6244739 0.7028073 0.3407259 -0.7188591 0.6059269 0.3407259 -0.7188591 0.6059269 0.3407258 -0.798366 0.4965054 0.3407258 -0.7983661 0.4965057 0.3407254 -0.8613489 0.3768079 0.3407254 -0.8613489 0.3768075 0.3407258 -0.9065042 0.249311 0.3407258 -0.9065042 0.249311 0.3407258 -0.9328975 0.1166543 0.3407258 -0.9328975 0.1166541 0.3407261 -0.9399822 -0.01841688 0.3407261 -0.9399823 -0.01841664 0.3407258 -0.9276121 -0.1531068 0.3407258 -0.9276121 -0.1531066 0.3407257 -0.8960431 -0.2846276 0.3407257 -0.8960429 -0.2846277 0.340726 -0.894621 -0.2889463 0.3408275 -0.8431494 -0.3373146 0.4187099 -0.3501917 0.8223838 0.4483869 -0.2568652 0.8469086 0.4655814 -0.2728743 0.8996921 0.3407254 -0.2728747 0.8996917 0.3407263 -0.2852851 0.9406097 0.1840263 -0.2852848 0.9406101 0.1840252 -0.009519934 0.06278157 0.9979819 -0.009519934 0.06278151 0.9979819 -0.03372848 0.2224306 0.9743649 -0.03372848 0.2224307 0.974365 -0.0620222 0.4090203 0.9104151 -0.06202226 0.4090201 0.9104152 -0.08783477 0.5792461 0.8104067 -0.08783483 0.5792461 0.8104068 -0.1101455 0.7263782 0.6784119 -0.1101455 0.7263781 0.6784119 -0.128082 0.8446647 0.5197466 -0.128082 0.8446648 0.5197466 -0.1409516 0.9295366 0.3407263 -0.1409516 0.9295367 0.3407261 -0.1473621 0.9718123 0.1840252 -0.1473622 0.9718121 0.1840257 -4.12752e-4 0.0634979 0.9979819 -4.12773e-4 0.06349784 0.9979819 -0.001462399 0.2249686 0.9743649 -0.001462399 0.2249686 0.9743649 -0.002689123 0.4136871 0.9104151 -0.002688884 0.4136873 0.9104151 -0.003807961 0.5858553 0.8104068 -0.003808081 0.5858551 0.8104068 -0.004775345 0.7346662 0.6784119 -0.004775524 0.7346661 0.6784121 -0.005553185 0.8543025 0.5197466 -0.005553245 0.8543025 0.5197467 -0.006111264 0.9401428 0.3407261 -0.006111085 0.9401428 0.3407259 -0.006330966 0.9739687 0.2265945 0.03218036 0.9823259 0.1843917 0.008702933 0.06289994 0.9979819 0.008702993 0.0629 0.9979819 0.03083419 0.2228503 0.9743649 0.03083413 0.2228502 0.9743649 0.05669993 0.4097921 0.9104151 0.05669969 0.4097919 0.9104151 0.08029699 0.5803388 0.8104069 0.08029675 0.5803387 0.8104069 0.1006927 0.7277485 0.6784121 0.1006929 0.7277487 0.6784119 0.1170902 0.8462585 0.5197466 0.1170905 0.8462586 0.5197464 0.1288557 0.9312906 0.3407259 0.1288554 0.9312905 0.3407262 0.1347159 0.9736459 0.1840255 0.1347161 0.9736459 0.1840248 0 0 1 0 0 1 0 0 1 0 0 1 0 0 1 0 0 1 0 0 1 0 0 1 0 0 1 0 0 1 0 0 1 0 0 1 0 0 1 0 0 1 0 0 1 0 0 1 0 0 1 0 0 1 0 0 1 0 0 1 0 0 1 0 0 1 0 0 1 0 0 1 0 0 1 0 0 1 0 0 1 0 0 1 0 0 1 0 0 1 0 0 1 0 0 1 0 0 1 0 0 1 0 0 1 0 0 1 0 0 1 0 0 1 0 0 1 0 0 1 0 0 1 0 0 1 0 0 1 0 0 1 0 0 1 0 0 1 0 0 1 0 0 1 0 0 1 0 0 1 0 0 1 0 0 1 0 0 1 0 0 1 0 0 1 0 0 1 0 0 1 0 0 1 0 0 1 0 0 1 0 0 1 0 0 1 0 0 1 0 0 1 0 0 1 0 0 1 0.1963012 0.9805437 0 0.1963012 0.9805437 0 -0.08790141 0.9961292 0 -0.08790141 0.9961292 0 -0.3649829 0.9310142 0 -0.3649829 0.9310142 0 -0.6124954 0.7904741 0 -0.6124954 0.7904741 0 -0.8103874 0.5858944 0 -0.8103874 0.5858944 0 -0.9426265 0.333849 0 -0.9426265 0.333849 0 -0.9984998 0.05475705 0 -0.9984998 0.05475705 0 -0.9734804 -0.2287706 0 -0.9734804 -0.2287706 0 -0.8695954 -0.493765 0 -0.8695954 -0.493765 0 -0.6952611 -0.7187573 0 -0.6952611 -0.7187573 0 -0.4646006 -0.8855203 0 -0.4646006 -0.8855203 0 0 -0.206381 -0.9784717 -0.1184725 -0.4266536 -0.896622 -0.002412915 -0.3738828 -0.9274729 0 -0.5806142 -0.814179 0 -0.7566891 -0.6537749 -0.2077535 -0.665284 -0.7171024 0 -0.8335215 -0.552487 0 -0.9719243 -0.2352938 0 -0.9719243 -0.2352938 1 0 0 1 0 0 1 0 0 1 0 0 1 0 0 1 0 0 1 0 0 1 0 0 1 0 0 1 0 0 1 0 0 1 0 0 1 0 0 1 0 0 1 0 0 1 0 0 1 0 0 1 0 0 1 0 0 1 0 0 1 0 0 1 0 0 1 0 0 1 0 0 0 -0.3686066 0.9295855 0 -0.3686066 0.9295855 0 -0.7544554 0.6563514 0 -0.7544554 0.6563514 0 -0.9716563 0.2363981 0 -0.9716563 0.2363981 0 -0.9659253 -0.2588209 0 -0.9659253 -0.2588209 0 -0.7071112 -0.7071022 0 -0.7071112 -0.7071022 0 -0.2588103 -0.9659282 0 -0.2588103 -0.9659282 0 0 -1 0 0 -1 0 0.1950832 -0.9807866 0 0.1950832 -0.9807866 0 0.5555702 -0.8314697 0 0.5555702 -0.8314697 0 0.8314752 -0.555562 0 0.8314752 -0.555562 0 0.9807844 -0.1950947 0 0.9807844 -0.1950947 0 1 0 0 1 0 0 1 0 0 1 0 0 1 0 0 1 0 0 1 0 0 -1 0 0 -1 0 0 -1 0 0 -1 0 0 -1 0 0 -1 0 0 -1 0 1 0 0 1 0 0 1 0 0 1 0 0 1 0 0 1 0 0 1 0 0 1 0 0 1 0 0 1 0 0 1 0 0 1 0 0 1 0 0 1 0 0 1 0 0 1 0 0 1 0 0 1 0 0 1 0 0 1 0 0 0 -0.9659261 -0.2588183 0 -0.9659261 -0.2588183 0 -0.7071068 -0.7071068 0 -0.7071068 -0.7071068 0 -0.258815 -0.9659269 0 -0.258815 -0.9659269 0 0.2588159 -0.9659267 0 0.2588159 -0.9659267 0 0.707105 -0.7071086 0 0.707105 -0.7071086 0 0.9659261 -0.2588183 0 0.9659261 -0.2588183 1 0 0 1 0 0 1 0 0 1 0 0 1 0 0 1 0 0 1 0 0 1 0 0 1 0 0 1 0 0 0 -0.9659261 -0.2588183 0 -0.9659261 -0.2588183 0 -0.7071068 -0.7071068 0 -0.7071068 -0.7071068 0 -0.2588154 -0.9659268 0 -0.2588154 -0.9659268 0 0.2588154 -0.9659268 0 0.2588154 -0.9659268 0 0.707105 -0.7071086 0 0.707105 -0.7071086 0 0.9659261 -0.2588183 0 0.9659261 -0.2588183 1 0 0 1 0 0 1 0 0 1 0 0 1 0 0 1 0 0 1 0 0 1 0 0 1 0 0 1 0 0 0 -0.9659261 -0.2588183 0 -0.9659261 -0.2588183 0 -0.7071068 -0.7071068 0 -0.7071068 -0.7071068 0 -0.2588217 -0.9659251 0 -0.2588217 -0.9659251 0 0.2588226 -0.9659248 0 0.2588226 -0.9659248 0 0.707105 -0.7071086 0 0.707105 -0.7071086 0 0.9659261 -0.2588183 0 0.9659261 -0.2588183 1 0 0 1 0 0 1 0 0 1 0 0 1 0 0 1 0 0 1 0 0 1 0 0 1 0 0 1 0 0 0 -0.9659261 -0.2588183 0 -0.9659261 -0.2588183 0 -0.7071068 -0.7071068 0 -0.7071068 -0.7071068 0 -0.258815 -0.9659269 0 -0.258815 -0.9659269 0 0.2588159 -0.9659267 0 0.2588159 -0.9659267 0 0.7071068 -0.7071068 0 0.7071068 -0.7071068 0 0.9659261 -0.2588183 0 0.9659261 -0.2588183 1 0 0 1 0 0 1 0 0 1 0 0 1 0 0 1 0 0 1 0 0 1 0 0 1 0 0 1 0 0 0 -0.9659261 -0.2588183 0 -0.9659261 -0.2588183 0 -0.7071068 -0.7071068 0 -0.7071068 -0.7071068 0 -0.258815 -0.9659269 0 -0.258815 -0.9659269 0 0.2588159 -0.9659267 0 0.2588159 -0.9659267 0 0.7071068 -0.7071068 0 0.7071068 -0.7071068 0 0.9659251 -0.2588217 0 0.9659251 -0.2588217 1 0 0 1 0 0 1 0 0 1 0 0 1 0 0 1 0 0 1 0 0 1 0 0 1 0 0 1 0 0 0 -0.9659261 -0.2588183 0 -0.9659261 -0.2588183 0 -0.7071068 -0.7071068 0 -0.7071068 -0.7071068 0 -0.2588217 -0.9659251 0 -0.2588217 -0.9659251 0 0.2588226 -0.9659248 0 0.2588226 -0.9659248 0 0.7071068 -0.7071068 0 0.7071068 -0.7071068 0 0.9659261 -0.2588183 0 0.9659261 -0.2588183 1 0 0 1 0 0 1 0 0 1 0 0 1 0 0 1 0 0 1 0 0 1 0 0 1 0 0 1 0 0 0 -0.9659261 -0.2588183 0 -0.9659261 -0.2588183 0 -0.707105 -0.7071086 0 -0.707105 -0.7071086 0 -0.2588159 -0.9659267 0 -0.2588159 -0.9659267 0 0.258815 -0.9659269 0 0.258815 -0.9659269 0 0.7071068 -0.7071068 0 0.7071068 -0.7071068 0 0.9659261 -0.2588183 0 0.9659261 -0.2588183 1 0 0 1 0 0 1 0 0 1 0 0 1 0 0 1 0 0 1 0 0 1 0 0 1 0 0 1 0 0 0 -0.9659255 -0.2588202 0 -0.9659255 -0.2588202 0 -0.7071086 -0.707105 0 -0.7071086 -0.707105 0 -0.2588159 -0.9659267 0 -0.2588159 -0.9659267 0 0.258815 -0.9659269 0 0.258815 -0.9659269 0 0.7071104 -0.7071032 0 0.7071104 -0.7071032 0 0.9659255 -0.2588202 0 0.9659255 -0.2588202 1 0 0 1 0 0 1 0 0 1 0 0 1 0 0 1 0 0 1 0 0 1 0 0 1 0 0 1 0 0 1 0 0 1 0 0 1 0 0 1 0 0 1 0 0 1 0 0 1 0 0 1 0 0 1 0 0 1 0 0 1 0 0 1 0 0 1 0 0 1 0 0 0 -0.322265 -0.9466494 -0.09012097 -0.06600338 -0.9937413 0 -0.2588192 -0.9659258 0 0.06627303 -0.9978015 -0.02316439 0.2587497 -0.9656666 0 0.3222651 -0.9466494 0 -0.322265 -0.9466494 0 -0.7071064 -0.7071071 0 -0.7071064 -0.7071071 0 -0.9659259 -0.2588187 0 -0.9659259 -0.2588187 0 0.322265 -0.9466494 0 0.7071065 -0.7071071 0 0.7071065 -0.7071071 0 0.9659259 -0.2588189 0 0.9659259 -0.2588189 1 0 0 1 0 0 1 0 0 1 0 0 1 0 0 1 0 0 1 0 0 1 0 0 1 0 0 1 0 0 1 0 0 1 0 0 1 0 0 1 0 0 1 0 0 1 0 0 1 0 0 1 0 0 1 0 0 1 0 0 1 0 0 1 0 0 1 0 0 1 0 0 1 0 0 1 0 0 1 0 0 1 0 0 1 0 0 1 0 0 1 0 0 1 0 0 1 0 0 1 0 0 1 0 0 1 0 0 1 0 0 1 0 0 1 0 0 1 0 0 1 0 0 1 0 0 1 0 0 1 0 0 1 0 0 1 0 0 1 0 0 1 0 0 1 0 0 1 0 0 1 0 0 1 0 0 1 0 0 1 0 0 1 0 0 1 0 0 1 0 0 1 0 0 1 0 0 1 0 0 1 0 0 1 0 0 1 0 0 1 0 0 1 0 0 1 0 0 1 0 0 1 0 0 1 0 0 1 0 0 1 0 0 1 0 0 1 0 0 1 0 0 1 0 0 1 0 0 1 0 0 1 0 0 1 0 0 1 0 0 1 0 0 1 0 0 1 0 0 1 0 0 1 0 0 1 0 0 1 0 0 1 0 0 1 0 0 1 0 0 1 0 0 1 0 0 1 0 0 1 0 0 1 0 0 1 0 0 1 0 0 1 0 0 1 0 0 1 0 0 1 0 0 1 0 0 1 0 0 1 0 0 1 0 0 1 0 0 1 0 0 1 0 0 1 0 0 1 0 0 1 0 0 1 0 0 1 0 0 1 0 0 1 0 0 1 0 0 1 0 0 1 0 0 1 0 0 1 0 0 1 0 0 1 0 0 1 0 0 1 0 0 1 0 0 1 0 0 1 0 0 1 0 0 1 0 0 1 0 0 1 0 0 1 0 0 1 0 0 1 0 0 1 0 0 1 0 0 1 0 0 1 0 0 1 0 0 1 0 0 1 0 0 1 0 0 1 0 0 1 0 0 1 0 0 1 0 0 1 0 0 1 0 0 1 0 0 1 0 0 1 0 0 1 0 0 1 0 0 1 0 0 1 0 0 1 0 0 1 0 0 1 0 0 1 0 0 1 0 0 1 0 0 1 0 0 1 0 0 1 0 0 1 0 0 1 0 0 1 0 0 1 0 0 1 0 0 1 0 0 1 0 0 1 0 0 1 0 0 1 0 0 1 0 0 1 0 0 1 0 0 1 0 0 1 0 0 1 0 0 1 0 0 1 0 0 1 0 0 1 0 0 1 0 0 1 0 0 1 0 0 1 0 0 1 0 0 1 0 0 1 0 0 1 0 0 1 0 0 1 0 0 0 -0.9749279 -0.2225211 0 -0.9749279 -0.2225211 0 -0.7818313 -0.6234901 0 -0.7818313 -0.6234901 0 -0.4338836 -0.9009689 0 -0.4338836 -0.9009689 0 0 -1 0 0 -1 0 0.4338836 -0.9009689 0 0.4338836 -0.9009689 0 0.7818314 -0.62349 0 0.7818314 -0.62349 0 0.9749279 -0.2225209 0 0.9749279 -0.2225209 0 0 -1 0 0 -1 0 1 0 0 1 0 0 0 1 0 0 1 0 1 0 0 1 0 0 0 -1 0 0 -1 0 1 0 0 1 0 0 0 1 0 0 1 0 0 1 0 0 1 0 -1 0 0 -1 0 0 0 -1 0 0 -1 0 -1 0 0 -1 0 0 0 1 0 0 1 0 -1 0 0 -1 0 0 1 0 0 1 0 0 -1 0 0 -1 0 1 0 0 1 0 0 1 0 0 1 0 0 1 0 0 1 0 0 1 0 0 1 0 0 1 0 0 1 0 0 1 0 0 1 0 0 1 0 0 1 0 0 1 0 0 1 0 0 1 0 0 1 0 0 1 0 0 1 0 0 1 0 0 1 0 0 1 0 0 1 0 0 1 0 0 1 0 0 1 0 0 1 0 0 1 0 0 1 0 0 1 0 0 1 0 0 0 0 -1 0 0 -1 0 0 -1 0 0 -1 0 0 -1 0 0 -1 0 -1 0 0 -1 0 0 0 1 0 0 1 0 1 0 0 1 0 0 -0.9844265 0.1757967 0 -0.2259798 0.974132 0.004645705 -0.1757914 0.9844165 -0.003394603 -0.5391359 0.842212 -1.07742e-4 -0.5805977 0.8141906 -0.005018293 -0.9938935 0.1102289 2.60595e-5 -0.9580944 0.2864524 -1.48361e-4 -0.8422176 0.5391377 -0.00563693 -0.8731926 0.4873428 3.4114e-5 -0.7484287 0.6632152 0 0 -1 0 0 -1 0 0 -1 0 0 -1 0 -1 0 0 -1 0 0.8825099 -0.4702937 0 0.9974423 -0.07144445 -0.00214982 0.9968393 -0.07926034 -0.005404174 0.9976692 -0.06823593 0 0.9964976 -0.08358651 -0.002415418 0.9957177 -0.09233045 -0.004625201 0.9950551 -0.09909921 -0.006669521 0.9929687 -0.1175853 -0.01366567 0.9897019 -0.1403282 -0.0282545 0.988875 -0.1469489 -0.02306938 0.9843155 -0.1762492 -0.00769335 0.8911867 -0.446606 -0.07955783 0.8501172 -0.5265607 -0.005897581 0.8624133 -0.506199 -0.002413749 0.8527913 -0.5222507 0.00105822 0.8504735 -0.5260034 -0.00391668 0.8499388 -0.5268604 -0.004719913 0.8491631 -0.5281279 -0.001764476 0.8905946 -0.4400676 -0.1148127 0.88251 -0.4702937 0 0.9351821 -0.3541672 0 0.9500273 -0.3098145 -0.03825163 0.9641832 -0.265237 0 0.9786859 -0.2053627 0 0 -0.1031457 0.9946662 0.001852393 -0.1757962 0.9844248 0 -0.974363 0.2249816 -0.00272572 -0.9844229 0.1757956 0.002007544 -0.8422152 0.5391377 4.14472e-6 -0.2782723 0.9605022 8.10134e-7 -0.4870079 0.8733975 0.002267062 -0.5391373 0.8422148 4.57796e-7 -0.6621846 0.7493408 -1.22327e-6 -0.8139237 0.5809717 0 0.9844264 0.1757967 0 0.2259888 0.9741299 -0.004684269 0.1757948 0.9844157 0.003422677 0.5391346 0.8422127 1.09929e-4 0.580587 0.8141982 0.005062043 0.9938889 0.1102693 -2.67787e-5 0.958076 0.2865141 1.51575e-4 0.8422181 0.539137 0.005688071 0.8731822 0.4873608 -3.5118e-5 0.7484347 0.6632086 0 0.1757933 -0.984427 0 0.9794104 -0.201879 -5.50099e-4 0.1838078 -0.982962 6.1382e-4 0.5298511 -0.8480905 0.001512229 0.5391371 -0.8422167 -0.001455366 0.8173725 -0.5761077 0.002153158 0.842217 -0.5391345 -0.002306878 0.9844239 -0.1757963 0 1 0 0 1 0 0 -1 0 0 -1 0 0 -1 0 0 -1 0 0 0 1 0 0 1 0 0 1 0 0 1 0 -0.8155615 -0.5786703 -8.17879e-4 -0.8331182 -0.5530945 0.001048028 -0.9796751 -0.2005882 3.41827e-4 -0.9836261 -0.1802206 -3.10156e-4 -0.9734997 0.2286882 0.001572847 -0.9577497 0.2875986 2.14127e-7 -0.88347 0.4684876 4.26932e-5 -0.7478037 0.6639198 0.001764178 -0.7071076 0.7071038 -4.21552e-6 -0.5633232 0.8262366 2.96296e-5 -0.33691 0.9415369 0.001570761 -0.287598 0.9577499 4.09035e-6 -0.09777414 0.9952086 -6.66428e-6 0.2005883 0.9796757 0.001209199 0.1687445 0.9856591 -9.89815e-4 0.5786713 0.8155603 0 0.5516234 0.8340933 0 0.5151147 -0.8571212 -0.001756846 0.555566 -0.8314706 0.001083552 0.1950863 -0.9807855 0 0.1474004 -0.989077 0 0.8436923 0.5368271 -4.88053e-4 0.8336457 0.5522993 5.96398e-4 0.9921145 0.1253335 -1.52469e-4 0.9950404 0.09947252 2.69676e-4 0.92388 -0.3826823 2.88727e-4 0.9241207 -0.3821004 -3.60944e-4 0.6129091 -0.7901533 8.02582e-4 0.6409819 -0.7675555 -6.88135e-4 0.1989324 -0.980013 0 0.2237678 -0.9746425 0.001521885 -0.2005879 0.9796745 -0.001455962 -0.5187578 0.85492 0 -0.5786716 0.8155606 0.001445531 0.2875986 0.95775 1.94383e-6 0.1092292 0.9940166 2.10528e-6 -0.1295139 0.9915776 9.15739e-4 0.7071075 0.7071055 9.87329e-6 0.5428872 0.8398057 1.00247e-5 0.3499492 0.9367687 0.001046895 0.9729551 0.2309924 9.81095e-6 0.8749455 0.4842213 1.00479e-5 0.731855 0.6814603 -8.72734e-4 0.9577505 0.2875993 7.06279e-4 0.9796751 -0.2005894 -6.04721e-4 0.9685479 -0.2488265 4.11551e-4 0.8155617 -0.57867 0 0.8017653 -0.5976392 0 1 0 0 1 0 0 0 -1 0 0 -1 0 0 -1 0 0 -1 0 -1 0 0 -1 0 0 0 1 0 0 1 0 0 1 0 0 1 1 0 0 1 0 0 1 0 0 1 0 0 1 0 0 1 0 0 1 0 0 1 0 0 1 0 0 1 0 0 1 0 0 1 0 0 1 0 0 1 0 0 1 0 0 1 0 0 1 0 0 1 0 0 1 0 0 1 0 0 1 0 0 1 0 0 1 0 0 1 0 0 1 0 0 1 0 0 1 0 0 1 0 0 1 0 0 1 0 0 1 0 0 1 0 0 1 0 0 1 0 0 1 0 0 1 0 0 0 0 -1 0 0 -1 0 0 -1 0 0 -1 0 0 -1 0 0 -1 0 0 -1 0 0 -1 0 0 -1 0 0 -1 0 0 -1 0 0 -1 0 0 -1 0 0 -1 0 0 -1 0 0 -1 -0.9803566 0.04484933 -0.1920664 0 -0.103199 -0.9946607 -0.9284699 -0.02258557 -0.3707202 0.8573337 -0.3028672 -0.4162334 -0.9492886 -0.1318519 -0.2854228 1.09061e-5 -0.6622102 -0.7493181 -4.72141e-4 -0.7493017 -0.6622286 0.9185993 -0.3415466 -0.1987993 -0.9480673 -0.2624249 -0.179727 0.9262666 -0.3659428 -0.09008979 0.9771178 -0.2098975 -0.03440803 0 -0.9946838 -0.1029769 0 0 -1 0 0 -1 0 0 -1 0 0 -1 0 0 -1 0 0 -1 0 0 -1 0 0 -1 0 0 -1 0 0 -1 0 0 -1 0 0 -1 0 0 -1 0 0 -1 0 0 -1 0 0 -1 0 0 -1 0 0 -1 0 0 -1 0 0 -1 0 0 -1 0 0 -1 0 0 -1 0 0 -1 0 0 -1 0 0 -1 0 0 -1 0 0 -1 0 0 -1 0 0 -1 0 0 -1 0 0 -1 0 0 -1 0 0 -1 0 0 -1 0 0 -1 0 0 -1 0 0 -1 0 0 -1 0 0 -1 0 0 -1 0 0 -1 0 0 -1 0 0 -1 0 0 -1 0 0 -1 0 0 -1 0 0 -1 0 0 -1 0 0 -1 0 0 -1 0 0 -1 0 0 -1 0 0 -1 0 0 -1 0 0 -1 -1 0 0 -1 0 0 -0.9659258 0.2588192 0 -0.9659258 0.2588192 0 -0.7071077 0.7071059 0 -0.7071077 0.7071059 0 -0.2588188 0.9659259 0 -0.2588188 0.9659259 0 0.258819 0.9659259 0 0.258819 0.9659259 0 0.7071077 0.7071059 0 0.7071077 0.7071059 0 0.9659258 0.2588192 0 0.9659258 0.2588192 0 1 0 0 1 0 0 0.9659261 -0.2588183 0 0.9659261 -0.2588183 0 0.7071059 -0.7071077 0 0.7071059 -0.7071077 0 0.258819 -0.9659259 0 0.258819 -0.9659259 0 0 0 -1 0 0 -1 0 0 -1 0 0 -1 0 0 -1 0 0 -1 0 0 -1 0 0 -1 0 0 -1 0 0 -1 0 0 -1 0 0 -1 -1 0 0 -1 0 0 -0.9659261 0.2588183 0 -0.9659261 0.2588183 0 -0.7071068 0.7071068 0 -0.7071068 0.7071068 0 -0.2588188 0.9659259 0 -0.2588188 0.9659259 0 0.2588186 0.9659259 0 0.2588186 0.9659259 0 0.7071063 0.7071073 0 0.7071063 0.7071073 0 0.9659261 0.2588183 0 0.9659261 0.2588183 0 1 0 0 1 0 0 0.9659258 -0.2588192 0 0.9659258 -0.2588192 0 0.7071081 -0.7071055 0 0.7071081 -0.7071055 0 0.2588186 -0.9659259 0 0.2588186 -0.9659259 0 0 0 -1 0 0 -1 0 0 -1 0 0 -1 0 0 -1 0 0 -1 0 0 -1 0 0 -1 0 0 -1 0 0 -1 -0.2588189 -0.9659259 0 -0.2588189 -0.9659259 0 -0.7071079 -0.7071056 0 -0.7071079 -0.7071056 0 -0.9659258 -0.2588192 0 -0.9659258 -0.2588192 0 -0.9659258 0.2588192 0 -0.9659258 0.2588192 0 -0.7071061 0.7071074 0 -0.7071061 0.7071074 0 -0.2588189 0.9659259 0 -0.2588189 0.9659259 0 0 0 -1 0 0 -1 0 0 -1 0 0 -1 0 0 -1 0 0 -1 0 0 -1 0 0 -1 0 0 -1 0 0 -1 -0.258819 -0.9659259 0 -0.258819 -0.9659259 0 -0.7071077 -0.7071059 0 -0.7071077 -0.7071059 0 -0.9659259 -0.2588188 0 -0.9659259 -0.2588188 0 -0.9659259 0.2588188 0 -0.9659259 0.2588188 0 -0.7071059 0.7071077 0 -0.7071059 0.7071077 0 -0.258819 0.9659259 0 -0.258819 0.9659259 0 0 0 -1 0 0 -1 0 0 -1 0 0 -1 0 0 -1 0 0 -1 0 0 -1 0 0 -1 0 0 -1 0 0 -1 -0.2588186 -0.9659259 0 -0.2588186 -0.9659259 0 -0.7071081 -0.7071055 0 -0.7071081 -0.7071055 0 -0.9659259 -0.2588188 0 -0.9659259 -0.2588188 0 -0.9659259 0.2588188 0 -0.9659259 0.2588188 0 -0.7071063 0.7071073 0 -0.7071063 0.7071073 0 -0.2588186 0.9659259 0 -0.2588186 0.9659259 0 0 0 -1 0 0 -1 0 0 -1 0 0 -1 0 0 -1 0 0 -1 0 0 -1 0 0 -1 0 0 -1 0 0 -1 -0.258819 -0.9659259 0 -0.258819 -0.9659259 0 -0.7071059 -0.7071077 0 -0.7071059 -0.7071077 0 -0.9659261 -0.2588183 0 -0.9659261 -0.2588183 0 -0.9659258 0.2588192 0 -0.9659258 0.2588192 0 -0.7071077 0.7071059 0 -0.7071077 0.7071059 0 -0.258819 0.9659259 0 -0.258819 0.9659259 0 0 0 -1 0 0 -1 0 0 -1 0 0 -1 0 0 -1 0 0 -1 0 0 -1 0 0 -1 0 0 -1 0 0 -1 -0.2588186 -0.9659259 0 -0.2588186 -0.9659259 0 -0.7071063 -0.7071073 0 -0.7071063 -0.7071073 0 -0.9659261 -0.2588183 0 -0.9659261 -0.2588183 0 -0.9659258 0.2588192 0 -0.9659258 0.2588192 0 -0.7071081 0.7071055 0 -0.7071081 0.7071055 0 -0.2588186 0.9659259 0 -0.2588186 0.9659259 0 0 0 -1 0 0 -1 0 0 -1 0 0 -1 0 0 -1 0 0 -1 0 0 -1 0 0 -1 0 0 -1 0 0 -1 -0.2588186 -0.9659259 0 -0.2588186 -0.9659259 0 -0.7071081 -0.7071055 0 -0.7071081 -0.7071055 0 -0.9659258 -0.2588192 0 -0.9659258 -0.2588192 0 -0.9659261 0.2588183 0 -0.9659261 0.2588183 0 -0.7071063 0.7071073 0 -0.7071063 0.7071073 0 -0.2588186 0.9659259 0 -0.2588186 0.9659259 0 0 0 -1 0 0 -1 0 0 -1 0 0 -1 0 0 -1 0 0 -1 0 0 -1 0 0 -1 0 0 -1 0 0 -1 0 0 -1 0 0 -1 -1 0 0 -1 0 0 -0.9659258 0.2588192 0 -0.9659258 0.2588192 0 -0.7071086 0.707105 0 -0.7071086 0.707105 0 -0.2588188 0.9659259 0 -0.2588188 0.9659259 0 0.2588186 0.9659259 0 0.2588186 0.9659259 0 0.7071081 0.7071055 0 0.7071081 0.7071055 0 0.9659258 0.2588192 0 0.9659258 0.2588192 0 1 0 0 1 0 0 0.9659261 -0.2588183 0 0.9659261 -0.2588183 0 0.7071063 -0.7071073 0 0.7071063 -0.7071073 0 0.2588186 -0.9659259 0 0.2588186 -0.9659259 0 0 0 -1 0 0 -1 0 0 -1 0 0 -1 0 0 -1 0 0 -1 0 0 -1 0 0 -1 0 0 -1 0 0 -1 -0.2588188 -0.9659259 0 -0.2588188 -0.9659259 0 -0.7071064 -0.7071073 0 -0.7071064 -0.7071073 0 -0.9659259 -0.2588188 0 -0.9659259 -0.2588188 0 -0.9659259 0.2588188 0 -0.9659259 0.2588188 0 -0.7071066 0.707107 0 -0.7071066 0.707107 0 -0.2588192 0.9659258 0 -0.2588192 0.9659258 0 0 0 -1 0 0 -1 0 0 -1 0 0 -1 0 0 -1 0 0 -1 0 0 -1 0 0 -1 0 0 -1 0 0 -1 -0.2588188 -0.9659259 0 -0.2588188 -0.9659259 0 -0.7071059 -0.7071077 0 -0.7071059 -0.7071077 0 -0.9659261 -0.2588183 0 -0.9659261 -0.2588183 0 -0.9659258 0.2588192 0 -0.9659258 0.2588192 0 -0.7071077 0.7071059 0 -0.7071077 0.7071059 0 -0.2588188 0.9659259 0 -0.2588188 0.9659259 0 0 0 -1 0 0 -1 0 0 -1 0 0 -1 0 0 -1 0 0 -1 0 0 -1 0 0 -1 0 0 -1 0 0 -1 -0.2588188 -0.9659259 0 -0.2588188 -0.9659259 0 -0.7071063 -0.7071073 0 -0.7071063 -0.7071073 0 -0.9659258 -0.2588192 0 -0.9659258 -0.2588192 0 -0.9659255 0.2588201 0 -0.9659255 0.2588201 0 -0.7071081 0.7071055 0 -0.7071081 0.7071055 0 -0.2588188 0.9659259 0 -0.2588188 0.9659259 0 -0.2588188 -0.9659259 0 -0.2588188 -0.9659259 0 -0.7071059 -0.7071077 0 -0.7071059 -0.7071077 0 -0.9659259 -0.2588188 0 -0.9659259 -0.2588188 0 0.9659257 -0.2588196 0 0.9659257 -0.2588196 0 0.7071064 -0.7071073 0 0.7071064 -0.7071073 0 0.2588188 -0.9659259 0 0.2588188 -0.9659259 0 0.2588188 0.9659259 0 0.2588188 0.9659259 0 0.7071073 0.7071064 0 0.7071073 0.7071064 0 0.9659257 0.2588196 0 0.9659257 0.2588196 0 -0.9659259 0.2588188 0 -0.9659259 0.2588188 0 -0.7071068 0.7071068 0 -0.7071068 0.7071068 0 -0.2588188 0.9659259 0 -0.2588188 0.9659259 0 -0.9659257 0.2588196 0 -0.9659257 0.2588196 0 -0.7071073 0.7071064 0 -0.7071073 0.7071064 0 -0.2588188 0.9659259 0 -0.2588188 0.9659259 0 0.2588188 0.9659259 0 0.2588188 0.9659259 0 0.7071073 0.7071064 0 0.7071073 0.7071064 0 0.9659257 0.2588196 0 0.9659257 0.2588196 0 0.9659257 -0.2588196 0 0.9659257 -0.2588196 0 0.7071064 -0.7071073 0 0.7071064 -0.7071073 0 0.2588188 -0.9659259 0 0.2588188 -0.9659259 0 -0.2588188 -0.9659259 0 -0.2588188 -0.9659259 0 -0.7071064 -0.7071073 0 -0.7071064 -0.7071073 0 -0.9659257 -0.2588196 0 -0.9659257 -0.2588196 0 -1 0 0 -1 0 0 -1 0 0 -1 0 0 -1 0 0 -1 0 0 1 0 0 1 0 0 1 0 0 1 0 0 1 0 0 1 0 0 -1 0 0 -1 0 0 -1 0 0 -1 0 0 -1 0 0 -1 0 0 1 0 0 1 0 0 1 0 0 1 0 0 1 0 0 1 0 0 -0.2588183 0.9659261 0 -0.2588183 0.9659261 0 -0.7071079 0.7071056 0 -0.7071079 0.7071056 0 -0.9659259 0.2588188 0 -0.9659259 0.2588188 0 -0.9659261 -0.2588183 0 -0.9659261 -0.2588183 0 -0.7071068 -0.7071068 0 -0.7071068 -0.7071068 0 -0.2588204 -0.9659255 0 -0.2588204 -0.9659255 0 -0.2588183 0.9659261 0 -0.2588183 0.9659261 0 -0.7071079 0.7071056 0 -0.7071079 0.7071056 0 -0.9659254 0.258821 0 -0.9659254 0.258821 0 -0.9659255 -0.2588204 0 -0.9659255 -0.2588204 0 -0.7071068 -0.7071068 0 -0.7071068 -0.7071068 0 -0.2588204 -0.9659255 0 -0.2588204 -0.9659255 0 0 0 -1 0 0 -1 0 0 -1 0 0 -1 0 0 -1 0 0 -1 0 0 -1 0 0 -1 0 0 -1 0 0 -1 0 0 -1 0 0 -1 0 0 -1 0 0 -1 0 0 -1 0 0 -1 0 0 -1 0 0 -1 0 0 -1 0 0 -1 0 0 -1 0 0 -1 0 0 -1 0 0 -1 0 0 -1 0 0 -1 0 0 -1 0 0 -1 0 0 -1 0 0 -1 0 0 -1 0 0 -1 0 0 -1 0 0 -1 0 0 -1 0 0 -1 0 0 -1 0 0 -1 0 0 -1 0 0 -1 0 0 -1 0 0 -1 0 0 -1 0 0 -1 0 0 -1 0 0 -1 0 0 -1 0 0 -1 0 0 -1 0 0 -1 0 0 -1 0 0 -1 0 0 -1 0 0 -1 0 0 -1 0 0 -1 0 0 -1 0 0 -1 0 0 -1 0 0 -1 0 0 -1 0 0 -1 0 0 -1 0 0 -1 0 0 -1 0 0 -1 0 0 -1 0 0 -1 0 0 -1 0 0 -1 0 0 -1 0 0 -1 0 0 -1 0 0 -1 0 0 -1 0 0 -1 0 0 -1 0 0 -1 0 0 -1 0 0 -1 0 0 -1 0 0 -1 0 0 -1 0 0 -1 0 0 -1 0 0 -1 0 0 -1 0 0 -1 0 0 -1 0 0 -1 0 0 -1 0 0 -1 0 0 -1 0 0 -1 0 0 -1 0 0 -1 0 0 -1 0 0 -1 0 0 -1 0 0 -1 0 0 -1 0 0 -1 0 0 -1 0 0 -1 0 0 -1 0 0 -1 0 0 -1 0 0 -1 0 0 -1 0 0 -1 0 0 -1 0 0 -1 0 0 -1 0 0 -1 0 0 -1 0 0 -1 0 0 -1 0 0 -1 0 0 -1 0 0 -1 0 0 -1 0 0 -1 0 0 -1 0 0 -1 0 0 -1 0 0 -1 0 0 -1 0 0 -1 0 0 -1 0 0 -1 0 0 -1 0 0 -1 0 0 -1 0 0 -1 0 0 -1 0 0 -1 0 0 -1 0 0 -1 0 0 -1 0 0 -1 0 0 -1 0 0 -1 0 0 -1 0 0 -1 0 0 -1 0 0 -1 0 0 -1 0 0 -1 0 0 -1 0 0 -1 0 0 -1 0 0 -1 0 0 -1 0 0 -1 0 0 -1 0 0 -1 0 0 -1 0 0 -1 0 0 -1 0 0 -1 0 0 -1 0 0 -1 0 0 -1 0 0 -1 0 0 -1 0 0 -1 0 0 -1 0 0 -1 0 0 -1 0 0 -1 0 0 -1 0 0 -1 0 0 -1 0 0 -1 0 0 -1 0 0 -1 0 0 -1 0 0 -1 0 0 -1 0 0 -1 0 0 -1 0 0 -1 0 0 -1 0 0 -1 0 0 -1 0 0 -1 0 0 -1 0 0 -1 0 0 -1 0 0 -1 0 0 -1 0 0 -1 0 0 -1 0 0 -1 0 0 -1 0 0 -1 0 0 -1 0 0 -1 0 0 -1 0 0 -1 0 0 -1 0 0 -1 0 0 -1 0 0 -1 0 0 -1 0 0 -1 0 0 -1 0 0 -1 0 0 -1 0 0 -1 0 0 -1 0 0 -1 0 0 -1 0 0 -1 0 0 -1 0 0 -1 0 0 -1 0 0 -1 0 0 -1 0 0 -1 0 0 -1 0 0 -1 0 0 -1 0 0 -1 0 0 -1 0 0 -1 0 0 -1 0 0 -1 0 0 -1 0 0 -1 0 0 -1 0 0 -1 0 0 -1 0 0 -1 0 0 -1 0 0 -1 0 0 -1 0 0 -1 0 0 -1 0 0 -1 0 0 -1 0 0 -1 0 0 -1 0 0 -1 0 0 -1 0 0 -1 0 0 -1 0 0 -1 0 0 -1 0 0 -1 0 0 -1 0 0 -1 0 0 -1 0 0 -1 0 0 -1 0 0 -1 0 0 -1 0 0 -1 0 0 -1 0 0 -1 0 0 -1 0 0 -1 0 0 -1 0 0 -1 0 0 -1 0 0 -1 0 0 -1 0 0 -1 0 0 -1 0 0 -1 0 0 -1 0 0 -1 0 0 -1 0 0 -1 0 0 -1 0 0 -1 0 0 -1 0 0 -1 0 0 -1 0 0 -1 0 0 -1 0 0 -1 0 0 -1 0 0 -1 0 0 -1 0 0 -1 0 0 -1 0 0 -1 0 0 -1 0 0 -1 0 0 -1 0 0 -1 0 0 -1 0 0 -1 0 0 -1 0 0 -1 0 0 -1 0 0 -1 0 0 -1 0 0 -1 0 0 -1 0 0 -1 0 0 -1 0 0 -1 0 0 -1 0 0 -1 0 0 -1 0 0 -1 0 0 -1 0 0 -1 0 0 -1 0 0 -1 0 0 -1 0 0 -1 0 0 -1 0 0 -1 0 0 -1 0 0 -1 0 0 -1 0 0 -1 0 0 -1 0 0 -1 0 0 -1 0 0 -1 0 0 -1 0 0 -1 0 0 -1 0 0 -1 0 0 -1 0 0 -1 0 0 -1 0 0 -1 0 0 -1 0 0 -1 0 0 -1 0 0 -1 0 0 -1 0 0 -1 0 0 -1 0 0 -1 0 0 -1 0 0 -1 0 0 -1 0 0 -1 0 0 -1 0 0 -1 0 0 -1 0 0 -1 0 0 -1 0 0 -1 0 0 -1 0 0 -1 0 0 -1 0 0 -1 0 0 -1 0 0 -1 0 0 -1 0 0 -1 0 0 -1 0 0 -1 0 0 -1 0 0 -1 0 0 -1 0 0 -1 0 0 -1 0 0 -1 0 0 -1 0 0 -1 0 0 -1 0 0 -1 0 0 -1 0 0 -1 0 0 -1 0 0 -1 0 0 -1 0 0 -1 0 0 -1 0 0 -1 0 0 -1 0 0 -1 0 0 -1 0 0 -1 0 0 -1 0 0 -1 0 0 -1 0 0 -1 0 0 -1 0 0 -1 0 0 -1 0 0 -1 0 0 -1 0 0 -1 0 0 -1 0 0 -1 0 0 -1 0 0 -1 0 0 -1 0 0 -1 0 0 -1 0 0 -1 0 0 -1 0 0 -1 0 0 -1 0 0 -1 0 0 -1 0 0 -1 0 0 -1 0 0 -1 0 0 -1 0 0 -1 0 0 -1 0 0 -1 0 0 -1 0 0 -1 0 0 -1 0 0 -1 0 0 -1 0 0 -1 0 0 -1 -0.3531203 -0.6126487 -0.707084 -0.5466435 0.4522228 -0.704752 -0.5466435 0.4522228 -0.704752 -0.4289351 0.5651012 -0.704752 -0.4289353 0.5651016 -0.7047514 -0.2885609 0.648119 -0.7047513 -0.2885608 0.6481179 -0.7047524 -0.1329384 0.696887 -0.7047524 -0.1329384 0.6968879 -0.7047516 -0.02591937 0.7068697 -0.7068687 -0.02592015 0.7068682 -0.7068702 -0.6907083 0.1620042 -0.7047529 -0.6907086 0.1620043 -0.7047526 -0.6354656 0.3154477 -0.7047525 -0.5468209 0.2498729 -0.7990935 -0.6052564 0.3659548 -0.7069242 -0.4289355 -0.5651016 -0.7047514 -0.428935 -0.5651013 -0.704752 -0.5466436 -0.4522228 -0.704752 -0.5466435 -0.4522228 -0.704752 -0.635466 -0.3154479 -0.7047522 -0.6354657 -0.3154478 -0.7047526 -0.6907086 -0.1620042 -0.7047526 -0.6907083 -0.1620042 -0.7047529 -0.7094528 0 -0.704753 -0.5458517 -0.02820855 -0.8374069 -0.7061485 0.04494279 -0.7066361 -0.2653118 -0.6143256 -0.7431108 -0.2885605 -0.6481179 -0.7047525 -0.1329382 -0.696887 -0.7047524 -0.1329386 -0.6968878 -0.7047516 -0.03013199 -0.7066316 -0.7069398 -0.02570199 -0.7009416 -0.7127555 -0.004218459 -0.7070995 -0.7071015 -0.8660259 -0.4999994 -1.14738e-6 -0.8660256 -0.4999998 2.83071e-7 -0.8660256 -0.4999997 5.9978e-7 -0.8660256 -0.4999997 5.26123e-7 -0.8660252 -0.5000005 -3.33211e-7 -0.8660252 -0.5000005 -3.15674e-7 -0.8660251 -0.5000005 -3.33211e-7 -0.8660255 -0.5 1.75374e-7 -0.866026 -0.4999991 0 -0.8660256 -0.4999996 -2.19218e-7 -0.8660251 -0.5000006 7.49725e-7 -0.8660254 -0.5 5.52429e-7 -0.8660256 -0.4999996 -6.69307e-7 -0.8660254 -0.5000002 0 -0.8660253 -0.5000001 7.64921e-7 -0.8660255 -0.4999998 0 -0.8660253 -0.5000002 -9.99633e-7 -0.8660253 -0.5000002 -4.20898e-7 -0.8660258 -0.4999994 5.99781e-7 -0.8660257 -0.4999995 0 -0.8660251 -0.5000005 -3.33211e-7 -0.8660255 -0.5 1.75374e-7 -0.8660251 -0.5000005 3.24881e-7 -0.8660251 -0.5000005 3.24442e-7 -0.8660256 -0.4999997 -5.49799e-7 -0.8660256 -0.4999997 -5.34892e-7 -0.8660253 -0.5000002 1.05177e-6 -0.8660258 -0.4999993 -2.01295e-7 0.4949622 -0.8572998 -0.1415959 0.4893411 -0.8558547 -0.1675051 0.4581733 -0.7868375 -0.413478 0.402728 -0.7310323 -0.5508193 0.3826181 -0.6627207 -0.6437427 0.3330902 -0.5769357 -0.7457855 0.2700864 -0.471729 -0.8393599 0.2234722 -0.4180885 -0.8804898 0.1665381 -0.2884622 -0.942897 -0.1571444 0.2721732 -0.94933 -0.09550362 0.1654111 -0.9815896 -0.009821951 -0.005670726 -0.9999357 -0.00642091 -0.00948745 -0.9999344 0.09795218 -0.1696639 -0.980622 -0.3761594 0.6515213 -0.6588051 -0.325656 0.5640469 -0.7588143 -0.2433012 0.4066912 -0.8805718 -0.3050311 0.4677183 -0.8295755 -0.2264149 0.3715383 -0.9003863 -0.4727016 0.7575531 -0.450185 -0.4157029 0.7236747 -0.5508956 -0.492035 0.8501566 -0.1874442 -0.4965965 0.8516656 -0.1675044 -0.4998224 0.8657176 -0.02665507 0.8660254 -0.5000001 -7.64922e-7 0.8660255 -0.4999998 0 0.8660253 -0.5000002 9.99633e-7 0.8660253 -0.5000002 4.20898e-7 0.8660259 -0.4999992 -5.99781e-7 0.8660257 -0.4999995 0 0.8660251 -0.5000005 3.33211e-7 0.8660255 -0.5 -1.75374e-7 0.8660251 -0.5000005 -3.24881e-7 0.8660252 -0.5000005 -3.24443e-7 0.8660256 -0.4999996 5.49799e-7 0.8660256 -0.4999997 5.34892e-7 0.8660253 -0.5000001 -1.05177e-6 0.8660258 -0.4999994 2.01295e-7 0.8660258 -0.4999994 1.14738e-6 0.8660256 -0.4999998 -2.83071e-7 0.8660256 -0.4999997 -5.9978e-7 0.8660256 -0.4999997 -5.26123e-7 0.8660252 -0.5000004 3.33211e-7 0.8660252 -0.5000005 3.15674e-7 0.8660251 -0.5000005 3.33211e-7 0.8660255 -0.5 -1.75374e-7 0.866026 -0.4999991 0 0.8660256 -0.4999996 2.19218e-7 0.8660251 -0.5000006 -7.49725e-7 0.8660254 -0.5 -5.52429e-7 0.8660256 -0.4999996 6.69306e-7 0.8660253 -0.5000001 0 -0.3761544 -0.6515247 -0.6588045 0.4949623 0.8572996 -0.1415969 0.4965212 0.8517093 -0.1675044 0.4523344 0.7902085 -0.4134781 0.4317285 0.7142889 -0.5508193 0.3826237 0.6627175 -0.6437427 0.1665462 0.288457 -0.9428971 0.2374889 0.3851742 -0.8917623 0.2512075 0.4020668 -0.8804755 0.2887589 0.4971752 -0.8181901 0.3330987 0.5769374 -0.7457805 0.009821951 -0.005670726 -0.9999357 0.01142686 -8.16992e-4 -0.9999344 0.09795707 0.1696609 -0.9806221 -0.3256517 -0.5640512 -0.7588131 -0.2496817 -0.4444032 -0.8603283 -0.2250187 -0.4172098 -0.8805126 -0.1571366 -0.2721778 -0.94933 -0.0954985 -0.1654143 -0.9815896 -0.4197095 -0.7881483 -0.4501847 -0.4188692 -0.7218466 -0.5508956 -0.4902397 -0.8511931 -0.1874437 -0.4892659 -0.8558977 -0.167505 -0.4998223 -0.8657176 -0.0266577 -0.4929352 -0.8537892 -0.1675077 -0.4874901 -0.8510735 -0.1950057 -0.4210551 -0.7205773 -0.5508911 -0.4189941 -0.718571 -0.5550673 -0.2756221 -0.48307 -0.8310691 -0.244893 -0.4057643 -0.8805582 -0.1580027 -0.2735486 -0.948792 0.2655833 0.48812 -0.8313871 0.1575506 0.2730039 -0.949024 -4.82875e-5 2.78788e-5 -1 0.04225659 0.116803 -0.9922558 -0.06147223 -0.1063557 -0.9924262 0.240606 0.4082581 -0.8805873 0.4142028 0.7245361 -0.5508934 0.4115535 0.7219957 -0.5561887 0.4964184 0.8517695 -0.1675038 0.4903352 0.8492858 -0.1956657 -0.4929354 0.8537896 -0.1675052 -0.4933063 0.8477156 -0.1950059 -0.4135105 0.7249327 -0.5508917 -0.4128036 0.7221449 -0.5550674 -0.2805399 0.4802309 -0.8310689 -0.2289559 0.414966 -0.880558 -0.157899 0.2736093 -0.9487918 0.2899326 -0.4740618 -0.8313872 0.157653 -0.2729447 -0.9490241 4.82875e-5 2.78788e-5 -1 0.08002614 -0.09499686 -0.9922558 -0.06137049 0.1064141 -0.9924262 0.2332586 -0.4124996 -0.8805876 0.4203655 -0.7209786 -0.5508928 0.4194901 -0.7174139 -0.5561883 0.4894447 -0.8557953 -0.1675063 0.4903352 -0.8492858 -0.1956655 0 1 0 0 1 0 0 1 0 0 1 0 0 1 0 0 1 0 0 1 0 0 1 0 0 1 0 0 1 0 0 1 0 0 1 0 0 1 0 0 1 0 0 1 0 0 1 0 0 1 0 0 1 0 0 1 0 0 1 0 0 1 0 0 1 0 0 1 0 0 1 0 0 1 0 0 1 0 0 1 0 0 1 0 -0.1416042 0 0.9899233 -0.167505 0.004040777 0.9858629 -0.4137284 -0.00329411 0.9103944 -0.5508217 0.01653367 0.8344593 -0.8805955 6.88771e-6 0.4738687 -0.9416129 0.04147064 0.3341337 -0.839258 0.001969754 0.5437299 -0.7457857 3.32639e-6 0.666186 -0.6437425 3.29598e-6 0.7652422 -0.9493289 4.9207e-6 -0.3142843 -0.9815896 3.41965e-6 -0.1910021 -0.9999318 0.01167565 0 -0.9999311 0.01060056 0.005042135 -0.980621 2.72114e-6 0.1959143 -0.8596596 0.01738458 -0.5105715 -0.8805714 0.007410585 -0.4738557 -0.7588255 3.07649e-6 -0.6512941 -0.6588059 3.07527e-6 -0.752313 -0.5508225 0.01644438 -0.8344604 -0.4492563 -9.60859e-4 -0.8934024 -0.187414 0.001011133 -0.9822805 -0.1675046 0.00410819 -0.9858627 -0.026663 0 -0.9996445 -0.1675053 0 -0.9858712 -0.1947541 0.003381252 -0.9808463 -0.5508924 -0.004385352 -0.8345649 -0.5552535 -0.003559052 -0.8316737 -0.8309877 0.002825379 -0.5562836 -0.8805589 -0.009097456 -0.4738494 -0.9488103 -5.62794e-5 -0.3158466 -0.9924219 -5.48446e-5 -0.1228767 -0.9999409 -0.01086509 0 -0.9925248 -6.01388e-5 0.1220437 -0.9490054 -6.15498e-5 0.3152599 -0.8805595 -0.009044587 0.4738494 -0.8317199 0.002763986 0.5551887 -0.5508934 -0.003557741 0.834568 -0.5564983 -0.00464195 0.8308358 -0.1675046 0.004072129 0.9858629 -0.1956655 0 0.9806707 -0.0123409 -0.7070519 -0.7070539 -0.01234036 -0.7070527 -0.7070533 -0.09250855 -0.7026727 -0.7054738 -0.09250855 -0.7026721 -0.7054744 -0.2248851 -0.6721107 -0.7054743 -0.2248852 -0.6721112 -0.7054737 -0.3489983 -0.6168525 -0.7054737 -0.3489979 -0.6168513 -0.7054749 -0.4602864 -0.5389263 -0.705475 -0.4602867 -0.5389267 -0.7054744 -0.5546621 -0.4411979 -0.7054744 -0.5546628 -0.4411988 -0.7054735 -0.6286566 -0.3272581 -0.7054736 -0.6286554 -0.3272572 -0.7054751 -0.6795489 -0.2012915 -0.7054751 -0.6795495 -0.2012917 -0.7054744 -0.7054726 -0.06792926 -0.7054744 -0.7054725 -0.0679292 -0.7054745 -0.7054725 0.06792926 -0.7054745 -0.7054725 0.0679292 -0.7054744 -0.6795496 0.2012916 -0.7054744 -0.6795488 0.2012915 -0.7054751 -0.6286553 0.3272573 -0.705475 -0.6286568 0.3272579 -0.7054736 -0.554663 0.4411987 -0.7054735 -0.5546621 0.4411981 -0.7054745 -0.4602868 0.5389267 -0.7054744 -0.4602864 0.5389263 -0.7054749 -0.3489978 0.6168515 -0.7054749 -0.3489985 0.6168524 -0.7054737 -0.2248853 0.6721112 -0.7054738 -0.224885 0.6721107 -0.7054742 -0.09250849 0.7026721 -0.7054744 -0.09250867 0.7026727 -0.7054738 -0.0123409 0.7070526 -0.7070533 -0.01234036 0.7070519 -0.707054 -0.01705056 -0.9998546 0 -0.03664231 -0.999304 0.006987214 -0.2072525 -0.9781721 -0.01502209 -0.1851573 -0.9826337 0.01215219 -0.1726475 -0.9845347 0.02973645 -0.187377 -0.9822642 0.006835401 -0.07195973 -0.9974075 -3.54072e-4 -0.04960477 -0.9987676 0.001671195 -0.0366432 -0.9993284 0 -0.01925611 -0.9997487 -0.0114758 -0.9119545 0.4098398 0.01923877 -0.9011958 0.4312533 0.04320675 -0.743621 0.6681513 -0.02452933 -0.7686224 0.6394798 0.01688748 -0.7703469 0.6372865 0.0207715 -0.8261841 0.5633979 0.001581549 -0.8411184 0.5408504 -8.94689e-4 -0.8512789 0.5247061 0.002765357 -0.8599737 0.5102692 0.008405983 -0.8944867 0.4440268 0.05228579 -0.8720404 0.4733515 0.1244344 -0.8889714 0.4512412 0.07817399 -0.919112 0.3939412 -0.006600201 -0.9111428 0.4117047 -0.01783591 -0.8513712 0.5245588 -0.002273321 -0.8410887 0.5408967 7.39621e-4 -0.7704862 0.6374017 -0.008378565 -0.9001046 0.4339567 -0.03864276 -0.8881062 0.454634 -0.06764149 -0.8945567 0.4440615 -0.05076974 -0.8723949 0.4884493 -0.0185588 -0.8601157 0.5100531 -0.006835639 -0.0366432 0.9993284 0 -0.0366432 0.9993284 0 -0.1873815 0.9822872 0 -0.1873815 0.9822872 0 -0.4067364 0.9135456 0 -0.4067364 0.9135456 0 -0.6045992 0.7965299 0 -0.6045992 0.7965299 0 -0.7609375 0.6488252 0 -0.7849401 0.6177586 -0.04736161 -0.9195696 0.3928675 0.006840467 -0.9248698 0.380284 0 -0.9735789 0.2283509 0 -0.9735789 0.2283509 0 -1 0 0 -1 0 0 -0.9735789 -0.2283509 0 -0.9735789 -0.2283509 0 -0.933721 -0.3580013 0 -0.9204354 -0.3908755 0.003858804 -0.8956117 -0.4445853 0.01495361 -0.8910292 -0.4538223 0.01060646 -0.8593181 -0.5114379 0.001858055 -0.8461901 -0.5328812 0 -0.7705132 -0.637424 0 -0.7705132 -0.637424 0 -0.6045992 -0.7965299 0 -0.6045992 -0.7965299 0 -0.4067364 -0.9135456 0 -0.4067364 -0.9135456 0 -0.1937487 -0.9810512 0 -0.2551114 -0.9638112 0.07737022 -0.1287215 -0.9915675 -0.01498675 -0.1430708 -0.9897063 -0.003507137 -0.07197755 -0.9974063 3.03107e-4 -0.04933202 -0.9987813 -0.001429259 0 0 -1 0 0 -1 0 0 -1 0 0 -1 0 0 -1 0 0 -1 0 0 -1 0 0 -1 0 0 -1 0 0 -1 0 0 -1 0 0 -1 0 0 -1 0 0 -1 0 0 -1 0 0 -1 0 0 -1 0 0 -1 0 0 -1 0 0 -1 0 0 -1 0 0 -1 0 0 -1 0 0 -1 0 0 -1 0 0 -1 0 0 -1 0 0 -1 0 0 -1 0 0 -1 0 0 -1 0 0 -1 0 0 -1 0 0 -1 0 0 -1 0 0 -1 0 0 -1 0 0 -1 0 0 -1 0 0 -1 0 0 -1 0 0 -1 0 0 -1 0 0 -1 0 0 -1 0 0 -1 0 0 -1 0 0 -1 0 0 -1 0 0 -1 0 0 -1 0 0 -1 0 0 -1 0 0 -1 0 0 -1 0 0 -1 0 0 -1 0 0 -1 0 0 -1 0 0 -1 0 0 -1 0 0 -1 0 0 -1 0 0 -1 0 0 -1 0 0 -1 0 0 -1 0 0 -1 0 0 -1 0 0 -1 0 0 -1 0 0 -1 0 0 -1 0 0 -1 0 0 -1 0 0 -1 0 0 -1 0 0 -1 0 0 -1 0 0 -1 0 0 -1 0 0 -1 0 0 -1 0 0 -1 0 0 -1 0 0 -1 0 0 -1 0 0 -1 0 0 -1 0 0 -1 0 0 -1 0 0 -1 0 0 -1 0 0 -1 0 0 -1 0 0 -1 0 0 -1 0 0 -1 0 0 -1 0 0 -1 0 0 -1 0 0 -1 0 0 -1 0 0 -1 0 0 -1 0 0 -1 0 0 -1 0 0 -1 0 0 -1 0 0 -1 0 0 -1 0 0 -1 0 0 -1 0 0 -1 0 0 -1 0 0 -1 0 0 -1 0 0 -1 0 0 -1 0 0 -1 0 0 -1 0 0 -1 0 0 -1 0 0 -1 0 0 -1 0 0 -1 0 0 -1 0 0 -1 0 0 -1 0 0 -1 0 0 -1 0 0 -1 0 0 -1 0 0 -1 0 0 -1 0 0 -1 0 0 -1 0 0 -1 0 0 -1 0 0 -1 0 0 -1 0 0 -1 0 0 -1 0 0 -1 0 0 -1 0 0 -1 0 0 -1 0 0 -1 0 0 -1 0 0 -1 0 0 -1 0 0 -1 0 0 -1 0 0 -1 0 0 -1 0 0 -1 0 0 -1 0 0 -1 0 0 -1 0 0 -1 0 0 -1 0 0 -1 0 0 -1 0 0 -1 0 0 -1 0 0 -1 0 0 -1 0 0 -1 0 0 -1 0 0 -1 0 0 -1 0 0 -1 0 0 -1 0 0 -1 0 0 -1 0 0 -1 0 0 -1 0 0 -1 0 0 -1 0 0 -1 0 0 -1 0 0 -1 0 0 -1 0 0 -1 0 0 -1 0 0 -1 0 0 -1 0 0 -1 0 0 -1 0 0 -1 0 0 -1 0 0 -1 0 0 -1 0 0 -1 0 0 -1 0 0 -1 0 0 -1 0 0 -1 0 0 -1 0 0 -1 0 0 -1 0 0 -1 0 0 -1 0 0 -1 0 0 -1 0 0 -1 0 0 -1 0 0 -1 0 0 -1 0 0 -1 0 0 -1 0 0 -1 0 0 -1 0 0 -1 0 0 -1 0 0 -1 0 0 -1 0 0 -1 0 0 -1 0 0 -1 -0.2300444 -0.9731502 -0.007632076 -0.285326 -0.9578248 -0.03406858 -0.2657966 -0.962247 -0.05859225 -0.3106871 -0.9502795 -0.02102988 0.9718458 -0.231737 -0.04258704 0.9640664 -0.2651652 -0.01623034 0.9517483 -0.3068787 -8.11673e-4 0.8773429 0.4798639 0 -0.3531988 -0.9355483 0 -0.4730934 -0.8810123 0 -0.4730934 -0.8810123 0 -0.6412134 -0.7673626 0 -0.6412134 -0.7673626 0 -0.7829276 -0.6221129 0 -0.7829276 -0.6221129 0 -0.8542454 -0.51987 0 -0.8542454 -0.51987 0 0.9449778 -0.3271346 0 0.9058733 -0.4235487 0 0.9058733 -0.4235487 0 0.8017144 -0.5977073 0 0.8017144 -0.5977073 0 0.6645402 -0.7472525 0 0.6645402 -0.7472525 0 0.5 -0.8660255 0 0.5 -0.8660255 0 0.3148695 -0.949135 0 0.3148695 -0.949135 0 0.1167729 -0.9931586 0 0.1167729 -0.9931586 0 -0.08613294 -0.9962837 0 -0.08613294 -0.9962837 0 -0.1891869 -0.9819411 0 -0.206144 -0.9785215 -6.57424e-4 0.8773429 0.4798639 0 0.9302293 0.3669788 0 0.9302293 0.3669788 0 0.9851622 0.1716255 0 0.9851622 0.1716255 0 0.9995257 -0.03079503 0 0.9995257 -0.03079503 0 0.9868078 -0.1618959 0 0.9769517 -0.2121161 -0.02391898 -0.8235407 -0.5672572 0 -0.701778 -0.7017769 0.1225429 -0.648661 -0.7610775 0 -0.4768552 -0.8789819 0 -0.2584561 -0.9645725 0.05291843 -0.2584559 -0.9645726 0.05291789 -0.02652382 -0.9996482 0 0.2588188 -0.9659259 0 0.1784645 -0.9684993 0.1736653 0.7923029 -0.6101282 0 0.6996887 -0.6996875 0.144475 0.6073929 -0.7944017 0 0.4295756 -0.9030309 0 0.8813105 -0.4725377 0 0.955006 -0.2919474 0.05225199 0.9601005 -0.257258 0.1096603 0.9360576 0.3518468 0 0.9570365 0.256437 0.135356 0.995227 0.09758758 0 0.9978022 -0.06626367 0 -0.7071062 -0.7071073 0 -0.7581086 -0.6083328 0.2349522 -0.5913845 -0.8063897 0 -0.461915 -0.8869242 0 -0.2795394 -0.9574052 0.07233965 -0.2572764 -0.9601681 0.1090238 0.3416722 -0.9398193 0 0.2566777 -0.9579334 0.1283748 0.08678627 -0.9962269 0 -0.06568098 -0.9978407 0 0.5226025 -0.8525764 0 0.7005307 -0.7118133 0.05077892 0.7055581 -0.7055593 0.06613475 0.8483704 -0.529403 0 0.9659259 -0.2588188 0 0.9170241 -0.3417019 0.205685 0.9330053 0.3598625 0 0.9564841 0.2562889 0.1394779 0.9943531 0.1061221 0 0.9955019 -0.09474253 0 -0.8022749 -0.5969547 0 -0.6998731 -0.6998718 0.1426787 -0.6204369 -0.7842564 0 -0.4570311 -0.8894507 0 -0.2578092 -0.9621581 0.08823889 -0.2289001 -0.9728915 0.03296744 -0.01821756 -0.9998341 0 0.2588188 -0.9659259 0 0.1724509 -0.9673215 0.1858755 0.7799981 -0.6257819 0 0.7000823 -0.7000813 0.1406095 0.591456 -0.8063373 0 0.424329 -0.9055081 0 0.886304 -0.4631039 0 0.9667431 -0.24145 0.08431851 0.9647032 -0.2584916 0.05029875 0.9996862 -0.02505195 0 0.9659258 0.2588192 0 0.9657108 0.1653596 0.200147 0.9083873 0.4181297 0 -0.7944017 -0.6073929 0 -0.6996875 -0.6996887 0.144475 -0.6101282 -0.7923029 0 -0.449498 -0.8932813 0 -0.2575395 -0.9611507 0.09931212 -0.2169783 -0.9758558 0.02501749 -0.01437485 -0.9998967 0 0.2588189 -0.9659259 0 0.171635 -0.9671484 0.1875244 0.7766021 -0.6299914 0 0.7002993 -0.7003005 0.1384195 0.5870872 -0.8095237 0 0.4236189 -0.9058405 0 0.8816188 -0.4719622 0 0.9621624 -0.2656877 0.06044387 0.9632251 -0.2580951 0.0747286 0.9992119 -0.03969413 0 0.9659259 0.2588188 0 0.959921 0.1453918 0.23961 0.9162749 0.4005501 0 0 0 1 0 0 1 0 0 1 0 0 1 0 0 1 0 0 1 0 0 1 0 0 1 0 0 1 0 0 1 0 0 1 0.6663512 0.250469 0.7023115 0.6663511 0.2504691 0.7023115 0.7115182 0.02237164 0.7023115 0.7201329 0.07061308 0.6902336 0.7063284 -0.046907 0.7063285 0.6807698 -0.208113 0.7023115 0.6807699 -0.2081128 0.7023115 0.6233345 -0.3342171 0.7069321 0.5940047 -0.3918339 0.7025842 0.5586583 -0.4302057 0.7091009 0.5189638 -0.48074 0.7067996 0.3876647 -0.6005735 0.699305 0.4450496 -0.5820749 0.6805289 0.3042368 -0.6395505 0.7059853 0.1108492 -0.7061764 0.699305 0.1305681 -0.7085729 0.6934525 -0.01875847 -0.7069823 0.7069824 -0.1850101 -0.6904662 0.6993052 -0.5832533 -0.4017466 0.7059853 -0.5832527 -0.4017476 0.7059853 -0.4624853 -0.5426366 0.7011796 -0.451052 -0.5585767 0.6960921 -0.3372462 -0.6216438 0.7069824 -0.1850096 -0.6904667 0.6993049 0 0 1 0 0 1 0 0 1 0 0 1 0 0 1 0 0 1 0 0 1 0 0 1 0 0 1 0 0 1 0 0 1 0 0 1 0 0 1 0.6637253 0.256001 0.7028031 0.6637253 0.2560005 0.7028032 0.7142283 0.008169829 0.6998652 0.7310251 0.07801854 0.6778756 0.705511 -0.06714391 0.7055111 0.6603745 -0.2722026 0.6998653 0.6760035 -0.2518927 0.6925095 0.6000647 -0.3744544 0.7068991 0.5010176 -0.5090872 0.6998653 0.5010178 -0.5090872 0.6998654 0.3695996 -0.6029669 0.7069845 0.2914419 -0.651349 0.7005755 0.2407273 -0.6621556 0.709648 0.01505392 -0.7110692 0.7029609 0.1250993 -0.6959557 0.7071038 0.1568253 -0.689689 0.7069193 0.06266593 -0.7193478 0.6918177 -0.04649364 -0.7063422 0.7063421 -0.1993387 -0.6827226 0.7029609 -0.5547168 -0.4451242 0.7029606 -0.5547174 -0.4451231 0.7029609 -0.4194186 -0.5719036 0.7049925 -0.397006 -0.5938038 0.6998452 -0.3267771 -0.6274462 0.706773 -0.1993386 -0.6827226 0.7029609 0 0 1 0 0 1 0 0 1 0 0 1 0 0 1 0 0 1 0 0 1 0 0 1 0 0 1 0 0 1 0 0 1 -0.5692068 -0.423534 0.7047145 -0.5692072 -0.4235334 0.7047146 -0.4410454 -0.5574984 0.7033311 -0.4603872 -0.5340027 0.7091436 -0.3257426 -0.6339437 0.7014321 -0.3483292 -0.6173802 0.7053429 -0.1633288 -0.6941938 0.7010126 0.6422587 0.2990559 0.7057403 0.6432197 0.2960733 0.7061225 0.6657871 0.2381869 0.7071031 0.6842978 0.1824378 0.7060119 0.6924837 0.1185746 0.7116224 0.7094131 0.04682189 0.7032359 0.7069958 -0.01771718 0.7069958 0.6925411 -0.1729662 0.7003353 0.6925411 -0.1729664 0.7003353 0.6269894 -0.3276091 0.7067933 0.5784344 -0.4253256 0.6960688 0.5547533 -0.4450711 0.7029656 0.3715707 -0.60948 0.7003353 -0.2033395 -0.6711847 0.7128563 -0.070836 -0.704419 0.7062408 -0.01288247 -0.707063 0.7070333 0.01720762 -0.7080228 0.70598 0.12373 -0.6940337 0.7092307 0.1540545 -0.6933861 0.7039055 0.3005928 -0.641458 0.7058157 0.4328768 -0.590145 0.6814298 0 0 1 0 0 1 0 0 1 0 0 1 0 0 1 0 0 1 0 0 1 0 0 1 0 0 1 0 0 1 0 0 1 0 0 1 0 0 1 -0.5640718 -0.4312845 0.7041425 0.649918 0.2841129 0.7049016 0.6499183 0.2841121 0.7049018 0.6960719 0.1356905 0.7050333 0.6970018 0.1055694 0.7092556 0.7093818 0.001630902 0.7048225 0.7068294 -0.02807909 0.7068266 0.702296 -0.08590847 0.7066824 0.6745914 -0.2041825 0.7093913 0.6833143 -0.1886877 0.7053216 0.6182501 -0.3484368 0.7045272 0.6272978 -0.335815 0.7026562 0.5284348 -0.4669864 0.7089995 0.5525687 -0.4482521 0.7026648 0.3676271 -0.6114991 0.7006563 0.4293608 -0.5920377 0.6820123 0.3000999 -0.6417151 0.7057915 0.114556 -0.7042426 0.7006563 0.1251575 -0.7052516 0.6978222 -0.01016509 -0.7070704 0.7070701 -0.1548619 -0.6964902 0.7006562 -0.1548622 -0.6964901 0.7006563 -0.3181049 -0.6321656 0.7065238 -0.3777483 -0.6063333 0.6997616 -0.4302057 -0.5586583 0.7091009 -0.48074 -0.5189638 0.7067996 -0.5640721 -0.431284 0.7041426 -0.9978837 -0.0650236 0 -0.9978837 -0.0650236 0 -0.9736782 -0.2279272 0 -0.9736782 -0.2279272 0 -0.8660252 -0.5000004 -1.16684e-6 -0.8660255 -0.5 -1.32974e-7 -0.8660255 -0.4999998 -4.90635e-7 -0.8660256 -0.4999996 -3.96717e-7 -0.8660256 -0.4999997 -2.65502e-7 -0.8660255 -0.5 4.56658e-7 -0.8660252 -0.5000005 -1.1131e-6 -0.8660255 -0.4999998 6.06862e-7 -0.866025 -0.5000008 -1.1075e-6 -0.8660258 -0.4999995 5.34119e-7 -0.8660255 -0.5 0 -0.8660258 -0.4999993 -5.10434e-7 -0.8660249 -0.500001 9.80808e-7 -0.8660256 -0.4999997 2.14653e-7 -0.8660257 -0.4999996 3.51335e-7 -0.8660254 -0.4999999 0 -0.8660249 -0.5000008 8.01615e-7 -0.8660258 -0.4999995 -5.48362e-7 -0.6842298 -0.7292664 0 -0.6842298 -0.7292664 0 -0.5552541 -0.8316807 0 -0.5552541 -0.8316807 0 0.5423224 -0.8401705 0 0.5423224 -0.8401705 0 0.1550722 -0.9879031 0 0.1550722 -0.9879031 0 -0.2588194 -0.9659258 0 -0.2588194 -0.9659258 0 -0.6282477 -0.7780135 0 -0.9232181 -0.3842765 0 -0.8896347 -0.4563882 -0.01612532 -0.8235397 -0.5672585 0 -0.6282477 -0.7780135 0 0.08918082 -0.9960154 0 0.08918082 -0.9960154 0 0.2980402 -0.9545533 0 0.2980402 -0.9545533 0 0.4933857 -0.8698107 0 0.4933857 -0.8698107 0 0.6663605 -0.7456297 0 0.6663605 -0.7456297 0 0.8660277 -0.4999961 0 0.866025 -0.5000008 -1.12403e-6 0.8660254 -0.5000001 2.64931e-7 0.8660257 -0.4999995 -1.73012e-7 0.8660252 -0.5000005 3.89586e-7 0.8660277 -0.4999961 0 0.8660252 -0.5000005 -2.53728e-7 0.8660254 -0.5 0 0.8660255 -0.4999998 -4.90635e-7 0.8660249 -0.500001 9.95447e-7 0.8660255 -0.4999998 0 0.866025 -0.5000008 -7.91067e-7 0.8660258 -0.4999995 5.34119e-7 0.8176771 0.5756772 0 0.8188331 0.5740312 6.8116e-4 0.8650909 0.5016151 0 0.9958783 0.09069877 0 0.9958783 0.09069877 0 0.9531805 0.3024019 0 0.9531805 0.3024019 0 0.8660255 0.4999999 0 0.8660255 0.4999999 0 0.738478 0.6742777 0 0.738478 0.6742777 0 0.5764868 0.8171065 0 0.5764868 0.8171065 0 0.7330518 0.6801728 0 0.8210107 0.5552795 0.1326879 0.7973313 0.5958667 0.09594511 0.7577612 0.6503174 0.05371439 0.7117311 0.7021127 0.02182883 0.757713 0.6524154 -0.01500517 0.8591938 0.5116503 0 0.7781074 0.628037 -0.01088356 0.8123576 0.5804011 -0.0566551 0.7786598 0.626899 -0.02620381 -0.6925179 0.7214007 0 -0.5862855 0.810096 -0.003690958 -0.5724539 0.8199369 0 -0.375649 0.926762 0 -0.2664954 0.9637109 -0.01554429 -0.1828566 0.9831396 0 0.132236 0.9912182 0 0.04048186 0.9987611 -0.02894133 0.2393673 0.9709291 0 0.4494193 0.893321 0 0.5098204 0.8601619 -0.01430493 0.6900994 0.7236425 0.01021873 0.7432963 0.6689106 -0.008319318 0 1 0 0 1 0 0 1 0 0 1 0 0 1 0 0 1 0 0 1 0 0 1 0 0 1 0 0 1 0 0 1 0 0 1 0 0 1 0 -0.312554 0.9499 0 -0.312554 0.9499 0 -0.5065852 0.86219 0 -0.5065852 0.86219 0 -0.6776474 0.7353869 0 -0.6776474 0.7353869 0 -0.8179841 0.5752408 0 -0.8179841 0.5752408 0 -0.7944023 -0.6073921 0 -0.8400613 -0.5422519 -0.01612538 -0.9030305 -0.4295763 0 -0.9759793 -0.2178636 0 -0.9877989 -0.1550559 -0.01451873 -0.9999408 -0.01087635 0 -0.97729 0.2119059 0 -0.9658545 0.2588003 -0.01214343 -0.912159 0.4098363 0 -0.7980924 0.602535 0 -0.7779819 0.6282222 -0.009001374 -0.6558991 0.7548485 0 -0.4564476 0.8897503 0 -0.4714778 0.8818607 -0.00554037 -0.2784919 0.9604386 0 0 0 1 0 0 1 0 0 1 0 0 1 0 0 1 0 0 1 0 0 1 0 0 1 0 0 1 0 0 1 0 0 1 0 0 1 0 0 1 0 0 1 0 0 1 0 0 1 0 0 1 0 0 1 0 0 1 0 0 1 0 0 1 0 0 1 0 0 1 0 0 1 0 0 1 0 0 1 0 0 1 0 0 1 0 0 1 0 0 1 0 0 1 0 0 1 0 0 1 0 0 1 0 0 1 0 0 1 0 0 1 0 0 1 0 0 1 0 0 1 -0.4883856 0.8459087 -0.2142851 -0.4970548 0.8513981 -0.1675046 -0.4134664 0.7249578 -0.5508918 -0.3998101 0.6892478 -0.6042264 -0.2353316 0.4113062 -0.8805943 -0.2336471 0.4073578 -0.8828752 -0.02912926 0.04801654 -0.9984217 0.003585696 0.002070188 -0.9999914 0.1013557 -0.1754792 -0.9792518 0.203716 -0.3527665 -0.9132664 0.2421409 -0.4073659 -0.8805798 0.3095306 -0.5361096 -0.7853517 0.3789775 -0.6563947 -0.6523205 0.4234429 -0.7191834 -0.5508823 0.4474583 -0.7749966 -0.446275 0.4822098 -0.835193 -0.2644358 0.4957346 -0.8521672 -0.1675056 0.4976254 -0.8619125 -0.09734362 -0.1241313 -0.2614235 -0.9572091 0.02893567 -0.2637555 -0.9641555 -0.4262541 -0.7733902 -0.4692281 -0.369023 -0.6409409 -0.6730653 -0.2363466 -0.4058194 -0.8828653 -0.4069074 -0.6855166 -0.6037328 -0.4834789 -0.8486918 -0.2144068 -0.4936903 -0.8550969 -0.1583638 -0.2918769 -0.5485293 -0.7835326 -0.2212651 -0.380953 -0.8977285 -0.0270189 -0.04923492 -0.9984217 -0.003585696 0.002070188 -0.9999914 0.1012917 0.1755166 -0.9792517 0.2036466 0.3528065 -0.9132665 0.2317187 0.4133831 -0.8805798 0.3095194 0.5361167 -0.7853513 0.3789658 0.6564019 -0.6523202 0.4111093 0.7263035 -0.5508831 0.4474377 0.7750087 -0.4462745 0.4821937 0.8352027 -0.2644348 0.4901311 0.8554024 -0.1675056 0.4976254 0.8619124 -0.09734439 -0.7579091 9.53522e-4 -0.6523596 -0.8861219 -0.001250505 -0.4634507 -0.8948912 2.33346e-4 -0.4462843 -0.954524 -8.87682e-5 -0.2981343 -0.9643972 7.31303e-4 -0.2644569 -0.9914457 -0.002088487 -0.1305029 -0.9952509 0 -0.09734332 -0.4074829 -0.00335586 -0.9132067 -0.6104917 5.09876e-4 -0.7920225 -0.6190193 7.1645e-4 -0.7853754 -0.6423017 7.47602e-5 -0.7664518 -0.7453337 -2.27788e-4 -0.6666916 0.9767712 0 -0.2142853 0.9858599 0.004763007 -0.1675044 0.8345654 -0.004406452 -0.5508913 0.7968112 0.001621842 -0.6042262 0.4738674 -0.001849889 -0.8805943 0.4696059 -0.001334547 -0.8828751 0.05614817 0.001218378 -0.9984217 0 -0.004140436 -0.9999914 -0.2026472 -3.71122e-5 -0.9792519 -0.2885416 -3.85558e-5 -0.9574673 -0.4685807 0.004143714 -0.883411 -0.8734038 -0.4829501 -0.0626502 -0.8277552 -0.561042 -0.007295966 -0.8229278 -0.568139 0.002806663 -0.8619006 -0.4984251 -0.09327334 -0.8280309 -0.5605784 -0.01080828 -0.8488305 -0.5282069 0.02200645 -0.9096732 -0.3823977 -0.1620702 -0.8702007 -0.4897043 -0.05422568 -0.872851 -0.4842088 -0.06060391 -0.8723394 -0.4854658 -0.0578534 -0.8701241 -0.4908728 -0.0439105 -0.8684384 -0.4950243 -0.02767038 -0.85495 -0.5149133 0.06264758 -0.899754 -0.4363363 0.007295787 -0.9034861 -0.4286082 -0.00280565 -0.8625982 -0.4972159 0.09327667 -0.8994903 -0.436807 0.01080936 -0.8818557 -0.4710057 -0.02200525 -0.786004 -0.5965999 0.162069 -0.8591964 -0.5087642 0.05422645 -0.8557626 -0.513807 0.06060445 -0.856595 -0.5127356 0.05785489 -0.8601704 -0.5081129 0.04391014 -0.8629232 -0.5045771 0.02766859 0.8734037 -0.4829502 0.06265008 0.8277552 -0.561042 0.007295966 0.8229278 -0.568139 -0.002806663 0.8619007 -0.4984253 0.09327077 0.828031 -0.5605782 0.01080983 0.848831 -0.5282062 -0.02200543 0.9096732 -0.3823976 0.1620704 0.8702008 -0.4897042 0.0542258 0.872851 -0.4842088 0.06060391 0.8723394 -0.4854658 0.05785346 0.8701241 -0.4908728 0.0439105 0.8684384 -0.4950243 0.02767038 0.85495 -0.5149134 -0.0626477 0.8997541 -0.4363363 -0.007295787 0.9034862 -0.4286081 0.00280565 0.8625983 -0.4972159 -0.09327656 0.8994903 -0.436807 -0.01080936 0.8818556 -0.4710057 0.02200531 0.7860041 -0.5965997 -0.1620688 0.8591966 -0.508764 -0.05422633 0.8557626 -0.513807 -0.06060445 0.856595 -0.5127356 -0.05785483 0.8601704 -0.5081129 -0.04391014 0.8629232 -0.5045771 -0.02766859 -0.01845312 0.9978651 0.06264746 0.07199764 0.9973781 0.007295966 0.08055639 0.9967461 -0.002805292 6.9812e-4 0.9956403 0.0932734 0.0714581 0.997385 0.01081019 0.03302425 0.9992123 -0.02200406 -0.1236658 0.9790002 0.1620662 -0.01100325 0.9984681 0.05422514 -0.0170893 0.9980155 0.06060516 -0.01574426 0.9982009 0.05785405 -0.009954214 0.9989858 0.04391175 -0.005514502 0.999602 0.02766603 0.01845324 0.9978651 -0.06264758 -0.07199764 0.9973782 -0.007295966 -0.08055633 0.9967461 0.002805292 -6.98129e-4 0.9956403 -0.09327328 -0.07145804 0.997385 -0.01081019 -0.03302425 0.9992123 0.02200406 0.1236656 0.9790002 -0.1620661 0.01100307 0.9984681 -0.05422496 0.0170893 0.9980155 -0.06060516 0.0157442 0.9982009 -0.05785399 0.009954214 0.9989858 -0.04391175 0.005514502 0.999602 -0.02766603 1 0 0 1 0 0 1 0 0 1 0 0 1 0 0 1 0 0 1 0 0 1 0 0 1 0 0 1 0 0 1 0 0 1 0 0 1 0 0 1 0 0 1 0 0 1 0 0 1 0 0 1 0 0 1 0 0 1 0 0 1 0 0 1 0 0 1 0 0 1 0 0 1 0 0 1 0 0 1 0 0 1 0 0 1 0 0 1 0 0 1 0 0 1 0 0 1 0 0 1 0 0 1 0 0 1 0 0 -0.06528162 -0.9960058 0.06091606 -0.06528198 -0.9960059 0.0609135 -0.1776124 -0.9822098 0.0609737 -0.1776115 -0.9822096 0.06097871 -0.2709355 -0.9606641 0.06097871 -0.270936 -0.9606642 0.06097638 -0.361764 -0.9302735 0.06097644 -0.361763 -0.9302734 0.06098181 -0.4492606 -0.8913171 0.06098175 -0.4492611 -0.8913171 0.06097954 -0.5326215 -0.8441539 0.06097954 -0.5326212 -0.844154 0.06098127 -0.6110776 -0.7892182 0.06098127 -0.611078 -0.7892181 0.06097972 -0.6839081 -0.7270153 0.06097972 -0.6839078 -0.7270155 0.06098204 -0.7504405 -0.6581187 0.0609821 -0.750441 -0.6581184 0.060979 -0.8100637 -0.5831624 0.06097894 -0.8100636 -0.5831624 0.0609799 -0.8622278 -0.5028367 0.06097984 -0.8622279 -0.5028366 0.06097853 -0.9064531 -0.4178808 0.06097853 -0.906453 -0.4178809 0.06097918 -0.9423322 -0.3290769 0.06097918 -0.9423326 -0.3290764 0.06097596 -0.9695346 -0.2372432 0.06097596 -0.9695342 -0.2372441 0.06098097 -0.9878095 -0.1432261 0.06098109 -0.9878099 -0.1432253 0.06097662 -0.9969898 -0.04788911 0.06097656 -0.9969897 -0.04788899 0.0609762 -0.9969898 0.04788911 0.0609762 -0.9969897 0.04788899 0.06097656 -0.9878098 0.1432262 0.06097662 -0.9878096 0.1432253 0.06098115 -0.9695343 0.2372431 0.06098115 -0.9695345 0.2372441 0.06097596 -0.9423324 0.329077 0.06097596 -0.9423324 0.3290763 0.06097918 -0.9064531 0.4178808 0.06097918 -0.9064531 0.4178809 0.06097853 -0.8622278 0.5028367 0.06097853 -0.8622278 0.5028365 0.06097984 -0.8100636 0.5831623 0.0609799 -0.8100636 0.5831626 0.06097894 -0.7504407 0.6581189 0.060979 -0.750441 0.6581183 0.0609821 -0.683908 0.7270152 0.06098204 -0.6839078 0.7270155 0.06097972 -0.6110777 0.7892183 0.06097972 -0.6110779 0.789218 0.06098127 -0.5326215 0.8441538 0.06098127 -0.5326213 0.8441541 0.06097954 -0.4492607 0.8913171 0.06097954 -0.449261 0.8913169 0.06098175 -0.3617639 0.9302732 0.06098186 -0.3617631 0.9302738 0.06097644 -0.2709356 0.9606643 0.06097638 -0.270936 0.960664 0.06097871 -0.1776124 0.9822095 0.06097871 -0.1776115 0.9822099 0.0609737 -0.08265328 0.9947114 0.0609737 -0.08265489 0.9947107 0.06098288 -0.01742219 0.997983 0.06104367 -0.01741886 0.9979835 0.061037 0 1 0 0 1 0 0 1 0 0 1 0 0 1 0 0 1 0 0 1 0 0 1 0 0 1 0 0 1 0 0 1 0 0 1 0 0 1 0 0 1 0 0 1 0 0 1 0 0 1 0 0 1 0 0 1 0 0 1 0 0 1 0 0 1 0 0 1 0 0 1 0 0 1 0 0 1 0 0 1 0 0 1 0 0 1 0 0 1 0 0 1 0 0 1 0 0 1 0 0 1 0 0 1 0 0 1 0 -0.9966728 0 -0.0815078 -0.9475373 0.06336975 -0.3133009 -0.9842702 -0.05696535 -0.1672337 -0.833841 0.04187989 -0.5504137 -0.8042493 0.0109204 -0.5941917 -0.5871227 -0.008283019 -0.8094556 -0.4733628 0.04626584 -0.8796517 -0.3526001 -2.34328e-5 -0.9357741 0 0.04005759 -0.9991974 -0.06580829 0.015064 -0.9977186 -0.2085059 4.54558e-6 -0.9780212 0.6424611 4.65686e-6 -0.7663185 0.4821088 0.01931524 -0.8758984 0.4737339 0.02398222 -0.8803414 0.291238 -1.06833e-6 -0.9566506 0.1409327 1.1608e-6 -0.9900192 0.7496879 -7.81772e-6 -0.6617916 0.8341242 0.03279787 -0.5506007 0.8904463 -0.001185774 -0.4550867 0.9858701 0.001389861 -0.167506 0.986541 0 -0.1635136 -0.9959756 0 -0.08962488 -0.9857682 0.01444226 -0.1674886 -0.9473866 -0.01088637 -0.3199065 -0.8343024 0.02546846 -0.5507184 -0.4735546 0.03649175 -0.8800082 -0.6002975 -0.00611931 -0.7997534 -0.8107637 0.009329736 -0.5852992 0 4.69459e-5 -1 0.1491059 0.1059682 -0.9831268 -0.04635858 0.01442307 -0.9988208 -0.211954 -1.28412e-6 -0.9772797 -0.3667492 -7.06565e-6 -0.9303199 0.4736905 0.02753239 -0.8802609 0.4914854 0.04085022 -0.8699272 0.3104506 -1.59163e-5 -0.9505895 0.8939738 0.09488099 -0.4379595 0.7507852 -3.25708e-5 -0.6605465 0.6426689 1.25847e-5 -0.7661442 0.8344461 -0.01745384 -0.5508131 0.9858238 0.009805142 -0.1674976 0.9889896 0 -0.1479851 -0.9858711 0 -0.1675062 -0.9868484 0.002520561 -0.1616293 -0.8846552 -0.00230807 -0.46624 -0.8339487 0.03867983 -0.5504848 -0.7402299 4.92899e-6 -0.6723539 -0.4737809 0.0189749 -0.8804383 -0.4511204 0.03402054 -0.8918144 -0.6308389 -2.73104e-6 -0.7759138 0 0.04229688 -0.9991051 -0.1231098 2.14689e-7 -0.9923931 -0.2751663 4.84063e-7 -0.9613966 0.4736823 0.02786231 -0.880255 0.4532907 0.01549148 -0.8912281 0.15147 -0.009846448 -0.9884128 0.8867619 0.06569164 -0.4575346 0.7412785 4.37933e-6 -0.6711977 0.6353055 -2.98456e-6 -0.7722609 0.8345615 -0.005291879 -0.5508894 0.9858655 0.003350973 -0.1675052 0.9871722 0 -0.1596591 -0.04575836 0.9989488 0.002765178 -0.1779407 0.9840298 -0.004748165 -0.07661223 0.9970234 0.008669018 -0.08911442 0.995995 0.007256448 -0.2089658 0.9771729 0.03829604 -0.1830857 0.9829751 0.01547539 -0.1666778 0.9860115 1.79338e-4 -0.1580954 0.9873706 -0.01025098 -0.153299 0.9880346 -0.01694375 -0.1449945 0.9889335 -0.03141993 -0.1391536 0.9890502 -0.04915374 -0.1328528 0.98858 -0.07113218 -0.1300142 0.9875563 -0.08848077 -0.04815793 0.9988396 3.87437e-4 -0.0174514 0.9998476 -4.92835e-4 -0.02431797 0.9994752 -0.02140122 -0.002933919 0.9999957 0 -0.08280897 0.9965654 -1.76334e-4 -0.0174514 0.9998477 5.34047e-5 -0.01522994 0.999884 0 -0.0174514 -0.9998477 0 -0.8465612 -0.5322673 -0.005053281 -0.8513303 -0.5235615 -0.0334658 -0.8523052 -0.4930409 -0.1746037 -0.7537993 -0.3924033 -0.5270734 -0.8745891 -0.4317312 -0.2206856 -0.8940725 -0.4319274 -0.1186304 -0.903683 -0.4254136 -0.04878914 -0.908407 -0.4172691 -0.02613842 -0.9109356 -0.4122658 -0.0152682 -0.9149062 -0.403621 -0.006067514 -0.9183812 -0.3956913 -0.002101182 -0.920746 -0.3901624 -3.81784e-4 -0.9113354 -0.4116642 5.9613e-4 -0.9048557 -0.4257169 0.001161754 -0.9005489 -0.4347514 0.001675486 -0.8944573 -0.4471468 0.002405166 -0.8841328 -0.467218 0.004072308 -0.87696 -0.4805326 0.005420684 -0.9081422 -0.4186596 -0.001353085 -0.8662957 -0.4995312 6.40485e-4 -0.8638352 -0.5037739 8.67514e-4 -0.8554501 -0.517885 3.80832e-4 -0.8484902 -0.5292112 1.09667e-4 -0.8414608 -0.5403181 -2.28352e-6 -0.8115739 -0.5842498 2.0286e-5 -0.8331316 -0.5530674 0.002853453 -0.7518289 -0.6593355 -0.00548309 -0.8234273 -0.5673255 0.0104587 -0.8167355 -0.5769434 0.008912801 -0.7553058 -0.6551699 0.01629763 -0.7637236 -0.6455408 0.001858651 -0.7695609 -0.6385104 -0.008971571 -0.7763081 -0.6297585 -0.02738761 -0.7817637 -0.6211349 -0.05510777 -0.7834873 -0.6163502 -0.07912087 -0.7816089 -0.6217196 -0.05051982 -0.8332546 -0.5528894 -2.3495e-4 -0.8404877 -0.5418306 8.75595e-5 -0.0996567 0.9950034 0.006079733 -0.1621505 0.986766 0 -0.2714411 0.962455 0 -0.3173032 0.9483191 -0.003098964 -0.3624375 0.9320081 0 -0.4500987 0.8929788 0 -0.4924212 0.8703515 -0.003099024 -0.5336143 0.845728 0 -0.6122173 0.7906895 0 -0.6494449 0.7604023 -0.003099024 -0.6851829 0.728371 0 -0.7518402 0.6593454 0 -0.7826046 0.6225115 -0.003098964 -0.8115739 0.5842497 0 -0.8638355 0.5037741 0 -0.8870065 0.4617465 -0.003099024 -0.9081431 0.41866 0 -0.9440893 0.3296899 0 -0.9588152 0.2840139 -0.003098964 -0.9713419 0.2376864 0 -0.9896514 0.1434924 0 -0.9953914 0.09584522 -0.003099024 -0.9988484 0.04797828 0 -0.9988484 -0.04797828 0 -0.9953914 -0.09584522 -0.003099024 -0.9896514 -0.1434924 0 -0.9713419 -0.2376864 0 -0.9588152 -0.2840139 -0.003098964 -0.9440893 -0.3296899 0 -0.9212971 -0.3888593 0 -0.9152711 -0.4028382 3.42338e-4 -0.8061368 -0.5916905 0.006768047 -0.7665573 -0.6421758 0 -0.6851829 -0.728371 0 -0.6494449 -0.7604023 -0.003099024 -0.4924212 -0.8703515 -0.003099024 -0.5336143 -0.845728 0 -0.6122173 -0.7906895 0 -0.0654034 -0.9978583 0.001127302 -0.1779392 -0.984022 -0.006190717 -0.1305261 -0.9914449 0 -0.2714411 -0.962455 0 -0.3173032 -0.9483191 -0.003098964 -0.3624375 -0.9320081 0 -0.4500987 -0.8929788 0 -0.01337641 0.9924573 0.1218584 -0.01732498 0.9924167 0.1216911 -0.03866487 0.9917806 0.1219689 -0.1153426 0.9834709 0.1395753 -0.1652364 0.9808217 0.1033713 -0.08211863 0.988277 0.1287058 -0.1918447 0.97433 0.1177992 -0.1766509 0.9768921 0.1203173 -0.2144593 0.9690994 0.1218755 -0.1496734 0.9828644 0.1075893 -0.131162 0.9849965 0.1121534 -0.1164827 0.9865213 0.1149241 -0.07992345 0.9885799 0.1277572 -0.1069279 0.9874045 0.1166131 -0.09426134 0.9884721 0.118481 -0.07155686 0.9900571 0.1211054 -0.06043386 0.9913697 0.1163353 -0.0739209 0.9895849 0.1235215 -0.144938 0.9813889 0.1259713 -0.1216331 0.9837468 0.13209 -0.09068959 0.98922 0.114975 -0.1000791 0.9865239 0.1294398 -0.07519382 0.9904108 0.115898 -0.06670486 0.9918818 0.1082636 -0.1477995 0.9805252 0.1293274 -0.1421361 0.982562 0.1198716 -0.1760648 0.9670175 0.1840606 -0.1247965 0.9856078 0.1140313 -0.1504571 0.9716754 0.1822349 -0.1380718 0.9785234 0.1530629 -0.03894537 0.9917933 0.1217765 -0.01522344 0.9913786 0.1301409 -0.0430563 0.9913409 0.1240534 -0.1489486 0.9822736 0.1138106 -0.08802682 0.9839056 0.1555029 -0.09863907 0.9839302 0.1488338 -0.3102657 0.9438067 0.1138608 -0.2938235 0.9461197 0.1361081 -0.199988 0.9721355 0.1223006 -0.2135046 0.9693112 0.1218668 -0.2880891 0.9498562 0.1215645 -0.2391231 0.9608438 0.1399977 -0.3809433 0.9197347 0.09471231 -0.2639614 0.9531625 0.1476673 -0.275213 0.9506872 0.1430093 -0.2866232 0.952046 0.1070308 -0.2698091 0.9575597 0.1014035 -0.255882 0.9619026 0.09626901 -0.2274058 0.9661441 0.121869 -0.2694462 0.9553831 0.1210036 -0.3590058 0.9231808 0.1373026 -0.06491768 -0.9904525 0.1216123 -0.03251504 -0.9925432 0.1174759 -0.1765158 -0.9761449 0.1264256 -0.3198927 0.9388216 0.1276043 -0.3395707 0.93269 0.1215776 -0.4447954 0.8873193 0.1217435 -0.4467609 0.8863577 0.1215512 -0.5277813 0.8405829 0.1219319 -0.5296462 0.8394383 0.121731 -0.5868865 0.8004493 0.1218407 -0.6077402 0.7849078 0.120713 -0.6590941 0.7417703 0.1239833 -0.6801027 0.72297 0.1215511 -0.7589122 0.6396875 0.1218692 -0.745996 0.6542209 0.1244388 -0.8181869 0.5623514 0.1197124 -0.8055384 0.5799046 0.1217311 -0.8563057 0.5019155 0.1217434 -0.8574302 0.5000388 0.1215512 -0.900449 0.4175216 0.121932 -0.9013893 0.4155464 0.1217311 -0.9281605 0.3516715 0.1218408 -0.9371854 0.3272796 0.1207131 -0.9567598 0.2631326 0.1239833 -0.9641398 0.2359231 0.1215512 -0.9848761 0.1231539 0.1218692 -0.981959 0.1423779 0.1244389 -0.9924678 0.02601164 0.1197124 -0.99142 0.04762154 0.1217311 -0.991521 -0.0454359 0.1217435 -0.991442 -0.04762262 0.1215512 -0.9825785 -0.1402571 0.121932 -0.9822914 -0.142426 0.1217311 -0.9699555 -0.2105739 0.1218408 -0.9642392 -0.2359474 0.1207129 -0.9457185 -0.3004074 0.1239833 -0.9370889 -0.3272458 0.1215512 -0.893061 -0.4331165 0.1218692 -0.9010843 -0.4154058 0.1244388 -0.8465203 -0.5187219 0.1197124 -0.8574112 -0.5000277 0.1217311 -0.8068133 -0.5781269 0.1217434 -0.8055563 -0.5799175 0.1215512 -0.7476704 -0.6527798 0.1219319 -0.7462485 -0.6544424 0.121731 -0.6987854 -0.7048786 0.1218408 -0.6801728 -0.7230445 0.120713 -0.6295326 -0.7670181 0.1239833 -0.6076776 -0.7848269 0.1215512 -0.5130921 -0.8496379 0.1218692 -0.5294669 -0.8391541 0.1244388 -0.427435 -0.896085 0.1197124 -0.446751 -0.8863381 0.1217311 -0.3678204 -0.9218886 0.1217768 -0.3597701 -0.9251462 0.121119 -0.2777423 -0.95281 0.122525 -0.2694221 -0.9552975 0.1217311 -0.2148452 -0.9690152 0.1218647 -0.1360641 -0.9833887 0.1201385 0.02873456 0.9921295 0.1218742 0.01138991 0.9924818 0.1218611 0.032489 0.9917484 0.1240143 0.02650523 0.9917859 0.1251329 0.04216665 0.9915568 0.1226254 0.1952963 0.9351487 0.2955611 0.159823 0.9683127 0.191904 0.1448881 0.9762057 0.1613376 0.1124536 0.9878301 0.1074514 0.1217156 0.9802684 0.155753 0.1116245 0.9841387 0.13788 0.08771771 0.9904545 0.1063274 0.09680855 0.9856444 0.1383236 0.07374501 0.9917512 0.1048383 0.08717489 0.98768 0.1299566 0.05589193 0.9927983 0.1059605 0.06860852 0.9896401 0.1261166 0.1181776 0.9863547 0.1146231 0.06290423 0.9906009 0.1214619 0.05360203 0.9919998 0.1142939 0.06582158 0.9903728 0.121775 0.09614974 0.9883233 0.1182047 0.1084991 0.9872658 0.1163363 0.1344957 0.9846308 0.1114138 0.151371 0.9826544 0.1071308 0.08215326 0.9886941 0.1254388 0.1675624 0.9784858 0.1203677 0.1766704 0.977 0.1194092 0.1402826 0.9816398 0.1292445 0.1173292 0.9831539 0.1401506 0.1003052 0.983602 0.1498867 0.05966585 0.990747 0.1219022 0.1360488 0.9832779 0.1210591 0.2158807 0.9736858 0.07301759 0.01732474 0.9923972 0.121851 0.003863036 0.9926332 0.1210975 0.01502376 0.9924656 0.1215988 0.03894537 -0.9917932 0.1217769 0.2864564 0.9521031 0.1069694 0.1918057 0.9739486 0.1209737 0.2143228 0.9691313 0.1218621 0.2694236 0.9553031 0.1216836 0.2329412 0.9657653 0.1141741 0.3590101 0.9231918 0.1372175 0.2564994 0.9617142 0.0965088 0.2684093 0.9580062 0.1008996 0.330424 0.9355996 0.1243918 0.3032409 0.9435951 0.1329412 0.2811829 0.9492936 0.1406337 0.2629302 0.7878819 0.5568752 0.1455586 0.9828696 0.1130485 0.3115134 0.8476284 0.4295178 0.1598052 0.9796984 0.121051 0.2376966 0.9636507 0.121974 0.2776722 0.9525696 0.1245365 0.3685805 0.9237938 0.103699 0.01732134 -0.992209 0.1233747 0.08220177 -0.9892781 0.120713 0.148766 -0.9810692 0.1239834 0.1766241 -0.9767442 0.1215512 0.2880782 -0.9498204 0.1218692 0.2693309 -0.9549742 0.1244388 0.3799115 -0.9172438 0.1197123 0.359743 -0.9250765 0.1217311 0.4447954 -0.8873193 0.1217435 0.4467609 -0.8863577 0.1215512 0.5277813 -0.8405829 0.1219319 0.5296462 -0.8394383 0.121731 0.5868865 -0.8004493 0.1218407 0.6077402 -0.7849078 0.120713 0.6590941 -0.7417703 0.1239833 0.6801027 -0.72297 0.1215511 0.7589122 -0.6396875 0.1218692 0.745996 -0.6542209 0.1244388 0.8181869 -0.5623514 0.1197124 0.8055384 -0.5799046 0.1217311 0.8563057 -0.5019155 0.1217434 0.8574302 -0.5000388 0.1215512 0.900449 -0.4175216 0.121932 0.9013893 -0.4155464 0.1217311 0.9281605 -0.3516715 0.1218408 0.9371854 -0.3272796 0.1207131 0.9567598 -0.2631326 0.1239833 0.9641398 -0.2359232 0.1215512 0.9848761 -0.1231539 0.1218692 0.981959 -0.1423778 0.1244389 0.9924678 -0.02601164 0.1197124 0.99142 -0.04762154 0.1217311 0.991521 0.0454359 0.1217435 0.991442 0.04762262 0.1215512 0.9825785 0.1402571 0.121932 0.9822914 0.142426 0.1217311 0.9699555 0.2105739 0.1218408 0.9642392 0.2359474 0.1207129 0.9457185 0.3004074 0.1239833 0.9370889 0.3272458 0.1215512 0.893061 0.4331165 0.1218692 0.9010843 0.4154058 0.1244388 0.8465203 0.5187219 0.1197124 0.8574112 0.5000277 0.1217311 0.8068133 0.5781269 0.1217434 0.8055563 0.5799175 0.1215512 0.7476704 0.6527798 0.1219319 0.7462485 0.6544424 0.121731 0.6987854 0.7048786 0.1218408 0.6801728 0.7230445 0.120713 0.6295326 0.7670181 0.1239833 0.6076776 0.7848269 0.1215512 0.5130921 0.8496379 0.1218692 0.5294669 0.8391541 0.1244388 0.427435 0.896085 0.1197124 0.446751 0.8863381 0.1217311 0.3395707 0.93269 0.1215776 0.309697 0.9440115 0.1137107 0.9873438 0.110246 0.1140095 0.002908706 0.9999958 0 0.06540346 0.9978589 2.87953e-4 0.1182047 0.9793064 -0.164276 0.1317414 0.9884443 -0.07498061 0.1383843 0.9890203 -0.05185258 0.1434686 0.9890391 -0.03490382 0.1524747 0.9881418 -0.01809191 0.1579441 0.9873927 -0.01046192 0.1662239 0.986088 -2.99461e-4 0.1826118 0.9830697 0.01505953 0.1021801 0.9947489 0.0058223 0.090559 0.9958658 0.007093012 0.07845747 0.9968815 0.0084607 0.1779409 0.9840313 -0.00441724 0.04954272 0.9987689 0.002517342 0.02106231 0.9997672 0.00467956 0.1304035 0.9905131 0.04334545 0.01745098 0.9998251 -0.006730794 0.01522582 0.9998841 0 0.0174514 -0.9998477 0 0.0174514 -0.9998477 0 0.9989975 -0.03711664 -0.02503019 0.9992172 -0.03751897 -0.01254314 0.9992645 -0.03802746 -0.004927635 0.9982298 -0.05930459 -0.004509508 0.9977684 -0.06651419 -0.005840897 0.9971396 -0.07520222 -0.007551789 0.9963061 -0.08530086 -0.009894967 0.995469 -0.09430742 -0.01214313 0.9953176 -0.09583812 -0.01256376 0.999262 -0.03807681 -0.00505948 0.999285 -0.03743058 0.005339801 0.9988942 -0.04166901 0.02177649 0.9989764 -0.04514944 -0.002776384 0.9995107 0.02101773 0.02316784 0.999436 -0.03358089 0 0.9998646 -0.01634448 -0.001912117 0.999318 -0.0369271 0 0.9995709 -0.02914547 0.002944409 0.9960192 -0.08878737 0.00791049 0.9988483 -0.04797828 -4.25298e-4 0.9924299 -0.1228123 2.1286e-4 0.9896487 -0.143492 0.002339661 0.9974044 -0.07182097 0.00512135 0.9979745 -0.06349194 0.003966391 0.9983484 -0.05736184 0.003165125 0.9986966 0.04208993 -0.02887046 0.995387 0.0958448 -0.004290521 0.9999036 0.01387596 -2.22569e-4 0.9999752 0.007036566 -6.08704e-5 0.9996054 -0.02808648 4.21546e-4 0.9878757 -0.054003 -0.1455516 0.9976224 -0.04106056 -0.05534905 0.8967328 0.4424267 0.01136165 0.8638303 0.503771 -0.003464937 0.9036132 0.4283479 0.001134872 0.9081415 0.4186593 0.001874029 0.8893604 0.4571311 0.008323788 0.8855932 0.4644097 0.006948232 0.8816915 0.4717934 0.005582273 0.889871 0.4562124 0 0.8899834 0.4559928 4.44146e-6 0.8878351 0.4601618 -1.1061e-6 0.8635363 0.5042867 2.12894e-4 0.8777208 0.479162 -0.003149449 0.8768633 0.4806994 -0.006242096 0.8820039 0.4711567 -0.00898081 0.8859692 0.4636093 -0.01118278 0.889838 0.4560744 -0.01358735 0.8944658 0.4468271 -0.01662468 0.8869554 0.4617199 -0.01116824 0.8999658 0.4359197 -0.005955994 0.9040713 0.4273599 -0.004324436 0.9938238 0.1109695 0 0.9588198 0.2840152 0 0.9588198 0.2840152 0 0.9172019 0.3984225 0 0.9184291 0.3932511 -0.04291349 0.9996296 -0.02680867 0.004694342 0.9998224 -0.01593983 0.01004868 0.9995236 -0.03086322 1.09978e-4 0.9999921 0.003981471 -1.89484e-5 0.9988481 0.04797828 7.25728e-4 0.9998251 0.01802104 0.004988551 0.9896011 0.1434851 -0.01007956 0.9942064 0.107488 0 0.9713419 0.2376864 0 0.9587925 0.2840072 -0.007531285 0.9440892 0.3296899 0 0.9192759 0.3936136 0 0.9086697 0.4175119 0.001760721 0.8473916 -0.5309683 3.62713e-4 0.8552184 -0.5182679 -9.18287e-5 0.8605192 -0.5094179 3.24572e-4 0.8657579 -0.5004625 -8.24835e-4 0.8987753 -0.4383621 0.006446361 0.8793203 -0.474386 0.04187768 0.8867886 -0.4611887 0.0301823 0.8964408 -0.4428467 0.01675111 0.9030008 -0.429513 0.01039117 0.9070083 -0.4210582 0.006770849 0.9126231 -0.4087896 0.003180921 0.9169272 -0.3990522 0.001389622 0.9188968 -0.3944946 -0.001652777 0.9154631 -0.4023677 -0.005261182 0.9111883 -0.4117471 -0.01414835 0.9088373 -0.4164406 -0.02432906 0.904742 -0.4238671 -0.04217267 0.8954486 -0.4316984 -0.1086657 0.8753998 -0.431814 -0.217283 0.7557038 -0.3933946 -0.5235957 0.8511394 -0.490401 -0.1872659 0.8514495 -0.5233177 -0.03424072 0.8397131 -0.5430245 0.002503633 0.8508895 -0.5253426 -0.001509308 0.8463971 -0.532552 -6.26209e-4 0.843402 -0.537283 -1.98367e-4 0.840944 -0.5411221 -5.53035e-5 0.8400713 -0.542476 -2.28036e-5 0.8409281 -0.5411469 1.23419e-5 0.8452401 -0.5343869 1.09665e-4 0.9893497 -0.1455581 0 0.9588198 -0.2840152 0 0.9588198 -0.2840152 0 0.9212668 -0.3889313 0 0.9219613 -0.3872818 4.61877e-4 0.9713392 -0.2376857 0.00234425 0.9767659 -0.2143089 0 0.9857482 -0.1682271 0 0.8525737 -0.5226066 6.16008e-4 0.8613541 -0.5080018 0.001802504 0.8638332 -0.5037727 0.002324819 0.8829469 -0.4694714 -0.001162409 0.9081415 -0.4186593 0.001859784 0.9135455 -0.4067366 0 0.9440893 -0.3296899 0 0.9440893 -0.3296899 0 0.9653585 -0.2609272 0 0.7771599 -0.6285631 -0.03051036 0.7819883 -0.6205978 -0.05790168 0.8470863 -0.5313956 -0.007971405 0.8415033 -0.540252 1.51981e-4 0.7826057 -0.6225124 -0.002633869 0.7845357 -0.6096717 -0.1131556 0.7837372 -0.6154862 -0.08326393 0.7707641 -0.6370119 -0.01177287 0.7657095 -0.6431841 -0.001794159 0.7584309 -0.6516531 0.01144081 0.8159292 -0.578086 0.008728265 0.8391171 -0.543951 0 0.8391846 -0.5438467 -4.33206e-7 0.8333086 -0.5528081 3.47342e-6 0.8275102 -0.5614507 1.57431e-4 0.8115737 -0.5842497 6.08784e-4 0.751831 -0.6593373 -0.004962623 0.08280903 -0.9965655 0 0.1305255 -0.9914402 -0.003098964 0.1779426 -0.9840408 0 0.2714411 -0.962455 0 0.3173032 -0.9483191 -0.003098964 0.3624375 -0.9320081 0 0.4500987 -0.8929788 0 0.4924212 -0.8703515 -0.003099024 0.5336143 -0.845728 0 0.6122173 -0.7906895 0 0.6494449 -0.7604023 -0.003099024 0.6851829 -0.728371 0 0.7661454 -0.6426672 0 0.8045771 -0.593813 0.006478965 0.874632 0.4847763 0.003303229 0.8640114 0.5034723 0 0.8115739 0.5842497 0 0.7826046 0.6225115 -0.003098964 0.7518402 0.6593454 0 0.6851829 0.728371 0 0.6494449 0.7604023 -0.003099024 0.6122173 0.7906895 0 0.5336143 0.845728 0 0.4924212 0.8703515 -0.003099024 0.4500987 0.8929788 0 0.3624375 0.9320081 0 0.3173032 0.9483191 -0.003098964 0.2714411 0.962455 0 0.16542 0.9862232 0 0.1161905 0.9932168 0.004485368 0.9993633 0 0.03567832 0.9858027 0.0117805 0.1674945 0.978522 -0.001202106 0.2061394 0.872606 0.00153613 0.4884223 0.8342139 0.02934283 0.5506599 0.7296395 1.58005e-5 0.683832 0.6135152 -1.3719e-5 0.7896829 0.473676 0.02862399 0.8802339 0.4225335 0.008111357 0.906311 0.146451 -0.006034195 0.9891995 0 0.0315048 0.9995036 -0.03952044 0.02144616 0.9989886 -0.6473689 -3.97813e-6 0.7621768 -0.5052582 0.01377922 0.8628582 -0.473699 0.02687591 0.8802767 -0.3153373 9.44697e-6 0.9489797 -0.1625072 -1.06613e-5 0.9867073 -0.759131 1.39276e-5 0.6509379 -0.8340727 0.03463029 0.5505666 -0.9040966 -0.005871117 0.4272878 -0.9858469 0.006997942 0.1675021 -0.9889734 0 0.1480931 0.9877918 0 0.1557795 0.9858562 0.00548768 0.1675032 0.888901 -0.005303263 0.4580688 0.8339695 0.03802633 0.5504986 0.7412614 -8.12838e-6 0.6712166 0.6193743 6.38628e-6 0.7850959 0.4736552 0.02983492 0.8802048 0.507635 0.0459488 0.8603461 0 0.02971857 0.9995583 0.1201983 -0.005191147 0.9927363 0.3771458 0.004470705 0.9261432 -0.6499539 -1.22897e-6 0.7599737 -0.4952183 0.01179814 0.8686885 -0.4737645 0.02072 0.8804078 -0.2987472 -2.09667e-5 0.9543323 -0.1435526 3.89976e-5 0.9896427 -0.7463456 5.41772e-7 0.6655586 -0.8342466 0.02797424 0.5506815 -0.8919413 -0.003363311 0.4521387 -0.9858645 0.003633201 0.167505 -0.9878145 0 0.155636 0.9997434 0 0.02265292 0.9858499 0.00655651 0.1675025 0.9808881 -0.001407384 0.194568 0.877041 0.001538097 0.480413 0.8342834 0.02635103 0.5507058 0.7365281 0 0.6764069 0.6321216 0 0.7748692 0.4737691 0.02024489 0.8804163 0.4591572 0.01428055 0.8882402 -0.3791934 0.005086541 0.9253035 -0.1249358 -0.005811154 0.9921478 0 0.02992862 0.9995521 0.1413009 3.03383e-5 0.9899668 0.2814905 -8.5057e-6 0.959564 -0.8757878 0.05618113 0.4794157 -0.7379418 -1.14407e-5 0.6748644 -0.4738662 2.72381e-5 0.8805969 -0.5986349 0.09133887 0.7957974 -0.5091668 0.04645752 0.8594131 -0.8345634 -0.004854023 0.5508906 -0.9858663 0.003118157 0.1675049 -0.9869475 0 0.1610423 0.01742219 0.9979835 0.061037 0.06536328 0.9972464 -0.03503328 0.08265328 0.9947114 0.0609737 0.1776124 0.9822098 0.0609737 0.1776115 0.9822096 0.06097871 0.2709355 0.9606641 0.06097871 0.270936 0.9606642 0.06097638 0.361764 0.9302735 0.06097644 0.361763 0.9302734 0.06098181 0.4492606 0.8913171 0.06098175 0.4492611 0.8913171 0.06097954 0.5326215 0.8441539 0.06097954 0.5326212 0.844154 0.06098127 0.6110776 0.7892182 0.06098127 0.611078 0.7892181 0.06097972 0.6839081 0.7270153 0.06097972 0.6839078 0.7270155 0.06098204 0.7504405 0.6581187 0.0609821 0.750441 0.6581184 0.060979 0.8100637 0.5831624 0.06097894 0.8100636 0.5831624 0.0609799 0.8622278 0.5028367 0.06097984 0.8622279 0.5028366 0.06097853 0.9064531 0.4178808 0.06097853 0.906453 0.4178809 0.06097918 0.9423322 0.3290769 0.06097918 0.9423326 0.3290764 0.06097596 0.9695346 0.2372432 0.06097596 0.9695342 0.2372441 0.06098115 0.9878095 0.1432262 0.06098115 0.9878099 0.1432253 0.06097662 0.9969898 0.04788911 0.06097656 0.9969897 0.04788899 0.0609762 0.9969898 -0.04788911 0.0609762 0.9969897 -0.04788899 0.06097656 0.9878098 -0.1432262 0.06097662 0.9878096 -0.1432253 0.06098109 0.9695345 -0.2372432 0.06098097 0.9695345 -0.2372441 0.06097596 0.9423324 -0.329077 0.06097596 0.9423324 -0.3290763 0.06097918 0.9064531 -0.4178808 0.06097918 0.9064531 -0.4178809 0.06097853 0.8622278 -0.5028367 0.06097853 0.8622278 -0.5028365 0.06097984 0.8100636 -0.5831623 0.0609799 0.8100636 -0.5831626 0.06097894 0.7504407 -0.6581189 0.060979 0.750441 -0.6581183 0.0609821 0.683908 -0.7270152 0.06098204 0.6839078 -0.7270155 0.06097972 0.6110777 -0.7892183 0.06097972 0.6110779 -0.789218 0.06098127 0.5326215 -0.8441538 0.06098127 0.5326213 -0.8441541 0.06097954 0.4492607 -0.8913171 0.06097954 0.449261 -0.8913169 0.06098175 0.3617639 -0.9302732 0.06098186 0.3617631 -0.9302738 0.06097644 0.2709356 -0.9606643 0.06097638 0.270936 -0.960664 0.06097871 0.1776124 -0.9822095 0.06097871 0.1776115 -0.9822099 0.0609737 0.08265328 -0.9947114 0.0609737 0.08265489 -0.9947107 0.06098288 0.01742219 -0.997983 0.06104367 0.01741886 -0.9979835 0.061037 -0.288461 0.02321851 0.9572101 0.9952508 0 0.09734362 0.9858658 -0.00323522 0.1675056 -0.2139528 0.1569352 0.9641553 -0.8829023 0.01754814 0.4692287 -0.7395824 8.87078e-4 0.6730654 -0.4696223 -0.001772463 0.8828656 -0.7971281 -0.009633958 0.6037334 -0.9767282 0.005640864 0.2144066 -0.9873809 0 0.1583632 -0.620982 0.02149236 0.7835301 -0.4405466 -0.001144707 0.897729 -0.05614817 0.001218438 0.9984217 0 -0.004140377 0.9999914 0.4738601 -0.006017267 0.8805795 0.4073629 -4.00991e-5 0.9132663 0.202644 -3.71129e-5 0.9792525 0.964403 -9.3418e-6 0.264437 0.894896 -1.19713e-5 0.4462749 0.8345522 -0.007120609 0.5508829 0.757943 -6.89957e-6 0.6523208 0.6190509 -6.66922e-6 0.7853509 -0.3781285 -0.6568449 0.6523602 -0.4441437 -0.7667785 0.4634512 -0.4472435 -0.7751151 0.4462845 -0.4773389 -0.8265977 0.2981339 -0.4815654 -0.8355584 0.2644559 -0.4975314 -0.8575729 0.1305036 -0.4976254 -0.8619125 0.0973441 -0.2066476 -0.3512125 0.9132068 -0.3047963 -0.5289418 0.7920352 -0.3088895 -0.5364454 0.7853749 -0.3210893 -0.5562924 0.7664466 -0.3728636 -0.645363 0.6666929 0.4883856 0.8459086 0.2142853 0.4970547 0.851398 0.1675049 0.4134663 0.7249577 0.5508921 0.3998099 0.6892473 0.6042269 0.2353318 0.4113066 0.880594 0.233647 0.4073576 0.8828753 0.02912932 0.04801648 0.9984217 -0.003585636 0.002070188 0.9999914 -0.1013542 -0.1754764 0.9792524 -0.1443034 -0.2498637 0.9574679 -0.2307019 -0.407875 0.8834108 -0.4976254 0.8619124 0.09734499 -0.4901311 0.8554024 0.1675058 0.4883854 -0.8459085 0.2142857 0.238536 -0.4094566 0.880594 0.397001 -0.6908697 0.6042262 0.4210988 -0.7205516 0.5508912 0.4888049 -0.8561611 0.1675049 0.003585636 0.002070188 0.9999914 0.02701884 -0.04923498 0.9984217 0.2359585 -0.4060232 0.8828753 -0.2317189 0.4133836 0.8805795 -0.2036466 0.3528065 0.9132665 -0.1012901 0.1755139 0.9792523 -0.4821936 0.8352025 0.2644354 -0.4474377 0.7750087 0.4462745 -0.4111092 0.7263034 0.5508834 -0.3789654 0.6564012 0.6523211 -0.3095197 0.5361173 0.7853507 0.9065424 0.4221148 0 0.935442 0.3523436 0.02832591 0.9027136 0.430242 0 0.9073895 0.4202905 0 0.906542 0.4221146 -9.92297e-4 0.8669588 0.4983798 0 0.8239571 0.5666522 0 0.8188249 0.5740253 -0.004554569 0.7708678 0.6369952 0 0.9319781 0.3615663 -0.026205 0.933005 0.3598631 0 0.8874773 0.4518402 -0.09068953 0.9080081 0.4149098 -0.05806088 0.9494929 0.3137024 0.007353186 0.9422085 0.3347942 0.01249003 0.8726981 0.4882602 0 0.9329785 0.3598529 0.007559418 0.9060654 0.4208734 0.04371583 0.930199 0.3664508 0.02106225 0.9496636 0.3131332 -0.009309768 0.9610102 0.2765129 0 0.9999346 0.01143789 0 0.9999346 0.01143789 0 0.9245382 -0.3810893 0 0.9245382 -0.3810893 0 0.7014354 -0.712733 0 0.7014354 -0.712733 0 0.4084233 -0.9127926 0 0.4084233 -0.9127926 0 -0.6395502 -0.3042375 0.7059852 -0.6693943 -0.2064802 0.7136365 -0.6937434 -0.1548613 0.7033762 -0.7077874 -0.007698714 0.7063836 -0.6943659 0.1046587 0.7119709 -0.695502 0.1508057 0.7025202 -0.6453697 0.2899669 0.7066945 -0.5821363 0.3968936 0.7096427 -0.5687185 0.4293648 0.7015734 -0.4639137 0.5339009 0.7069187 -0.3537889 0.6127811 0.7066348 -0.3364599 0.6293209 0.7005354 -0.05253005 0.7009641 0.7112594 -0.15671 0.6891819 0.7074393 -0.1969376 0.6791815 0.7070559 0.5248838 0.4870219 0.6980735 0.5248842 0.4870212 0.6980738 0.2615936 0.6665298 0.6980736 0.2615936 0.6665297 0.6980738 -0.01150488 0.7118764 0.7022106 0.5248845 0.487021 0.6980737 -0.684215 -0.2110524 0.6980736 -0.6842149 -0.2110522 0.6980737 -0.7080286 0.106718 0.6980736 -0.7080285 0.1067181 0.6980737 -0.6107506 0.3659019 0.7022105 -0.580788 0.3959741 0.7112593 -0.5184947 0.4803054 0.7074391 -0.350009 0.6062338 0.7141249 -0.4067288 0.5825657 0.7036966 -0.4897194 0.5101442 0.7070558 -0.05224466 0.6971527 0.7150164 -0.1297292 0.6974968 0.7047472 -0.2661142 0.656529 0.7057995 0.5248842 0.4870215 0.6980736 0.3191787 0.6344388 0.7039974 0.2556049 0.6512701 0.7145022 0.1696174 0.6880076 0.7056029 0.02872228 0.7086299 0.7049956 -0.6513943 -0.2811815 0.7047145 -0.6513944 -0.2811808 0.7047145 -0.6965216 -0.13244 0.7052074 -0.6975027 -0.1023503 0.709235 -0.7116161 0.03019535 0.7019193 -0.7107402 0.03481447 0.7025926 -0.6761091 0.2036184 0.7081074 -0.6760396 0.2045406 0.7079079 -0.61865 0.3484861 0.7041516 -0.6217805 0.3440356 0.7035827 -0.5199503 0.4768877 0.7086817 0.5801195 0.4066844 0.7057402 0.5780164 0.4090086 0.7061225 -0.5450282 0.459092 0.7015545 -0.4052217 0.5810507 0.7058156 -0.3449425 0.6318461 0.6941075 -0.2855179 0.6492072 0.7049889 -0.07866692 0.709466 0.7003353 -0.1097586 0.7139721 0.6915179 0.02977555 0.7067933 0.7067932 0.1964773 0.6862414 0.7003353 0.1964776 0.6862412 0.7003353 0.3381559 0.6211341 0.7069958 0.3952559 0.5909585 0.7032361 0.44893 0.5404216 0.7116224 0.5001444 0.5014008 0.706012 0.53917 0.4574937 0.7071034 0.5710082 0.4207887 0.7049018 0.5710081 0.4207888 0.7049018 0.4630952 0.5373427 0.7048444 0.4653187 0.5347072 0.7053841 0.3529314 0.614557 0.7055205 0.3483947 0.6179094 0.7048468 0.1786735 0.6877487 0.7036175 0.2039004 0.6734511 0.7105549 -0.6555389 -0.2728588 0.7041427 -0.6555388 -0.272859 0.7041426 -0.6898056 -0.1568517 0.7067998 -0.6955242 -0.1194086 0.7085109 -0.7138811 -0.02396976 0.6998565 -0.7085543 0.01417005 0.7055141 -0.6806092 0.2141306 0.7006562 0.08054661 0.7030711 0.7065432 -0.007568478 0.7080003 0.7061716 -0.08811324 0.6963683 0.7122551 -0.1410518 0.6953133 0.7047296 -0.3457607 0.6241236 0.7006564 -0.3457607 0.6241236 0.7006563 -0.5526136 0.4513302 0.7006564 -0.552614 0.4513299 0.7006562 -0.6420135 0.2978789 0.7064608 -0.704134 0.1755971 0.6880124 0.7330513 0.6801735 0 0.7330513 0.6801735 0 0.3653411 0.9308737 0 0.3653411 0.9308737 0 -0.07473027 0.9972038 0 -0.07473027 0.9972038 0 -0.4999996 0.8660256 0 -0.4999996 0.8660256 0 -0.8262389 0.5633199 0 -0.8262389 0.5633199 0 -0.9888309 0.1490422 0 -0.9888309 0.1490422 0 -0.9555731 -0.2947543 0 -0.9555731 -0.2947543 0 0.7330523 0.6801723 0 0.7330523 0.6801723 0 0.3653413 0.9308736 0 0.3653413 0.9308736 0 -0.07473039 0.9972038 0 -0.07473039 0.9972038 0 -0.4999998 0.8660255 0 -0.4999998 0.8660255 0 -0.826239 0.5633197 0 -0.826239 0.5633197 0 -0.9888309 0.1490423 0 -0.9888309 0.1490423 0 -0.9555729 -0.2947551 0 -0.9555729 -0.2947551 0 0.6389897 0.7692152 0 0.7009147 0.7009159 0.1320437 0.816304 0.5776225 0 0.4781496 0.8782784 0 0.2749495 0.9603216 0.046745 0.2580226 0.9629538 0.07838672 0.04209035 0.9991139 0 -0.2588189 0.9659259 0 -0.1476846 0.9606781 0.2351316 -0.4025811 0.9153843 0 -0.5720272 0.8202347 0 -0.7013589 0.7013602 0.1272383 -0.7648275 0.644235 0 -0.8749912 0.4841388 0 -0.9652417 0.2586355 0.03763121 -0.95266 0.2869051 0.1006197 -0.9988025 0.0489248 0 -0.9659259 -0.2588188 0 -0.9582679 -0.1406146 0.2488977 -0.9181153 -0.3963135 0 0.805025 0.5932409 0 0.7288572 0.6762796 0.1068322 0.6528334 0.7575016 0 0.4980055 0.8671739 0 0.3636381 0.9265343 0.09644478 0.2510856 0.9664769 -0.05365133 -0.1250864 0.9885723 0.08413237 -0.0747202 0.9970682 -0.01649093 -0.4845506 0.8746498 0.01408869 -0.4995172 0.8651894 0.04393059 -0.7739988 0.6321397 -0.03640598 -0.8233056 0.5613201 0.08418798 -0.9071163 0.4208802 0 -0.9888309 0.1490423 0 -0.954848 0.2381201 0.1776629 -0.923218 -0.3842768 0 -0.9503501 -0.2931443 0.1044088 -0.9855807 -0.1692059 0 -0.9998001 0.01999455 0 0.2273995 0.9737806 -0.006377398 0.285326 0.9578248 -0.03406858 0.2657966 0.962247 -0.05859225 0.3106871 0.9502795 -0.02102988 -0.9718711 0.2317431 -0.04197192 -0.9727723 0.2271116 -0.04620105 -0.9640664 0.2651652 -0.01623034 -0.9517483 0.3068787 -8.11673e-4 -0.8773429 -0.4798639 0 0.3531988 0.9355483 0 0.4730934 0.8810123 0 0.4730934 0.8810123 0 0.6412134 0.7673626 0 0.6412134 0.7673626 0 0.7829276 0.6221129 0 0.7829276 0.6221129 0 0.8542454 0.51987 0 0.8542454 0.51987 0 -0.9449778 0.3271346 0 -0.9058733 0.4235487 0 -0.9058733 0.4235487 0 -0.8017144 0.5977073 0 -0.8017144 0.5977073 0 -0.6645402 0.7472525 0 -0.6645402 0.7472525 0 -0.5 0.8660255 0 -0.5 0.8660255 0 -0.3148695 0.949135 0 -0.3148695 0.949135 0 -0.1167729 0.9931586 0 -0.1167729 0.9931586 0 0.08613294 0.9962837 0 0.08613294 0.9962837 0 0.1891869 0.9819411 0 0.2034226 0.9790909 -5.51765e-4 -0.8773429 -0.4798639 0 -0.9302293 -0.3669788 0 -0.9302293 -0.3669788 0 -0.9851622 -0.1716255 0 -0.9851622 -0.1716255 0 -0.9995257 0.03079503 0 -0.9995257 0.03079503 0 -0.9868078 0.1618959 0 -0.978845 0.2036368 -0.01986306 0.2551115 -0.9638113 0.07736891 0.0366432 0.9993284 0 0.0366432 0.9993284 0 0.08573508 0.9963181 0 0.04942858 -0.9987767 -0.001411616 0.03664261 -0.9993124 -0.005670666 0.01709008 -0.9998539 -1.57533e-5 0 -1 0 0.1727159 -0.984526 0.02962654 0.1873771 -0.9822644 0.006817638 0.07191032 -0.997411 -3.55698e-4 0.1840343 -0.9828462 -0.01202899 0.07205963 -0.9974003 3.02832e-4 0.08573508 -0.9963179 -4.33677e-4 0.08550661 -0.9963375 -4.55992e-4 0.1252365 -0.9921243 0.002255856 0.182216 -0.9829713 0.02376544 0.0366432 -0.9993284 0 0.0197488 -0.9997078 0.01393741 0.04950714 -0.9987723 0.001690149 0.9111121 0.4117707 -0.01788538 0.9000543 0.4340516 -0.03874891 0.8410357 0.5409791 7.40885e-4 0.8513403 0.5246089 -0.002257168 0.8600772 0.5101184 -0.006815016 0.8949279 0.4442458 -0.04182833 0.872867 0.4767611 -0.103934 0.8880649 0.454699 -0.06774628 0.9195736 0.3928585 0.006835579 0.9119614 0.4098255 0.01922661 0.9012091 0.4312289 0.04317331 0.8889238 0.4513134 0.07829785 0.893931 0.443751 0.06302839 0.8726062 0.487856 0.02355688 0.8599944 0.5102341 0.008421659 0.8512805 0.5247038 0.002767741 0.8411329 0.5408279 -8.94657e-4 0.7704745 0.6373919 0.01002597 0.7826229 0.6205127 0.04965311 0.826415 0.5630601 -0.001296103 0.7703885 0.6373208 -0.01799196 0.769654 0.6382461 -0.01656734 0.1850336 -0.9826551 0.01231098 0.1950682 -0.9807897 0 0.4067364 -0.9135456 0 0.4067364 -0.9135456 0 0.6045992 -0.7965299 0 0.6045992 -0.7965299 0 0.7705132 -0.637424 0 0.7705132 -0.637424 0 0.8461901 -0.5328812 0 0.8593181 -0.5114379 0.001858055 0.8956477 -0.4446031 0.01197457 0.8909522 -0.4537831 0.01688212 0.9204354 -0.3908755 0.003858804 0.933721 -0.3580013 0 0.9735789 -0.2283509 0 0.9735789 -0.2283509 0 1 0 0 1 0 0 0.9735789 0.2283509 0 0.9735789 0.2283509 0 0.9248698 0.380284 0 0.9190925 0.3939861 -0.006621897 0.7686291 0.6394715 0.01689904 0.758718 0.6514193 0 0.6045992 0.7965299 0 0.6045992 0.7965299 0 0.4067364 0.9135456 0 0.4067364 0.9135456 0 0.2558785 0.966709 0 0.1873553 0.9821503 0.01669871 0.1822476 0.9831417 0.01476633 0.1252363 0.9921235 0.00263673 0.0123409 0.7070519 -0.7070539 0.01234036 0.7070527 -0.7070533 0.09250855 0.7026727 -0.7054738 0.09250855 0.7026721 -0.7054744 0.2248851 0.6721107 -0.7054743 0.2248852 0.6721112 -0.7054737 0.3489983 0.6168525 -0.7054737 0.3489979 0.6168513 -0.7054749 0.4602864 0.5389263 -0.705475 0.4602867 0.5389267 -0.7054744 0.5546621 0.4411979 -0.7054744 0.5546628 0.4411988 -0.7054735 0.6286566 0.3272581 -0.7054736 0.6286554 0.3272572 -0.7054751 0.6795489 0.2012915 -0.7054751 0.6795495 0.2012917 -0.7054744 0.7054726 0.06792926 -0.7054744 0.7054725 0.0679292 -0.7054745 0.7054725 -0.06792926 -0.7054745 0.7054725 -0.0679292 -0.7054744 0.6795496 -0.2012916 -0.7054744 0.6795488 -0.2012915 -0.7054751 0.6286553 -0.3272573 -0.705475 0.6286568 -0.3272579 -0.7054736 0.554663 -0.4411987 -0.7054735 0.5546621 -0.4411981 -0.7054745 0.4602868 -0.5389267 -0.7054744 0.4602864 -0.5389263 -0.7054749 0.3489978 -0.6168515 -0.7054749 0.3489985 -0.6168524 -0.7054737 0.2248853 -0.6721112 -0.7054738 0.224885 -0.6721107 -0.7054742 0.09250849 -0.7026721 -0.7054744 0.09250867 -0.7026727 -0.7054738 0.0123409 -0.7070526 -0.7070533 0.01234036 -0.7070519 -0.707054 0.1948521 0 0.9808326 0.1675047 0.0039379 0.9858634 0.5508916 -0.004391193 0.8345652 0.5552719 -0.003561377 0.8316613 0.8311553 0.002833008 0.5560332 0.8805592 -0.00907427 0.4738493 0.9494652 3.62935e-5 0.3138725 0.9923129 3.81362e-5 0.1237539 0.9999409 -0.01086515 0 0.9925037 -6.01207e-5 -0.122214 0.9491091 -6.14968e-5 -0.3149476 0.8805595 -0.009020268 -0.4738497 0.8319982 0.002748131 -0.5547716 0.5508942 -0.003533363 -0.8345676 0.5564928 -0.004617214 -0.8308396 0.1675053 0 -0.9858712 4.04051e-4 -0.02039021 -0.999792 0.1960042 0.003454685 -0.980597 0.02693474 0 0.9996372 0.1675049 0.004141867 0.9858625 0.1416313 0 -0.9899195 0.1675046 0.00403732 -0.9858631 0.4142435 -0.003305852 -0.9101601 0.5508216 0.01654261 -0.8344591 0.6441529 3.43504e-6 -0.7648968 0.7463482 3.47269e-6 -0.6655557 0.9814152 3.55909e-6 0.1918964 0.9999335 0.01153337 0 0.9999362 0.01089042 -0.003001213 0.9808381 2.63771e-6 -0.1948248 0.8805955 6.82745e-6 -0.4738687 0.9419671 0.04176545 -0.3330971 0.840313 0.002127826 -0.5420973 0.8805702 0.007586061 0.4738551 0.8601332 0.01730316 0.5097761 0.9493449 5.01869e-6 0.314236 0.187968 9.64561e-4 0.9821746 0.4499415 -9.2083e-4 0.8930576 0.5508226 0.01643162 0.8344606 0.6591639 3.03164e-6 0.7519994 0.7593904 3.02496e-6 0.6506353 0.4904049 -0.8494065 0.194966 0.4895439 -0.8557384 0.1675066 0.4210567 -0.7205764 0.5508911 0.4188968 -0.7184736 0.5552668 0.2753482 -0.482555 0.831459 0.2448629 -0.4057818 0.8805585 0.1568354 -0.2717193 0.949511 -0.2656946 0.4883608 0.83121 -0.1575764 0.2730485 0.949007 4.82141e-5 2.78365e-5 1 -0.04232954 0.1170042 0.9922289 0.06182044 -0.1071522 0.9923188 -0.240653 0.4082309 0.8805872 -0.4141696 0.7245551 0.5508934 -0.4118684 0.722348 0.5554978 -0.4963391 0.8518157 0.1675041 -0.4903911 0.8493826 0.1951045 0.4904048 0.8494064 0.1949665 0.4963196 0.851827 0.1675041 0.4135089 0.7249336 0.5508916 0.412768 0.7220123 0.5552666 0.2802308 0.4797363 0.8314588 0.2289861 0.4149488 0.8805583 0.1568982 0.2716835 0.9495109 -0.290086 -0.4742792 0.8312095 -0.1576787 -0.2729893 0.949007 -4.82141e-5 2.78364e-5 1 -0.08016371 -0.09516048 0.9922289 0.06188631 0.1071141 0.9923188 -0.2332114 -0.4125268 0.8805873 -0.4203983 -0.7209594 0.5508927 -0.4196373 -0.717862 0.5554986 -0.4895243 -0.8557497 0.1675066 -0.4903911 -0.8493826 0.1951047 0.4998187 0.8657112 0.02693468 -0.4949602 -0.8572962 0.141625 -0.4893445 -0.8558528 0.1675052 -0.4580671 -0.7866291 0.4139917 -0.4027209 -0.7310361 0.5508195 -0.3824452 -0.6624214 0.6441534 -0.3327752 -0.5763906 0.7463475 -0.2691267 -0.470382 0.8404234 -0.2235388 -0.4180509 0.8804907 -0.1660177 -0.2875608 0.9432639 0.1571214 0.2721328 0.9493453 0.09595137 0.166186 0.9814151 0.009702563 -0.005601763 0.9999372 0.007684111 -0.007862627 0.9999396 -0.09740716 -0.1687197 0.9808391 0.3253288 0.5634803 0.7593755 0.2434516 0.4066039 0.8805706 0.3045492 0.4671396 0.8300786 0.2263702 0.3714802 0.9004216 0.4966262 0.8516482 0.1675044 0.491941 0.8500893 0.1879956 0.4157755 0.7236328 0.5508959 0.472389 0.7573419 0.4508679 0.3760019 0.6512487 0.6591644 0.4998187 -0.8657115 0.02692645 -0.4949603 0.8572961 0.141625 -0.4965181 0.8517112 0.1675045 -0.4522072 0.7900122 0.4139919 -0.4317353 0.7142846 0.5508195 -0.3824511 0.6624179 0.6441534 -0.1660258 0.2875556 0.9432641 -0.236888 0.3844361 0.8922403 -0.2512069 0.4020673 0.8804755 -0.288522 0.4965498 0.8186534 -0.3327844 0.5763924 0.746342 -0.009702563 -0.005601763 0.9999372 -0.01065129 -0.002723276 0.9999396 -0.09741228 0.1687175 0.980839 0.3253213 -0.5634792 0.7593795 0.2491368 -0.4437941 0.8608006 0.2250239 -0.4172071 0.8805126 0.157113 -0.2721372 0.9493455 0.09594553 -0.1661893 0.9814151 0.4892357 -0.855915 0.167505 0.4902283 -0.8510776 0.1879977 0.4187966 -0.7218885 0.5508959 0.4196829 -0.7877715 0.4508683 0.3759976 -0.6512532 0.6591624 0.3531203 0.6126487 -0.707084 0.5466435 -0.4522228 -0.704752 0.5466435 -0.4522228 -0.704752 0.4289351 -0.5651012 -0.704752 0.4289353 -0.5651016 -0.7047514 0.2885609 -0.648119 -0.7047513 0.2885608 -0.6481179 -0.7047524 0.1329384 -0.696887 -0.7047524 0.1329384 -0.6968879 -0.7047516 0.02591937 -0.7068697 -0.7068687 0.02592015 -0.7068682 -0.7068702 0.6907083 -0.1620042 -0.7047529 0.6907086 -0.1620043 -0.7047526 0.6354656 -0.3154477 -0.7047525 0.5468209 -0.2498729 -0.7990935 0.6052564 -0.3659548 -0.7069242 0.4289355 0.5651016 -0.7047514 0.428935 0.5651013 -0.704752 0.5466436 0.4522228 -0.704752 0.5466435 0.4522228 -0.704752 0.635466 0.3154479 -0.7047522 0.6354657 0.3154478 -0.7047526 0.6907086 0.1620042 -0.7047526 0.6907083 0.1620042 -0.7047529 0.7094528 0 -0.704753 0.5458517 0.02820855 -0.8374069 0.7061485 -0.04494279 -0.7066361 0.2653118 0.6143256 -0.7431108 0.2885605 0.6481179 -0.7047525 0.1329382 0.696887 -0.7047524 0.1329386 0.6968878 -0.7047516 0.03013199 0.7066316 -0.7069398 0.02570199 0.7009416 -0.7127555 0.004218459 0.7070995 -0.7071015 0.2588204 -0.9659255 0 0.2588204 -0.9659255 0 0.7071068 -0.7071068 0 0.7071068 -0.7071068 0 0.9659261 -0.2588183 0 0.9659261 -0.2588183 0 0.9659259 0.2588188 0 0.9659259 0.2588188 0 0.7071079 0.7071056 0 0.7071079 0.7071056 0 0.2588183 0.9659261 0 0.2588183 0.9659261 0 0.2588204 -0.9659255 0 0.2588204 -0.9659255 0 0.7071068 -0.7071068 0 0.7071068 -0.7071068 0 0.9659255 -0.2588204 0 0.9659255 -0.2588204 0 0.9659254 0.258821 0 0.9659254 0.258821 0 0.7071079 0.7071056 0 0.7071079 0.7071056 0 0.2588183 0.9659261 0 0.2588183 0.9659261 0 0.2588188 0.9659259 0 0.2588188 0.9659259 0 0.7071081 0.7071055 0 0.7071081 0.7071055 0 0.9659255 0.2588201 0 0.9659255 0.2588201 0 0.9659258 -0.2588192 0 0.9659258 -0.2588192 0 0.7071063 -0.7071073 0 0.7071063 -0.7071073 0 0.2588188 -0.9659259 0 0.2588188 -0.9659259 0 0.2588188 0.9659259 0 0.2588188 0.9659259 0 0.7071081 0.7071055 0 0.7071081 0.7071055 0 0.9659255 0.2588201 0 0.9659255 0.2588201 0 0.9659258 -0.2588192 0 0.9659258 -0.2588192 0 0.7071063 -0.7071073 0 0.7071063 -0.7071073 0 0.2588188 -0.9659259 0 0.2588188 -0.9659259 0 0.2588192 0.9659258 0 0.2588192 0.9659258 0 0.707107 0.7071065 0 0.707107 0.7071065 0 0.9659257 0.2588196 0 0.9659257 0.2588196 0 0.9659257 -0.2588196 0 0.9659257 -0.2588196 0 0.7071068 -0.7071068 0 0.7071068 -0.7071068 0 0.2588188 -0.9659259 0 0.2588188 -0.9659259 0 -0.2588188 -0.9659259 0 -0.2588188 -0.9659259 0 -0.7071068 -0.7071068 0 -0.7071068 -0.7071068 0 -0.9659261 -0.2588183 0 -0.9659261 -0.2588183 0 0.2588192 0.9659258 0 0.2588192 0.9659258 0 0.7071059 0.7071077 0 0.7071059 0.7071077 0 0.9659261 0.2588183 0 0.9659261 0.2588183 0 0.9659258 -0.2588192 0 0.9659258 -0.2588192 0 0.7071077 -0.7071059 0 0.7071077 -0.7071059 0 0.2588192 -0.9659258 0 0.2588192 -0.9659258 0 0.2588192 0.9659258 0 0.2588192 0.9659258 0 0.7071077 0.7071059 0 0.7071077 0.7071059 0 0.9659258 0.2588192 0 0.9659258 0.2588192 0 0.9659261 -0.2588183 0 0.9659261 -0.2588183 0 0.7071059 -0.7071077 0 0.7071059 -0.7071077 0 0.2588192 -0.9659258 0 0.2588192 -0.9659258 0 0.2588188 0.9659259 0 0.2588188 0.9659259 0 0.7071077 0.7071059 0 0.7071077 0.7071059 0 0.9659258 0.2588192 0 0.9659258 0.2588192 0 0.9659261 -0.2588183 0 0.9659261 -0.2588183 0 0.7071059 -0.7071077 0 0.7071059 -0.7071077 0 0.2588188 -0.9659259 0 0.2588188 -0.9659259 0 0.2588192 0.9659258 0 0.2588192 0.9659258 0 0.7071059 0.7071077 0 0.7071059 0.7071077 0 0.9659259 0.2588188 0 0.9659259 0.2588188 0 0.9659259 -0.2588188 0 0.9659259 -0.2588188 0 0.7071077 -0.7071059 0 0.7071077 -0.7071059 0 0.2588192 -0.9659258 0 0.2588192 -0.9659258 0 0.2588188 0.9659259 0 0.2588188 0.9659259 0 0.7071059 0.7071077 0 0.7071059 0.7071077 0 0.9659259 0.2588188 0 0.9659259 0.2588188 0 0.9659259 -0.2588188 0 0.9659259 -0.2588188 0 0.7071077 -0.7071059 0 0.7071077 -0.7071059 0 0.2588188 -0.9659259 0 0.2588188 -0.9659259 0 0.2588188 0.9659259 0 0.2588188 0.9659259 0 0.7071061 0.7071074 0 0.7071061 0.7071074 0 0.9659259 0.2588188 0 0.9659259 0.2588188 0 0.9659259 -0.2588188 0 0.9659259 -0.2588188 0 0.7071079 -0.7071056 0 0.7071079 -0.7071056 0 0.2588188 -0.9659259 0 0.2588188 -0.9659259 0 -0.2588188 -0.9659259 0 -0.2588188 -0.9659259 0 -0.7071086 -0.707105 0 -0.7071086 -0.707105 0 -0.9659258 -0.2588192 0 -0.9659258 -0.2588192 0 -0.2588188 -0.9659259 0 -0.2588188 -0.9659259 0 -0.7071059 -0.7071077 0 -0.7071059 -0.7071077 0 -0.9659261 -0.2588183 0 -0.9659261 -0.2588183 0 0 -0.5555669 -0.8314718 0.001041889 -0.5916279 -0.8062104 -0.001256346 -0.1950862 -0.9807853 0 -0.2376222 -0.9713577 0 -0.2642311 -0.9644594 -0.002768814 -0.1989319 -0.9800094 0.002000331 -0.6129083 -0.7901515 4.32291e-5 -0.6634655 -0.7482069 1.68643e-5 -0.9238789 -0.382685 0.002420961 -0.9448451 -0.3275083 -9.9459e-6 -0.8289192 -0.5593683 0 -0.8336465 0.5522985 -6.62267e-4 -0.8451398 0.534545 7.80666e-4 -0.9921141 0.1253361 9.62469e-4 -0.9914946 0.1301443 -1.73152e-6 -0.9940932 -0.1085293 0 0.9749279 0.2225209 0 0.9749279 0.2225209 0 0.7818314 0.62349 0 0.7818314 0.62349 0 0.4338836 0.9009689 0 0.4338836 0.9009689 0 0 1 0 0 1 0 -0.4338836 0.9009689 0 -0.4338836 0.9009689 0 -0.7818313 0.6234901 0 -0.7818313 0.6234901 0 -0.9749279 0.2225211 0 -0.9749279 0.2225211 0 0.9659259 0.2588189 0 0.9659259 0.2588189 0 0.7071065 0.7071071 0 0.7071065 0.7071071 0 0.2588192 0.9659258 0 0.2588192 0.9659258 0 -0.2588192 0.9659258 0 -0.2588192 0.9659258 0 -0.7071064 0.7071071 0 -0.7071064 0.7071071 0 -0.9659259 0.2588187 0 -0.9659259 0.2588187 0 0.9659261 0.2588183 0 0.9659261 0.2588183 0 0.7071068 0.7071068 0 0.7071068 0.7071068 0 0.2588217 0.9659251 0 0.2588217 0.9659251 0 -0.2588226 0.9659248 0 -0.2588226 0.9659248 0 -0.707105 0.7071086 0 -0.707105 0.7071086 0 -0.9659261 0.2588183 0 -0.9659261 0.2588183 0 0.9659261 0.2588183 0 0.9659261 0.2588183 0 0.7071068 0.7071068 0 0.7071068 0.7071068 0 0.258815 0.9659269 0 0.258815 0.9659269 0 -0.2588159 0.9659267 0 -0.2588159 0.9659267 0 -0.707105 0.7071086 0 -0.707105 0.7071086 0 -0.9659261 0.2588183 0 -0.9659261 0.2588183 0 0.9659261 0.2588183 0 0.9659261 0.2588183 0 0.7071068 0.7071068 0 0.7071068 0.7071068 0 0.2588159 0.9659267 0 0.2588159 0.9659267 0 -0.258815 0.9659269 0 -0.258815 0.9659269 0 -0.7071068 0.7071068 0 -0.7071068 0.7071068 0 -0.9659261 0.2588183 0 -0.9659261 0.2588183 0 0.9659251 0.2588217 0 0.9659251 0.2588217 0 0.7071068 0.7071068 0 0.7071068 0.7071068 0 0.2588159 0.9659267 0 0.2588159 0.9659267 0 -0.258815 0.9659269 0 -0.258815 0.9659269 0 -0.7071068 0.7071068 0 -0.7071068 0.7071068 0 -0.9659261 0.2588183 0 -0.9659261 0.2588183 0 0.9659261 0.2588183 0 0.9659261 0.2588183 0 0.7071068 0.7071068 0 0.7071068 0.7071068 0 0.2588226 0.9659248 0 0.2588226 0.9659248 0 -0.2588217 0.9659251 0 -0.2588217 0.9659251 0 -0.7071068 0.7071068 0 -0.7071068 0.7071068 0 -0.9659261 0.2588183 0 -0.9659261 0.2588183 0 0.9659261 0.2588183 0 0.9659261 0.2588183 0 0.707105 0.7071086 0 0.707105 0.7071086 0 0.2588159 0.9659267 0 0.2588159 0.9659267 0 -0.258815 0.9659269 0 -0.258815 0.9659269 0 -0.7071068 0.7071068 0 -0.7071068 0.7071068 0 -0.9659261 0.2588183 0 -0.9659261 0.2588183 0 0.9659261 0.2588183 0 0.9659261 0.2588183 0 0.707105 0.7071086 0 0.707105 0.7071086 0 0.2588154 0.9659268 0 0.2588154 0.9659268 0 -0.2588154 0.9659268 0 -0.2588154 0.9659268 0 -0.7071068 0.7071068 0 -0.7071068 0.7071068 0 -0.9659261 0.2588183 0 -0.9659261 0.2588183 0 0.9659261 0.2588183 0 0.9659261 0.2588183 0 0.707105 0.7071086 0 0.707105 0.7071086 0 0.2588226 0.9659248 0 0.2588226 0.9659248 0 -0.2588217 0.9659251 0 -0.2588217 0.9659251 0 -0.7071068 0.7071068 0 -0.7071068 0.7071068 0 -0.9659261 0.2588183 0 -0.9659261 0.2588183 0 -0.9659258 -0.2588191 0 -0.9659258 -0.2588191 0 -0.7071072 -0.7071064 0 -0.7071072 -0.7071064 0 -0.2588188 -0.9659259 0 -0.2588188 -0.9659259 0 0.2588188 -0.9659259 0 0.2588188 -0.9659259 0 0.7071072 -0.7071064 0 0.7071072 -0.7071064 0 0.9659258 -0.2588193 0 0.9659258 -0.2588193 0 0.9716563 0.2363981 0 0.9716563 0.2363981 0 0.7544553 0.6563515 0 0.7544553 0.6563515 0 0.3686066 0.9295855 0 0.3686066 0.9295855 0 0.9719244 -0.2352936 -0.195164 0.971952 -0.1312259 0 0.9317032 -0.3632204 0 0.7566891 -0.6537749 0 0.7566891 -0.6537749 0 0.5806142 -0.814179 -0.002412915 0.3738828 -0.9274729 -0.1184719 0.4266534 -0.8966222 0 0.2063813 -0.9784716 0 -0.9659258 0.2588192 -0.2584502 -0.9571826 0.1304028 0 -0.9221473 0.386839 0 -0.707107 0.7071065 -0.1792284 -0.7528043 0.6333742 0 -0.5724935 0.8199093 0 -0.2588191 0.9659258 0 -0.2588191 0.9659258 0 0.2588191 0.9659258 -0.2584515 0.1304021 0.9571824 0 0.3868392 0.9221473 0 0.7071071 0.7071065 -0.1792277 0.6333751 0.7528038 0 0.8199093 0.5724935 0 0.9659258 0.2588192 0 0.9659258 0.2588192 -0.1963012 -0.9805437 0 -0.1963012 -0.9805437 0 0.08790141 -0.9961292 0 0.08790141 -0.9961292 0 0.3649829 -0.9310142 0 0.3649829 -0.9310142 0 0.6124954 -0.7904741 0 0.6124954 -0.7904741 0 0.8103874 -0.5858944 0 0.8103874 -0.5858944 0 0.9426265 -0.333849 0 0.9426265 -0.333849 0 0.9984998 -0.05475705 0 0.9984998 -0.05475705 0 0.9734804 0.2287706 0 0.9734804 0.2287706 0 0.8695954 0.493765 0 0.8695954 0.493765 0 0.6952611 0.7187573 0 0.6952611 0.7187573 0 0.4646006 0.8855203 0 0.4646006 0.8855203 0 0.3424744 0.2320681 0.9104151 0.1862421 0.1262017 0.9743649 0.4416124 -0.6518215 0.6165284 0.3713417 -0.5419892 0.7538919 -0.2127432 -0.9595351 0.1844798 0.03856486 -0.9821038 0.1843502 -0.01723122 -0.06108701 0.9979837 -0.01723122 -0.06108701 0.9979836 -0.06105035 -0.2164314 0.9743871 -0.06105041 -0.2164314 0.9743871 -0.1122696 -0.3980101 0.9104853 -0.1122696 -0.3980101 0.9104853 -0.1590062 -0.5636972 0.8105323 -0.1590064 -0.5636972 0.8105322 -0.1994128 -0.7069427 0.6785768 -0.1994129 -0.7069428 0.6785768 -0.231906 -0.8221349 0.5199173 -0.2319055 -0.8221347 0.5199177 -0.2552251 -0.9048057 0.3408619 -0.2552254 -0.9048057 0.3408616 -0.2659653 -0.9428797 0.2005996 -0.2750623 -0.943616 0.1842001 0.01843011 -0.0607658 0.9979819 0.01843011 -0.0607658 0.9979819 0.02695882 -0.05749237 0.9979819 0.02695882 -0.05749237 0.9979819 0.03492957 -0.053029 0.9979819 0.03492957 -0.053029 0.9979819 0.04217737 -0.04746806 0.9979819 0.04217737 -0.04746806 0.9979819 0.04855221 -0.04092472 0.9979819 0.04855221 -0.04092466 0.9979819 0.05392217 -0.03353428 0.9979819 0.05392217 -0.03353428 0.9979819 0.05817604 -0.02544981 0.9979819 0.0581761 -0.02544987 0.9979819 0.06122595 -0.01683861 0.9979819 0.06122589 -0.01683861 0.9979819 0.06300854 -0.007878839 0.9979819 0.06300854 -0.007878839 0.9979819 0.06348705 0.001243829 0.9979819 0.06348705 0.001243829 0.9979819 0.06265157 0.01034092 0.9979819 0.06265151 0.01034092 0.9979819 0.06051927 0.01922392 0.9979819 0.06051939 0.01922392 0.9979819 0.05713456 0.02770906 0.9979819 0.05713456 0.02770912 0.9979819 0.05256724 0.03562068 0.9979819 0.05256724 0.03562068 0.9979819 0.02505731 0.05831527 0.9979837 0.02505725 0.05831521 0.9979836 0.08877807 0.2066112 0.9743871 0.08877807 0.2066112 0.9743871 0.1632599 0.379951 0.9104853 0.16326 0.379951 0.9104853 0.2312232 0.5381203 0.8105322 0.2312232 0.5381203 0.8105322 0.2899813 0.6748663 0.6785768 0.2899809 0.6748662 0.678577 0.3372315 0.7848315 0.5199177 0.3372319 0.7848316 0.5199173 0.3642269 0.9128822 0.1843498 0.385267 0.8966221 0.2182615 0.4231458 0.8870932 0.1844262 0.5081164 0.841399 0.1840257 0.5081166 0.841399 0.1840253 0.6235929 0.7597807 0.1840252 0.6235926 0.7597807 0.1840259 0.9604694 0.2085146 0.1844456 0.936795 0.2975727 0.1840262 0.9367952 0.2975725 0.1840253 0.884401 0.4289166 0.1840253 0.8844012 0.4289165 0.1840251 0.8380259 0.5135169 0.1844257 0.8068423 0.5467341 0.223802 0.7989355 0.5724819 0.1843001 0.7261623 0.6624372 0.1840253 0.7321053 0.6391902 0.2354946 0.6919515 0.697985 0.1844452 0.9621232 0.1373372 0.235494 0.9697999 0.1600701 0.184026 0.9818395 0.04499226 0.1843009 0.9744475 0.01909214 0.2238025 0.9825091 -0.02575063 0.1844256 0.9753259 -0.1219598 0.1840251 0.9753258 -0.1219596 0.1840254 0.9477322 -0.2606498 0.1840254 0.9477323 -0.2606498 0.1840253 0.5811469 -0.7926211 0.184445 0.6528751 -0.7347712 0.1840257 0.6528751 -0.734771 0.1840261 0.7515531 -0.6334844 0.184026 0.751553 -0.6334846 0.1840256 0.809977 -0.5567084 0.1844262 0.8276388 -0.5147101 0.2238025 0.8479444 -0.4970145 0.184301 0.900523 -0.393945 0.1840261 0.8817033 -0.4088295 0.2354949 0.9190834 -0.3482323 0.1844446 0.5167937 -0.8230834 0.235495 0.5406843 -0.8208501 0.1840257 0.4404524 -0.8786553 0.1843006 0.4137849 -0.8824368 0.2238022 0.3760994 -0.9080396 0.1844267 0.2898967 -0.440112 0.8498596 0.2892875 -0.4394407 0.8504144 0.3381875 -0.4683783 0.816242 0.356993 -0.5057043 0.7853784 0.1903635 -0.4836648 0.8543009 0.1916883 -0.4528283 0.8707481 0.1550089 -0.3601583 0.919923 0.05462139 -0.1164855 0.9916893 0.1962158 -0.3835994 0.9024139 0.2437336 -0.4524089 0.8578578 0.1574371 -0.5637778 0.8107825 0.125372 -0.6106328 0.7819267 0.1409091 -0.5763047 0.8049954 0.1586593 -0.523114 0.8373643 0.1050945 -0.5278428 0.842815 0.1758335 -0.4996643 0.8481852 0.2512522 -0.8387591 0.4830689 0.2192112 -0.8192592 0.5298687 0.2272812 -0.8231753 0.5203132 0.2285999 -0.7783501 0.5847334 0.1931385 -0.7082664 0.6790113 0.1730741 -0.7385307 0.651627 0.1902868 -0.6593946 0.7273167 0.5008085 -0.7955622 0.3409863 0.4181003 -0.8767636 0.2376503 0.4112564 -0.8770447 0.2483158 0.433723 -0.8548315 0.2848641 0.4555226 -0.8330634 0.3138543 0.3789585 -0.8783748 0.2912869 0.334931 -0.8818764 0.3318361 0.3098202 -0.8874009 0.3413663 0.4971525 -0.6802992 0.5385466 0.4910645 -0.7155641 0.4968137 0.4929198 -0.7483351 0.4438744 0.392769 -0.7822033 0.4836223 0.4356289 -0.5737408 0.6935769 0.7626595 0.4573495 0.4573642 0.7326441 0.496456 0.4655793 0.7172312 0.4918531 0.4936192 0.6943272 0.4971618 0.5203266 0.6636853 0.4541481 0.5943664 0.5900784 0.4364743 0.679189 0.5610708 0.4414212 0.7002477 0.6063255 0.4395434 0.6626998 0.4507914 0.2479441 0.8575026 0.4512969 0.2917294 0.8433416 0.4435516 0.3005605 0.8443491 0.4678478 0.343196 0.8144537 0.4694747 0.3490626 0.8110171 0.5035591 0.3594729 0.7856256 0.5473839 0.3787036 0.7462939 0.4876188 0.1936982 0.8512984 0.4477586 0.1947368 0.8726911 0.1129601 0.05478328 0.9920881 0.1420813 0.07036358 0.9873509 0.4083732 0.2157421 0.8869536 0.5012533 0.1188477 0.8571 0.501703 0.1593656 0.8502333 0.5623909 0.1503641 0.813085 0.7416252 0.2193217 0.6339479 0.8287495 0.2408652 0.5051319 0.8496785 0.2699001 0.4529905 0.8086438 0.3357369 0.4830901 0.7657911 0.5320565 0.3612201 0.8178608 0.4721623 0.3288869 0.8489063 0.4424932 0.2890636 0.8719109 0.4228591 0.2469041 0.8728185 0.4135688 0.2591309 0.8751264 0.3904798 0.2857961 0.8784649 0.3600578 0.3140984 0.8888686 0.3088802 0.338387 0.1862421 0.1262017 0.9743649 0.2024237 0.09817135 0.9743649 0.2024236 0.09817135 0.9743649 0.2144157 0.06810915 0.9743649 0.2144159 0.06810909 0.9743649 0.2219701 0.03663712 0.9743649 0.22197 0.03663718 0.9743649 0.2249301 0.004406869 0.9743649 0.2249301 0.004406929 0.974365 0.2232347 -0.02791434 0.9743649 0.2232347 -0.02791434 0.9743649 0.216919 -0.05965805 0.9743649 0.2169191 -0.05965816 0.974365 0.2061138 -0.09016698 0.9743649 0.2061138 -0.09016692 0.9743649 0.1910424 -0.1188097 0.9743649 0.1910425 -0.1188098 0.974365 0.1720172 -0.1449934 0.9743649 0.1720172 -0.1449934 0.9743649 0.1494315 -0.1681761 0.9743649 0.1494315 -0.1681761 0.974365 0.1237531 -0.1878781 0.9743649 0.1237531 -0.1878781 0.974365 0.09551328 -0.2036916 0.9743649 0.09551328 -0.2036914 0.9743649 0.0652967 -0.2152889 0.9743649 0.0652967 -0.2152889 0.9743649 0.3424742 0.2320682 0.9104152 0.3722301 0.180524 0.9104151 0.3722303 0.1805239 0.9104151 0.3942821 0.1252435 0.9104151 0.3942822 0.1252435 0.9104151 0.4081733 0.06737101 0.9104151 0.4081733 0.06737107 0.9104151 0.4136165 0.008103787 0.9104151 0.4136166 0.008103668 0.9104151 0.4104992 -0.0513308 0.9104151 0.4104991 -0.0513308 0.9104151 0.3988854 -0.1097035 0.9104151 0.3988853 -0.1097033 0.9104151 0.3790158 -0.1658049 0.9104151 0.379016 -0.1658052 0.910415 0.3513019 -0.2184755 0.9104151 0.3513017 -0.2184751 0.9104151 0.3163166 -0.2666234 0.9104151 0.3163166 -0.2666237 0.9104151 0.2747848 -0.3092535 0.910415 0.2747848 -0.3092533 0.9104151 0.2275653 -0.3454826 0.9104151 0.2275654 -0.3454825 0.9104152 0.1756362 -0.3745612 0.9104151 0.1756362 -0.3745613 0.9104152 0.120072 -0.3958876 0.9104151 0.1200719 -0.3958877 0.9104152 0.3476129 -0.470437 0.8110821 0.3891444 -0.4379581 0.8104069 0.3891444 -0.437958 0.810407 0.4479609 -0.3775866 0.810407 0.4479609 -0.3775869 0.8104069 0.497506 -0.3094001 0.8104069 0.497506 -0.3093997 0.8104071 0.5367541 -0.2348095 0.8104071 0.5367542 -0.2348098 0.8104069 0.564893 -0.1553595 0.8104069 0.564893 -0.1553596 0.8104069 0.5813402 -0.07269364 0.8104069 0.5813402 -0.07269364 0.8104069 0.5857551 0.01147639 0.8104069 0.5857553 0.01147627 0.8104067 0.5780467 0.09540933 0.8104068 0.5780465 0.09540951 0.8104069 0.557383 0.1810724 0.8102697 0.6364642 0.1067845 0.7638785 0.4287126 -0.5957415 0.6791889 0.4879897 -0.5492027 0.6784117 0.4879897 -0.5492026 0.6784119 0.561746 -0.4734963 0.6784119 0.5617461 -0.4734962 0.678412 0.623876 -0.3879896 0.6784119 0.6238761 -0.3879899 0.6784117 0.6730936 -0.2944529 0.6784117 0.6730936 -0.2944528 0.6784119 0.7083796 -0.194822 0.6784118 0.7083796 -0.1948219 0.678412 0.7290044 -0.09115844 0.678412 0.7290042 -0.09115827 0.678412 0.7345407 0.01439166 0.6784121 0.7345408 0.01439148 0.678412 0.7248742 0.1196437 0.678412 0.724874 0.1196439 0.678412 0.7112011 0.1808477 0.6793285 0.6870204 0.1917127 0.7008916 0.03282558 0.05435651 0.9979819 0.03282558 0.05435651 0.9979819 0.1162989 0.1925813 0.9743649 0.1162989 0.1925813 0.974365 0.2138582 0.3541314 0.9104151 0.2138581 0.3541314 0.9104151 0.3028614 0.5015134 0.8104069 0.3028613 0.5015134 0.8104069 0.3797901 0.6289011 0.678412 0.3797902 0.6289011 0.678412 0.4416369 0.7313142 0.5197464 0.4416368 0.7313142 0.5197466 0.04028564 0.04908376 0.9979819 0.0402857 0.04908376 0.9979819 0.1427294 0.1739003 0.9743649 0.1427293 0.1739003 0.9743649 0.2624602 0.3197796 0.9104151 0.2624602 0.3197796 0.9104152 0.3716905 0.4528651 0.8104069 0.3716909 0.4528651 0.8104068 0.4661027 0.5678957 0.678412 0.4661024 0.5678957 0.6784121 0.5420047 0.6603745 0.5197467 0.5420047 0.6603745 0.5197466 0.04691195 0.04279512 0.9979819 0.04691195 0.04279512 0.9979819 0.1662057 0.1516201 0.9743649 0.1662057 0.15162 0.9743649 0.3056302 0.2788091 0.9104151 0.3056301 0.2788091 0.9104151 0.4328271 0.3948437 0.8104068 0.4328268 0.3948437 0.8104069 0.5427677 0.4951366 0.6784122 0.542768 0.4951365 0.6784119 0.6311547 0.5757666 0.5197466 0.6311548 0.5757666 0.5197464 0.4900035 -0.6993614 0.5203751 0.5674559 -0.638637 0.5197467 0.5674558 -0.6386371 0.5197466 0.6532232 -0.5506024 0.5197466 0.6532232 -0.5506024 0.5197465 0.7254706 -0.4511719 0.5197464 0.7254706 -0.4511715 0.5197468 0.7827028 -0.3424028 0.5197468 0.7827027 -0.3424028 0.5197468 0.8237351 -0.2265475 0.5197468 0.8237351 -0.2265477 0.5197466 0.8477186 -0.1060029 0.5197467 0.8477186 -0.1060031 0.5197465 0.8541566 0.01673507 0.5197466 0.8541564 0.01673525 0.5197467 0.8429158 0.1391271 0.5197467 0.8429159 0.139127 0.5197466 0.8224632 0.2294716 0.5204778 0.7935951 0.2362973 0.5606875 0.8929455 0.3001294 0.3355154 0.7783049 0.5273965 0.340726 0.7783048 0.5273967 0.3407264 0.6945728 0.6336199 0.3407263 0.6945734 0.6336197 0.3407256 0.5964655 0.7267289 0.3407255 0.5964653 0.726729 0.3407257 0.4860125 0.8047968 0.3407257 0.4860125 0.8047968 0.3407257 0.3711429 0.8637514 0.3408614 0.3711428 0.8637514 0.3408616 0.5018815 -0.7948422 0.3410879 0.5171637 -0.7851418 0.3407257 0.5171638 -0.7851416 0.340726 0.624474 -0.7028072 0.3407261 0.6244739 -0.7028073 0.3407259 0.7188591 -0.6059269 0.3407259 0.7188591 -0.6059269 0.3407258 0.798366 -0.4965054 0.3407258 0.7983661 -0.4965057 0.3407254 0.8613489 -0.3768079 0.3407254 0.8613489 -0.3768075 0.3407258 0.9065042 -0.249311 0.3407258 0.9065042 -0.249311 0.3407258 0.9328975 -0.1166543 0.3407258 0.9328975 -0.1166541 0.3407261 0.9399822 0.01841688 0.3407261 0.9399823 0.01841664 0.3407258 0.9276121 0.1531068 0.3407258 0.9276121 0.1531066 0.3407257 0.8960431 0.2846276 0.3407257 0.8960429 0.2846277 0.340726 0.8945839 0.2890579 0.34083 0.8441544 0.3364365 0.4173892 0.3501783 -0.8223879 0.4483897 0.2568652 -0.8469086 0.4655814 0.2728743 -0.8996921 0.3407254 0.2728747 -0.8996917 0.3407263 0.2852851 -0.9406097 0.1840263 0.2852848 -0.9406101 0.1840252 0.009519934 -0.06278157 0.9979819 0.009519934 -0.06278151 0.9979819 0.03372848 -0.2224306 0.9743649 0.03372848 -0.2224307 0.974365 0.0620222 -0.4090203 0.9104151 0.06202226 -0.4090201 0.9104152 0.08783477 -0.5792461 0.8104067 0.08783483 -0.5792461 0.8104068 0.1101455 -0.7263782 0.6784119 0.1101455 -0.7263781 0.6784119 0.128082 -0.8446647 0.5197466 0.128082 -0.8446648 0.5197466 0.1409516 -0.9295366 0.3407263 0.1409516 -0.9295367 0.3407261 0.1473621 -0.9718123 0.1840252 0.1473622 -0.9718121 0.1840257 4.12752e-4 -0.0634979 0.9979819 4.12773e-4 -0.06349784 0.9979819 0.001462399 -0.2249686 0.9743649 0.001462399 -0.2249686 0.9743649 0.002689123 -0.4136871 0.9104151 0.002688884 -0.4136873 0.9104151 0.003807961 -0.5858553 0.8104068 0.003808081 -0.5858551 0.8104068 0.004775345 -0.7346662 0.6784119 0.004775524 -0.7346661 0.6784121 0.005553185 -0.8543025 0.5197466 0.005553245 -0.8543025 0.5197467 0.006111264 -0.9401428 0.3407261 0.006111085 -0.9401428 0.3407259 0.006330966 -0.9739687 0.2265945 -0.03218036 -0.9823259 0.1843917 -0.008702933 -0.06289994 0.9979819 -0.008702993 -0.0629 0.9979819 -0.03083419 -0.2228503 0.9743649 -0.03083413 -0.2228502 0.9743649 -0.05669993 -0.4097921 0.9104151 -0.05669969 -0.4097919 0.9104151 -0.08029699 -0.5803388 0.8104069 -0.08029675 -0.5803387 0.8104069 -0.1006927 -0.7277485 0.6784121 -0.1006929 -0.7277487 0.6784119 -0.1170902 -0.8462585 0.5197466 -0.1170905 -0.8462586 0.5197464 -0.1288557 -0.9312906 0.3407259 -0.1288554 -0.9312905 0.3407262 -0.1347159 -0.9736459 0.1840255 -0.1347161 -0.9736459 0.1840248 0.1347857 -0.9908748 0 0.3586257 -0.9334814 1.18674e-5 0.3728091 -0.927904 -0.002794444 0.09881764 -0.995099 0.003627955 0.7171548 -0.6969141 0 0.4904347 -0.871478 -2.34287e-6 0.6279143 -0.7782623 0.00560683 0.524948 -0.850718 -0.02661687 0.7807326 -0.6242342 0.02807563 0.7175346 -0.6965228 -1.73778e-4 0.4494322 0.8933144 0 0.4870011 0.8733384 0.0104888 0.7977266 0.602635 0.02152377 0.7084825 0.7057284 -9.53599e-5 0.5923624 0.8056715 3.67703e-5 0.988172 0.1526799 0.01431351 0.9729457 0.231025 0.002027153 0.8644336 0.5027439 -0.001796066 0.8676669 -0.497146 6.2251e-5 0.9503718 -0.3109062 0.01143693 0.9426048 -0.3338414 0.006778717 0.9918748 -0.1272179 -3.82098e-5 0.9999999 5.22282e-4 1.00856e-4 0.1236819 -0.9923183 -0.002703487 -0.171236 -0.9852265 0.002645075 -0.19275 -0.9812479 0 0.8036166 -0.5951474 7.4934e-5 0.9959241 0.09019523 0 0.7283876 0.6851654 0 0.4113792 0.9114643 0 0.4870192 0.8733708 0.005970299 0.6065151 0.7950606 -0.004246056 0.7419914 0.6703918 0.004848659 0.809216 0.5874582 -0.007880866 0.8737159 0.4864196 0.004061162 0.9426264 -0.3338493 -3.80059e-4 0.8923234 -0.4504719 0.02887952 0.9733924 -0.2291432 -8.03563e-4 0.9956352 0.09332489 0.001001477 0.9982814 0.05754524 0.01107794 0.9436777 0.3307979 -0.006715357 0.9569087 0.290389 3.15692e-5 0.9044526 0.4265741 -1.25582e-5 0.1703521 -0.9849678 0.02861148 0.3819224 -0.9241944 1.74291e-4 0.6718723 -0.7406669 -4.44929e-4 0.5535523 -0.831716 0.04276096 0.6825356 -0.7308015 0.008620023 0.2406661 -0.9705975 -0.004510641 -0.1712359 -0.9852261 0.002805292 -0.1808515 -0.9835104 0 0.4870278 0.8733864 -2.71988e-4 0.5830067 0.81226 0.01835298 0.4495937 0.8932332 0 0.9882733 0.1526955 -3.72693e-5 0.9975651 0.047836 0.05075073 0.9762477 0.2166267 0.003641068 0.7978979 0.6027645 -0.005810499 0.8535837 0.5202322 0.02745026 0.7096253 0.7045793 1.77103e-4 0.5386262 -0.7381941 0.4061419 0.671871 -0.7406654 0.002080321 0.4309877 -0.9023577 -3.83898e-4 0.6713154 -0.7323675 0.1139006 0.7804963 -0.6250796 -0.01004189 0.9424287 -0.333779 0.0204885 0.9370729 -0.3474369 0.03438031 0.9855136 -0.169596 1.18257e-5 0.2621008 -0.9557163 0.1338267 0.2371557 -0.9564421 0.1702224 0.1007561 -0.9948615 -0.009938657 -0.1712229 -0.9851509 0.01266229 -0.1862261 -0.9825069 0 0.9017496 0.4322584 -6.46819e-4 0.7878512 0.5951744 0.1582974 0.7871457 0.5990566 0.1467404 0.6927653 0.7211046 -0.009190201 0.4869846 0.8733087 0.01333242 0.4757417 0.8795807 0.002756416 0.3398906 0.9404649 0 0.9414781 0.3370733 7.57998e-4 0.9778346 0.1510826 0.1449606 0.9874948 0.1305606 0.08836227 0.8569298 -0.5154332 2.25113e-5 0.9370379 -0.3487275 0.01868408 0.9421567 -0.3336829 0.03156691 0.9909295 -0.1343822 3.55184e-4 0.9999604 -0.008866667 -7.8163e-4 0.7614751 -0.6481942 -5.90003e-5 0.6716915 -0.7404676 0.02320063 0.5765377 -0.8170701 -7.73812e-4 0.3426523 -0.939462 8.08739e-4 0.2406376 -0.9704825 0.01604169 0.08888053 -0.9960395 -0.002339005 -0.1712358 -0.9852255 0.002999186 -0.1923993 -0.9813168 0 0.5395559 -0.8419498 0 0.8419498 0.5395559 0 0.9438814 0.3302783 0.002017796 0.9064041 0.4224116 0 0.8467243 0.532032 0 0.532032 -0.8467243 0 0.4224116 -0.9064041 0 0.3302648 -0.9438424 0.009312748 0.3182694 -0.9480003 0 0.1119647 -0.9937122 0 0.1119647 -0.9937122 0 0.3182694 -0.9480003 0 0.4402966 -0.8938254 0.08494186 0.5395558 -0.8419498 0 0.7071068 -0.7071068 0 0.7071068 -0.7071068 0 0.794452 -0.6073269 0 0.8466899 -0.5320103 -0.009011805 0.8574556 -0.5145578 0 0.9480003 0.3182694 0 0.9480003 0.3182694 0 0.9937122 0.1119647 0 0.9937122 0.1119647 0 0.9937122 -0.1119647 0 0.9937122 -0.1119647 0 0.9438834 -0.3302791 0 0.9438834 -0.3302791 0 0.8574557 -0.5145579 0 0.8969145 0.4418183 0.01846766 0.8419498 0.5395558 0 0.7071068 0.7071068 0 0.7071068 0.7071068 0 0.5320319 0.8467242 0 0.5320319 0.8467242 0 0.3302791 0.9438834 0 0.3302791 0.9438834 0 0.1119647 0.9937122 0 0.1119647 0.9937122 0 0 -0.9659256 -0.2588201 0 -0.9659256 -0.2588201 0 -0.7071059 -0.7071077 0 -0.7071059 -0.7071077 0 -0.2588222 -0.965925 0 -0.2588222 -0.965925 0 0.2588222 -0.965925 0 0.2588222 -0.965925 0 0.7071068 -0.7071068 0 0.7071068 -0.7071068 0 0.9659256 -0.2588201 0 0.9659256 -0.2588201 -1 0 0 -1 0 0 -1 0 0 -1 0 0 -1 0 0 -1 0 0 -1 0 0 -1 0 0 -1 0 0 -1 0 0 0 0.965926 0.2588183 0 0.965926 0.2588183 0 0.7071068 0.7071068 0 0.7071068 0.7071068 0 0.2588222 0.965925 0 0.2588222 0.965925 0 -0.2588222 0.965925 0 -0.2588222 0.965925 0 -0.7071059 0.7071077 0 -0.7071059 0.7071077 0 -0.965926 0.2588183 0 -0.965926 0.2588183 1 0 0 1 0 0 1 0 0 1 0 0 1 0 0 1 0 0 1 0 0 1 0 0 1 0 0 1 0 0 0 -0.9659255 -0.2588201 0 -0.9659255 -0.2588201 0 -0.7071059 -0.7071077 0 -0.7071059 -0.7071077 0 -0.2588222 -0.965925 0 -0.2588222 -0.965925 0 0.2588223 -0.9659249 0 0.2588223 -0.9659249 0 0.7071059 -0.7071077 0 0.7071059 -0.7071077 0 0.9659255 -0.2588201 0 0.9659255 -0.2588201 -1 0 0 -1 0 0 -1 0 0 -1 0 0 -1 0 0 -1 0 0 -1 0 0 -1 0 0 -1 0 0 -1 0 0 0 0.9659261 0.2588183 0 0.9659261 0.2588183 0 0.7071059 0.7071077 0 0.7071059 0.7071077 0 0.2588223 0.9659249 0 0.2588223 0.9659249 0 -0.2588222 0.965925 0 -0.2588222 0.965925 0 -0.7071059 0.7071077 0 -0.7071059 0.7071077 0 -0.9659261 0.2588183 0 -0.9659261 0.2588183 1 0 0 1 0 0 1 0 0 1 0 0 1 0 0 1 0 0 1 0 0 1 0 0 1 0 0 1 0 0</float_array>
          <technique_common>
            <accessor source="#link_base-mesh-normals-array" count="6758" stride="3">
              <param name="X" type="float"/>
              <param name="Y" type="float"/>
              <param name="Z" type="float"/>
            </accessor>
          </technique_common>
        </source>
        <vertices id="link_base-mesh-vertices">
          <input semantic="POSITION" source="#link_base-mesh-positions"/>
        </vertices>
        <triangles material="black-material" count="5449">
          <input semantic="VERTEX" source="#link_base-mesh-vertices" offset="0"/>
          <input semantic="NORMAL" source="#link_base-mesh-normals" offset="1"/>
          <p>59 46 58 46 60 46 262 406 250 406 263 406 263 407 250 407 249 407 263 408 249 408 264 408 272 418 250 418 262 418 272 419 262 419 260 419 249 468 290 468 264 468 409 771 410 771 411 771 411 772 410 772 412 772 411 773 412 773 413 773 409 774 414 774 410 774 410 775 414 775 415 775 410 776 415 776 416 776 416 777 417 777 410 777 410 778 417 778 418 778 410 779 418 779 419 779 419 780 418 780 420 780 419 781 420 781 421 781 421 782 420 782 422 782 421 783 422 783 423 783 407 784 404 784 410 784 399 785 400 785 424 785 419 786 405 786 406 786 410 787 404 787 424 787 424 788 404 788 398 788 424 789 398 789 399 789 400 790 393 790 424 790 424 791 393 791 392 791 424 792 392 792 425 792 425 793 392 793 397 793 425 794 397 794 396 794 396 795 395 795 425 795 425 796 395 796 394 796 425 797 394 797 419 797 419 798 394 798 401 798 419 799 401 799 405 799 406 800 402 800 419 800 419 801 402 801 403 801 419 802 403 802 410 802 410 803 403 803 408 803 410 804 408 804 407 804 425 805 419 805 426 805 426 806 419 806 421 806 426 807 421 807 427 807 427 808 421 808 423 808 428 809 429 809 430 809 431 810 432 810 433 810 434 811 435 811 436 811 413 812 437 812 438 812 411 813 413 813 439 813 439 814 413 814 438 814 439 815 438 815 440 815 440 816 438 816 441 816 442 817 443 817 444 817 439 818 434 818 411 818 411 819 434 819 436 819 411 820 436 820 409 820 409 821 436 821 445 821 409 822 445 822 414 822 414 823 445 823 446 823 414 824 446 824 415 824 415 825 446 825 447 825 415 826 447 826 416 826 416 827 447 827 448 827 430 828 442 828 428 828 428 829 442 829 444 829 428 830 444 830 449 830 449 831 444 831 450 831 449 832 450 832 451 832 450 833 431 833 451 833 451 834 431 834 433 834 451 835 433 835 452 835 452 836 433 836 453 836 452 837 453 837 454 837 454 838 453 838 455 838 454 839 455 839 456 839 456 840 455 840 457 840 456 841 457 841 458 841 458 842 457 842 459 842 458 843 459 843 441 843 441 844 459 844 460 844 441 845 460 845 440 845 440 846 460 846 461 846 462 847 463 847 464 847 462 848 464 848 465 848 437 849 466 849 438 849 438 850 466 850 424 850 465 851 464 851 467 851 467 852 464 852 429 852 467 853 429 853 428 853 428 854 449 854 467 854 467 855 449 855 451 855 467 856 451 856 452 856 452 857 454 857 467 857 467 858 454 858 456 858 467 859 456 859 458 859 468 860 469 860 438 860 438 861 469 861 467 861 438 862 467 862 441 862 441 863 467 863 458 863 426 864 427 864 425 864 425 865 427 865 470 865 425 866 470 866 424 866 424 867 470 867 438 867 438 868 470 868 471 868 438 869 471 869 468 869 437 870 413 870 466 870 466 871 413 871 412 871 466 872 412 872 424 872 424 873 412 873 410 873 439 874 440 874 472 874 472 875 440 875 473 875 472 876 473 876 474 876 475 877 476 877 477 877 472 878 478 878 439 878 439 879 478 879 479 879 439 880 479 880 434 880 434 881 479 881 475 881 434 882 475 882 480 882 480 883 475 883 477 883 481 884 482 884 483 884 483 885 482 885 472 885 483 886 472 886 484 886 484 887 472 887 474 887 485 888 486 888 487 888 488 889 489 889 490 889 491 890 492 890 487 890 487 891 493 891 491 891 491 892 493 892 494 892 491 893 494 893 495 893 496 894 497 894 498 894 498 895 497 895 499 895 498 896 499 896 500 896 500 897 499 897 485 897 500 898 485 898 490 898 490 899 485 899 487 899 490 900 487 900 488 900 488 901 487 901 492 901 501 902 502 902 503 902 503 903 504 903 501 903 501 904 504 904 505 904 501 905 505 905 506 905 507 906 508 906 509 906 501 907 510 907 502 907 502 908 510 908 511 908 502 909 511 909 512 909 512 910 511 910 507 910 512 911 507 911 513 911 513 912 507 912 509 912 506 913 514 913 501 913 501 914 514 914 515 914 501 915 515 915 516 915 517 916 518 916 519 916 520 917 431 917 450 917 521 918 522 918 519 918 523 919 521 919 524 919 524 920 521 920 519 920 524 921 519 921 525 921 526 922 527 922 528 922 528 923 527 923 529 923 528 924 529 924 444 924 444 925 529 925 517 925 444 926 517 926 450 926 450 927 517 927 519 927 450 928 519 928 520 928 520 929 519 929 522 929 530 930 531 930 532 930 532 931 531 931 533 931 532 932 533 932 534 932 534 933 533 933 535 933 534 934 535 934 536 934 537 935 447 935 538 935 538 936 447 936 446 936 538 937 446 937 539 937 539 938 446 938 445 938 539 939 445 939 540 939 541 940 542 940 543 940 543 941 542 941 544 941 543 942 544 942 545 942 545 943 544 943 546 943 546 944 544 944 547 944 546 945 547 945 548 945 548 946 547 946 549 946 548 947 549 947 550 947 550 948 549 948 551 948 550 949 551 949 552 949 552 950 551 950 553 950 552 951 553 951 554 951 541 952 555 952 542 952 542 953 555 953 556 953 542 954 556 954 557 954 557 955 556 955 558 955 557 956 558 956 537 956 537 957 558 957 448 957 537 958 448 958 447 958 535 959 559 959 536 959 536 960 559 960 560 960 536 961 560 961 553 961 553 962 560 962 561 962 553 963 561 963 554 963 432 964 562 964 433 964 433 965 562 965 563 965 433 966 563 966 453 966 432 967 564 967 562 967 562 968 564 968 443 968 562 969 443 969 565 969 565 970 443 970 442 970 565 971 442 971 530 971 530 972 442 972 430 972 530 973 430 973 531 973 453 974 563 974 455 974 455 975 563 975 566 975 455 976 566 976 457 976 457 977 566 977 567 977 457 978 567 978 459 978 459 979 567 979 568 979 459 980 568 980 460 980 460 981 568 981 569 981 460 982 569 982 461 982 445 983 436 983 540 983 540 984 436 984 435 984 540 985 435 985 569 985 569 986 435 986 570 986 569 987 570 987 461 987 571 988 572 988 509 988 560 989 512 989 513 989 504 990 503 990 554 990 573 991 505 991 574 991 574 992 505 992 504 992 574 993 504 993 575 993 575 994 504 994 554 994 575 995 554 995 576 995 576 996 554 996 561 996 509 997 572 997 513 997 572 998 577 998 513 998 513 999 577 999 578 999 513 1000 578 1000 560 1000 560 1001 578 1001 579 1001 560 1002 579 1002 561 1002 561 1003 579 1003 580 1003 561 1004 580 1004 576 1004 581 1005 582 1005 508 1005 508 1006 582 1006 583 1006 508 1007 583 1007 509 1007 509 1008 583 1008 584 1008 509 1009 584 1009 571 1009 508 1010 507 1010 581 1010 581 1011 507 1011 511 1011 581 1012 511 1012 585 1012 541 1013 489 1013 488 1013 586 1014 485 1014 587 1014 587 1015 485 1015 499 1015 497 1016 588 1016 499 1016 499 1017 588 1017 589 1017 499 1018 589 1018 587 1018 496 1019 590 1019 497 1019 497 1020 590 1020 591 1020 497 1021 591 1021 588 1021 498 1022 592 1022 496 1022 496 1023 592 1023 593 1023 496 1024 593 1024 590 1024 498 1025 500 1025 556 1025 594 1026 595 1026 555 1026 555 1027 595 1027 596 1027 555 1028 596 1028 556 1028 556 1029 596 1029 597 1029 556 1030 597 1030 498 1030 498 1031 597 1031 598 1031 498 1032 598 1032 592 1032 594 1033 555 1033 599 1033 599 1034 555 1034 541 1034 599 1035 541 1035 600 1035 541 1036 488 1036 600 1036 600 1037 488 1037 492 1037 600 1038 492 1038 601 1038 602 1039 603 1039 478 1039 478 1040 603 1040 479 1040 479 1041 603 1041 604 1041 479 1042 604 1042 605 1042 602 1043 478 1043 606 1043 606 1044 478 1044 472 1044 606 1045 472 1045 607 1045 607 1046 472 1046 608 1046 608 1047 472 1047 482 1047 608 1048 482 1048 609 1048 610 1049 611 1049 481 1049 481 1050 611 1050 612 1050 481 1051 612 1051 482 1051 482 1052 612 1052 613 1052 482 1053 613 1053 609 1053 610 1054 481 1054 614 1054 614 1055 481 1055 483 1055 614 1056 483 1056 615 1056 615 1057 483 1057 616 1057 616 1058 483 1058 484 1058 616 1059 484 1059 617 1059 617 1060 484 1060 474 1060 617 1061 474 1061 618 1061 521 1062 619 1062 522 1062 522 1063 619 1063 620 1063 522 1064 620 1064 621 1064 523 1065 524 1065 622 1065 622 1066 623 1066 523 1066 523 1067 623 1067 624 1067 523 1068 624 1068 521 1068 521 1069 624 1069 625 1069 521 1070 625 1070 619 1070 626 1071 525 1071 627 1071 627 1072 525 1072 519 1072 627 1073 519 1073 628 1073 626 1074 629 1074 525 1074 525 1075 629 1075 630 1075 525 1076 630 1076 524 1076 524 1077 630 1077 631 1077 524 1078 631 1078 622 1078 628 1079 519 1079 632 1079 632 1080 519 1080 518 1080 632 1081 518 1081 633 1081 633 1082 518 1082 517 1082 633 1083 517 1083 634 1083 635 1084 636 1084 637 1084 636 1085 638 1085 639 1085 640 1086 641 1086 642 1086 643 1087 644 1087 645 1087 582 1088 581 1088 646 1088 647 1089 648 1089 649 1089 650 1090 651 1090 652 1090 653 1091 654 1091 655 1091 653 1092 655 1092 656 1092 656 1093 655 1093 657 1093 656 1094 657 1094 658 1094 658 1095 657 1095 659 1095 658 1096 659 1096 660 1096 660 1097 659 1097 661 1097 660 1098 661 1098 662 1098 662 1099 661 1099 663 1099 662 1100 663 1100 664 1100 664 1101 663 1101 665 1101 664 1102 665 1102 666 1102 666 1103 665 1103 667 1103 666 1104 667 1104 668 1104 668 1105 667 1105 669 1105 668 1106 669 1106 670 1106 670 1107 669 1107 671 1107 670 1108 671 1108 672 1108 672 1109 671 1109 673 1109 672 1110 673 1110 674 1110 674 1111 673 1111 675 1111 674 1112 675 1112 676 1112 676 1113 675 1113 677 1113 676 1114 677 1114 678 1114 678 1115 677 1115 639 1115 678 1116 639 1116 679 1116 679 1117 639 1117 638 1117 679 1118 638 1118 680 1118 681 1119 682 1119 683 1119 683 1120 682 1120 684 1120 683 1121 684 1121 685 1121 685 1122 684 1122 686 1122 685 1123 686 1123 687 1123 687 1124 686 1124 688 1124 687 1125 688 1125 689 1125 689 1126 688 1126 690 1126 689 1127 690 1127 691 1127 691 1128 690 1128 692 1128 691 1129 692 1129 693 1129 693 1130 692 1130 694 1130 695 1131 696 1131 697 1131 697 1132 696 1132 698 1132 697 1133 698 1133 699 1133 699 1134 698 1134 700 1134 699 1135 700 1135 701 1135 701 1136 700 1136 702 1136 701 1137 702 1137 703 1137 704 1138 705 1138 706 1138 706 1139 705 1139 707 1139 706 1140 707 1140 708 1140 708 1141 707 1141 709 1141 708 1142 709 1142 710 1142 710 1143 709 1143 711 1143 710 1144 711 1144 712 1144 712 1145 711 1145 713 1145 712 1146 713 1146 702 1146 702 1147 713 1147 714 1147 702 1148 714 1148 703 1148 704 1149 706 1149 715 1149 715 1150 706 1150 716 1150 715 1151 716 1151 717 1151 717 1152 716 1152 718 1152 717 1153 718 1153 719 1153 719 1154 718 1154 720 1154 719 1155 720 1155 721 1155 721 1156 720 1156 722 1156 721 1157 722 1157 723 1157 724 1158 725 1158 726 1158 726 1159 725 1159 727 1159 726 1160 727 1160 728 1160 728 1161 727 1161 729 1161 728 1162 729 1162 730 1162 730 1163 729 1163 731 1163 730 1164 731 1164 732 1164 732 1165 731 1165 733 1165 732 1166 733 1166 722 1166 722 1167 733 1167 734 1167 722 1168 734 1168 723 1168 724 1169 726 1169 735 1169 735 1170 726 1170 736 1170 735 1171 736 1171 737 1171 737 1172 736 1172 738 1172 737 1173 738 1173 739 1173 740 1174 741 1174 742 1174 742 1175 741 1175 743 1175 742 1176 743 1176 744 1176 744 1177 743 1177 745 1177 744 1178 745 1178 746 1178 746 1179 745 1179 747 1179 746 1180 747 1180 748 1180 748 1181 747 1181 749 1181 748 1182 749 1182 750 1182 750 1183 749 1183 751 1183 750 1184 751 1184 752 1184 752 1185 751 1185 753 1185 752 1186 753 1186 649 1186 649 1187 753 1187 754 1187 649 1188 754 1188 647 1188 647 1189 754 1189 755 1189 574 1190 756 1190 573 1190 573 1191 756 1191 757 1191 573 1192 757 1192 758 1192 759 1193 760 1193 761 1193 762 1194 763 1194 764 1194 764 1195 763 1195 765 1195 764 1196 765 1196 766 1196 767 1197 768 1197 710 1197 710 1198 768 1198 769 1198 710 1199 769 1199 708 1199 708 1200 769 1200 770 1200 770 1201 771 1201 708 1201 708 1202 771 1202 772 1202 708 1203 772 1203 773 1203 646 1204 581 1204 774 1204 774 1205 581 1205 585 1205 774 1206 585 1206 775 1206 775 1207 585 1207 776 1207 775 1208 776 1208 767 1208 777 1209 584 1209 646 1209 646 1210 584 1210 583 1210 646 1211 583 1211 582 1211 579 1212 578 1212 778 1212 778 1213 578 1213 577 1213 778 1214 577 1214 635 1214 635 1215 577 1215 572 1215 635 1216 572 1216 777 1216 777 1217 572 1217 571 1217 777 1218 571 1218 584 1218 574 1219 575 1219 756 1219 756 1220 575 1220 576 1220 756 1221 576 1221 778 1221 778 1222 576 1222 580 1222 778 1223 580 1223 579 1223 779 1224 780 1224 736 1224 781 1225 738 1225 782 1225 782 1226 738 1226 736 1226 782 1227 736 1227 783 1227 783 1228 736 1228 780 1228 781 1229 784 1229 738 1229 738 1230 784 1230 785 1230 738 1231 785 1231 786 1231 644 1232 787 1232 788 1232 788 1233 787 1233 789 1233 788 1234 789 1234 790 1234 790 1235 789 1235 779 1235 643 1236 645 1236 641 1236 791 1237 600 1237 792 1237 792 1238 600 1238 601 1238 792 1239 601 1239 793 1239 640 1240 642 1240 793 1240 597 1241 596 1241 794 1241 596 1242 595 1242 794 1242 794 1243 595 1243 594 1243 794 1244 594 1244 791 1244 791 1245 594 1245 599 1245 791 1246 599 1246 600 1246 795 1247 796 1247 590 1247 590 1248 593 1248 795 1248 795 1249 593 1249 592 1249 795 1250 592 1250 794 1250 794 1251 592 1251 598 1251 794 1252 598 1252 597 1252 586 1253 587 1253 797 1253 797 1254 587 1254 589 1254 797 1255 589 1255 798 1255 798 1256 589 1256 588 1256 798 1257 588 1257 796 1257 796 1258 588 1258 591 1258 796 1259 591 1259 590 1259 636 1260 639 1260 637 1260 637 1261 639 1261 677 1261 637 1262 677 1262 799 1262 799 1263 677 1263 675 1263 799 1264 675 1264 800 1264 800 1265 675 1265 673 1265 800 1266 673 1266 801 1266 801 1267 673 1267 671 1267 801 1268 671 1268 802 1268 802 1269 671 1269 669 1269 802 1270 669 1270 803 1270 803 1271 669 1271 667 1271 803 1272 667 1272 804 1272 804 1273 667 1273 665 1273 804 1274 665 1274 805 1274 805 1275 665 1275 663 1275 805 1276 663 1276 806 1276 806 1277 663 1277 661 1277 806 1278 661 1278 807 1278 807 1279 661 1279 659 1279 807 1280 659 1280 808 1280 808 1281 659 1281 657 1281 808 1282 657 1282 809 1282 809 1283 657 1283 655 1283 809 1284 655 1284 810 1284 810 1285 655 1285 654 1285 810 1286 654 1286 811 1286 635 1287 637 1287 778 1287 778 1288 637 1288 799 1288 778 1289 799 1289 756 1289 756 1290 799 1290 800 1290 756 1291 800 1291 757 1291 757 1292 800 1292 801 1292 757 1293 801 1293 812 1293 812 1294 801 1294 802 1294 812 1295 802 1295 813 1295 813 1296 802 1296 803 1296 813 1297 803 1297 814 1297 814 1298 803 1298 804 1298 814 1299 804 1299 815 1299 815 1300 804 1300 805 1300 815 1301 805 1301 816 1301 816 1302 805 1302 806 1302 816 1303 806 1303 817 1303 817 1304 806 1304 807 1304 817 1305 807 1305 818 1305 818 1306 807 1306 808 1306 818 1307 808 1307 792 1307 792 1308 808 1308 809 1308 792 1309 809 1309 791 1309 791 1310 809 1310 810 1310 791 1311 810 1311 794 1311 794 1312 810 1312 811 1312 794 1313 811 1313 795 1313 793 1314 642 1314 792 1314 792 1315 642 1315 819 1315 792 1316 819 1316 818 1316 818 1317 819 1317 820 1317 818 1318 820 1318 817 1318 817 1319 820 1319 821 1319 817 1320 821 1320 816 1320 816 1321 821 1321 822 1321 816 1322 822 1322 815 1322 815 1323 822 1323 823 1323 815 1324 823 1324 814 1324 814 1325 823 1325 824 1325 814 1326 824 1326 813 1326 813 1327 824 1327 825 1327 813 1328 825 1328 812 1328 812 1329 825 1329 826 1329 812 1330 826 1330 757 1330 757 1331 826 1331 827 1331 757 1332 827 1332 758 1332 641 1333 645 1333 642 1333 642 1334 645 1334 828 1334 642 1335 828 1335 819 1335 819 1336 828 1336 829 1336 819 1337 829 1337 820 1337 820 1338 829 1338 830 1338 820 1339 830 1339 821 1339 821 1340 830 1340 831 1340 821 1341 831 1341 822 1341 822 1342 831 1342 832 1342 822 1343 832 1343 823 1343 823 1344 832 1344 833 1344 823 1345 833 1345 824 1345 824 1346 833 1346 834 1346 824 1347 834 1347 825 1347 825 1348 834 1348 759 1348 825 1349 759 1349 826 1349 826 1350 759 1350 761 1350 826 1351 761 1351 827 1351 682 1352 835 1352 684 1352 684 1353 835 1353 836 1353 684 1354 836 1354 686 1354 686 1355 836 1355 837 1355 686 1356 837 1356 688 1356 688 1357 837 1357 838 1357 688 1358 838 1358 690 1358 690 1359 838 1359 839 1359 690 1360 839 1360 692 1360 692 1361 839 1361 840 1361 692 1362 840 1362 694 1362 694 1363 840 1363 841 1363 835 1364 842 1364 836 1364 836 1365 842 1365 843 1365 836 1366 843 1366 837 1366 837 1367 843 1367 844 1367 837 1368 844 1368 838 1368 838 1369 844 1369 845 1369 838 1370 845 1370 839 1370 839 1371 845 1371 846 1371 839 1372 846 1372 840 1372 840 1373 846 1373 847 1373 840 1374 847 1374 841 1374 841 1375 847 1375 848 1375 842 1376 680 1376 843 1376 843 1377 680 1377 638 1377 843 1378 638 1378 844 1378 844 1379 638 1379 636 1379 844 1380 636 1380 845 1380 845 1381 636 1381 635 1381 845 1382 635 1382 846 1382 846 1383 635 1383 777 1383 846 1384 777 1384 847 1384 847 1385 777 1385 646 1385 847 1386 646 1386 848 1386 848 1387 646 1387 774 1387 644 1388 788 1388 645 1388 645 1389 788 1389 849 1389 645 1390 849 1390 828 1390 828 1391 849 1391 850 1391 828 1392 850 1392 829 1392 829 1393 850 1393 851 1393 829 1394 851 1394 830 1394 830 1395 851 1395 852 1395 830 1396 852 1396 831 1396 831 1397 852 1397 853 1397 831 1398 853 1398 832 1398 832 1399 853 1399 854 1399 832 1400 854 1400 833 1400 833 1401 854 1401 855 1401 833 1402 855 1402 834 1402 834 1403 855 1403 763 1403 834 1404 763 1404 759 1404 759 1405 763 1405 762 1405 759 1406 762 1406 760 1406 767 1407 710 1407 775 1407 775 1408 710 1408 712 1408 775 1409 712 1409 774 1409 774 1410 712 1410 702 1410 774 1411 702 1411 848 1411 848 1412 702 1412 700 1412 848 1413 700 1413 841 1413 841 1414 700 1414 698 1414 841 1415 698 1415 694 1415 694 1416 698 1416 696 1416 694 1417 696 1417 693 1417 779 1418 736 1418 790 1418 790 1419 736 1419 726 1419 790 1420 726 1420 788 1420 788 1421 726 1421 728 1421 788 1422 728 1422 849 1422 849 1423 728 1423 730 1423 849 1424 730 1424 850 1424 850 1425 730 1425 732 1425 850 1426 732 1426 851 1426 851 1427 732 1427 722 1427 851 1428 722 1428 852 1428 852 1429 722 1429 720 1429 852 1430 720 1430 853 1430 853 1431 720 1431 718 1431 853 1432 718 1432 854 1432 854 1433 718 1433 716 1433 854 1434 716 1434 855 1434 855 1435 716 1435 706 1435 855 1436 706 1436 763 1436 763 1437 706 1437 708 1437 763 1438 708 1438 765 1438 765 1439 708 1439 773 1439 765 1440 773 1440 766 1440 785 1441 586 1441 786 1441 786 1442 586 1442 797 1442 786 1443 797 1443 738 1443 738 1444 797 1444 856 1444 738 1445 856 1445 739 1445 739 1446 856 1446 857 1446 653 1447 858 1447 654 1447 654 1448 858 1448 859 1448 654 1449 859 1449 811 1449 811 1450 859 1450 860 1450 811 1451 860 1451 795 1451 795 1452 860 1452 861 1452 795 1453 861 1453 796 1453 796 1454 861 1454 862 1454 796 1455 862 1455 798 1455 798 1456 862 1456 863 1456 798 1457 863 1457 797 1457 797 1458 863 1458 864 1458 797 1459 864 1459 856 1459 856 1460 864 1460 652 1460 856 1461 652 1461 857 1461 857 1462 652 1462 651 1462 858 1463 865 1463 859 1463 859 1464 865 1464 866 1464 859 1465 866 1465 860 1465 860 1466 866 1466 867 1466 860 1467 867 1467 861 1467 861 1468 867 1468 868 1468 861 1469 868 1469 862 1469 862 1470 868 1470 869 1470 862 1471 869 1471 863 1471 863 1472 869 1472 870 1472 863 1473 870 1473 864 1473 864 1474 870 1474 871 1474 864 1475 871 1475 652 1475 652 1476 871 1476 872 1476 652 1477 872 1477 650 1477 650 1478 872 1478 873 1478 865 1479 740 1479 866 1479 866 1480 740 1480 742 1480 866 1481 742 1481 867 1481 867 1482 742 1482 744 1482 867 1483 744 1483 868 1483 868 1484 744 1484 746 1484 868 1485 746 1485 869 1485 869 1486 746 1486 748 1486 869 1487 748 1487 870 1487 870 1488 748 1488 750 1488 870 1489 750 1489 871 1489 871 1490 750 1490 752 1490 871 1491 752 1491 872 1491 872 1492 752 1492 649 1492 872 1493 649 1493 873 1493 873 1494 649 1494 648 1494 874 1495 875 1495 876 1495 874 1496 876 1496 877 1496 875 1497 874 1497 878 1497 878 1498 874 1498 879 1498 878 1499 879 1499 681 1499 880 1500 835 1500 879 1500 879 1501 835 1501 682 1501 879 1502 682 1502 681 1502 881 1503 865 1503 858 1503 882 1504 883 1504 884 1504 885 1505 886 1505 678 1505 887 1506 888 1506 670 1506 881 1507 858 1507 889 1507 865 1508 881 1508 740 1508 740 1509 881 1509 890 1509 740 1510 890 1510 741 1510 884 1511 891 1511 882 1511 882 1512 891 1512 892 1512 882 1513 892 1513 890 1513 890 1514 892 1514 893 1514 890 1515 893 1515 741 1515 678 1516 679 1516 885 1516 885 1517 679 1517 680 1517 885 1518 680 1518 880 1518 880 1519 680 1519 842 1519 880 1520 842 1520 835 1520 670 1521 672 1521 887 1521 887 1522 672 1522 674 1522 887 1523 674 1523 886 1523 886 1524 674 1524 676 1524 886 1525 676 1525 678 1525 894 1526 895 1526 896 1526 897 1527 664 1527 898 1527 898 1528 664 1528 666 1528 898 1529 666 1529 888 1529 888 1530 666 1530 668 1530 888 1531 668 1531 670 1531 899 1532 660 1532 897 1532 897 1533 660 1533 662 1533 897 1534 662 1534 664 1534 858 1535 653 1535 889 1535 889 1536 653 1536 656 1536 889 1537 656 1537 899 1537 899 1538 656 1538 658 1538 899 1539 658 1539 660 1539 896 1540 900 1540 894 1540 894 1541 900 1541 901 1541 894 1542 901 1542 883 1542 883 1543 901 1543 902 1543 883 1544 902 1544 884 1544 903 1545 904 1545 905 1545 905 1546 906 1546 903 1546 903 1547 906 1547 907 1547 903 1548 907 1548 908 1548 908 1549 907 1549 909 1549 908 1550 909 1550 895 1550 895 1551 909 1551 910 1551 895 1552 910 1552 896 1552 911 1553 912 1553 904 1553 904 1554 912 1554 913 1554 904 1555 913 1555 905 1555 876 1556 914 1556 877 1556 877 1557 914 1557 915 1557 877 1558 915 1558 911 1558 911 1559 915 1559 916 1559 911 1560 916 1560 912 1560 532 1561 879 1561 530 1561 530 1562 879 1562 874 1562 530 1563 874 1563 565 1563 565 1564 874 1564 877 1564 565 1565 877 1565 562 1565 562 1566 877 1566 911 1566 562 1567 911 1567 563 1567 563 1568 911 1568 904 1568 563 1569 904 1569 566 1569 566 1570 904 1570 903 1570 566 1571 903 1571 567 1571 567 1572 903 1572 908 1572 567 1573 908 1573 568 1573 568 1574 908 1574 895 1574 568 1575 895 1575 569 1575 569 1576 895 1576 894 1576 569 1577 894 1577 540 1577 540 1578 894 1578 883 1578 540 1579 883 1579 539 1579 539 1580 883 1580 882 1580 539 1581 882 1581 538 1581 538 1582 882 1582 890 1582 917 1583 918 1583 919 1583 919 1584 918 1584 920 1584 919 1585 920 1585 921 1585 921 1586 920 1586 922 1586 921 1587 922 1587 923 1587 923 1588 922 1588 924 1588 924 1589 925 1589 923 1589 923 1590 925 1590 926 1590 923 1591 926 1591 927 1591 928 1592 929 1592 930 1592 930 1593 929 1593 931 1593 930 1594 931 1594 932 1594 932 1595 931 1595 933 1595 932 1596 933 1596 934 1596 934 1597 933 1597 935 1597 934 1598 935 1598 936 1598 936 1599 935 1599 937 1599 936 1600 937 1600 938 1600 938 1601 937 1601 939 1601 938 1602 939 1602 940 1602 940 1603 939 1603 941 1603 940 1604 941 1604 942 1604 942 1605 941 1605 943 1605 942 1606 943 1606 944 1606 944 1607 943 1607 945 1607 944 1608 945 1608 927 1608 927 1609 945 1609 946 1609 927 1610 946 1610 923 1610 923 1611 946 1611 947 1611 923 1612 947 1612 921 1612 921 1613 947 1613 948 1613 921 1614 948 1614 919 1614 919 1615 948 1615 949 1615 954 1622 955 1622 956 1622 956 1623 955 1623 957 1623 956 1624 957 1624 958 1624 958 1625 957 1625 959 1625 958 1626 959 1626 960 1626 960 1627 959 1627 961 1627 962 1628 960 1628 963 1628 963 1629 960 1629 961 1629 962 1630 963 1630 964 1630 964 1631 963 1631 965 1631 964 1632 965 1632 966 1632 966 1633 965 1633 967 1633 966 1634 967 1634 968 1634 968 1635 967 1635 969 1635 968 1636 969 1636 970 1636 970 1637 969 1637 971 1637 972 1638 917 1638 919 1638 971 1639 972 1639 970 1639 970 1640 972 1640 919 1640 970 1641 919 1641 973 1641 973 1642 919 1642 949 1642 928 1646 954 1646 929 1646 929 1647 954 1647 977 1647 928 1649 978 1649 954 1649 954 1650 978 1650 979 1650 954 1651 979 1651 955 1651 973 1652 980 1652 970 1652 970 1653 980 1653 960 1653 956 1654 958 1654 954 1654 954 1655 958 1655 960 1655 954 1656 960 1656 977 1656 977 1657 960 1657 980 1657 966 1658 968 1658 964 1658 964 1659 968 1659 970 1659 964 1660 970 1660 962 1660 962 1661 970 1661 960 1661 981 1662 982 1662 983 1662 983 1663 984 1663 985 1663 985 1664 984 1664 986 1664 986 1665 987 1665 985 1665 985 1666 987 1666 988 1666 985 1667 988 1667 989 1667 990 1668 981 1668 991 1668 991 1669 981 1669 983 1669 991 1670 983 1670 992 1670 992 1671 983 1671 985 1671 985 1672 993 1672 992 1672 992 1673 993 1673 994 1673 992 1674 994 1674 991 1674 991 1675 994 1675 995 1675 991 1676 995 1676 990 1676 990 1677 995 1677 996 1677 990 1678 996 1678 981 1678 981 1679 996 1679 997 1679 981 1680 997 1680 982 1680 982 1681 997 1681 998 1681 982 1682 998 1682 983 1682 983 1683 998 1683 999 1683 1000 1684 1001 1684 1002 1684 1003 1685 1004 1685 1005 1685 1002 1686 1006 1686 1007 1686 1008 1687 1009 1687 1010 1687 1010 1688 1009 1688 1000 1688 1010 1689 1000 1689 1005 1689 1005 1690 1000 1690 1002 1690 1005 1691 1002 1691 1003 1691 1003 1692 1002 1692 1007 1692 1003 1693 1007 1693 1011 1693 1008 1694 1012 1694 1009 1694 1009 1695 1012 1695 1013 1695 1009 1696 1013 1696 1000 1696 1000 1697 1013 1697 1014 1697 1000 1698 1014 1698 1001 1698 1001 1699 1014 1699 1015 1699 1001 1700 1015 1700 1002 1700 1002 1701 1015 1701 1016 1701 1002 1702 1016 1702 1006 1702 1006 1703 1016 1703 1017 1703 1006 1704 1017 1704 1007 1704 1007 1705 1017 1705 1018 1705 1019 1706 1020 1706 1021 1706 1021 1707 1022 1707 1023 1707 1023 1708 1022 1708 1024 1708 1024 1709 1025 1709 1023 1709 1023 1710 1025 1710 1026 1710 1023 1711 1026 1711 1027 1711 1028 1712 1019 1712 1029 1712 1029 1713 1019 1713 1021 1713 1029 1714 1021 1714 1030 1714 1030 1715 1021 1715 1023 1715 1023 1716 1031 1716 1030 1716 1030 1717 1031 1717 1032 1717 1030 1718 1032 1718 1029 1718 1029 1719 1032 1719 1033 1719 1029 1720 1033 1720 1028 1720 1028 1721 1033 1721 1034 1721 1028 1722 1034 1722 1019 1722 1019 1723 1034 1723 1035 1723 1019 1724 1035 1724 1020 1724 1020 1725 1035 1725 1036 1725 1020 1726 1036 1726 1021 1726 1021 1727 1036 1727 1037 1727 1038 1728 1039 1728 1040 1728 1041 1729 1042 1729 1043 1729 1044 1730 1041 1730 1045 1730 1045 1731 1041 1731 1043 1731 1045 1732 1043 1732 1046 1732 1046 1733 1043 1733 1040 1733 1047 1734 1038 1734 1048 1734 1048 1735 1038 1735 1040 1735 1048 1736 1040 1736 1049 1736 1049 1737 1040 1737 1043 1737 1041 1738 1050 1738 1042 1738 1042 1739 1050 1739 1051 1739 1042 1740 1051 1740 1043 1740 1043 1741 1051 1741 1052 1741 1043 1742 1052 1742 1049 1742 1049 1743 1052 1743 1053 1743 1049 1744 1053 1744 1048 1744 1048 1745 1053 1745 1054 1745 1048 1746 1054 1746 1047 1746 1047 1747 1054 1747 1055 1747 1047 1748 1055 1748 1038 1748 1038 1749 1055 1749 1056 1749 1057 1750 1058 1750 1059 1750 1059 1751 1060 1751 1061 1751 1061 1752 1060 1752 1062 1752 1062 1753 1063 1753 1061 1753 1061 1754 1063 1754 1064 1754 1061 1755 1064 1755 1065 1755 1066 1756 1057 1756 1067 1756 1067 1757 1057 1757 1059 1757 1067 1758 1059 1758 1068 1758 1068 1759 1059 1759 1061 1759 1059 1760 1069 1760 1060 1760 1060 1761 1069 1761 1070 1761 1060 1762 1070 1762 1062 1762 1062 1763 1070 1763 1071 1763 1062 1764 1071 1764 1063 1764 1063 1765 1071 1765 1072 1765 1063 1766 1072 1766 1064 1766 1064 1767 1072 1767 1073 1767 1064 1768 1073 1768 1065 1768 1065 1769 1073 1769 1074 1769 1065 1770 1074 1770 1061 1770 1061 1771 1074 1771 1075 1771 1076 1772 1077 1772 1078 1772 1079 1773 1080 1773 1081 1773 1082 1774 1079 1774 1083 1774 1083 1775 1079 1775 1081 1775 1083 1776 1081 1776 1084 1776 1084 1777 1081 1777 1078 1777 1085 1778 1076 1778 1086 1778 1086 1779 1076 1779 1078 1779 1086 1780 1078 1780 1087 1780 1087 1781 1078 1781 1081 1781 1079 1782 1088 1782 1080 1782 1080 1783 1088 1783 1089 1783 1080 1784 1089 1784 1081 1784 1081 1785 1089 1785 1090 1785 1081 1786 1090 1786 1087 1786 1087 1787 1090 1787 1091 1787 1087 1788 1091 1788 1086 1788 1086 1789 1091 1789 1092 1789 1086 1790 1092 1790 1085 1790 1085 1791 1092 1791 1093 1791 1085 1792 1093 1792 1076 1792 1076 1793 1093 1793 1094 1793 1095 1794 1096 1794 1097 1794 1098 1795 1099 1795 1100 1795 1101 1796 1098 1796 1102 1796 1102 1797 1098 1797 1100 1797 1102 1798 1100 1798 1103 1798 1103 1799 1100 1799 1097 1799 1104 1800 1095 1800 1105 1800 1105 1801 1095 1801 1097 1801 1105 1802 1097 1802 1106 1802 1106 1803 1097 1803 1100 1803 1098 1804 1107 1804 1099 1804 1099 1805 1107 1805 1108 1805 1099 1806 1108 1806 1100 1806 1100 1807 1108 1807 1109 1807 1100 1808 1109 1808 1106 1808 1106 1809 1109 1809 1110 1809 1106 1810 1110 1810 1105 1810 1105 1811 1110 1811 1111 1811 1105 1812 1111 1812 1104 1812 1104 1813 1111 1813 1112 1813 1104 1814 1112 1814 1095 1814 1095 1815 1112 1815 1113 1815 1114 1816 1115 1816 1116 1816 1117 1817 1118 1817 1119 1817 1120 1818 1117 1818 1121 1818 1121 1819 1117 1819 1119 1819 1121 1820 1119 1820 1122 1820 1122 1821 1119 1821 1116 1821 1123 1822 1114 1822 1124 1822 1124 1823 1114 1823 1116 1823 1124 1824 1116 1824 1125 1824 1125 1825 1116 1825 1119 1825 1117 1826 1126 1826 1118 1826 1118 1827 1126 1827 1127 1827 1118 1828 1127 1828 1119 1828 1119 1829 1127 1829 1128 1829 1119 1830 1128 1830 1125 1830 1125 1831 1128 1831 1129 1831 1125 1832 1129 1832 1124 1832 1124 1833 1129 1833 1130 1833 1124 1834 1130 1834 1123 1834 1123 1835 1130 1835 1131 1835 1123 1836 1131 1836 1114 1836 1114 1837 1131 1837 1132 1837 1178 1904 1179 1904 1180 1904 1181 1905 1182 1905 1183 1905 1184 1906 1185 1906 1186 1906 1187 1907 1188 1907 1189 1907 924 1908 1190 1908 925 1908 1191 1909 972 1909 971 1909 967 1910 965 1910 1192 1910 959 1911 957 1911 1193 1911 1193 1912 957 1912 955 1912 1193 1913 955 1913 979 1913 963 1914 961 1914 1194 1914 967 1915 1192 1915 969 1915 917 1916 972 1916 918 1916 918 1917 972 1917 1191 1917 918 1918 1191 1918 920 1918 1052 1919 1051 1919 1192 1919 1051 1920 1050 1920 1192 1920 1192 1921 1050 1921 1191 1921 1192 1922 1191 1922 969 1922 969 1923 1191 1923 971 1923 1052 1924 1192 1924 1053 1924 1053 1925 1192 1925 1190 1925 1053 1926 1190 1926 1054 1926 1050 1927 1195 1927 1191 1927 1191 1928 1195 1928 1196 1928 1191 1929 1196 1929 920 1929 920 1930 1196 1930 1197 1930 920 1931 1197 1931 922 1931 922 1932 1197 1932 1198 1932 922 1933 1198 1933 924 1933 1198 1934 1199 1934 924 1934 924 1935 1199 1935 1056 1935 924 1936 1056 1936 1190 1936 1190 1937 1056 1937 1055 1937 1190 1938 1055 1938 1054 1938 1187 1939 926 1939 1075 1939 1200 1940 1201 1940 1088 1940 1088 1941 1201 1941 1185 1941 1088 1942 1185 1942 1089 1942 1184 1943 1091 1943 1185 1943 1185 1944 1091 1944 1090 1944 1185 1945 1090 1945 1089 1945 1200 1946 1202 1946 1201 1946 1201 1947 1202 1947 1203 1947 1201 1948 1203 1948 1188 1948 1203 1949 1204 1949 1188 1949 1188 1950 1204 1950 1205 1950 1188 1951 1205 1951 1189 1951 1205 1952 1094 1952 1189 1952 1189 1953 1094 1953 1093 1953 1189 1954 1093 1954 1184 1954 1184 1955 1093 1955 1092 1955 1184 1956 1092 1956 1091 1956 1130 1957 1129 1957 1206 1957 1206 1958 1129 1958 1181 1958 1207 1959 1208 1959 1209 1959 1209 1960 1208 1960 1179 1960 1209 1961 1179 1961 1210 1961 1207 1962 1211 1962 1208 1962 1208 1963 1211 1963 1037 1963 1208 1964 1037 1964 1182 1964 1178 1965 1031 1965 1179 1965 1179 1966 1031 1966 1212 1966 1179 1967 1212 1967 1210 1967 1037 1968 1036 1968 1182 1968 1182 1969 1036 1969 1035 1969 1182 1970 1035 1970 1183 1970 1035 1971 1034 1971 1183 1971 1183 1972 1034 1972 1033 1972 1183 1973 1033 1973 1178 1973 1178 1974 1033 1974 1032 1974 1178 1975 1032 1975 1031 1975 1213 1976 1214 1976 1012 1976 1213 1977 1215 1977 1216 1977 1216 1978 1215 1978 994 1978 994 1979 993 1979 1216 1979 1216 1980 993 1980 1217 1980 1216 1981 1217 1981 1218 1981 1218 1982 1217 1982 1219 1982 1218 1983 1219 1983 1220 1983 1221 1984 1222 1984 1193 1984 999 1985 998 1985 1194 1985 1221 1986 1193 1986 1223 1986 961 1987 959 1987 1194 1987 1194 1988 959 1988 1193 1988 1194 1989 1193 1989 999 1989 999 1990 1193 1990 1222 1990 998 1991 997 1991 1194 1991 1194 1992 997 1992 996 1992 1194 1993 996 1993 1215 1993 1215 1994 996 1994 995 1994 1215 1995 995 1995 994 1995 1219 1996 1223 1996 1220 1996 1220 1997 1223 1997 1193 1997 1220 1998 1193 1998 1224 1998 1224 1999 1193 1999 979 1999 1224 2000 979 2000 978 2000 1208 2001 1016 2001 1179 2001 1179 2002 1016 2002 1015 2002 1179 2003 1015 2003 1180 2003 1180 2004 1015 2004 1014 2004 1180 2005 1014 2005 1214 2005 1214 2006 1014 2006 1013 2006 1214 2007 1013 2007 1012 2007 1012 2008 1225 2008 1213 2008 1213 2009 1225 2009 1226 2009 1213 2010 1226 2010 1215 2010 1215 2011 1226 2011 1227 2011 1215 2012 1227 2012 1194 2012 1194 2013 1227 2013 1228 2013 1228 2014 1229 2014 1194 2014 1194 2015 1229 2015 1018 2015 1194 2016 1018 2016 1208 2016 1208 2017 1018 2017 1017 2017 1208 2018 1017 2018 1016 2018 1075 2019 1074 2019 1187 2019 1187 2020 1074 2020 1073 2020 1187 2021 1073 2021 1188 2021 1188 2022 1073 2022 1072 2022 1188 2023 1072 2023 1201 2023 1201 2024 1072 2024 1071 2024 1070 2025 1069 2025 1192 2025 1069 2026 1230 2026 1192 2026 1192 2027 1230 2027 1231 2027 1192 2028 1231 2028 1190 2028 1190 2029 1231 2029 1232 2029 1190 2030 1232 2030 925 2030 925 2031 1232 2031 1233 2031 925 2032 1233 2032 926 2032 926 2033 1233 2033 1234 2033 926 2034 1234 2034 1075 2034 1130 2035 1206 2035 1131 2035 1131 2036 1206 2036 1186 2036 1131 2037 1186 2037 1132 2037 1132 2038 1186 2038 1185 2038 1132 2039 1185 2039 1235 2039 1235 2040 1185 2040 1201 2040 1235 2041 1201 2041 1236 2041 1208 2042 1237 2042 1201 2042 1201 2043 1237 2043 1238 2043 1201 2044 1238 2044 1236 2044 1129 2045 1128 2045 1181 2045 1181 2046 1128 2046 1127 2046 1181 2047 1127 2047 1182 2047 1182 2048 1127 2048 1126 2048 1182 2049 1126 2049 1208 2049 1208 2050 1126 2050 1239 2050 1208 2051 1239 2051 1237 2051 1113 2052 1112 2052 1201 2052 1240 2053 1192 2053 1241 2053 1241 2054 1192 2054 1242 2054 965 2055 963 2055 1192 2055 1192 2056 963 2056 1194 2056 1192 2057 1194 2057 1242 2057 1242 2058 1194 2058 1243 2058 1071 2059 1070 2059 1201 2059 1201 2060 1070 2060 1192 2060 1201 2061 1192 2061 1113 2061 1113 2062 1192 2062 1240 2062 1109 2063 1208 2063 1110 2063 1110 2064 1208 2064 1201 2064 1110 2065 1201 2065 1111 2065 1111 2066 1201 2066 1112 2066 1109 2067 1108 2067 1208 2067 1208 2068 1108 2068 1107 2068 1208 2069 1107 2069 1194 2069 1194 2070 1107 2070 1244 2070 1194 2071 1244 2071 1243 2071 1253 2086 1254 2086 1255 2086 1255 2087 1254 2087 1256 2087 1257 2088 1253 2088 1258 2088 1258 2089 1253 2089 1255 2089 1259 2090 1257 2090 1260 2090 1260 2091 1257 2091 1258 2091 1261 2092 1259 2092 1262 2092 1262 2093 1259 2093 1260 2093 1263 2094 1261 2094 1264 2094 1264 2095 1261 2095 1262 2095 1265 2096 1263 2096 1266 2096 1266 2097 1263 2097 1264 2097 1267 2098 1265 2098 1268 2098 1268 2099 1265 2099 1266 2099 1269 2100 1270 2100 1271 2100 1271 2101 1270 2101 1272 2101 1273 2102 1269 2102 1274 2102 1274 2103 1269 2103 1271 2103 1275 2104 1273 2104 1276 2104 1276 2105 1273 2105 1274 2105 1277 2106 1275 2106 1278 2106 1278 2107 1275 2107 1276 2107 1279 2108 1277 2108 1280 2108 1280 2109 1277 2109 1278 2109 1254 2110 1279 2110 1256 2110 1256 2111 1279 2111 1280 2111 1268 2112 1281 2112 1267 2112 1267 2113 1281 2113 1282 2113 1270 2114 1283 2114 1272 2114 1272 2115 1283 2115 1284 2115 1277 2116 1279 2116 1254 2116 1270 2117 1259 2117 1283 2117 1283 2118 1259 2118 1261 2118 1253 2119 1257 2119 1259 2119 1263 2120 1265 2120 1261 2120 1261 2121 1265 2121 1267 2121 1261 2122 1267 2122 1283 2122 1283 2123 1267 2123 1282 2123 1269 2124 1273 2124 1270 2124 1270 2125 1273 2125 1275 2125 1270 2126 1275 2126 1259 2126 1259 2127 1275 2127 1277 2127 1259 2128 1277 2128 1253 2128 1253 2129 1277 2129 1254 2129 1262 2135 1260 2135 1264 2135 1264 2136 1260 2136 1258 2136 1274 2146 1280 2146 1276 2146 1276 2147 1280 2147 1278 2147 1282 2150 1289 2150 1283 2150 1283 2151 1289 2151 1290 2151 1296 2161 1297 2161 1298 2161 1298 2162 1299 2162 1296 2162 1296 2163 1299 2163 1300 2163 1293 2167 1303 2167 1300 2167 1325 2200 1326 2200 1327 2200 1327 2201 1326 2201 1328 2201 1329 2202 1330 2202 1331 2202 1331 2203 1330 2203 1332 2203 1331 2204 1332 2204 1333 2204 1326 2205 1334 2205 1328 2205 1328 2206 1334 2206 1335 2206 1328 2207 1335 2207 1333 2207 1333 2208 1335 2208 1336 2208 1333 2209 1336 2209 1331 2209 1337 2210 1338 2210 1339 2210 1340 2211 1341 2211 1342 2211 1342 2212 1343 2212 1340 2212 1340 2213 1343 2213 1344 2213 1340 2214 1344 2214 1345 2214 1339 2215 1346 2215 1337 2215 1337 2216 1346 2216 1347 2216 1337 2217 1347 2217 1344 2217 1344 2218 1347 2218 1348 2218 1344 2219 1348 2219 1345 2219 1349 2220 1350 2220 1351 2220 1352 2221 1353 2221 1354 2221 1351 2222 1355 2222 1349 2222 1349 2223 1355 2223 1356 2223 1349 2224 1356 2224 1357 2224 1357 2225 1356 2225 1352 2225 1357 2226 1352 2226 1358 2226 1358 2227 1352 2227 1354 2227 1353 2228 1339 2228 1354 2228 1354 2229 1339 2229 1338 2229 1310 2230 1308 2230 1330 2230 1330 2231 1329 2231 1310 2231 1310 2232 1329 2232 1359 2232 1310 2233 1359 2233 1313 2233 1360 2234 1325 2234 1327 2234 1360 2235 1327 2235 1361 2235 1361 2236 1327 2236 1342 2236 1361 2237 1342 2237 1341 2237 1362 2238 1363 2238 1364 2238 1362 2239 1364 2239 1365 2239 1365 2240 1364 2240 1366 2240 1365 2241 1366 2241 1367 2241 1367 2242 1366 2242 1368 2242 1368 2243 1366 2243 1369 2243 1368 2244 1369 2244 1370 2244 1370 2245 1369 2245 1371 2245 1371 2246 1369 2246 1372 2246 1371 2247 1372 2247 1373 2247 1373 2248 1372 2248 1374 2248 1374 2249 1372 2249 1375 2249 1374 2250 1375 2250 1376 2250 1376 2251 1375 2251 1377 2251 1376 2252 1377 2252 1378 2252 1378 2253 1377 2253 1379 2253 1378 2254 1379 2254 1380 2254 1381 2255 1382 2255 1383 2255 1383 2256 1384 2256 1381 2256 1381 2257 1384 2257 1385 2257 1381 2258 1385 2258 1386 2258 1387 2259 1388 2259 1389 2259 1389 2260 1390 2260 1387 2260 1387 2261 1390 2261 1391 2261 1387 2262 1391 2262 1392 2262 1392 2263 1391 2263 1393 2263 1392 2264 1393 2264 1394 2264 1394 2265 1393 2265 1395 2265 1394 2266 1395 2266 1396 2266 1396 2267 1395 2267 1397 2267 1396 2268 1397 2268 1398 2268 1399 2269 1400 2269 1401 2269 1401 2270 1400 2270 1402 2270 1401 2271 1402 2271 1403 2271 1404 2272 1405 2272 1399 2272 1399 2273 1405 2273 1406 2273 1399 2274 1406 2274 1400 2274 1407 2275 1408 2275 1404 2275 1404 2276 1408 2276 1409 2276 1404 2277 1409 2277 1405 2277 1410 2278 1411 2278 1407 2278 1407 2279 1411 2279 1412 2279 1407 2280 1412 2280 1408 2280 1407 2281 1413 2281 1410 2281 1410 2282 1413 2282 1414 2282 1410 2283 1414 2283 1415 2283 1415 2284 1414 2284 1416 2284 1415 2285 1416 2285 1417 2285 1417 2286 1416 2286 1388 2286 1388 2287 1416 2287 1389 2287 1418 2288 1383 2288 1382 2288 1382 2289 1419 2289 1418 2289 1418 2290 1419 2290 1420 2290 1418 2291 1420 2291 1421 2291 1363 2292 1362 2292 1422 2292 1422 2293 1362 2293 1423 2293 1380 2294 1379 2294 1424 2294 1424 2295 1379 2295 1403 2295 1424 2296 1403 2296 1425 2296 1425 2297 1403 2297 1402 2297 1250 2298 1249 2298 1327 2298 1245 2299 1426 2299 1306 2299 1327 2300 1249 2300 1342 2300 1298 2301 1350 2301 1299 2301 1299 2302 1350 2302 1349 2302 1299 2303 1349 2303 1300 2303 1300 2304 1349 2304 1357 2304 1300 2305 1357 2305 1293 2305 1293 2306 1357 2306 1358 2306 1293 2307 1358 2307 1294 2307 1294 2308 1358 2308 1354 2308 1294 2309 1354 2309 1306 2309 1306 2310 1354 2310 1338 2310 1306 2311 1338 2311 1245 2311 1245 2312 1338 2312 1246 2312 1328 2313 1333 2313 1332 2313 1246 2314 1338 2314 1247 2314 1247 2315 1338 2315 1337 2315 1247 2316 1337 2316 1344 2316 1249 2317 1248 2317 1342 2317 1342 2318 1248 2318 1247 2318 1342 2319 1247 2319 1343 2319 1343 2320 1247 2320 1344 2320 1327 2321 1328 2321 1250 2321 1250 2322 1328 2322 1332 2322 1250 2323 1332 2323 1251 2323 1251 2324 1332 2324 1330 2324 1251 2325 1330 2325 1252 2325 1252 2326 1330 2326 1308 2326 1252 2327 1308 2327 1427 2327 1427 2328 1308 2328 1428 2328 1426 2329 1429 2329 1306 2329 1306 2330 1429 2330 1430 2330 1306 2331 1430 2331 1308 2331 1308 2332 1430 2332 1431 2332 1308 2333 1431 2333 1428 2333 1350 2334 1298 2334 1351 2334 1351 2335 1298 2335 1297 2335 1351 2336 1297 2336 1432 2336 1432 2337 1297 2337 1321 2337 1432 2338 1321 2338 1433 2338 1433 2339 1321 2339 1323 2339 1433 2340 1323 2340 1434 2340 1434 2341 1323 2341 1435 2341 1435 2342 1323 2342 1324 2342 1435 2343 1324 2343 1436 2343 1324 2344 1320 2344 1436 2344 1436 2345 1320 2345 1319 2345 1436 2346 1319 2346 1437 2346 1437 2347 1319 2347 1318 2347 1437 2348 1318 2348 1438 2348 1438 2349 1318 2349 1317 2349 1439 2350 1438 2350 1316 2350 1316 2351 1438 2351 1317 2351 1316 2352 1315 2352 1439 2352 1439 2353 1315 2353 1314 2353 1439 2354 1314 2354 1440 2354 1440 2355 1314 2355 1312 2355 1440 2356 1312 2356 1441 2356 1441 2357 1312 2357 1311 2357 1441 2358 1311 2358 1442 2358 1442 2359 1311 2359 1443 2359 1443 2361 1313 2361 1359 2361 1444 2362 1445 2362 1446 2362 1446 2363 1445 2363 1447 2363 1446 2364 1447 2364 1448 2364 1448 2365 1449 2365 1446 2365 1446 2366 1449 2366 1450 2366 1446 2367 1450 2367 1451 2367 1452 2368 1453 2368 1454 2368 1454 2369 1453 2369 1445 2369 1454 2370 1445 2370 1455 2370 1455 2371 1445 2371 1444 2371 1456 2372 1457 2372 1458 2372 1458 2373 1457 2373 1459 2373 1460 2374 1461 2374 1462 2374 1462 2375 1461 2375 1457 2375 1462 2376 1457 2376 1463 2376 1463 2377 1457 2377 1456 2377 1464 2378 1465 2378 1466 2378 1466 2379 1465 2379 1458 2379 1466 2380 1458 2380 1467 2380 1467 2381 1458 2381 1459 2381 1468 2382 1469 2382 1470 2382 1471 2383 1472 2383 1473 2383 1473 2384 1472 2384 1468 2384 1473 2385 1468 2385 1474 2385 1474 2386 1468 2386 1470 2386 1474 2387 1470 2387 1475 2387 1475 2388 1470 2388 1476 2388 1477 2389 1478 2389 1479 2389 1476 2390 1480 2390 1475 2390 1475 2391 1480 2391 1477 2391 1475 2392 1477 2392 1481 2392 1481 2393 1477 2393 1479 2393 1482 2394 1483 2394 1484 2394 1484 2395 1483 2395 1485 2395 1484 2396 1485 2396 1486 2396 1487 2397 1488 2397 1489 2397 1489 2398 1488 2398 1484 2398 1489 2399 1484 2399 1490 2399 1490 2400 1484 2400 1486 2400 1491 2401 1492 2401 1493 2401 1482 2402 1494 2402 1483 2402 1483 2403 1494 2403 1491 2403 1483 2404 1491 2404 1495 2404 1495 2405 1491 2405 1493 2405 1496 2406 1497 2406 1498 2406 1499 2407 1500 2407 1501 2407 1501 2408 1502 2408 1499 2408 1499 2409 1502 2409 1503 2409 1499 2410 1503 2410 1504 2410 1504 2411 1503 2411 1505 2411 1504 2412 1505 2412 1497 2412 1497 2413 1505 2413 1506 2413 1497 2414 1506 2414 1498 2414 1507 2415 1508 2415 1498 2415 1498 2416 1508 2416 1509 2416 1498 2417 1509 2417 1496 2417 1506 2418 1505 2418 1510 2418 1510 2419 1505 2419 1511 2419 1506 2420 1510 2420 1498 2420 1498 2421 1510 2421 1512 2421 1498 2422 1512 2422 1507 2422 1507 2423 1512 2423 1513 2423 1507 2424 1513 2424 1508 2424 1508 2425 1513 2425 1514 2425 1508 2426 1514 2426 1509 2426 1509 2427 1514 2427 1515 2427 1509 2428 1515 2428 1496 2428 1496 2429 1515 2429 1516 2429 1496 2430 1516 2430 1497 2430 1497 2431 1516 2431 1517 2431 1504 2432 1497 2432 1518 2432 1518 2433 1497 2433 1517 2433 1504 2434 1518 2434 1499 2434 1499 2435 1518 2435 1519 2435 1499 2436 1519 2436 1500 2436 1500 2437 1519 2437 1520 2437 1500 2438 1520 2438 1501 2438 1501 2439 1520 2439 1521 2439 1522 2440 1523 2440 1524 2440 1524 2441 1523 2441 1525 2441 1524 2442 1525 2442 1526 2442 1527 2443 1524 2443 1528 2443 1528 2444 1524 2444 1526 2444 1528 2445 1526 2445 1529 2445 1529 2446 1526 2446 1530 2446 1531 2447 1532 2447 1533 2447 1533 2448 1532 2448 1534 2448 1533 2449 1534 2449 1522 2449 1522 2450 1534 2450 1535 2450 1522 2451 1535 2451 1523 2451 1522 2452 1524 2452 1536 2452 1536 2453 1524 2453 1537 2453 1522 2454 1536 2454 1533 2454 1533 2455 1536 2455 1538 2455 1533 2456 1538 2456 1531 2456 1531 2457 1538 2457 1539 2457 1531 2458 1539 2458 1532 2458 1532 2459 1539 2459 1540 2459 1532 2460 1540 2460 1534 2460 1534 2461 1540 2461 1541 2461 1534 2462 1541 2462 1535 2462 1535 2463 1541 2463 1542 2463 1535 2464 1542 2464 1523 2464 1523 2465 1542 2465 1543 2465 1525 2466 1523 2466 1544 2466 1544 2467 1523 2467 1543 2467 1525 2468 1544 2468 1526 2468 1526 2469 1544 2469 1545 2469 1526 2470 1545 2470 1530 2470 1530 2471 1545 2471 1546 2471 1530 2472 1546 2472 1529 2472 1529 2473 1546 2473 1547 2473 1548 2474 1549 2474 1550 2474 1551 2475 1552 2475 1553 2475 1554 2476 1555 2476 1553 2476 1553 2477 1555 2477 1556 2477 1556 2478 1548 2478 1553 2478 1553 2479 1548 2479 1550 2479 1553 2480 1550 2480 1551 2480 1551 2481 1550 2481 1557 2481 1551 2482 1557 2482 1558 2482 1558 2483 1557 2483 1559 2483 1552 2484 1560 2484 1553 2484 1553 2485 1560 2485 1561 2485 1553 2486 1561 2486 1554 2486 1554 2487 1561 2487 1562 2487 1554 2488 1562 2488 1555 2488 1555 2489 1562 2489 1563 2489 1555 2490 1563 2490 1556 2490 1556 2491 1563 2491 1564 2491 1556 2492 1564 2492 1548 2492 1548 2493 1564 2493 1565 2493 1548 2494 1565 2494 1549 2494 1549 2495 1565 2495 1566 2495 1567 2496 1568 2496 1569 2496 1570 2497 1571 2497 1572 2497 1573 2498 1574 2498 1575 2498 1575 2499 1574 2499 1567 2499 1575 2500 1567 2500 1572 2500 1572 2501 1567 2501 1569 2501 1572 2502 1569 2502 1570 2502 1570 2503 1569 2503 1576 2503 1570 2504 1576 2504 1577 2504 1577 2505 1576 2505 1578 2505 1571 2506 1579 2506 1572 2506 1572 2507 1579 2507 1580 2507 1572 2508 1580 2508 1575 2508 1575 2509 1580 2509 1581 2509 1575 2510 1581 2510 1573 2510 1573 2511 1581 2511 1582 2511 1573 2512 1582 2512 1574 2512 1574 2513 1582 2513 1583 2513 1574 2514 1583 2514 1567 2514 1567 2515 1583 2515 1584 2515 1567 2516 1584 2516 1568 2516 1568 2517 1584 2517 1585 2517 1586 2518 1587 2518 1588 2518 1589 2519 1588 2519 1590 2519 1591 2520 1586 2520 1592 2520 1592 2521 1586 2521 1588 2521 1592 2522 1588 2522 1593 2522 1593 2523 1588 2523 1589 2523 1594 2524 1595 2524 1596 2524 1596 2525 1595 2525 1589 2525 1596 2526 1589 2526 1597 2526 1597 2527 1589 2527 1590 2527 1593 2528 1598 2528 1592 2528 1592 2529 1598 2529 1599 2529 1592 2530 1599 2530 1591 2530 1591 2531 1599 2531 1600 2531 1591 2532 1600 2532 1586 2532 1586 2533 1600 2533 1601 2533 1586 2534 1601 2534 1587 2534 1587 2535 1601 2535 1602 2535 1587 2536 1602 2536 1588 2536 1588 2537 1602 2537 1603 2537 1588 2538 1603 2538 1590 2538 1590 2539 1603 2539 1604 2539 1605 2540 1606 2540 1607 2540 1608 2541 1609 2541 1610 2541 1611 2542 1612 2542 1613 2542 1613 2543 1612 2543 1605 2543 1613 2544 1605 2544 1610 2544 1610 2545 1605 2545 1607 2545 1610 2546 1607 2546 1608 2546 1608 2547 1607 2547 1614 2547 1608 2548 1614 2548 1615 2548 1615 2549 1614 2549 1616 2549 1606 2550 1617 2550 1607 2550 1607 2551 1617 2551 1618 2551 1607 2552 1618 2552 1614 2552 1614 2553 1618 2553 1619 2553 1614 2554 1619 2554 1616 2554 1616 2555 1619 2555 1620 2555 1616 2556 1620 2556 1615 2556 1615 2557 1620 2557 1621 2557 1615 2558 1621 2558 1608 2558 1608 2559 1621 2559 1622 2559 1608 2560 1622 2560 1609 2560 1609 2561 1622 2561 1623 2561 1624 2562 1625 2562 1626 2562 1627 2563 1628 2563 1629 2563 1630 2564 1631 2564 1627 2564 1632 2565 1633 2565 1634 2565 1634 2566 1633 2566 1624 2566 1634 2567 1624 2567 1629 2567 1629 2568 1624 2568 1626 2568 1629 2569 1626 2569 1627 2569 1627 2570 1626 2570 1635 2570 1627 2571 1635 2571 1630 2571 1628 2572 1636 2572 1629 2572 1629 2573 1636 2573 1637 2573 1629 2574 1637 2574 1634 2574 1634 2575 1637 2575 1638 2575 1634 2576 1638 2576 1632 2576 1632 2577 1638 2577 1639 2577 1632 2578 1639 2578 1633 2578 1633 2579 1639 2579 1640 2579 1633 2580 1640 2580 1624 2580 1624 2581 1640 2581 1641 2581 1624 2582 1641 2582 1625 2582 1625 2583 1641 2583 1642 2583 1643 2584 1644 2584 1645 2584 1646 2585 1647 2585 1648 2585 1649 2586 1650 2586 1651 2586 1651 2587 1650 2587 1652 2587 1651 2588 1652 2588 1653 2588 1653 2589 1652 2589 1645 2589 1645 2590 1652 2590 1646 2590 1645 2591 1646 2591 1643 2591 1643 2592 1646 2592 1648 2592 1643 2593 1648 2593 1654 2593 1654 2594 1655 2594 1643 2594 1643 2595 1655 2595 1656 2595 1643 2596 1656 2596 1644 2596 1644 2597 1656 2597 1657 2597 1644 2598 1657 2598 1645 2598 1645 2599 1657 2599 1658 2599 1645 2600 1658 2600 1653 2600 1653 2601 1658 2601 1659 2601 1653 2602 1659 2602 1651 2602 1651 2603 1659 2603 1660 2603 1651 2604 1660 2604 1649 2604 1649 2605 1660 2605 1661 2605 1662 2606 1663 2606 1664 2606 1664 2607 1663 2607 1665 2607 1665 2608 1666 2608 1667 2608 1668 2609 1664 2609 1669 2609 1669 2610 1664 2610 1665 2610 1669 2611 1665 2611 1670 2611 1670 2612 1665 2612 1667 2612 1671 2613 1672 2613 1673 2613 1673 2614 1672 2614 1674 2614 1673 2615 1674 2615 1666 2615 1666 2616 1674 2616 1675 2616 1666 2617 1675 2617 1667 2617 1666 2618 1665 2618 1676 2618 1676 2619 1665 2619 1677 2619 1666 2620 1676 2620 1673 2620 1673 2621 1676 2621 1678 2621 1673 2622 1678 2622 1671 2622 1671 2623 1678 2623 1679 2623 1671 2624 1679 2624 1672 2624 1672 2625 1679 2625 1680 2625 1672 2626 1680 2626 1674 2626 1674 2627 1680 2627 1681 2627 1674 2628 1681 2628 1675 2628 1675 2629 1681 2629 1682 2629 1675 2630 1682 2630 1667 2630 1667 2631 1682 2631 1683 2631 1670 2632 1667 2632 1684 2632 1684 2633 1667 2633 1683 2633 1670 2634 1684 2634 1669 2634 1669 2635 1684 2635 1685 2635 1669 2636 1685 2636 1668 2636 1668 2637 1685 2637 1686 2637 1668 2638 1686 2638 1664 2638 1664 2639 1686 2639 1687 2639 1688 2640 1689 2640 1690 2640 1691 2641 1692 2641 1688 2641 1688 2642 1692 2642 1693 2642 1694 2643 1688 2643 1695 2643 1695 2644 1688 2644 1690 2644 1695 2645 1690 2645 1696 2645 1696 2646 1690 2646 1697 2646 1693 2647 1698 2647 1688 2647 1688 2648 1698 2648 1699 2648 1688 2649 1699 2649 1689 2649 1694 2650 1700 2650 1688 2650 1688 2651 1700 2651 1701 2651 1688 2652 1701 2652 1691 2652 1691 2653 1701 2653 1702 2653 1691 2654 1702 2654 1692 2654 1692 2655 1702 2655 1703 2655 1692 2656 1703 2656 1693 2656 1693 2657 1703 2657 1704 2657 1693 2658 1704 2658 1698 2658 1698 2659 1704 2659 1705 2659 1698 2660 1705 2660 1699 2660 1699 2661 1705 2661 1706 2661 1707 2662 1708 2662 1709 2662 1710 2663 1711 2663 1712 2663 1713 2664 1707 2664 1714 2664 1714 2665 1707 2665 1709 2665 1714 2666 1709 2666 1715 2666 1715 2667 1709 2667 1716 2667 1708 2668 1717 2668 1709 2668 1709 2669 1717 2669 1710 2669 1709 2670 1710 2670 1718 2670 1718 2671 1710 2671 1712 2671 1712 2672 1719 2672 1718 2672 1718 2673 1719 2673 1720 2673 1718 2674 1720 2674 1709 2674 1709 2675 1720 2675 1721 2675 1709 2676 1721 2676 1716 2676 1716 2677 1721 2677 1722 2677 1716 2678 1722 2678 1715 2678 1715 2679 1722 2679 1723 2679 1715 2680 1723 2680 1714 2680 1714 2681 1723 2681 1724 2681 1714 2682 1724 2682 1713 2682 1713 2683 1724 2683 1725 2683 1726 2684 1727 2684 1728 2684 1729 2685 1730 2685 1731 2685 1732 2686 1726 2686 1733 2686 1733 2687 1726 2687 1728 2687 1733 2688 1728 2688 1734 2688 1734 2689 1728 2689 1735 2689 1727 2690 1736 2690 1728 2690 1728 2691 1736 2691 1729 2691 1728 2692 1729 2692 1737 2692 1737 2693 1729 2693 1731 2693 1731 2694 1738 2694 1737 2694 1737 2695 1738 2695 1739 2695 1737 2696 1739 2696 1728 2696 1728 2697 1739 2697 1740 2697 1728 2698 1740 2698 1735 2698 1735 2699 1740 2699 1741 2699 1735 2700 1741 2700 1734 2700 1734 2701 1741 2701 1742 2701 1734 2702 1742 2702 1733 2702 1733 2703 1742 2703 1743 2703 1733 2704 1743 2704 1732 2704 1732 2705 1743 2705 1744 2705 1492 2706 1745 2706 1493 2706 1493 2707 1745 2707 1746 2707 1493 2708 1746 2708 1495 2708 1495 2709 1746 2709 1747 2709 1495 2710 1747 2710 1483 2710 1483 2711 1747 2711 1748 2711 1482 2712 1749 2712 1494 2712 1494 2713 1749 2713 1750 2713 1494 2714 1750 2714 1491 2714 1491 2715 1750 2715 1751 2715 1491 2716 1751 2716 1492 2716 1492 2717 1751 2717 1745 2717 1489 2718 1752 2718 1487 2718 1487 2719 1752 2719 1753 2719 1487 2720 1753 2720 1488 2720 1488 2721 1753 2721 1754 2721 1488 2722 1754 2722 1484 2722 1484 2723 1754 2723 1755 2723 1485 2724 1756 2724 1486 2724 1486 2725 1756 2725 1757 2725 1486 2726 1757 2726 1490 2726 1490 2727 1757 2727 1758 2727 1490 2728 1758 2728 1489 2728 1489 2729 1758 2729 1752 2729 1474 2730 1759 2730 1473 2730 1473 2731 1759 2731 1760 2731 1473 2732 1760 2732 1471 2732 1471 2733 1760 2733 1761 2733 1471 2734 1761 2734 1472 2734 1472 2735 1761 2735 1762 2735 1472 2736 1762 2736 1468 2736 1468 2737 1762 2737 1763 2737 1468 2738 1763 2738 1469 2738 1469 2739 1763 2739 1764 2739 1469 2740 1764 2740 1470 2740 1470 2741 1764 2741 1765 2741 1476 2742 1766 2742 1480 2742 1480 2743 1766 2743 1767 2743 1480 2744 1767 2744 1477 2744 1477 2745 1767 2745 1768 2745 1477 2746 1768 2746 1478 2746 1478 2747 1768 2747 1769 2747 1478 2748 1769 2748 1479 2748 1479 2749 1769 2749 1770 2749 1479 2750 1770 2750 1481 2750 1481 2751 1770 2751 1771 2751 1481 2752 1771 2752 1475 2752 1475 2753 1771 2753 1772 2753 1475 2754 1772 2754 1773 2754 1773 2755 1774 2755 1475 2755 1475 2756 1774 2756 1775 2756 1475 2757 1775 2757 1474 2757 1474 2758 1775 2758 1776 2758 1474 2759 1776 2759 1759 2759 1777 2760 1766 2760 1476 2760 1765 2761 1778 2761 1470 2761 1470 2762 1778 2762 1779 2762 1470 2763 1779 2763 1476 2763 1476 2764 1779 2764 1780 2764 1476 2765 1780 2765 1777 2765 1483 2766 1748 2766 1781 2766 1781 2767 1782 2767 1483 2767 1483 2768 1782 2768 1783 2768 1483 2769 1783 2769 1485 2769 1485 2770 1783 2770 1784 2770 1485 2771 1784 2771 1756 2771 1785 2772 1749 2772 1482 2772 1755 2773 1786 2773 1484 2773 1484 2774 1786 2774 1787 2774 1484 2775 1787 2775 1482 2775 1482 2776 1787 2776 1788 2776 1482 2777 1788 2777 1785 2777 1789 2778 1457 2778 1790 2778 1790 2779 1457 2779 1461 2779 1790 2780 1461 2780 1791 2780 1791 2781 1461 2781 1460 2781 1791 2782 1460 2782 1792 2782 1792 2783 1460 2783 1462 2783 1792 2784 1462 2784 1793 2784 1793 2785 1462 2785 1463 2785 1793 2786 1463 2786 1794 2786 1794 2787 1463 2787 1456 2787 1794 2788 1456 2788 1795 2788 1795 2789 1456 2789 1458 2789 1796 2790 1445 2790 1797 2790 1797 2791 1445 2791 1453 2791 1797 2792 1453 2792 1798 2792 1798 2793 1453 2793 1452 2793 1798 2794 1452 2794 1799 2794 1799 2795 1452 2795 1454 2795 1799 2796 1454 2796 1800 2796 1800 2797 1454 2797 1455 2797 1800 2798 1455 2798 1801 2798 1801 2799 1455 2799 1444 2799 1801 2800 1444 2800 1802 2800 1802 2801 1444 2801 1446 2801 1803 2802 1804 2802 1805 2802 1806 2803 1807 2803 1808 2803 1757 2804 1809 2804 1810 2804 1811 2805 1812 2805 1813 2805 1813 2806 1812 2806 1814 2806 1813 2807 1814 2807 1815 2807 1815 2808 1814 2808 1816 2808 1815 2809 1816 2809 1817 2809 1818 2810 1819 2810 1820 2810 1820 2811 1821 2811 1818 2811 1818 2812 1821 2812 1822 2812 1818 2813 1822 2813 1823 2813 1824 2814 1825 2814 1826 2814 1826 2815 1825 2815 1796 2815 1827 2816 1801 2816 1802 2816 1802 2817 1828 2817 1829 2817 1829 2818 1828 2818 1830 2818 1829 2819 1830 2819 1826 2819 1826 2820 1830 2820 1831 2820 1826 2821 1831 2821 1824 2821 1819 2822 1818 2822 1832 2822 1832 2823 1818 2823 1833 2823 1832 2824 1833 2824 1834 2824 1834 2825 1833 2825 1835 2825 1834 2826 1835 2826 1836 2826 1836 2827 1835 2827 1826 2827 1836 2828 1826 2828 1837 2828 1837 2829 1826 2829 1796 2829 1837 2830 1796 2830 1797 2830 1797 2831 1798 2831 1837 2831 1837 2832 1798 2832 1799 2832 1837 2833 1799 2833 1827 2833 1827 2834 1799 2834 1800 2834 1827 2835 1800 2835 1801 2835 1802 2836 1829 2836 1827 2836 1827 2837 1829 2837 1838 2837 1827 2838 1838 2838 1839 2838 1840 2839 1841 2839 1842 2839 1842 2840 1841 2840 1843 2840 1741 2841 1740 2841 1843 2841 1844 2842 1845 2842 1846 2842 1846 2843 1845 2843 1847 2843 1843 2844 1740 2844 1848 2844 1740 2845 1739 2845 1848 2845 1848 2846 1739 2846 1738 2846 1848 2847 1738 2847 1849 2847 1849 2848 1738 2848 1850 2848 1849 2849 1850 2849 1851 2849 1741 2850 1843 2850 1742 2850 1742 2851 1843 2851 1841 2851 1742 2852 1841 2852 1743 2852 1852 2853 1853 2853 1854 2853 1854 2854 1853 2854 1849 2854 1855 2855 1856 2855 1857 2855 1857 2856 1856 2856 1858 2856 1859 2857 1860 2857 1861 2857 1722 2858 1862 2858 1723 2858 1723 2859 1862 2859 1724 2859 1722 2860 1863 2860 1862 2860 1862 2861 1863 2861 1864 2861 1862 2862 1864 2862 1865 2862 1865 2863 1864 2863 1866 2863 1865 2864 1866 2864 1867 2864 1867 2865 1866 2865 1868 2865 1867 2866 1868 2866 1852 2866 1852 2867 1868 2867 1869 2867 1852 2868 1869 2868 1853 2868 1722 2869 1721 2869 1863 2869 1863 2870 1721 2870 1720 2870 1863 2871 1720 2871 1858 2871 1858 2872 1720 2872 1719 2872 1858 2873 1719 2873 1857 2873 1870 2874 1871 2874 1872 2874 1872 2875 1871 2875 1873 2875 1872 2876 1873 2876 1874 2876 1874 2877 1873 2877 1875 2877 1874 2878 1875 2878 1876 2878 1876 2879 1875 2879 1877 2879 1876 2880 1877 2880 1856 2880 1878 2881 1879 2881 1880 2881 1880 2882 1879 2882 1881 2882 1880 2883 1881 2883 1882 2883 1882 2884 1881 2884 1883 2884 1882 2885 1883 2885 1884 2885 1885 2886 1886 2886 1883 2886 1883 2887 1886 2887 1887 2887 1883 2888 1887 2888 1884 2888 1810 2889 1703 2889 1702 2889 1888 2890 1889 2890 1890 2890 1890 2891 1889 2891 1891 2891 1890 2892 1891 2892 1892 2892 1889 2893 1893 2893 1891 2893 1891 2894 1893 2894 1894 2894 1891 2895 1894 2895 1895 2895 1895 2896 1894 2896 1706 2896 1895 2897 1706 2897 1896 2897 1896 2898 1706 2898 1705 2898 1896 2899 1705 2899 1704 2899 1702 2900 1701 2900 1810 2900 1810 2901 1701 2901 1700 2901 1810 2902 1700 2902 1890 2902 1890 2903 1700 2903 1897 2903 1890 2904 1897 2904 1888 2904 1898 2905 1899 2905 1896 2905 1811 2906 1900 2906 1901 2906 1901 2907 1900 2907 1899 2907 1902 2908 1521 2908 1903 2908 1903 2909 1521 2909 1904 2909 1904 2910 1521 2910 1520 2910 1904 2911 1520 2911 1519 2911 1905 2912 1513 2912 1906 2912 1906 2913 1513 2913 1512 2913 1518 2914 1517 2914 1907 2914 1907 2915 1517 2915 1516 2915 1907 2916 1516 2916 1515 2916 1512 2917 1510 2917 1906 2917 1906 2918 1510 2918 1511 2918 1906 2919 1511 2919 1903 2919 1903 2920 1511 2920 1908 2920 1903 2921 1908 2921 1902 2921 1547 2922 1546 2922 1854 2922 1854 2923 1546 2923 1545 2923 1845 2924 1909 2924 1910 2924 1544 2925 1543 2925 1911 2925 1851 2926 1847 2926 1849 2926 1849 2927 1847 2927 1845 2927 1849 2928 1845 2928 1854 2928 1854 2929 1845 2929 1910 2929 1854 2930 1910 2930 1547 2930 1538 2931 1536 2931 1912 2931 1912 2932 1536 2932 1537 2932 1542 2933 1541 2933 1903 2933 1538 2934 1912 2934 1539 2934 1539 2935 1912 2935 1913 2935 1539 2936 1913 2936 1540 2936 1687 2937 1686 2937 1903 2937 1914 2938 1915 2938 1913 2938 1541 2939 1540 2939 1903 2939 1903 2940 1540 2940 1913 2940 1903 2941 1913 2941 1687 2941 1687 2942 1913 2942 1915 2942 1683 2943 1906 2943 1684 2943 1684 2944 1906 2944 1903 2944 1684 2945 1903 2945 1685 2945 1685 2946 1903 2946 1686 2946 1916 2947 1676 2947 1913 2947 1913 2948 1676 2948 1677 2948 1913 2949 1677 2949 1914 2949 1683 2950 1682 2950 1906 2950 1906 2951 1682 2951 1681 2951 1906 2952 1681 2952 1905 2952 1905 2953 1681 2953 1680 2953 1905 2954 1680 2954 1917 2954 1917 2955 1680 2955 1679 2955 1917 2956 1679 2956 1916 2956 1916 2957 1679 2957 1678 2957 1916 2958 1678 2958 1676 2958 1764 2959 1763 2959 1816 2959 1763 2960 1762 2960 1816 2960 1816 2961 1762 2961 1818 2961 1816 2962 1818 2962 1817 2962 1817 2963 1818 2963 1823 2963 1762 2964 1761 2964 1818 2964 1818 2965 1761 2965 1760 2965 1818 2966 1760 2966 1833 2966 1833 2967 1760 2967 1759 2967 1833 2968 1759 2968 1835 2968 1778 2969 1765 2969 1918 2969 1766 2970 1912 2970 1845 2970 1845 2971 1912 2971 1537 2971 1845 2972 1537 2972 1909 2972 1773 2973 1772 2973 1841 2973 1841 2974 1772 2974 1771 2974 1841 2975 1771 2975 1743 2975 1743 2976 1771 2976 1770 2976 1743 2977 1770 2977 1744 2977 1744 2978 1770 2978 1769 2978 1744 2979 1769 2979 1844 2979 1844 2980 1769 2980 1768 2980 1844 2981 1768 2981 1845 2981 1845 2982 1768 2982 1767 2982 1845 2983 1767 2983 1766 2983 1840 2984 1839 2984 1841 2984 1841 2985 1839 2985 1838 2985 1841 2986 1838 2986 1773 2986 1773 2987 1838 2987 1829 2987 1773 2988 1829 2988 1774 2988 1774 2989 1829 2989 1826 2989 1774 2990 1826 2990 1775 2990 1775 2991 1826 2991 1835 2991 1775 2992 1835 2992 1776 2992 1776 2993 1835 2993 1759 2993 1781 2994 1748 2994 1862 2994 1862 2995 1748 2995 1747 2995 1862 2996 1747 2996 1724 2996 1724 2997 1747 2997 1746 2997 1724 2998 1746 2998 1725 2998 1725 2999 1746 2999 1745 2999 1725 3000 1745 3000 1919 3000 1919 3001 1745 3001 1751 3001 1919 3002 1751 3002 1750 3002 1754 3003 1753 3003 1890 3003 1890 3004 1753 3004 1752 3004 1890 3005 1752 3005 1810 3005 1810 3006 1752 3006 1758 3006 1810 3007 1758 3007 1757 3007 1786 3008 1920 3008 1787 3008 1787 3009 1920 3009 1921 3009 1787 3010 1921 3010 1788 3010 1788 3011 1921 3011 1922 3011 1788 3012 1922 3012 1785 3012 1785 3013 1922 3013 1749 3013 1749 3014 1922 3014 1861 3014 1749 3015 1861 3015 1750 3015 1750 3016 1861 3016 1860 3016 1750 3017 1860 3017 1919 3017 1812 3018 1923 3018 1814 3018 1814 3019 1923 3019 1924 3019 1814 3020 1924 3020 1816 3020 1816 3021 1924 3021 1918 3021 1816 3022 1918 3022 1764 3022 1764 3023 1918 3023 1765 3023 1704 3024 1703 3024 1896 3024 1896 3025 1703 3025 1810 3025 1896 3026 1810 3026 1898 3026 1898 3027 1810 3027 1809 3027 1898 3028 1809 3028 1925 3028 1879 3029 1926 3029 1881 3029 1881 3030 1926 3030 1890 3030 1881 3031 1890 3031 1883 3031 1883 3032 1890 3032 1892 3032 1883 3033 1892 3033 1885 3033 1927 3034 1566 3034 1928 3034 1811 3035 1901 3035 1812 3035 1812 3036 1901 3036 1928 3036 1812 3037 1928 3037 1923 3037 1923 3038 1928 3038 1566 3038 1923 3039 1566 3039 1565 3039 1564 3040 1563 3040 1806 3040 1929 3041 1930 3041 1807 3041 1807 3042 1930 3042 1931 3042 1807 3043 1931 3043 1928 3043 1928 3044 1931 3044 1932 3044 1928 3045 1932 3045 1927 3045 1565 3046 1564 3046 1923 3046 1923 3047 1564 3047 1806 3047 1923 3048 1806 3048 1924 3048 1924 3049 1806 3049 1905 3049 1924 3050 1905 3050 1918 3050 1918 3051 1905 3051 1917 3051 1918 3052 1917 3052 1778 3052 1778 3053 1917 3053 1916 3053 1778 3054 1916 3054 1779 3054 1779 3055 1916 3055 1913 3055 1779 3056 1913 3056 1780 3056 1780 3057 1913 3057 1912 3057 1780 3058 1912 3058 1777 3058 1777 3059 1912 3059 1766 3059 1563 3060 1562 3060 1806 3060 1806 3061 1562 3061 1561 3061 1806 3062 1561 3062 1807 3062 1807 3063 1561 3063 1560 3063 1807 3064 1560 3064 1929 3064 1933 3065 1585 3065 1925 3065 1580 3066 1579 3066 1934 3066 1934 3067 1579 3067 1935 3067 1935 3068 1936 3068 1934 3068 1934 3069 1936 3069 1937 3069 1934 3070 1937 3070 1925 3070 1925 3071 1937 3071 1938 3071 1925 3072 1938 3072 1933 3072 1584 3073 1583 3073 1928 3073 1928 3074 1583 3074 1582 3074 1928 3075 1582 3075 1807 3075 1807 3076 1582 3076 1581 3076 1807 3077 1581 3077 1580 3077 1899 3078 1898 3078 1901 3078 1901 3079 1898 3079 1925 3079 1901 3080 1925 3080 1928 3080 1928 3081 1925 3081 1585 3081 1928 3082 1585 3082 1584 3082 1757 3083 1756 3083 1809 3083 1809 3084 1756 3084 1939 3084 1809 3085 1939 3085 1940 3085 1940 3086 1941 3086 1809 3086 1809 3087 1941 3087 1942 3087 1809 3088 1942 3088 1925 3088 1925 3089 1942 3089 1604 3089 1925 3090 1604 3090 1603 3090 1599 3091 1598 3091 1934 3091 1603 3092 1602 3092 1925 3092 1925 3093 1602 3093 1601 3093 1925 3094 1601 3094 1934 3094 1934 3095 1601 3095 1600 3095 1934 3096 1600 3096 1599 3096 1598 3097 1943 3097 1939 3097 1939 3098 1943 3098 1944 3098 1939 3099 1944 3099 1940 3099 1754 3100 1890 3100 1755 3100 1755 3101 1890 3101 1926 3101 1755 3102 1926 3102 1945 3102 1945 3103 1926 3103 1879 3103 1945 3104 1879 3104 1870 3104 1870 3105 1879 3105 1878 3105 1870 3106 1878 3106 1871 3106 1598 3107 1939 3107 1934 3107 1934 3108 1939 3108 1804 3108 1934 3109 1804 3109 1946 3109 1519 3110 1518 3110 1904 3110 1904 3111 1518 3111 1907 3111 1904 3112 1907 3112 1947 3112 1948 3113 1623 3113 1946 3113 1621 3114 1620 3114 1808 3114 1621 3115 1808 3115 1622 3115 1949 3116 1950 3116 1951 3116 1951 3117 1950 3117 1952 3117 1951 3118 1952 3118 1946 3118 1946 3119 1952 3119 1953 3119 1946 3120 1953 3120 1948 3120 1620 3121 1947 3121 1808 3121 1808 3122 1947 3122 1907 3122 1808 3123 1907 3123 1806 3123 1806 3124 1907 3124 1515 3124 1806 3125 1515 3125 1905 3125 1905 3126 1515 3126 1514 3126 1905 3127 1514 3127 1513 3127 1580 3128 1934 3128 1807 3128 1807 3129 1934 3129 1946 3129 1807 3130 1946 3130 1808 3130 1808 3131 1946 3131 1623 3131 1808 3132 1623 3132 1622 3132 1620 3133 1619 3133 1947 3133 1947 3134 1619 3134 1618 3134 1947 3135 1618 3135 1951 3135 1951 3136 1618 3136 1617 3136 1951 3137 1617 3137 1949 3137 1637 3138 1636 3138 1951 3138 1803 3139 1954 3139 1804 3139 1804 3140 1954 3140 1955 3140 1804 3141 1955 3141 1946 3141 1946 3142 1955 3142 1642 3142 1946 3143 1642 3143 1641 3143 1641 3144 1640 3144 1946 3144 1946 3145 1640 3145 1639 3145 1946 3146 1639 3146 1951 3146 1951 3147 1639 3147 1638 3147 1951 3148 1638 3148 1637 3148 1636 3149 1956 3149 1805 3149 1805 3150 1956 3150 1957 3150 1805 3151 1957 3151 1803 3151 1958 3152 1870 3152 1959 3152 1959 3153 1870 3153 1960 3153 1789 3154 1790 3154 1920 3154 1958 3155 1789 3155 1870 3155 1870 3156 1789 3156 1920 3156 1870 3157 1920 3157 1945 3157 1945 3158 1920 3158 1786 3158 1945 3159 1786 3159 1755 3159 1921 3160 1794 3160 1795 3160 1960 3161 1870 3161 1961 3161 1961 3162 1870 3162 1872 3162 1961 3163 1872 3163 1962 3163 1790 3164 1791 3164 1920 3164 1920 3165 1791 3165 1792 3165 1920 3166 1792 3166 1921 3166 1921 3167 1792 3167 1793 3167 1921 3168 1793 3168 1794 3168 1951 3169 1963 3169 1947 3169 1947 3170 1963 3170 1964 3170 1947 3171 1964 3171 1904 3171 1904 3172 1964 3172 1965 3172 1904 3173 1965 3173 1903 3173 1903 3174 1965 3174 1911 3174 1903 3175 1911 3175 1542 3175 1542 3176 1911 3176 1543 3176 1756 3177 1784 3177 1939 3177 1939 3178 1784 3178 1783 3178 1939 3179 1783 3179 1804 3179 1804 3180 1783 3180 1782 3180 1804 3181 1782 3181 1805 3181 1805 3182 1782 3182 1781 3182 1805 3183 1781 3183 1966 3183 1966 3184 1781 3184 1862 3184 1966 3185 1862 3185 1967 3185 1967 3186 1862 3186 1968 3186 1967 3187 1969 3187 1966 3187 1966 3188 1969 3188 1970 3188 1966 3189 1970 3189 1661 3189 1660 3190 1659 3190 1963 3190 1658 3191 1657 3191 1865 3191 1636 3192 1805 3192 1951 3192 1951 3193 1805 3193 1966 3193 1951 3194 1966 3194 1963 3194 1963 3195 1966 3195 1661 3195 1963 3196 1661 3196 1660 3196 1659 3197 1658 3197 1963 3197 1963 3198 1658 3198 1865 3198 1963 3199 1865 3199 1964 3199 1964 3200 1865 3200 1867 3200 1964 3201 1867 3201 1965 3201 1965 3202 1867 3202 1852 3202 1965 3203 1852 3203 1911 3203 1911 3204 1852 3204 1854 3204 1911 3205 1854 3205 1544 3205 1544 3206 1854 3206 1545 3206 1657 3207 1656 3207 1865 3207 1865 3208 1656 3208 1655 3208 1865 3209 1655 3209 1862 3209 1862 3210 1655 3210 1971 3210 1862 3211 1971 3211 1968 3211 1855 3212 1859 3212 1856 3212 1856 3213 1859 3213 1861 3213 1856 3214 1861 3214 1876 3214 1876 3215 1861 3215 1922 3215 1876 3216 1922 3216 1874 3216 1874 3217 1922 3217 1921 3217 1874 3218 1921 3218 1872 3218 1872 3219 1921 3219 1795 3219 1872 3220 1795 3220 1962 3220 1972 3221 1973 3221 1974 3221 1975 3222 1976 3222 1977 3222 1977 3223 1976 3223 1978 3223 1977 3224 1978 3224 1979 3224 1979 3225 1978 3225 1980 3225 1979 3226 1980 3226 1981 3226 1981 3227 1980 3227 1982 3227 1981 3228 1982 3228 1983 3228 1983 3229 1982 3229 1984 3229 1983 3230 1984 3230 1985 3230 1985 3231 1984 3231 1986 3231 1987 3232 1988 3232 1989 3232 1989 3233 1988 3233 1990 3233 1975 3236 1991 3236 1976 3236 1974 3237 1973 3237 1992 3237 1992 3238 1973 3238 1993 3238 1992 3239 1993 3239 1994 3239 1994 3240 1993 3240 1995 3240 1994 3241 1995 3241 1996 3241 1996 3242 1995 3242 1997 3242 1996 3243 1997 3243 1998 3243 1998 3244 1997 3244 1999 3244 1998 3245 1999 3245 1987 3245 1987 3246 1999 3246 2000 3246 1987 3247 2000 3247 1988 3247 1972 3248 1974 3248 2001 3248 2001 3249 1974 3249 2002 3249 2001 3250 2002 3250 2003 3250 2003 3251 2002 3251 2004 3251 2003 3252 2004 3252 2005 3252 2005 3253 2004 3253 2006 3253 2005 3254 2006 3254 2007 3254 2008 3255 2009 3255 2010 3255 2010 3256 2009 3256 2011 3256 2010 3257 2011 3257 2012 3257 2012 3258 2011 3258 2013 3258 2012 3259 2013 3259 2014 3259 2014 3260 2013 3260 2015 3260 2014 3261 2015 3261 2016 3261 2016 3262 2015 3262 2017 3262 2016 3263 2017 3263 2018 3263 2018 3264 2017 3264 2019 3264 2018 3265 2019 3265 2020 3265 2020 3266 2019 3266 2021 3266 2020 3267 2021 3267 2022 3267 2022 3268 2021 3268 2023 3268 2022 3269 2023 3269 2024 3269 2024 3270 2023 3270 2025 3270 2024 3271 2025 3271 2026 3271 2026 3272 2025 3272 2027 3272 2026 3273 2027 3273 2028 3273 2028 3274 2027 3274 2029 3274 2028 3275 2029 3275 2030 3275 2030 3276 2029 3276 2031 3276 2030 3277 2031 3277 2032 3277 2032 3278 2031 3278 2033 3278 2032 3279 2033 3279 2034 3279 2034 3280 2033 3280 2035 3280 2034 3281 2035 3281 2008 3281 2008 3282 2035 3282 2009 3282 2036 3283 2009 3283 2037 3283 2037 3284 2009 3284 2035 3284 2037 3285 2035 3285 2038 3285 2038 3286 2035 3286 2033 3286 2038 3287 2033 3287 2039 3287 2039 3288 2033 3288 2040 3288 2040 3289 2033 3289 2041 3289 2041 3290 2033 3290 2031 3290 2041 3291 2031 3291 2042 3291 2043 3292 2044 3292 2029 3292 2029 3293 2044 3293 2045 3293 2029 3294 2045 3294 2031 3294 2031 3295 2045 3295 2046 3295 2031 3296 2046 3296 2042 3296 2047 3297 2048 3297 2027 3297 2027 3298 2048 3298 2049 3298 2027 3299 2049 3299 2029 3299 2029 3300 2049 3300 2050 3300 2029 3301 2050 3301 2043 3301 2047 3302 2027 3302 2051 3302 2051 3303 2027 3303 2025 3303 2051 3304 2025 3304 2052 3304 2052 3305 2025 3305 2023 3305 2052 3306 2023 3306 2053 3306 2054 3307 2055 3307 2056 3307 2056 3308 2055 3308 2057 3308 2056 3309 2057 3309 2058 3309 2058 3310 2057 3310 2059 3310 2058 3311 2059 3311 2060 3311 2060 3312 2059 3312 2061 3312 2060 3313 2061 3313 2062 3313 2062 3314 2061 3314 2063 3314 2062 3315 2063 3315 2064 3315 2064 3316 2063 3316 2065 3316 2064 3317 2065 3317 2066 3317 2066 3318 2065 3318 2067 3318 2066 3319 2067 3319 2068 3319 2068 3320 2067 3320 2069 3320 2068 3321 2069 3321 2070 3321 2070 3322 2069 3322 2071 3322 2070 3323 2071 3323 2072 3323 2072 3324 2071 3324 2073 3324 2072 3325 2073 3325 2074 3325 2074 3326 2073 3326 2075 3326 2074 3327 2075 3327 2076 3327 2076 3328 2075 3328 2077 3328 2076 3329 2077 3329 2078 3329 2078 3330 2077 3330 2079 3330 2078 3331 2079 3331 2080 3331 2080 3332 2079 3332 2081 3332 2080 3333 2081 3333 2054 3333 2054 3334 2081 3334 2055 3334 2082 3335 2083 3335 2073 3335 2084 3336 2055 3336 2085 3336 2085 3337 2055 3337 2081 3337 2085 3338 2081 3338 2086 3338 2086 3339 2081 3339 2079 3339 2086 3340 2079 3340 2087 3340 2088 3341 2089 3341 2077 3341 2077 3342 2089 3342 2090 3342 2077 3343 2090 3343 2079 3343 2079 3344 2090 3344 2091 3344 2079 3345 2091 3345 2087 3345 2075 3346 2092 3346 2077 3346 2077 3347 2092 3347 2093 3347 2077 3348 2093 3348 2088 3348 2083 3349 2094 3349 2073 3349 2073 3350 2094 3350 2095 3350 2073 3351 2095 3351 2075 3351 2075 3352 2095 3352 2096 3352 2075 3353 2096 3353 2092 3353 2082 3354 2073 3354 2097 3354 2097 3355 2073 3355 2071 3355 2097 3356 2071 3356 2098 3356 2098 3357 2071 3357 2069 3357 2098 3358 2069 3358 2099 3358 2100 3359 2068 3359 2070 3359 2100 3360 2070 3360 2101 3360 2101 3361 2070 3361 2072 3361 2101 3362 2072 3362 2102 3362 2102 3363 2072 3363 2103 3363 2103 3364 2072 3364 2074 3364 2103 3365 2074 3365 2104 3365 2105 3366 2106 3366 2076 3366 2076 3367 2106 3367 2107 3367 2076 3368 2107 3368 2074 3368 2074 3369 2107 3369 2108 3369 2074 3370 2108 3370 2104 3370 2076 3371 2078 3371 2105 3371 2105 3372 2078 3372 2080 3372 2105 3373 2080 3373 2109 3373 2109 3374 2080 3374 2054 3374 2109 3375 2054 3375 2110 3375 2111 3376 2022 3376 2024 3376 2111 3377 2024 3377 2112 3377 2112 3378 2024 3378 2026 3378 2112 3379 2026 3379 2113 3379 2113 3380 2026 3380 2114 3380 2114 3381 2026 3381 2028 3381 2114 3382 2028 3382 2115 3382 2116 3383 2117 3383 2030 3383 2030 3384 2117 3384 2118 3384 2030 3385 2118 3385 2028 3385 2028 3386 2118 3386 2119 3386 2028 3387 2119 3387 2115 3387 2030 3388 2032 3388 2116 3388 2116 3389 2032 3389 2034 3389 2116 3390 2034 3390 2120 3390 2120 3391 2034 3391 2008 3391 2120 3392 2008 3392 2121 3392 2122 3393 2123 3393 2124 3393 2124 3394 2123 3394 2125 3394 2124 3395 2125 3395 2126 3395 2126 3396 2125 3396 2127 3396 2126 3397 2127 3397 2128 3397 2128 3398 2127 3398 2129 3398 2128 3399 2129 3399 2130 3399 2130 3400 2129 3400 2131 3400 2130 3401 2131 3401 2132 3401 2132 3402 2131 3402 2133 3402 2132 3403 2133 3403 2134 3403 2134 3404 2133 3404 2135 3404 2134 3405 2135 3405 2136 3405 2136 3406 2135 3406 2137 3406 2136 3407 2137 3407 2138 3407 2138 3408 2137 3408 2139 3408 2138 3409 2139 3409 2140 3409 2140 3410 2139 3410 2141 3410 2140 3411 2141 3411 2142 3411 2142 3412 2141 3412 2143 3412 2142 3413 2143 3413 2144 3413 2144 3414 2143 3414 2145 3414 2144 3415 2145 3415 2146 3415 2146 3416 2145 3416 2147 3416 2146 3417 2147 3417 2148 3417 2148 3418 2147 3418 2149 3418 2148 3419 2149 3419 2122 3419 2122 3420 2149 3420 2123 3420 2150 3421 2123 3421 2151 3421 2151 3422 2123 3422 2149 3422 2151 3423 2149 3423 2152 3423 2152 3424 2149 3424 2147 3424 2145 3425 2153 3425 2147 3425 2147 3426 2153 3426 2154 3426 2154 3427 2155 3427 2147 3427 2147 3428 2155 3428 2156 3428 2147 3429 2156 3429 2152 3429 2157 3430 2158 3430 2143 3430 2143 3431 2158 3431 2159 3431 2143 3432 2159 3432 2145 3432 2145 3433 2159 3433 2160 3433 2145 3434 2160 3434 2153 3434 2157 3435 2143 3435 2161 3435 2161 3436 2143 3436 2141 3436 2161 3437 2141 3437 2162 3437 2162 3438 2141 3438 2163 3438 2163 3439 2141 3439 2139 3439 2163 3440 2139 3440 2164 3440 2164 3441 2139 3441 2165 3441 2165 3442 2139 3442 2137 3442 2165 3443 2137 3443 2166 3443 2167 3444 2136 3444 2138 3444 2167 3445 2138 3445 2168 3445 2168 3446 2138 3446 2140 3446 2168 3447 2140 3447 2169 3447 2169 3448 2140 3448 2170 3448 2170 3449 2140 3449 2142 3449 2170 3450 2142 3450 2171 3450 2171 3451 2142 3451 2172 3451 2172 3452 2142 3452 2144 3452 2172 3453 2144 3453 2173 3453 2173 3454 2144 3454 2174 3454 2174 3455 2144 3455 2146 3455 2174 3456 2146 3456 2175 3456 2175 3457 2146 3457 2148 3457 2175 3458 2148 3458 2176 3458 2176 3459 2148 3459 2122 3459 2176 3460 2122 3460 2177 3460 2178 3461 2179 3461 2180 3461 2178 3462 2180 3462 2181 3462 2181 3463 2180 3463 2182 3463 2181 3464 2182 3464 2183 3464 2183 3465 2182 3465 2184 3465 2183 3466 2184 3466 2185 3466 2185 3467 2184 3467 2186 3467 2185 3468 2186 3468 2187 3468 2187 3469 2186 3469 2188 3469 2187 3470 2188 3470 2189 3470 2189 3471 2188 3471 2190 3471 2189 3472 2190 3472 2191 3472 2191 3473 2190 3473 2192 3473 2191 3474 2192 3474 2193 3474 2193 3475 2192 3475 2194 3475 2193 3476 2194 3476 2195 3476 2195 3477 2194 3477 2196 3477 2195 3478 2196 3478 2197 3478 2197 3479 2196 3479 2198 3479 2197 3480 2198 3480 2199 3480 2199 3481 2198 3481 2200 3481 2199 3482 2200 3482 2201 3482 2201 3483 2200 3483 2202 3483 2201 3484 2202 3484 2203 3484 2203 3485 2202 3485 2204 3485 2203 3486 2204 3486 2205 3486 2205 3487 2204 3487 2206 3487 2205 3488 2206 3488 2207 3488 2207 3489 2206 3489 2208 3489 2207 3490 2208 3490 2209 3490 2209 3491 2208 3491 2210 3491 2209 3492 2210 3492 2211 3492 2211 3493 2210 3493 2212 3493 2211 3494 2212 3494 2213 3494 2213 3495 2212 3495 2214 3495 2213 3496 2214 3496 2215 3496 2177 3497 2006 3497 2176 3497 2176 3498 2006 3498 2004 3498 2171 3499 2172 3499 2002 3499 2172 3500 2173 3500 2002 3500 2002 3501 2173 3501 2174 3501 2002 3502 2174 3502 2004 3502 2004 3503 2174 3503 2175 3503 2004 3504 2175 3504 2176 3504 1869 3505 2167 3505 1853 3505 1853 3506 2167 3506 2168 3506 2216 3507 2217 3507 1989 3507 2216 3508 1989 3508 2218 3508 2109 3509 2110 3509 1977 3509 1977 3510 2110 3510 2219 3510 1977 3511 2219 3511 1975 3511 1975 3512 2219 3512 2220 3512 1975 3513 2220 3513 2221 3513 2221 3514 2222 3514 1975 3514 1975 3515 2222 3515 2223 3515 1975 3516 2223 3516 1989 3516 1989 3517 2223 3517 2224 3517 1989 3518 2224 3518 2218 3518 2100 3519 2101 3519 1820 3519 1820 3520 2101 3520 2102 3520 2107 3521 2106 3521 1821 3521 1821 3522 2106 3522 2105 3522 1821 3523 2105 3523 1822 3523 2102 3524 2103 3524 1820 3524 1820 3525 2103 3525 2104 3525 1820 3526 2104 3526 1821 3526 1821 3527 2104 3527 2108 3527 1821 3528 2108 3528 2107 3528 1985 3529 1813 3529 1983 3529 1983 3530 1813 3530 1815 3530 1983 3531 1815 3531 1981 3531 1981 3532 1815 3532 1817 3532 1981 3533 1817 3533 1979 3533 1979 3534 1817 3534 1823 3534 1979 3535 1823 3535 1977 3535 1977 3536 1823 3536 1822 3536 1977 3537 1822 3537 2109 3537 2109 3538 1822 3538 2105 3538 2217 3539 2100 3539 1989 3539 1989 3540 2100 3540 1820 3540 1989 3541 1820 3541 1987 3541 1987 3542 1820 3542 1819 3542 1987 3543 1819 3543 1998 3543 1998 3544 1819 3544 1832 3544 1998 3545 1832 3545 1996 3545 1996 3546 1832 3546 1834 3546 1834 3547 1836 3547 1996 3547 1996 3548 1836 3548 1837 3548 1996 3549 1837 3549 1994 3549 1994 3550 1837 3550 1827 3550 1827 3551 1839 3551 1994 3551 1994 3552 1839 3552 1840 3552 1994 3553 1840 3553 1992 3553 1992 3554 1840 3554 1842 3554 1992 3555 1842 3555 1974 3555 1974 3556 1842 3556 1843 3556 1974 3557 1843 3557 2002 3557 2002 3558 1843 3558 1848 3558 2002 3559 1848 3559 2171 3559 2171 3560 1848 3560 1849 3560 2171 3561 1849 3561 2170 3561 2170 3562 1849 3562 1853 3562 2170 3563 1853 3563 2169 3563 2169 3564 1853 3564 2168 3564 2225 3565 2226 3565 2227 3565 2228 3566 2229 3566 2230 3566 2231 3567 2232 3567 2233 3567 2234 3568 2235 3568 2199 3568 2237 3570 2238 3570 2239 3570 2240 3571 2241 3571 2242 3571 2243 3572 2244 3572 2233 3572 2233 3573 2244 3573 2245 3573 2191 3574 2246 3574 2189 3574 2189 3575 2246 3575 2247 3575 2189 3576 2247 3576 2187 3576 2187 3577 2247 3577 2248 3577 2187 3578 2248 3578 2185 3578 2248 3579 2249 3579 2185 3579 2185 3580 2249 3580 2243 3580 2185 3581 2243 3581 2183 3581 2183 3582 2243 3582 2181 3582 2250 3583 2251 3583 2252 3583 2252 3584 2251 3584 2253 3584 2199 3585 2235 3585 2197 3585 2197 3586 2235 3586 2254 3586 2197 3587 2254 3587 2195 3587 2195 3588 2254 3588 2255 3588 2195 3589 2255 3589 2193 3589 2193 3590 2255 3590 2256 3590 2193 3591 2256 3591 2191 3591 2191 3592 2256 3592 2257 3592 2191 3593 2257 3593 2246 3593 2258 3594 2259 3594 2260 3594 2260 3595 2259 3595 2261 3595 2262 3596 2260 3596 2263 3596 2263 3597 2260 3597 2261 3597 2263 3598 2261 3598 2264 3598 2264 3599 2261 3599 1990 3599 2264 3600 1990 3600 2265 3600 2265 3601 1990 3601 1988 3601 2251 3602 2266 3602 2001 3602 2001 3603 2266 3603 2267 3603 2268 3604 2228 3604 2269 3604 2269 3605 2228 3605 2230 3605 2269 3606 2230 3606 2242 3606 2242 3607 2230 3607 2270 3607 2242 3608 2270 3608 2271 3608 2271 3609 2270 3609 2234 3609 2245 3610 2272 3610 2233 3610 2233 3611 2272 3611 2273 3611 2233 3612 2273 3612 2231 3612 2274 3613 2225 3613 2275 3613 2275 3614 2225 3614 2227 3614 2275 3615 2227 3615 2233 3615 2233 3616 2227 3616 2276 3616 2233 3617 2276 3617 2243 3617 2243 3618 2276 3618 2277 3618 2243 3619 2277 3619 2181 3619 2181 3620 2277 3620 2278 3620 2181 3621 2278 3621 2178 3621 2178 3622 2278 3622 2279 3622 2178 3623 2279 3623 2280 3623 2280 3624 2279 3624 2281 3624 2258 3625 2260 3625 2282 3625 2282 3626 2260 3626 2283 3626 2282 3627 2283 3627 2284 3627 2284 3628 2283 3628 2285 3628 2284 3629 2285 3629 2286 3629 2286 3630 2285 3630 2287 3630 2286 3631 2287 3631 2281 3631 2281 3632 2287 3632 2288 3632 2281 3633 2288 3633 2280 3633 2289 3634 2236 3634 2290 3634 2290 3635 2236 3635 1990 3635 2290 3636 1990 3636 2291 3636 2291 3637 1990 3637 2261 3637 2000 3638 2292 3638 1988 3638 1988 3639 2292 3639 2293 3639 2294 3640 2295 3640 2296 3640 2296 3641 2295 3641 2297 3641 2296 3642 2297 3642 2298 3642 2298 3643 2297 3643 2299 3643 2298 3644 2299 3644 2250 3644 2250 3645 2299 3645 2300 3645 2250 3646 2300 3646 2251 3646 2005 3647 2237 3647 2003 3647 2003 3648 2237 3648 2239 3648 2003 3649 2239 3649 2001 3649 2001 3650 2239 3650 2301 3650 2001 3651 2301 3651 2251 3651 2251 3652 2301 3652 2302 3652 2251 3653 2302 3653 2253 3653 2253 3654 2302 3654 2303 3654 2253 3655 2303 3655 2215 3655 2215 3656 2303 3656 2304 3656 2215 3657 2304 3657 2213 3657 2213 3658 2304 3658 2305 3658 2213 3659 2305 3659 2211 3659 2306 3660 2240 3660 2307 3660 2307 3661 2240 3661 2242 3661 2307 3662 2242 3662 2308 3662 2308 3663 2242 3663 2271 3663 2293 3664 2309 3664 1988 3664 1988 3665 2309 3665 2310 3665 1988 3666 2310 3666 2265 3666 2262 3667 2263 3667 2311 3667 2311 3668 2263 3668 2312 3668 2311 3669 2312 3669 2313 3669 2313 3670 2312 3670 2314 3670 2313 3671 2314 3671 2315 3671 2315 3672 2314 3672 2316 3672 2315 3673 2316 3673 2317 3673 2317 3674 2316 3674 2318 3674 2317 3675 2318 3675 2294 3675 2294 3676 2318 3676 2319 3676 2294 3677 2319 3677 2295 3677 2267 3678 2320 3678 2001 3678 2001 3679 2320 3679 2321 3679 2001 3680 2321 3680 1972 3680 2211 3681 2305 3681 2209 3681 2209 3682 2305 3682 2322 3682 2209 3683 2322 3683 2207 3683 2207 3684 2322 3684 2323 3684 2207 3685 2323 3685 2205 3685 2205 3686 2323 3686 2324 3686 2205 3687 2324 3687 2203 3687 2203 3688 2324 3688 2325 3688 2203 3689 2325 3689 2326 3689 2199 3690 2201 3690 2234 3690 2234 3691 2201 3691 2203 3691 2234 3692 2203 3692 2271 3692 2271 3693 2203 3693 2326 3693 2512 3908 2268 3908 2513 3908 2513 3909 2268 3909 2514 3909 2513 3910 2514 3910 2515 3910 2515 3911 2514 3911 2516 3911 2515 3912 2516 3912 2517 3912 2232 3913 2518 3913 2519 3913 2519 3914 2518 3914 2520 3914 2519 3915 2520 3915 2521 3915 2521 3916 2520 3916 2517 3916 2521 3917 2517 3917 2522 3917 2522 3918 2517 3918 2516 3918 2245 3919 2449 3919 2272 3919 2272 3920 2449 3920 2450 3920 2272 3921 2450 3921 2273 3921 2450 3922 2451 3922 2273 3922 2273 3923 2451 3923 2447 3923 2273 3924 2447 3924 2231 3924 2447 3925 2446 3925 2231 3925 2231 3926 2446 3926 2442 3926 2231 3927 2442 3927 2232 3927 2232 3928 2442 3928 2444 3928 2232 3929 2444 3929 2518 3929 2518 3930 2444 3930 2523 3930 2444 3931 2445 3931 2523 3931 2523 3932 2445 3932 2441 3932 2523 3933 2441 3933 2524 3933 2441 3934 2439 3934 2524 3934 2524 3935 2439 3935 2438 3935 2524 3936 2438 3936 2525 3936 2432 3937 2526 3937 2433 3937 2433 3938 2526 3938 2527 3938 2433 3939 2527 3939 2435 3939 2435 3940 2527 3940 2525 3940 2435 3941 2525 3941 2436 3941 2436 3942 2525 3942 2438 3942 2528 3943 2529 3943 2530 3943 2274 3944 1986 3944 2531 3944 2531 3945 1986 3945 1984 3945 2531 3946 1984 3946 2532 3946 2532 3947 1984 3947 1982 3947 2532 3948 1982 3948 2533 3948 2533 3949 1982 3949 1980 3949 2533 3950 1980 3950 2534 3950 2534 3951 1980 3951 1978 3951 2534 3952 1978 3952 2530 3952 2530 3953 1978 3953 1976 3953 2530 3954 1976 3954 2528 3954 2528 3955 1976 3955 1991 3955 2535 3956 2469 3956 2536 3956 2536 3957 2469 3957 2470 3957 2536 3958 2470 3958 2537 3958 2470 3959 2471 3959 2537 3959 2537 3960 2471 3960 2468 3960 2537 3961 2468 3961 2538 3961 2468 3962 2466 3962 2538 3962 2538 3963 2466 3963 2464 3963 2538 3964 2464 3964 2539 3964 2464 3965 2463 3965 2539 3965 2539 3966 2463 3966 2459 3966 2539 3967 2459 3967 2540 3967 2540 3968 2459 3968 2461 3968 2293 3969 2292 3969 2461 3969 2461 3970 2292 3970 2000 3970 2461 3971 2000 3971 2540 3971 2461 3972 2462 3972 2293 3972 2293 3973 2462 3973 2457 3973 2293 3974 2457 3974 2309 3974 2452 3975 2265 3975 2454 3975 2454 3976 2265 3976 2310 3976 2454 3977 2310 3977 2455 3977 2455 3978 2310 3978 2309 3978 2455 3979 2309 3979 2456 3979 2456 3980 2309 3980 2457 3980 2541 3981 2540 3981 2000 3981 1973 3982 1972 3982 2542 3982 1973 3983 2542 3983 1993 3983 2542 3984 2543 3984 1993 3984 1993 3985 2543 3985 2544 3985 1993 3986 2544 3986 1995 3986 1995 3987 2544 3987 2545 3987 1995 3988 2545 3988 1997 3988 1997 3989 2545 3989 2541 3989 1997 3990 2541 3990 1999 3990 1999 3991 2541 3991 2000 3991 2472 3992 2267 3992 2473 3992 2473 3993 2267 3993 2266 3993 2473 3994 2266 3994 2475 3994 2475 3995 2266 3995 2251 3995 2475 3996 2251 3996 2476 3996 2476 3997 2251 3997 2546 3997 2476 3998 2546 3998 2478 3998 2547 3999 2491 3999 2548 3999 2548 4000 2491 4000 2490 4000 2548 4001 2490 4001 2549 4001 2549 4002 2490 4002 2005 4002 2005 4003 2490 4003 2489 4003 2005 4004 2489 4004 2237 4004 2237 4005 2489 4005 2487 4005 2237 4006 2487 4006 2238 4006 2487 4007 2486 4007 2238 4007 2238 4008 2486 4008 2482 4008 2238 4009 2482 4009 2239 4009 2239 4010 2482 4010 2484 4010 2239 4011 2484 4011 2301 4011 2546 4012 2550 4012 2478 4012 2478 4013 2550 4013 2551 4013 2478 4014 2551 4014 2479 4014 2479 4015 2551 4015 2302 4015 2479 4016 2302 4016 2481 4016 2481 4017 2302 4017 2301 4017 2481 4018 2301 4018 2485 4018 2485 4019 2301 4019 2484 4019 2552 4020 2548 4020 2549 4020 2241 4021 2553 4021 2554 4021 2554 4022 2553 4022 2555 4022 2554 4023 2555 4023 2556 4023 2556 4024 2555 4024 2557 4024 2556 4025 2557 4025 2558 4025 2558 4026 2557 4026 2559 4026 2558 4027 2559 4027 2560 4027 2560 4028 2559 4028 2552 4028 2560 4029 2552 4029 2561 4029 2561 4030 2552 4030 2549 4030 2561 4031 2549 4031 2007 4031 2007 4032 2549 4032 2005 4032 2493 4033 2492 4033 2562 4033 2230 4034 2511 4034 2270 4034 2270 4035 2511 4035 2510 4035 2270 4036 2510 4036 2234 4036 2234 4037 2510 4037 2509 4037 2234 4038 2509 4038 2563 4038 2563 4039 2509 4039 2507 4039 2563 4040 2507 4040 2564 4040 2564 4041 2507 4041 2565 4041 2565 4042 2507 4042 2506 4042 2565 4043 2506 4043 2271 4043 2271 4044 2506 4044 2502 4044 2271 4045 2502 4045 2308 4045 2308 4046 2502 4046 2504 4046 2308 4047 2504 4047 2307 4047 2504 4048 2505 4048 2307 4048 2307 4049 2505 4049 2501 4049 2307 4050 2501 4050 2306 4050 2501 4051 2499 4051 2306 4051 2306 4052 2499 4052 2498 4052 2306 4053 2498 4053 2240 4053 2498 4054 2496 4054 2240 4054 2240 4055 2496 4055 2495 4055 2240 4056 2495 4056 2241 4056 2241 4057 2495 4057 2493 4057 2241 4058 2493 4058 2553 4058 2553 4059 2493 4059 2562 4059 2566 4060 2512 4060 2513 4060 2566 4061 2513 4061 2567 4061 2567 4062 2513 4062 2515 4062 2567 4063 2515 4063 2568 4063 2569 4064 2515 4064 2570 4064 2570 4065 2515 4065 2517 4065 2570 4066 2517 4066 2571 4066 2572 4067 2573 4067 2568 4067 2568 4068 2573 4068 2574 4068 2568 4069 2574 4069 2575 4069 2575 4070 2574 4070 2576 4070 2575 4071 2576 4071 2577 4071 2577 4072 2578 4072 2575 4072 2575 4073 2578 4073 2579 4073 2575 4074 2579 4074 2517 4074 2517 4075 2579 4075 2580 4075 2517 4076 2580 4076 2571 4076 2569 4077 2581 4077 2515 4077 2515 4078 2581 4078 2582 4078 2515 4079 2582 4079 2568 4079 2568 4080 2582 4080 2583 4080 2568 4081 2583 4081 2572 4081 2575 4082 2517 4082 2520 4082 2575 4083 2520 4083 2584 4083 2584 4084 2520 4084 2518 4084 2584 4085 2518 4085 2585 4085 2585 4086 2518 4086 2586 4086 2586 4087 2518 4087 2523 4087 2586 4088 2523 4088 2587 4088 2587 4089 2523 4089 2524 4089 2587 4090 2524 4090 2588 4090 2588 4091 2524 4091 2525 4091 2588 4092 2525 4092 2589 4092 2531 4093 2590 4093 2526 4093 2526 4094 2590 4094 2589 4094 2527 4096 2589 4096 2525 4096 2590 4097 2531 4097 2532 4097 2590 4098 2532 4098 2591 4098 2591 4099 2532 4099 2533 4099 2591 4100 2533 4100 2592 4100 2592 4101 2533 4101 2534 4101 2592 4102 2534 4102 2593 4102 2593 4103 2534 4103 2530 4103 2593 4104 2530 4104 2594 4104 2595 4105 2596 4105 2597 4105 2598 4106 2599 4106 2594 4106 2594 4107 2599 4107 2597 4107 2597 4108 2599 4108 2600 4108 2597 4109 2600 4109 2595 4109 2601 4110 2602 4110 2529 4110 2529 4111 2602 4111 2603 4111 2529 4112 2603 4112 2530 4112 2603 4113 2604 4113 2530 4113 2530 4114 2604 4114 2605 4114 2530 4115 2605 4115 2594 4115 2594 4116 2605 4116 2606 4116 2594 4117 2606 4117 2598 4117 2609 4121 2540 4121 2541 4121 2609 4122 2541 4122 2610 4122 2610 4123 2541 4123 2545 4123 2610 4124 2545 4124 2611 4124 2611 4125 2545 4125 2544 4125 2611 4126 2544 4126 2612 4126 2612 4127 2544 4127 2543 4127 2612 4128 2543 4128 2613 4128 2613 4129 2543 4129 2542 4129 2613 4130 2542 4130 2614 4130 2547 4131 2615 4131 2616 4131 2616 4132 2615 4132 2617 4132 2617 4133 2618 4133 2616 4133 2616 4134 2618 4134 2619 4134 2616 4135 2619 4135 2620 4135 2621 4136 2622 4136 2623 4136 2624 4137 2625 4137 2626 4137 2626 4138 2625 4138 2621 4138 2626 4139 2621 4139 2627 4139 2627 4140 2621 4140 2623 4140 2614 4141 2542 4141 2628 4141 2614 4142 2628 4142 2629 4142 2628 4143 2630 4143 2629 4143 2629 4144 2630 4144 2631 4144 2629 4145 2631 4145 2632 4145 2632 4146 2631 4146 2633 4146 2632 4147 2633 4147 2634 4147 2634 4148 2633 4148 2635 4148 2635 4149 2636 4149 2634 4149 2634 4150 2636 4150 2616 4150 2634 4151 2616 4151 2621 4151 2621 4152 2616 4152 2620 4152 2621 4153 2620 4153 2622 4153 2637 4154 2638 4154 2639 4154 2639 4155 2638 4155 2640 4155 2639 4156 2640 4156 2641 4156 2641 4157 2640 4157 2642 4157 2548 4158 2552 4158 2643 4158 2643 4159 2644 4159 2548 4159 2548 4160 2644 4160 2645 4160 2548 4161 2645 4161 2646 4161 2637 4162 2647 4162 2638 4162 2638 4163 2647 4163 2648 4163 2638 4164 2648 4164 2552 4164 2552 4165 2648 4165 2649 4165 2552 4166 2649 4166 2643 4166 2638 4167 2552 4167 2559 4167 2638 4168 2559 4168 2650 4168 2650 4169 2559 4169 2557 4169 2650 4170 2557 4170 2651 4170 2651 4171 2557 4171 2555 4171 2651 4172 2555 4172 2652 4172 2652 4173 2555 4173 2553 4173 2652 4174 2553 4174 2653 4174 2553 4175 2562 4175 2653 4175 2653 4176 2562 4176 2654 4176 2562 4177 2655 4177 2654 4177 2654 4178 2655 4178 2656 4178 2654 4179 2656 4179 2657 4179 2656 4180 2658 4180 2657 4180 2657 4181 2658 4181 2659 4181 2657 4182 2659 4182 2660 4182 2659 4183 2661 4183 2660 4183 2660 4184 2661 4184 2662 4184 2660 4185 2662 4185 2663 4185 2663 4186 2662 4186 2664 4186 2663 4187 2664 4187 2566 4187 2566 4188 2664 4188 2665 4188 2566 4189 2665 4189 2512 4189 2589 4190 2590 4190 2591 4190 2593 4191 2594 4191 2660 4191 2629 4192 2610 4192 2611 4192 2584 4193 2585 4193 2586 4193 2632 4194 2634 4194 2654 4194 2654 4195 2634 4195 2621 4195 2654 4196 2621 4196 2625 4196 2666 4197 2667 4197 2660 4197 2611 4198 2612 4198 2629 4198 2629 4199 2612 4199 2613 4199 2629 4200 2613 4200 2614 4200 2663 4201 2566 4201 2567 4201 2584 4202 2586 4202 2663 4202 2663 4203 2586 4203 2587 4203 2663 4204 2587 4204 2588 4204 2650 4205 2651 4205 2654 4205 2654 4206 2651 4206 2652 4206 2654 4207 2652 4207 2653 4207 2660 4208 2667 4208 2657 4208 2657 4209 2667 4209 2668 4209 2657 4210 2668 4210 2669 4210 2666 4211 2660 4211 2670 4211 2670 4212 2660 4212 2594 4212 2670 4213 2594 4213 2597 4213 2632 4214 2654 4214 2629 4214 2629 4215 2654 4215 2657 4215 2629 4216 2657 4216 2610 4216 2610 4217 2657 4217 2669 4217 2610 4218 2669 4218 2609 4218 2567 4219 2568 4219 2663 4219 2663 4220 2568 4220 2575 4220 2663 4221 2575 4221 2584 4221 2593 4222 2660 4222 2592 4222 2592 4223 2660 4223 2663 4223 2592 4224 2663 4224 2591 4224 2591 4225 2663 4225 2588 4225 2591 4226 2588 4226 2589 4226 2625 4227 2640 4227 2654 4227 2654 4228 2640 4228 2638 4228 2654 4229 2638 4229 2650 4229 2671 4230 2672 4230 2579 4230 2579 4231 2578 4231 2671 4231 2671 4232 2578 4232 2577 4232 2671 4233 2577 4233 2673 4233 2673 4234 2577 4234 2576 4234 2673 4235 2576 4235 2674 4235 2674 4236 2576 4236 2675 4236 2675 4237 2576 4237 2574 4237 2675 4238 2574 4238 2676 4238 2676 4239 2574 4239 2677 4239 2677 4240 2574 4240 2573 4240 2677 4241 2573 4241 2678 4241 2678 4242 2573 4242 2679 4242 2679 4243 2573 4243 2572 4243 2679 4244 2572 4244 2680 4244 2680 4245 2572 4245 2681 4245 2681 4246 2572 4246 2583 4246 2681 4247 2583 4247 2682 4247 2683 4248 2596 4248 2595 4248 2683 4249 2595 4249 2684 4249 2685 4250 2686 4250 2687 4250 2687 4251 2686 4251 2688 4251 2687 4252 2688 4252 2689 4252 2687 4253 2690 4253 2685 4253 2685 4254 2690 4254 2691 4254 2685 4255 2691 4255 2692 4255 2695 4262 2600 4262 2599 4262 2695 4263 2599 4263 2696 4263 2696 4264 2599 4264 2697 4264 2697 4265 2599 4265 2598 4265 2697 4266 2598 4266 2698 4266 2698 4267 2598 4267 2699 4267 2699 4268 2598 4268 2606 4268 2699 4269 2606 4269 2700 4269 2701 4270 2627 4270 2702 4270 2702 4271 2627 4271 2623 4271 2702 4272 2623 4272 2703 4272 2703 4273 2623 4273 2622 4273 2703 4274 2622 4274 2704 4274 2704 4275 2622 4275 2620 4275 2704 4276 2620 4276 2705 4276 2706 4277 2707 4277 2708 4277 2708 4278 2707 4278 2624 4278 2708 4279 2624 4279 2701 4279 2701 4280 2624 4280 2626 4280 2701 4281 2626 4281 2627 4281 2709 4282 2710 4282 2648 4282 2648 4283 2647 4283 2709 4283 2709 4284 2647 4284 2637 4284 2709 4285 2637 4285 2711 4285 2711 4286 2637 4286 2639 4286 2711 4287 2639 4287 2712 4287 2712 4288 2639 4288 2713 4288 2713 4289 2639 4289 2641 4289 2713 4290 2641 4290 2706 4290 2706 4291 2641 4291 2642 4291 2706 4292 2642 4292 2707 4292 2677 4293 2678 4293 2714 4293 2715 4294 2672 4294 2671 4294 2672 4295 2715 4295 2714 4295 2673 4296 2674 4296 2675 4296 2671 4297 2673 4297 2715 4297 2715 4298 2673 4298 2675 4298 2715 4299 2675 4299 2714 4299 2714 4300 2675 4300 2676 4300 2714 4301 2676 4301 2677 4301 2678 4302 2679 4302 2714 4302 2714 4303 2679 4303 2680 4303 2714 4304 2680 4304 2681 4304 2716 4305 2717 4305 2681 4305 2718 4306 2682 4306 2719 4306 2682 4307 2718 4307 2681 4307 2720 4308 2721 4308 2722 4308 2719 4309 2720 4309 2718 4309 2718 4310 2720 4310 2722 4310 2718 4311 2722 4311 2681 4311 2681 4312 2722 4312 2723 4312 2681 4313 2723 4313 2716 4313 2717 4314 2724 4314 2681 4314 2681 4315 2724 4315 2725 4315 2681 4316 2725 4316 2714 4316 2726 4317 2727 4317 2699 4317 2728 4318 2700 4318 2729 4318 2700 4319 2728 4319 2699 4319 2730 4320 2731 4320 2732 4320 2729 4321 2730 4321 2728 4321 2728 4322 2730 4322 2732 4322 2728 4323 2732 4323 2699 4323 2699 4324 2732 4324 2733 4324 2699 4325 2733 4325 2726 4325 2727 4326 2734 4326 2699 4326 2699 4327 2734 4327 2735 4327 2699 4328 2735 4328 2736 4328 2695 4329 2696 4329 2736 4329 2737 4330 2691 4330 2690 4330 2691 4331 2737 4331 2736 4331 2687 4332 2689 4332 2693 4332 2690 4333 2687 4333 2737 4333 2737 4334 2687 4334 2693 4334 2737 4335 2693 4335 2736 4335 2736 4336 2693 4336 2694 4336 2736 4337 2694 4337 2695 4337 2696 4338 2697 4338 2736 4338 2736 4339 2697 4339 2698 4339 2736 4340 2698 4340 2699 4340 2738 4341 2739 4341 2704 4341 2740 4342 2705 4342 2741 4342 2705 4343 2740 4343 2704 4343 2742 4344 2743 4344 2744 4344 2741 4345 2742 4345 2740 4345 2740 4346 2742 4346 2744 4346 2740 4347 2744 4347 2704 4347 2704 4348 2744 4348 2745 4348 2704 4349 2745 4349 2738 4349 2739 4350 2746 4350 2704 4350 2704 4351 2746 4351 2747 4351 2704 4352 2747 4352 2748 4352 2708 4353 2701 4353 2748 4353 2749 4354 2710 4354 2709 4354 2710 4355 2749 4355 2748 4355 2711 4356 2712 4356 2713 4356 2709 4357 2711 4357 2749 4357 2749 4358 2711 4358 2713 4358 2749 4359 2713 4359 2748 4359 2748 4360 2713 4360 2706 4360 2748 4361 2706 4361 2708 4361 2701 4362 2702 4362 2748 4362 2748 4363 2702 4363 2703 4363 2748 4364 2703 4364 2704 4364 2750 4365 2751 4365 2752 4365 1369 4366 1366 4366 1290 4366 1290 4367 1366 4367 1364 4367 1364 4368 1363 4368 1290 4368 1290 4369 1363 4369 1422 4369 1290 4370 1422 4370 1292 4370 1292 4371 1422 4371 2750 4371 1385 4372 1384 4372 1292 4372 1289 4373 1404 4373 1399 4373 1369 4374 1290 4374 1372 4374 1372 4375 1290 4375 1377 4375 1372 4376 1377 4376 1375 4376 1291 4377 1393 4377 1391 4377 1404 4378 1289 4378 1407 4378 1407 4379 1289 4379 1414 4379 1407 4380 1414 4380 1413 4380 1384 4381 1383 4381 1292 4381 1292 4382 1383 4382 1418 4382 1292 4383 1418 4383 1291 4383 1399 4384 1401 4384 1289 4384 1289 4385 1401 4385 1403 4385 1289 4386 1403 4386 1290 4386 1290 4387 1403 4387 1379 4387 1290 4388 1379 4388 1377 4388 1391 4389 1390 4389 1291 4389 1291 4390 1390 4390 1389 4390 1291 4391 1389 4391 1289 4391 1289 4392 1389 4392 1416 4392 1289 4393 1416 4393 1414 4393 2750 4394 2752 4394 1292 4394 1292 4395 2752 4395 2753 4395 1292 4396 2753 4396 1385 4396 1395 4397 1393 4397 1397 4397 1397 4398 1393 4398 1291 4398 1397 4399 1291 4399 2754 4399 2754 4400 1291 4400 1418 4400 2755 4401 2756 4401 2757 4401 2755 4402 2757 4402 2758 4402 2758 4403 2757 4403 2759 4403 2758 4404 2759 4404 2760 4404 2760 4405 2759 4405 2761 4405 2760 4406 2761 4406 2762 4406 2762 4407 2761 4407 2763 4407 2762 4408 2763 4408 2764 4408 2764 4409 2763 4409 2765 4409 2764 4410 2765 4410 2766 4410 2766 4411 2765 4411 2767 4411 2766 4412 2767 4412 2768 4412 2768 4413 2767 4413 2769 4413 2768 4414 2769 4414 2770 4414 2770 4415 2769 4415 2771 4415 2770 4416 2771 4416 2772 4416 2772 4417 2771 4417 2773 4417 2772 4418 2773 4418 2774 4418 2774 4419 2773 4419 2775 4419 2774 4420 2775 4420 2776 4420 2776 4421 2775 4421 2777 4421 2776 4422 2777 4422 2778 4422 2778 4423 2777 4423 2779 4423 2778 4424 2779 4424 2780 4424 2780 4425 2779 4425 2781 4425 2780 4426 2781 4426 2782 4426 2782 4427 2781 4427 2783 4427 2782 4428 2783 4428 2784 4428 2784 4429 2783 4429 2785 4429 2784 4430 2785 4430 2786 4430 2786 4431 2785 4431 2787 4431 2786 4432 2787 4432 2788 4432 2788 4433 2787 4433 2789 4433 2788 4434 2789 4434 2790 4434 2790 4435 2789 4435 2791 4435 2790 4436 2791 4436 2792 4436 2792 4437 2791 4437 2793 4437 2792 4438 2793 4438 2794 4438 2794 4439 2793 4439 2795 4439 2794 4440 2795 4440 2796 4440 2796 4441 2795 4441 2797 4441 2796 4442 2797 4442 2798 4442 2798 4443 2797 4443 2799 4443 2798 4444 2799 4444 2800 4444 2800 4445 2799 4445 2801 4445 2800 4446 2801 4446 2802 4446 2802 4447 2801 4447 2803 4447 2802 4448 2803 4448 2804 4448 2804 4449 2803 4449 2805 4449 2804 4450 2805 4450 2806 4450 2806 4451 2805 4451 2807 4451 2806 4452 2807 4452 2808 4452 2808 4453 2807 4453 2809 4453 2808 4454 2809 4454 2810 4454 2810 4455 2809 4455 2811 4455 2810 4456 2811 4456 2812 4456 2812 4457 2811 4457 2813 4457 2812 4458 2813 4458 2814 4458 2814 4459 2813 4459 2815 4459 2814 4460 2815 4460 2816 4460 2816 4461 2815 4461 2817 4461 2816 4462 2817 4462 2818 4462 2818 4463 2817 4463 2819 4463 2818 4464 2819 4464 2820 4464 2820 4465 2819 4465 2821 4465 2820 4466 2821 4466 2822 4466 2823 4467 2824 4467 2825 4467 2826 4468 2827 4468 2824 4468 2824 4469 2827 4469 2828 4469 2824 4470 2828 4470 2825 4470 2829 4471 2830 4471 2831 4471 2831 4472 2830 4472 2823 4472 2831 4473 2823 4473 2832 4473 2832 4474 2823 4474 2825 4474 2833 4475 2834 4475 2835 4475 2835 4476 2834 4476 2827 4476 2835 4477 2827 4477 2836 4477 2836 4478 2827 4478 2826 4478 2837 4479 2838 4479 2839 4479 2839 4480 2838 4480 2840 4480 2839 4481 2840 4481 2841 4481 2841 4482 2840 4482 2842 4482 2843 4483 2844 4483 2845 4483 2845 4484 2844 4484 2838 4484 2845 4485 2838 4485 2846 4485 2846 4486 2838 4486 2837 4486 2847 4487 2848 4487 2849 4487 2849 4488 2848 4488 2841 4488 2849 4489 2841 4489 2850 4489 2850 4490 2841 4490 2842 4490 2851 4491 2852 4491 2853 4491 2854 4492 2855 4492 2852 4492 2852 4493 2855 4493 2856 4493 2852 4494 2856 4494 2853 4494 2857 4495 2858 4495 2859 4495 2859 4496 2858 4496 2851 4496 2859 4497 2851 4497 2860 4497 2860 4498 2851 4498 2853 4498 2861 4499 2862 4499 2863 4499 2863 4500 2862 4500 2855 4500 2863 4501 2855 4501 2864 4501 2864 4502 2855 4502 2854 4502 2865 4503 2866 4503 2824 4503 2865 4504 2824 4504 2867 4504 2824 4505 2823 4505 2867 4505 2867 4506 2823 4506 2830 4506 2867 4507 2830 4507 2868 4507 2868 4508 2830 4508 2869 4508 2869 4509 2830 4509 2829 4509 2869 4510 2829 4510 2870 4510 2831 4511 2871 4511 2829 4511 2829 4512 2871 4512 2872 4512 2829 4513 2872 4513 2870 4513 2873 4514 2874 4514 2832 4514 2832 4515 2874 4515 2875 4515 2832 4516 2875 4516 2831 4516 2831 4517 2875 4517 2876 4517 2831 4518 2876 4518 2871 4518 2873 4519 2832 4519 2877 4519 2877 4520 2832 4520 2825 4520 2877 4521 2825 4521 2878 4521 2878 4522 2825 4522 2828 4522 2878 4523 2828 4523 2879 4523 2880 4524 2840 4524 2881 4524 2881 4525 2840 4525 2838 4525 2881 4526 2838 4526 2882 4526 2882 4527 2838 4527 2844 4527 2843 4528 2883 4528 2844 4528 2844 4529 2883 4529 2884 4529 2844 4530 2884 4530 2882 4530 2845 4531 2885 4531 2843 4531 2843 4532 2885 4532 2886 4532 2886 4533 2887 4533 2843 4533 2843 4534 2887 4534 2888 4534 2843 4535 2888 4535 2883 4535 2846 4536 2889 4536 2845 4536 2845 4537 2889 4537 2890 4537 2845 4538 2890 4538 2885 4538 2891 4539 2892 4539 2846 4539 2846 4540 2892 4540 2893 4540 2846 4541 2893 4541 2889 4541 2846 4542 2837 4542 2891 4542 2891 4543 2837 4543 2839 4543 2891 4544 2839 4544 2894 4544 2856 4545 2855 4545 2895 4545 2895 4546 2855 4546 2896 4546 2896 4547 2855 4547 2897 4547 2897 4548 2855 4548 2862 4548 2897 4549 2862 4549 2898 4549 2861 4550 2899 4550 2862 4550 2862 4551 2899 4551 2900 4551 2862 4552 2900 4552 2898 4552 2863 4553 2901 4553 2861 4553 2861 4554 2901 4554 2902 4554 2861 4555 2902 4555 2899 4555 2864 4556 2903 4556 2863 4556 2863 4557 2903 4557 2904 4557 2863 4558 2904 4558 2901 4558 2905 4559 2906 4559 2864 4559 2864 4560 2906 4560 2907 4560 2864 4561 2907 4561 2903 4561 2864 4562 2854 4562 2905 4562 2905 4563 2854 4563 2852 4563 2905 4564 2852 4564 2908 4564 2909 4565 2910 4565 2818 4565 2818 4566 2910 4566 2816 4566 2816 4567 2910 4567 2911 4567 2816 4568 2911 4568 2912 4568 2913 4569 2914 4569 2210 4569 2210 4570 2914 4570 2915 4570 2210 4571 2915 4571 2916 4571 2916 4572 2917 4572 2210 4572 2210 4573 2917 4573 2918 4573 2210 4574 2918 4574 2919 4574 2919 4575 2920 4575 2210 4575 2210 4576 2920 4576 2921 4576 2210 4577 2921 4577 2212 4577 2212 4578 2921 4578 2922 4578 2212 4579 2922 4579 2214 4579 2214 4580 2922 4580 2923 4580 2214 4581 2923 4581 2150 4581 2818 4582 2820 4582 2909 4582 2909 4583 2820 4583 2822 4583 2909 4584 2822 4584 2166 4584 2180 4585 2179 4585 2755 4585 2924 4586 2925 4586 2190 4586 2925 4587 2926 4587 2190 4587 2190 4588 2926 4588 2927 4588 2190 4589 2927 4589 2192 4589 2192 4590 2927 4590 2928 4590 2192 4591 2928 4591 2929 4591 2929 4592 2930 4592 2192 4592 2192 4593 2930 4593 2931 4593 2192 4594 2931 4594 2932 4594 2932 4595 2933 4595 2192 4595 2192 4596 2933 4596 2934 4596 2192 4597 2934 4597 2036 4597 2780 4598 2037 4598 2038 4598 2038 4599 2039 4599 2780 4599 2780 4600 2039 4600 2040 4600 2780 4601 2040 4601 2041 4601 2041 4602 2042 4602 2780 4602 2780 4603 2042 4603 2046 4603 2780 4604 2046 4604 2778 4604 2778 4605 2046 4605 2045 4605 2778 4606 2045 4606 2776 4606 2776 4607 2045 4607 2044 4607 2044 4608 2043 4608 2776 4608 2776 4609 2043 4609 2050 4609 2776 4610 2050 4610 2774 4610 2774 4611 2050 4611 2049 4611 2774 4612 2049 4612 2772 4612 2772 4613 2049 4613 2048 4613 2772 4614 2048 4614 2047 4614 2051 4615 2052 4615 2188 4615 2052 4616 2053 4616 2188 4616 2188 4617 2053 4617 2935 4617 2188 4618 2935 4618 2936 4618 2936 4619 2937 4619 2188 4619 2188 4620 2937 4620 2938 4620 2188 4621 2938 4621 2190 4621 2190 4622 2938 4622 2939 4622 2190 4623 2939 4623 2924 4623 2912 4624 2913 4624 2816 4624 2816 4625 2913 4625 2210 4625 2816 4626 2210 4626 2814 4626 2814 4627 2210 4627 2208 4627 2814 4628 2208 4628 2812 4628 2812 4629 2208 4629 2810 4629 2810 4630 2208 4630 2206 4630 2810 4631 2206 4631 2808 4631 2808 4632 2206 4632 2806 4632 2806 4633 2206 4633 2204 4633 2806 4634 2204 4634 2804 4634 2804 4635 2204 4635 2802 4635 2802 4636 2204 4636 2202 4636 2802 4637 2202 4637 2800 4637 2800 4638 2202 4638 2798 4638 2798 4639 2202 4639 2200 4639 2798 4640 2200 4640 2796 4640 2796 4641 2200 4641 2794 4641 2794 4642 2200 4642 2198 4642 2794 4643 2198 4643 2792 4643 2792 4644 2198 4644 2790 4644 2790 4645 2198 4645 2940 4645 2790 4646 2940 4646 2941 4646 2941 4647 2940 4647 2786 4647 2786 4648 2940 4648 2194 4648 2786 4649 2194 4649 2784 4649 2784 4650 2194 4650 2782 4650 2782 4651 2194 4651 2192 4651 2782 4652 2192 4652 2780 4652 2780 4653 2192 4653 2036 4653 2780 4654 2036 4654 2037 4654 2047 4655 2051 4655 2772 4655 2772 4656 2051 4656 2188 4656 2772 4657 2188 4657 2770 4657 2770 4658 2188 4658 2186 4658 2184 4659 2766 4659 2186 4659 2186 4660 2766 4660 2768 4660 2186 4661 2768 4661 2770 4661 2755 4662 2758 4662 2180 4662 2180 4663 2758 4663 2760 4663 2180 4664 2760 4664 2182 4664 2182 4665 2760 4665 2762 4665 2182 4666 2762 4666 2184 4666 2184 4667 2762 4667 2764 4667 2184 4668 2764 4668 2766 4668 2942 4669 2821 4669 2943 4669 2943 4670 2821 4670 2819 4670 2943 4671 2819 4671 2944 4671 2906 4672 2905 4672 857 4672 2945 4673 2819 4673 2946 4673 2946 4674 2819 4674 2817 4674 2946 4675 2817 4675 2947 4675 2947 4676 2817 4676 2815 4676 2947 4677 2815 4677 2948 4677 2945 4678 2949 4678 2819 4678 2819 4679 2949 4679 2950 4679 2819 4680 2950 4680 2951 4680 2881 4681 2882 4681 2944 4681 2951 4682 2952 4682 2819 4682 2819 4683 2952 4683 2953 4683 2819 4684 2953 4684 2944 4684 2944 4685 2953 4685 2880 4685 2944 4686 2880 4686 2881 4686 857 4687 2905 4687 2886 4687 2883 4688 2954 4688 2884 4688 2884 4689 2954 4689 2955 4689 2884 4690 2955 4690 2882 4690 2882 4691 2955 4691 2956 4691 2882 4692 2956 4692 2944 4692 2905 4693 2908 4693 2886 4693 2886 4694 2908 4694 2957 4694 2886 4695 2957 4695 2887 4695 2887 4696 2957 4696 2954 4696 2887 4697 2954 4697 2888 4697 2888 4698 2954 4698 2883 4698 651 4699 650 4699 2901 4699 2901 4700 2904 4700 651 4700 651 4701 2904 4701 2903 4701 651 4702 2903 4702 857 4702 857 4703 2903 4703 2907 4703 857 4704 2907 4704 2906 4704 2894 4705 2958 4705 2811 4705 2892 4706 2891 4706 737 4706 2886 4707 2885 4707 857 4707 857 4708 2885 4708 2890 4708 857 4709 2890 4709 739 4709 739 4710 2890 4710 2889 4710 739 4711 2889 4711 737 4711 737 4712 2889 4712 2893 4712 737 4713 2893 4713 2892 4713 2958 4714 2959 4714 2811 4714 2811 4715 2959 4715 2960 4715 2811 4716 2960 4716 2961 4716 2948 4717 2815 4717 2961 4717 2961 4718 2815 4718 2813 4718 2961 4719 2813 4719 2811 4719 2756 4720 2962 4720 2757 4720 2757 4721 2962 4721 2963 4721 2757 4722 2963 4722 2759 4722 2891 4723 2894 4723 737 4723 737 4724 2894 4724 2811 4724 737 4725 2811 4725 735 4725 735 4726 2811 4726 2809 4726 735 4727 2809 4727 724 4727 724 4728 2809 4728 2807 4728 724 4729 2807 4729 725 4729 725 4730 2807 4730 2805 4730 725 4731 2805 4731 727 4731 727 4732 2805 4732 2803 4732 727 4733 2803 4733 729 4733 729 4734 2803 4734 2801 4734 729 4735 2801 4735 731 4735 731 4736 2801 4736 2799 4736 731 4737 2799 4737 733 4737 733 4738 2799 4738 2797 4738 733 4739 2797 4739 734 4739 734 4740 2797 4740 2795 4740 734 4741 2795 4741 723 4741 723 4742 2795 4742 2793 4742 723 4743 2793 4743 721 4743 721 4744 2793 4744 2791 4744 721 4745 2791 4745 719 4745 719 4746 2791 4746 2789 4746 719 4747 2789 4747 717 4747 717 4748 2789 4748 2964 4748 717 4749 2964 4749 715 4749 715 4750 2964 4750 2785 4750 715 4751 2785 4751 704 4751 704 4752 2785 4752 2783 4752 704 4753 2783 4753 705 4753 705 4754 2783 4754 2781 4754 705 4755 2781 4755 707 4755 707 4756 2781 4756 2779 4756 707 4757 2779 4757 709 4757 709 4758 2779 4758 2777 4758 709 4759 2777 4759 711 4759 711 4760 2777 4760 2775 4760 711 4761 2775 4761 713 4761 713 4762 2775 4762 2773 4762 713 4763 2773 4763 714 4763 714 4764 2773 4764 2771 4764 714 4765 2771 4765 703 4765 703 4766 2771 4766 2769 4766 703 4767 2769 4767 701 4767 701 4768 2769 4768 2767 4768 701 4769 2767 4769 699 4769 699 4770 2767 4770 2765 4770 699 4771 2765 4771 697 4771 697 4772 2765 4772 2763 4772 697 4773 2763 4773 695 4773 695 4774 2763 4774 2761 4774 695 4775 2761 4775 2965 4775 2965 4776 2761 4776 2759 4776 2965 4777 2759 4777 2966 4777 2966 4778 2759 4778 2963 4778 2967 4779 2968 4779 2969 4779 2901 4780 650 4780 2902 4780 2902 4781 650 4781 873 4781 2902 4782 873 4782 2899 4782 2899 4783 873 4783 2900 4783 2872 4784 2871 4784 2970 4784 2871 4785 2876 4785 2970 4785 2970 4786 2876 4786 2875 4786 2970 4787 2875 4787 2971 4787 2875 4788 2874 4788 2971 4788 2971 4789 2874 4789 2873 4789 2971 4790 2873 4790 2972 4790 2972 4791 2873 4791 2877 4791 2972 4792 2877 4792 2973 4792 2973 4793 2877 4793 2878 4793 2973 4794 2878 4794 2968 4794 2968 4795 2878 4795 2879 4795 2974 4796 2975 4796 2969 4796 2879 4797 2976 4797 2968 4797 2968 4798 2976 4798 2977 4798 2968 4799 2977 4799 2969 4799 2969 4800 2977 4800 2978 4800 2969 4801 2978 4801 2974 4801 2975 4802 2979 4802 2969 4802 2969 4803 2979 4803 2980 4803 2969 4804 2980 4804 2981 4804 2981 4805 2980 4805 2982 4805 2981 4806 2982 4806 2983 4806 2895 4807 2896 4807 647 4807 647 4808 2896 4808 2897 4808 647 4809 2897 4809 2898 4809 2900 4810 873 4810 2898 4810 2898 4811 873 4811 648 4811 2898 4812 648 4812 647 4812 2821 4813 2942 4813 2969 4813 2969 4814 2942 4814 2984 4814 2969 4815 2984 4815 2967 4815 2985 4816 2962 4816 2756 4816 2986 4817 2987 4817 2988 4817 2982 4818 2989 4818 2983 4818 2983 4819 2989 4819 2990 4819 2983 4820 2990 4820 2991 4820 2991 4821 2990 4821 2992 4821 2991 4822 2992 4822 2988 4822 2988 4823 2992 4823 2993 4823 2988 4824 2993 4824 2986 4824 2866 4825 2865 4825 2994 4825 2994 4826 2865 4826 2867 4826 2994 4827 2867 4827 2868 4827 2872 4828 2970 4828 2870 4828 2870 4829 2970 4829 2895 4829 2870 4830 2895 4830 2869 4830 2869 4831 2895 4831 647 4831 2869 4832 647 4832 2868 4832 2868 4833 647 4833 755 4833 2868 4834 755 4834 2994 4834 2756 4835 2995 4835 2985 4835 2985 4836 2995 4836 2996 4836 2985 4837 2996 4837 2997 4837 2997 4838 2996 4838 2998 4838 2997 4839 2998 4839 2999 4839 2999 4840 2998 4840 3000 4840 2999 4841 3000 4841 3001 4841 3001 4842 3000 4842 3002 4842 3001 4843 3002 4843 3003 4843 3003 4844 3002 4844 3004 4844 3003 4845 3004 4845 3005 4845 3005 4846 3004 4846 3006 4846 3005 4847 3006 4847 3007 4847 3007 4848 3006 4848 3008 4848 3007 4849 3008 4849 3009 4849 3009 4850 3008 4850 3010 4850 3009 4851 3010 4851 3011 4851 3011 4852 3010 4852 3012 4852 3011 4853 3012 4853 3013 4853 3013 4854 3012 4854 3014 4854 3013 4855 3014 4855 3015 4855 3015 4856 3014 4856 3016 4856 3015 4857 3016 4857 3017 4857 3017 4858 3016 4858 3018 4858 3017 4859 3018 4859 3019 4859 3019 4860 3018 4860 3020 4860 3019 4861 3020 4861 3021 4861 3021 4862 3020 4862 3022 4862 3021 4863 3022 4863 3023 4863 3023 4864 3022 4864 3024 4864 3023 4865 3024 4865 3025 4865 3025 4866 3024 4866 3026 4866 3025 4867 3026 4867 3027 4867 3027 4868 3026 4868 3028 4868 3027 4869 3028 4869 3029 4869 3029 4870 3028 4870 3030 4870 3029 4871 3030 4871 3031 4871 3031 4872 3030 4872 3032 4872 3031 4873 3032 4873 3033 4873 3033 4874 3032 4874 3034 4874 3033 4875 3034 4875 3035 4875 3035 4876 3034 4876 3036 4876 3035 4877 3036 4877 3037 4877 3037 4878 3036 4878 3038 4878 3037 4879 3038 4879 3039 4879 3039 4880 3038 4880 3040 4880 3039 4881 3040 4881 3041 4881 3041 4882 3040 4882 3042 4882 3041 4883 3042 4883 3043 4883 3043 4884 3042 4884 3044 4884 3043 4885 3044 4885 3045 4885 3045 4886 3044 4886 3046 4886 3045 4887 3046 4887 3047 4887 3047 4888 3046 4888 3048 4888 3047 4889 3048 4889 2994 4889 2994 4890 3048 4890 2988 4890 2994 4891 2988 4891 2866 4891 2866 4892 2988 4892 2987 4892 3049 4893 1421 4893 1420 4893 2166 4894 2822 4894 2165 4894 2165 4895 2822 4895 3050 4895 2151 4896 2152 4896 3051 4896 3051 4897 2152 4897 2156 4897 2156 4898 2155 4898 3051 4898 3051 4899 2155 4899 2154 4899 3051 4900 2154 4900 2153 4900 2153 4901 2160 4901 3051 4901 3051 4902 2160 4902 2159 4902 3051 4903 2159 4903 2158 4903 3052 4904 2157 4904 2161 4904 2161 4905 2162 4905 3052 4905 3052 4906 2162 4906 2163 4906 3052 4907 2163 4907 3050 4907 3050 4908 2163 4908 2164 4908 3050 4909 2164 4909 2165 4909 3051 4910 3053 4910 2151 4910 2151 4911 3053 4911 2214 4911 2151 4912 2214 4912 2150 4912 2179 4913 3054 4913 2755 4913 2755 4914 3054 4914 3055 4914 1408 4915 1412 4915 1331 4915 1331 4916 1412 4916 1411 4916 1331 4917 1411 4917 1329 4917 1331 4918 1336 4918 3056 4918 3056 4919 1336 4919 1335 4919 3056 4920 1335 4920 1334 4920 1334 4921 1326 4921 3056 4921 3056 4922 1326 4922 1325 4922 3056 4923 1325 4923 3057 4923 1411 4924 1410 4924 1329 4924 1329 4925 1410 4925 1415 4925 1329 4926 1415 4926 1417 4926 1387 4927 1392 4927 1443 4927 1443 4928 1392 4928 1442 4928 1417 4929 1388 4929 1329 4929 1329 4930 1388 4930 1387 4930 1329 4931 1387 4931 1359 4931 1359 4932 1387 4932 1443 4932 1439 4933 3058 4933 1438 4933 1438 4934 3058 4934 3059 4934 1438 4935 3059 4935 1437 4935 1437 4936 3059 4936 3060 4936 1439 4937 1440 4937 3058 4937 3058 4938 1440 4938 1441 4938 3058 4939 1441 4939 1442 4939 1402 4940 1400 4940 3061 4940 3061 4941 1400 4941 3056 4941 1400 4942 1406 4942 3056 4942 3056 4943 1406 4943 1405 4943 3056 4944 1405 4944 1331 4944 1331 4945 1405 4945 1409 4945 1331 4946 1409 4946 1408 4946 3062 4947 3063 4947 1386 4947 1386 4948 3063 4948 3064 4948 1386 4949 3064 4949 1381 4949 1381 4950 3064 4950 3065 4950 3062 4951 3066 4951 3063 4951 3063 4952 3066 4952 3067 4952 3063 4953 3067 4953 3068 4953 1423 4954 1362 4954 3069 4954 3069 4955 1362 4955 1365 4955 1365 4956 1367 4956 3069 4956 3069 4957 1367 4957 3070 4957 3069 4958 3070 4958 3071 4958 1367 4959 1368 4959 3070 4959 3070 4960 1368 4960 1370 4960 3070 4961 1370 4961 1371 4961 1371 4962 1373 4962 3070 4962 3070 4963 1373 4963 1374 4963 3070 4964 1374 4964 3072 4964 3072 4965 1374 4965 1376 4965 3072 4966 1376 4966 1378 4966 1402 4967 3061 4967 1425 4967 1425 4968 3061 4968 3072 4968 1425 4969 3072 4969 1424 4969 1424 4970 3072 4970 1378 4970 1424 4971 1378 4971 1380 4971 1392 4972 1394 4972 1442 4972 1442 4973 1394 4973 1396 4973 1442 4974 1396 4974 3058 4974 3058 4975 1396 4975 1398 4975 3058 4976 1398 4976 3073 4976 3073 4977 1398 4977 3049 4977 3073 4978 3049 4978 3074 4978 3074 4979 3049 4979 1420 4979 3074 4980 1420 4980 3075 4980 3075 4981 1420 4981 1419 4981 3075 4982 1419 4982 3065 4982 3065 4983 1419 4983 1382 4983 3065 4984 1382 4984 1381 4984 2089 4985 2088 4985 1340 4985 1340 4986 2088 4986 2093 4986 1340 4987 2093 4987 1341 4987 1341 4988 2093 4988 2092 4988 1341 4989 2092 4989 1361 4989 1361 4990 2092 4990 2096 4990 2096 4991 2095 4991 1361 4991 1361 4992 2095 4992 2094 4992 1361 4993 2094 4993 2083 4993 2083 4994 2082 4994 1361 4994 1361 4995 2082 4995 2097 4995 1361 4996 2097 4996 2098 4996 2099 4997 3076 4997 3077 4997 3077 4998 3076 4998 3078 4998 3078 4999 3079 4999 3077 4999 3077 5000 3079 5000 3080 5000 3077 5001 3080 5001 3081 5001 3081 5002 3082 5002 3077 5002 3077 5003 3082 5003 3083 5003 3077 5004 3083 5004 3084 5004 3084 5005 3083 5005 3085 5005 3084 5006 3085 5006 3086 5006 2089 5007 1340 5007 2090 5007 2090 5008 1340 5008 1345 5008 2090 5009 1345 5009 1348 5009 1348 5010 1347 5010 2090 5010 2090 5011 1347 5011 1346 5011 2090 5012 1346 5012 1339 5012 1353 5013 1352 5013 3087 5013 3087 5014 1352 5014 1356 5014 1325 5015 1360 5015 3057 5015 3057 5016 1360 5016 1361 5016 3057 5017 1361 5017 3077 5017 3077 5018 1361 5018 2098 5018 3077 5019 2098 5019 2099 5019 3088 5020 1435 5020 3060 5020 3060 5021 1435 5021 1436 5021 3060 5022 1436 5022 1437 5022 1356 5023 1355 5023 3087 5023 3087 5024 1355 5024 1351 5024 3087 5025 1351 5025 3089 5025 3089 5026 1351 5026 1432 5026 3089 5027 1432 5027 3090 5027 3090 5028 1432 5028 1433 5028 3090 5029 1433 5029 3088 5029 3088 5030 1433 5030 1434 5030 3088 5031 1434 5031 1435 5031 3091 5032 3092 5032 3093 5032 3091 5033 3093 5033 3094 5033 3086 5034 3095 5034 3084 5034 3084 5035 3095 5035 3096 5035 3084 5036 3096 5036 3093 5036 3093 5037 3096 5037 3097 5037 3093 5038 3097 5038 3094 5038 3092 5039 3098 5039 3093 5039 3093 5040 3098 5040 2084 5040 3093 5041 2084 5041 2085 5041 3099 5042 2086 5042 2087 5042 1339 5043 1353 5043 2090 5043 2090 5044 1353 5044 3087 5044 2090 5045 3087 5045 2091 5045 2091 5046 3087 5046 2087 5046 2087 5047 3087 5047 3100 5047 2087 5048 3100 5048 3099 5048 3055 5049 3054 5049 3101 5049 3101 5050 3054 5050 3102 5050 3101 5051 3102 5051 3103 5051 3103 5052 3102 5052 3104 5052 3104 5053 3102 5053 3105 5053 3104 5054 3105 5054 3106 5054 3106 5055 3105 5055 3107 5055 3107 5056 3105 5056 3108 5056 3107 5057 3108 5057 3109 5057 3109 5058 3108 5058 3110 5058 3110 5059 3108 5059 3093 5059 3110 5060 3093 5060 3099 5060 3099 5061 3093 5061 2085 5061 3099 5062 2085 5062 2086 5062 3068 5063 3071 5063 3063 5063 3063 5064 3071 5064 3070 5064 3063 5065 3070 5065 3111 5065 3111 5066 3070 5066 3112 5066 3111 5067 3112 5067 3113 5067 3113 5068 3112 5068 3114 5068 3114 5069 3112 5069 3115 5069 3114 5070 3115 5070 3116 5070 3116 5071 3115 5071 3117 5071 3117 5072 3115 5072 3118 5072 3117 5073 3118 5073 3119 5073 3119 5074 3118 5074 3120 5074 3120 5075 3118 5075 3051 5075 3120 5076 3051 5076 3052 5076 3052 5077 3051 5077 2158 5077 3052 5078 2158 5078 2157 5078 2908 5079 2852 5079 2957 5079 2957 5080 2852 5080 2851 5080 2957 5081 2851 5081 2954 5081 2954 5082 2851 5082 2955 5082 2955 5083 2851 5083 2858 5083 2955 5084 2858 5084 2956 5084 2956 5085 2858 5085 2944 5085 2944 5086 2858 5086 2857 5086 2944 5087 2857 5087 2943 5087 2943 5088 2857 5088 2942 5088 2942 5089 2857 5089 2859 5089 2942 5090 2859 5090 2984 5090 2972 5091 2973 5091 2860 5091 2860 5092 2973 5092 2968 5092 2860 5093 2968 5093 2859 5093 2859 5094 2968 5094 2967 5094 2859 5095 2967 5095 2984 5095 2972 5096 2860 5096 2971 5096 2971 5097 2860 5097 2853 5097 2971 5098 2853 5098 2970 5098 2970 5099 2853 5099 2856 5099 2970 5100 2856 5100 2895 5100 2894 5101 2839 5101 2958 5101 2958 5102 2839 5102 2841 5102 2958 5103 2841 5103 2959 5103 2959 5104 2841 5104 2848 5104 2959 5105 2848 5105 2960 5105 2960 5106 2848 5106 2961 5106 2961 5107 2848 5107 2847 5107 2961 5108 2847 5108 2948 5108 2849 5109 2946 5109 2847 5109 2847 5110 2946 5110 2947 5110 2847 5111 2947 5111 2948 5111 2951 5112 2950 5112 2850 5112 2850 5113 2950 5113 2949 5113 2850 5114 2949 5114 2849 5114 2849 5115 2949 5115 2945 5115 2849 5116 2945 5116 2946 5116 2951 5117 2850 5117 2952 5117 2952 5118 2850 5118 2842 5118 2952 5119 2842 5119 2953 5119 2953 5120 2842 5120 2840 5120 2953 5121 2840 5121 2880 5121 2879 5122 2828 5122 2976 5122 2976 5123 2828 5123 2827 5123 2976 5124 2827 5124 2977 5124 2977 5125 2827 5125 2978 5125 2978 5126 2827 5126 2834 5126 2978 5127 2834 5127 2974 5127 2974 5128 2834 5128 2975 5128 2975 5129 2834 5129 2833 5129 2975 5130 2833 5130 2979 5130 2990 5131 2989 5131 2835 5131 2835 5132 2989 5132 2982 5132 2835 5133 2982 5133 2833 5133 2833 5134 2982 5134 2980 5134 2833 5135 2980 5135 2979 5135 2987 5136 2986 5136 2836 5136 2836 5137 2986 5137 2993 5137 2836 5138 2993 5138 2835 5138 2835 5139 2993 5139 2992 5139 2835 5140 2992 5140 2990 5140 2836 5141 2826 5141 2987 5141 2987 5142 2826 5142 2824 5142 2987 5143 2824 5143 2866 5143 2822 5144 2821 5144 2969 5144 2822 5145 2969 5145 3050 5145 2969 5146 2981 5146 3050 5146 3050 5147 2981 5147 2983 5147 3050 5148 2983 5148 3052 5148 3052 5149 2983 5149 2991 5149 3052 5150 2991 5150 3120 5150 3120 5151 2991 5151 2988 5151 3120 5152 2988 5152 3119 5152 3119 5153 2988 5153 3048 5153 3119 5154 3048 5154 3117 5154 3117 5155 3048 5155 3046 5155 3117 5156 3046 5156 3116 5156 3116 5157 3046 5157 3044 5157 3116 5158 3044 5158 3114 5158 3114 5159 3044 5159 3042 5159 3114 5160 3042 5160 3113 5160 3113 5161 3042 5161 3040 5161 3113 5162 3040 5162 3111 5162 3111 5163 3040 5163 3038 5163 3111 5164 3038 5164 3063 5164 3063 5165 3038 5165 3036 5165 3063 5166 3036 5166 3064 5166 3064 5167 3036 5167 3034 5167 3064 5168 3034 5168 3065 5168 3065 5169 3034 5169 3032 5169 3065 5170 3032 5170 3075 5170 3075 5171 3032 5171 3030 5171 3075 5172 3030 5172 3074 5172 3074 5173 3030 5173 3028 5173 3074 5174 3028 5174 3073 5174 3073 5175 3028 5175 3121 5175 3073 5176 3121 5176 3122 5176 3122 5177 3121 5177 3024 5177 3122 5178 3024 5178 3059 5178 3059 5179 3024 5179 3022 5179 3059 5180 3022 5180 3060 5180 3060 5181 3022 5181 3020 5181 3060 5182 3020 5182 3088 5182 3088 5183 3020 5183 3018 5183 3088 5184 3018 5184 3090 5184 3090 5185 3018 5185 3016 5185 3090 5186 3016 5186 3089 5186 3089 5187 3016 5187 3014 5187 3089 5188 3014 5188 3087 5188 3087 5189 3014 5189 3012 5189 3087 5190 3012 5190 3100 5190 3100 5191 3012 5191 3010 5191 3100 5192 3010 5192 3099 5192 3099 5193 3010 5193 3008 5193 3099 5194 3008 5194 3110 5194 3110 5195 3008 5195 3006 5195 3110 5196 3006 5196 3109 5196 3109 5197 3006 5197 3004 5197 3109 5198 3004 5198 3107 5198 3107 5199 3004 5199 3002 5199 3107 5200 3002 5200 3106 5200 3106 5201 3002 5201 3000 5201 3106 5202 3000 5202 3104 5202 3104 5203 3000 5203 2998 5203 3104 5204 2998 5204 3103 5204 3103 5205 2998 5205 2996 5205 3103 5206 2996 5206 3101 5206 3101 5207 2996 5207 2995 5207 3101 5208 2995 5208 3055 5208 3055 5209 2995 5209 2756 5209 3055 5210 2756 5210 2755 5210 3123 5211 2646 5211 2645 5211 2648 5212 2710 5212 2748 5212 2648 5213 2748 5213 2649 5213 3123 5214 2645 5214 2615 5214 2619 5215 2618 5215 2742 5215 2742 5216 2618 5216 2617 5216 2742 5217 2617 5217 2743 5217 2742 5218 2741 5218 2619 5218 2619 5219 2741 5219 2705 5219 2619 5220 2705 5220 2620 5220 2617 5221 2615 5221 2743 5221 2743 5222 2615 5222 2645 5222 2743 5223 2645 5223 2744 5223 2744 5224 2645 5224 2644 5224 2643 5225 2738 5225 2644 5225 2644 5226 2738 5226 2745 5226 2644 5227 2745 5227 2744 5227 2748 5228 2747 5228 2649 5228 2649 5229 2747 5229 2746 5229 2649 5230 2746 5230 2643 5230 2643 5231 2746 5231 2739 5231 2643 5232 2739 5232 2738 5232 2727 5233 3124 5233 2734 5233 2734 5234 3124 5234 3125 5234 2734 5235 3125 5235 2735 5235 2735 5236 3125 5236 3126 5236 2735 5237 3126 5237 2736 5237 2736 5238 3126 5238 2692 5238 2736 5239 2692 5239 2691 5239 2733 5240 2607 5240 2726 5240 2726 5241 2607 5241 2608 5241 2726 5242 2608 5242 2727 5242 2727 5243 2608 5243 3127 5243 2727 5244 3127 5244 3124 5244 2729 5245 2700 5245 2606 5245 2606 5246 2605 5246 2729 5246 2729 5247 2605 5247 2604 5247 2729 5248 2604 5248 2730 5248 2730 5249 2604 5249 2603 5249 2730 5250 2603 5250 2731 5250 2731 5251 2603 5251 2732 5251 2732 5252 2603 5252 2602 5252 2732 5253 2602 5253 2733 5253 2733 5254 2602 5254 2601 5254 2733 5255 2601 5255 2607 5255 2579 5256 2672 5256 2714 5256 2579 5257 2714 5257 2580 5257 2719 5258 2682 5258 2583 5258 2569 5259 2720 5259 2581 5259 2581 5260 2720 5260 2719 5260 2581 5261 2719 5261 2582 5261 2582 5262 2719 5262 2583 5262 2570 5263 2722 5263 2569 5263 2569 5264 2722 5264 2721 5264 2569 5265 2721 5265 2720 5265 2571 5266 2716 5266 2570 5266 2570 5267 2716 5267 2723 5267 2570 5268 2723 5268 2722 5268 2714 5269 2725 5269 2580 5269 2580 5270 2725 5270 2724 5270 2580 5271 2724 5271 2571 5271 2571 5272 2724 5272 2717 5272 2571 5273 2717 5273 2716 5273 2548 5274 2646 5274 2547 5274 2547 5275 2646 5275 3123 5275 2547 5276 3123 5276 2615 5276 2642 5277 2640 5277 2707 5277 2707 5278 2640 5278 2625 5278 2707 5279 2625 5279 2624 5279 2684 5280 2670 5280 2683 5280 2683 5281 2670 5281 2597 5281 2683 5282 2597 5282 2596 5282 2686 5283 2685 5283 2666 5283 2670 5284 2684 5284 2666 5284 2666 5285 2684 5285 2688 5285 2666 5286 2688 5286 2686 5286 2668 5299 2538 5299 2669 5299 2669 5300 2538 5300 2539 5300 2669 5301 2539 5301 2609 5301 2609 5302 2539 5302 2540 5302 2562 5303 2492 5303 2655 5303 2655 5304 2492 5304 3128 5304 2655 5305 3128 5305 2656 5305 2656 5306 3128 5306 2658 5306 2658 5307 3128 5307 3129 5307 2658 5308 3129 5308 2659 5308 2659 5309 3129 5309 2661 5309 2661 5310 3129 5310 3130 5310 2661 5311 3130 5311 2662 5311 2662 5312 3130 5312 2664 5312 2664 5313 3130 5313 3131 5313 2664 5314 3131 5314 2665 5314 3132 5315 2268 5315 3131 5315 3131 5316 2268 5316 2512 5316 3131 5317 2512 5317 2665 5317 2511 5318 2230 5318 3133 5318 3133 5319 2230 5319 2229 5319 3133 5320 2229 5320 3132 5320 3132 5321 2229 5321 2228 5321 3132 5322 2228 5322 2268 5322 3134 5323 2491 5323 2547 5323 2267 5324 2472 5324 2320 5324 2320 5325 2472 5325 3135 5325 2320 5326 3135 5326 2321 5326 2321 5327 3135 5327 3136 5327 2321 5328 3136 5328 1972 5328 1972 5329 3136 5329 3137 5329 1972 5330 3137 5330 2542 5330 3138 5331 2630 5331 3137 5331 3137 5332 2630 5332 2628 5332 3137 5333 2628 5333 2542 5333 3139 5334 2633 5334 3138 5334 3138 5335 2633 5335 2631 5335 3138 5336 2631 5336 2630 5336 2547 5337 2616 5337 3134 5337 3134 5338 2616 5338 2636 5338 3134 5339 2636 5339 3139 5339 3139 5340 2636 5340 2635 5340 3139 5341 2635 5341 2633 5341 2265 5342 2452 5342 2264 5342 2264 5343 2452 5343 3140 5343 2264 5344 3140 5344 2263 5344 2263 5345 3140 5345 3141 5345 2263 5346 3141 5346 2418 5346 3141 5347 3142 5347 2418 5347 2418 5348 3142 5348 3143 5348 2418 5349 3143 5349 2420 5349 2420 5350 3143 5350 2261 5350 2261 5351 3143 5351 3144 5351 2261 5352 3144 5352 2291 5352 2535 5353 2529 5353 2469 5353 2469 5354 2529 5354 3145 5354 3144 5355 3146 5355 2291 5355 2291 5356 3146 5356 3147 5356 2291 5357 3147 5357 2290 5357 2290 5358 3147 5358 3148 5358 2290 5359 3148 5359 2289 5359 3148 5360 3149 5360 2289 5360 2289 5361 3149 5361 3150 5361 2289 5362 3150 5362 2236 5362 3150 5363 3151 5363 2236 5363 2236 5364 3151 5364 3152 5364 2236 5365 3152 5365 1991 5365 1991 5366 3152 5366 3145 5366 1991 5367 3145 5367 2528 5367 2528 5368 3145 5368 2529 5368 2449 5369 2245 5369 3153 5369 3153 5370 2245 5370 2244 5370 3153 5371 2244 5371 3154 5371 3154 5372 2244 5372 2243 5372 3154 5373 2243 5373 3155 5373 3155 5374 2243 5374 2416 5374 3155 5375 2416 5375 3156 5375 3156 5376 2416 5376 2413 5376 2526 5377 2432 5377 2531 5377 2531 5378 2432 5378 3157 5378 2531 5379 3157 5379 2274 5379 2274 5380 3157 5380 3158 5380 2274 5381 3158 5381 2225 5381 2225 5382 3158 5382 3159 5382 2225 5383 3159 5383 2226 5383 2413 5384 2412 5384 3156 5384 3156 5385 2412 5385 2277 5385 3156 5386 2277 5386 3160 5386 3160 5387 2277 5387 2276 5387 3160 5388 2276 5388 3161 5388 3161 5389 2276 5389 2227 5389 3161 5390 2227 5390 3162 5390 3162 5391 2227 5391 2226 5391 3162 5392 2226 5392 3163 5392 3163 5393 2226 5393 3159 5393 1863 5505 1858 5505 3202 5505 1813 5506 1985 5506 1811 5506 1811 5507 1985 5507 3203 5507 1811 5508 3203 5508 1900 5508 1868 5509 3204 5509 3205 5509 1868 5510 3205 5510 1869 5510 1869 5511 3205 5511 3206 5511 1869 5512 3206 5512 2167 5512 3207 5513 3208 5513 3209 5513 3209 5514 3208 5514 3210 5514 3209 5515 3210 5515 3211 5515 3202 5516 1858 5516 3212 5516 3204 5517 1868 5517 3213 5517 3213 5518 1868 5518 1866 5518 3213 5519 1866 5519 3202 5519 3202 5520 1866 5520 1864 5520 3202 5521 1864 5521 1863 5521 2006 5522 2177 5522 3210 5522 3210 5523 2177 5523 3214 5523 3210 5524 3214 5524 3211 5524 2116 5525 2120 5525 1886 5525 2116 5526 1886 5526 2117 5526 1885 5527 2113 5527 2114 5527 2114 5528 2115 5528 1885 5528 1885 5529 2115 5529 2119 5529 1885 5530 2119 5530 1886 5530 1886 5531 2119 5531 2118 5531 1886 5532 2118 5532 2117 5532 2121 5533 3215 5533 3216 5533 3216 5534 3215 5534 3217 5534 3217 5535 3218 5535 3216 5535 3216 5536 3218 5536 3219 5536 3216 5537 3219 5537 3220 5537 3220 5538 3219 5538 3221 5538 3220 5539 3221 5539 3222 5539 3222 5540 3223 5540 3220 5540 3220 5541 3223 5541 3224 5541 3220 5542 3224 5542 3225 5542 3225 5543 3224 5543 3226 5543 2113 5544 1885 5544 2112 5544 2112 5545 1885 5545 1892 5545 2112 5546 1892 5546 2111 5546 3207 5547 3212 5547 3208 5547 3208 5548 3212 5548 1858 5548 3208 5549 1858 5549 3227 5549 3227 5550 1858 5550 1856 5550 3227 5551 1856 5551 3228 5551 3228 5552 1856 5552 1877 5552 3228 5553 1877 5553 3229 5553 3229 5554 1877 5554 1875 5554 1875 5555 1873 5555 3229 5555 3229 5556 1873 5556 1871 5556 3229 5557 1871 5557 3230 5557 3230 5558 1871 5558 1878 5558 1878 5559 1880 5559 3230 5559 3230 5560 1880 5560 1882 5560 3230 5561 1882 5561 3231 5561 3231 5562 1882 5562 1884 5562 3231 5563 1884 5563 3232 5563 3232 5564 1884 5564 1887 5564 3232 5565 1887 5565 3216 5565 3216 5566 1887 5566 1886 5566 3216 5567 1886 5567 2121 5567 2121 5568 1886 5568 2120 5568 3226 5569 2111 5569 3225 5569 3225 5570 2111 5570 1892 5570 3225 5571 1892 5571 3233 5571 3233 5572 1892 5572 1891 5572 3233 5573 1891 5573 3234 5573 1891 5574 1895 5574 3234 5574 3234 5575 1895 5575 1896 5575 3234 5576 1896 5576 3203 5576 3203 5577 1896 5577 1899 5577 3203 5578 1899 5578 1900 5578 2215 5579 2214 5579 3053 5579 2215 5580 3053 5580 2253 5580 2253 5581 3053 5581 3051 5581 2253 5582 3051 5582 2252 5582 2252 5583 3051 5583 3118 5583 2252 5584 3118 5584 2250 5584 2250 5585 3118 5585 3115 5585 2250 5586 3115 5586 2298 5586 2298 5587 3115 5587 3112 5587 2298 5588 3112 5588 2296 5588 2296 5589 3112 5589 3070 5589 2296 5590 3070 5590 2294 5590 2294 5591 3070 5591 3072 5591 2294 5592 3072 5592 2317 5592 2317 5593 3072 5593 3061 5593 2317 5594 3061 5594 2315 5594 2315 5595 3061 5595 3235 5595 2315 5596 3235 5596 2313 5596 2313 5597 3235 5597 3057 5597 2313 5598 3057 5598 2311 5598 2311 5599 3057 5599 3077 5599 2311 5600 3077 5600 2262 5600 2262 5601 3077 5601 3084 5601 2262 5602 3084 5602 2260 5602 2260 5603 3084 5603 3093 5603 2260 5604 3093 5604 2283 5604 2283 5605 3093 5605 3108 5605 2283 5606 3108 5606 2285 5606 2285 5607 3108 5607 3105 5607 2285 5608 3105 5608 2287 5608 2287 5609 3105 5609 3102 5609 2287 5610 3102 5610 2288 5610 2288 5611 3102 5611 3054 5611 2288 5612 3054 5612 2280 5612 2280 5613 3054 5613 2179 5613 2280 5614 2179 5614 2178 5614 3214 5615 2177 5615 2122 5615 2122 5616 2124 5616 3214 5616 3214 5617 2124 5617 2126 5617 3214 5618 2126 5618 3211 5618 3211 5619 2126 5619 3209 5619 3209 5620 2126 5620 2128 5620 3209 5621 2128 5621 3207 5621 3207 5622 2128 5622 3212 5622 3212 5623 2128 5623 2130 5623 3212 5624 2130 5624 3202 5624 3202 5625 2130 5625 3213 5625 3213 5626 2130 5626 2132 5626 3213 5627 2132 5627 3204 5627 3204 5628 2132 5628 2134 5628 3204 5629 2134 5629 3205 5629 2136 5630 2167 5630 2134 5630 2134 5631 2167 5631 3206 5631 2134 5632 3206 5632 3205 5632 2123 5633 2150 5633 2923 5633 2123 5634 2923 5634 2125 5634 2166 5635 2137 5635 2909 5635 2909 5636 2137 5636 2135 5636 2909 5637 2135 5637 2910 5637 2910 5638 2135 5638 2133 5638 2910 5639 2133 5639 2911 5639 2911 5640 2133 5640 2912 5640 2129 5641 2917 5641 2916 5641 2129 5642 2916 5642 2131 5642 2916 5643 2915 5643 2131 5643 2131 5644 2915 5644 2914 5644 2131 5645 2914 5645 2133 5645 2133 5646 2914 5646 2913 5646 2133 5647 2913 5647 2912 5647 2127 5648 2919 5648 2129 5648 2129 5649 2919 5649 2918 5649 2129 5650 2918 5650 2917 5650 2923 5651 2922 5651 2125 5651 2125 5652 2922 5652 2921 5652 2125 5653 2921 5653 2127 5653 2127 5654 2921 5654 2920 5654 2127 5655 2920 5655 2919 5655 3215 5656 2121 5656 2008 5656 2008 5657 2010 5657 3215 5657 3215 5658 2010 5658 2012 5658 3215 5659 2012 5659 3217 5659 3217 5660 2012 5660 3218 5660 3218 5661 2012 5661 2014 5661 3218 5662 2014 5662 3219 5662 3224 5663 3223 5663 2016 5663 2016 5664 3223 5664 3222 5664 2016 5665 3222 5665 2014 5665 2014 5666 3222 5666 3221 5666 2014 5667 3221 5667 3219 5667 2016 5668 2018 5668 3224 5668 3224 5669 2018 5669 2020 5669 3224 5670 2020 5670 3226 5670 3226 5671 2020 5671 2022 5671 3226 5672 2022 5672 2111 5672 2219 5673 2110 5673 2054 5673 2054 5674 2056 5674 2219 5674 2219 5675 2056 5675 2058 5675 2219 5676 2058 5676 2220 5676 2220 5677 2058 5677 2221 5677 2221 5678 2058 5678 2060 5678 2221 5679 2060 5679 2222 5679 2216 5680 2218 5680 2062 5680 2062 5681 2218 5681 2224 5681 2062 5682 2224 5682 2060 5682 2060 5683 2224 5683 2223 5683 2060 5684 2223 5684 2222 5684 2062 5685 2064 5685 2216 5685 2216 5686 2064 5686 2066 5686 2216 5687 2066 5687 2217 5687 2217 5688 2066 5688 2068 5688 2217 5689 2068 5689 2100 5689 2055 5690 2084 5690 3098 5690 2099 5691 2069 5691 3076 5691 3076 5692 2069 5692 2067 5692 3076 5693 2067 5693 3078 5693 3078 5694 2067 5694 2065 5694 3078 5695 2065 5695 3079 5695 3079 5696 2065 5696 3080 5696 3080 5697 2065 5697 3081 5697 3081 5698 2065 5698 2063 5698 3081 5699 2063 5699 3082 5699 3095 5700 3086 5700 2061 5700 2061 5701 3086 5701 3085 5701 2061 5702 3085 5702 2063 5702 2063 5703 3085 5703 3083 5703 2063 5704 3083 5704 3082 5704 2059 5705 3094 5705 3097 5705 2059 5706 3097 5706 2061 5706 2061 5707 3097 5707 3096 5707 2061 5708 3096 5708 3095 5708 2055 5709 3098 5709 2057 5709 2057 5710 3098 5710 3092 5710 2057 5711 3092 5711 2059 5711 2059 5712 3092 5712 3091 5712 2059 5713 3091 5713 3094 5713 2009 5714 2036 5714 2934 5714 2053 5715 2023 5715 2935 5715 2935 5716 2023 5716 2021 5716 2935 5717 2021 5717 2936 5717 2936 5718 2021 5718 2019 5718 2936 5719 2019 5719 2937 5719 2925 5720 2924 5720 2017 5720 2017 5721 2924 5721 2939 5721 2017 5722 2939 5722 2019 5722 2019 5723 2939 5723 2938 5723 2019 5724 2938 5724 2937 5724 2015 5725 2927 5725 2017 5725 2017 5726 2927 5726 2926 5726 2017 5727 2926 5727 2925 5727 2931 5728 2930 5728 2013 5728 2013 5729 2930 5729 2929 5729 2013 5730 2929 5730 2015 5730 2015 5731 2929 5731 2928 5731 2015 5732 2928 5732 2927 5732 2009 5733 2934 5733 2011 5733 2011 5734 2934 5734 2933 5734 2011 5735 2933 5735 2013 5735 2013 5736 2933 5736 2932 5736 2013 5737 2932 5737 2931 5737 2232 5738 2519 5738 3233 5738 3229 5739 2554 5739 3228 5739 3228 5740 2554 5740 2556 5740 3228 5741 2556 5741 3227 5741 3227 5742 2556 5742 2558 5742 3227 5743 2558 5743 3208 5743 3208 5744 2558 5744 2560 5744 3208 5745 2560 5745 3210 5745 3210 5746 2560 5746 2561 5746 3210 5747 2561 5747 2006 5747 2006 5748 2561 5748 2007 5748 3231 5749 2269 5749 3230 5749 3230 5750 2269 5750 2242 5750 3230 5751 2242 5751 3229 5751 3229 5752 2242 5752 2241 5752 3229 5753 2241 5753 2554 5753 3233 5754 2519 5754 3225 5754 3225 5755 2519 5755 2521 5755 3225 5756 2521 5756 3220 5756 3220 5757 2521 5757 2522 5757 3220 5758 2522 5758 3216 5758 3216 5759 2522 5759 2516 5759 3216 5760 2516 5760 3232 5760 3232 5761 2516 5761 2514 5761 3232 5762 2514 5762 3231 5762 3231 5763 2514 5763 2268 5763 3231 5764 2268 5764 2269 5764 2232 5765 3233 5765 2233 5765 2233 5766 3233 5766 3234 5766 2233 5767 3234 5767 2275 5767 2275 5768 3234 5768 3203 5768 2275 5769 3203 5769 2274 5769 2274 5770 3203 5770 1985 5770 2274 5771 1985 5771 1986 5771 1802 5772 1446 5772 1828 5772 1828 5773 1446 5773 1451 5773 1828 5774 1451 5774 1830 5774 1830 5775 1451 5775 1450 5775 1830 5776 1450 5776 1831 5776 1831 5777 1450 5777 1449 5777 1831 5778 1449 5778 1824 5778 1824 5779 1449 5779 1448 5779 1824 5780 1448 5780 1825 5780 1825 5781 1448 5781 1447 5781 1825 5782 1447 5782 1796 5782 1796 5783 1447 5783 1445 5783 1795 5784 1458 5784 1962 5784 1962 5785 1458 5785 1465 5785 1962 5786 1465 5786 1961 5786 1961 5787 1465 5787 1464 5787 1961 5788 1464 5788 1960 5788 1960 5789 1464 5789 1466 5789 1960 5790 1466 5790 1959 5790 1959 5791 1466 5791 1467 5791 1959 5792 1467 5792 1958 5792 1958 5793 1467 5793 1459 5793 1958 5794 1459 5794 1789 5794 1789 5795 1459 5795 1457 5795 1732 5796 1744 5796 1726 5796 1726 5797 1744 5797 1844 5797 1726 5798 1844 5798 1727 5798 1727 5799 1844 5799 1846 5799 1727 5800 1846 5800 1736 5800 1736 5801 1846 5801 1847 5801 1736 5802 1847 5802 1729 5802 1729 5803 1847 5803 1851 5803 1729 5804 1851 5804 1730 5804 1730 5805 1851 5805 1850 5805 1730 5806 1850 5806 1731 5806 1731 5807 1850 5807 1738 5807 1713 5808 1725 5808 1707 5808 1707 5809 1725 5809 1919 5809 1707 5810 1919 5810 1708 5810 1708 5811 1919 5811 1860 5811 1708 5812 1860 5812 1717 5812 1717 5813 1860 5813 1859 5813 1717 5814 1859 5814 1710 5814 1710 5815 1859 5815 1855 5815 1710 5816 1855 5816 1711 5816 1711 5817 1855 5817 1857 5817 1711 5818 1857 5818 1712 5818 1712 5819 1857 5819 1719 5819 1699 5820 1706 5820 1689 5820 1689 5821 1706 5821 1894 5821 1689 5822 1894 5822 1690 5822 1690 5823 1894 5823 1893 5823 1690 5824 1893 5824 1697 5824 1697 5825 1893 5825 1889 5825 1697 5826 1889 5826 1696 5826 1696 5827 1889 5827 1888 5827 1696 5828 1888 5828 1695 5828 1695 5829 1888 5829 1897 5829 1695 5830 1897 5830 1694 5830 1694 5831 1897 5831 1700 5831 1664 5832 1687 5832 1662 5832 1662 5833 1687 5833 1915 5833 1662 5834 1915 5834 1663 5834 1663 5835 1915 5835 1914 5835 1663 5836 1914 5836 1665 5836 1665 5837 1914 5837 1677 5837 1649 5838 1661 5838 1650 5838 1650 5839 1661 5839 1970 5839 1650 5840 1970 5840 1652 5840 1652 5841 1970 5841 1969 5841 1652 5842 1969 5842 1646 5842 1646 5843 1969 5843 1967 5843 1646 5844 1967 5844 1647 5844 1647 5845 1967 5845 1968 5845 1647 5846 1968 5846 1648 5846 1648 5847 1968 5847 1971 5847 1648 5848 1971 5848 1654 5848 1654 5849 1971 5849 1655 5849 1625 5850 1642 5850 1626 5850 1626 5851 1642 5851 1955 5851 1626 5852 1955 5852 1635 5852 1635 5853 1955 5853 1954 5853 1635 5854 1954 5854 1630 5854 1630 5855 1954 5855 1803 5855 1630 5856 1803 5856 1631 5856 1631 5857 1803 5857 1957 5857 1631 5858 1957 5858 1627 5858 1627 5859 1957 5859 1956 5859 1627 5860 1956 5860 1628 5860 1628 5861 1956 5861 1636 5861 1609 5862 1623 5862 1610 5862 1610 5863 1623 5863 1948 5863 1610 5864 1948 5864 1613 5864 1613 5865 1948 5865 1953 5865 1613 5866 1953 5866 1611 5866 1611 5867 1953 5867 1952 5867 1611 5868 1952 5868 1612 5868 1612 5869 1952 5869 1950 5869 1612 5870 1950 5870 1605 5870 1605 5871 1950 5871 1949 5871 1605 5872 1949 5872 1606 5872 1606 5873 1949 5873 1617 5873 1590 5874 1604 5874 1597 5874 1597 5875 1604 5875 1942 5875 1597 5876 1942 5876 1596 5876 1596 5877 1942 5877 1941 5877 1596 5878 1941 5878 1594 5878 1594 5879 1941 5879 1940 5879 1594 5880 1940 5880 1595 5880 1595 5881 1940 5881 1944 5881 1595 5882 1944 5882 1589 5882 1589 5883 1944 5883 1943 5883 1589 5884 1943 5884 1593 5884 1593 5885 1943 5885 1598 5885 1568 5886 1585 5886 1569 5886 1569 5887 1585 5887 1933 5887 1569 5888 1933 5888 1576 5888 1576 5889 1933 5889 1938 5889 1576 5890 1938 5890 1578 5890 1578 5891 1938 5891 1937 5891 1578 5892 1937 5892 1577 5892 1577 5893 1937 5893 1936 5893 1577 5894 1936 5894 1570 5894 1570 5895 1936 5895 1935 5895 1570 5896 1935 5896 1571 5896 1571 5897 1935 5897 1579 5897 1549 5898 1566 5898 1550 5898 1550 5899 1566 5899 1927 5899 1550 5900 1927 5900 1557 5900 1557 5901 1927 5901 1932 5901 1557 5902 1932 5902 1559 5902 1559 5903 1932 5903 1931 5903 1559 5904 1931 5904 1558 5904 1558 5905 1931 5905 1930 5905 1558 5906 1930 5906 1551 5906 1551 5907 1930 5907 1929 5907 1551 5908 1929 5908 1552 5908 1552 5909 1929 5909 1560 5909 1529 5910 1547 5910 1528 5910 1528 5911 1547 5911 1910 5911 1528 5912 1910 5912 1527 5912 1527 5913 1910 5913 1909 5913 1527 5914 1909 5914 1524 5914 1524 5915 1909 5915 1537 5915 1501 5916 1521 5916 1502 5916 1502 5917 1521 5917 1902 5917 1502 5918 1902 5918 1503 5918 1503 5919 1902 5919 1908 5919 1503 5920 1908 5920 1505 5920 1505 5921 1908 5921 1511 5921 1418 5922 1421 5922 2754 5922 2754 5923 1421 5923 3049 5923 2754 5924 3049 5924 1397 5924 1397 5925 3049 5925 1398 5925 3062 5926 1386 5926 1385 5926 1385 5927 2753 5927 3062 5927 3062 5928 2753 5928 2752 5928 3062 5929 2752 5929 3066 5929 2751 5930 3068 5930 2752 5930 2752 5931 3068 5931 3067 5931 2752 5932 3067 5932 3066 5932 1422 5933 1423 5933 2750 5933 2750 5934 1423 5934 3069 5934 2750 5935 3069 5935 2751 5935 2751 5936 3069 5936 3071 5936 2751 5937 3071 5937 3068 5937 1114 5964 1132 5964 1115 5964 1115 5965 1132 5965 1235 5965 1115 5966 1235 5966 1116 5966 1116 5967 1235 5967 1236 5967 1116 5968 1236 5968 1122 5968 1122 5969 1236 5969 1238 5969 1122 5970 1238 5970 1121 5970 1121 5971 1238 5971 1237 5971 1121 5972 1237 5972 1120 5972 1120 5973 1237 5973 1239 5973 1120 5974 1239 5974 1117 5974 1117 5975 1239 5975 1126 5975 1095 5976 1113 5976 1096 5976 1096 5977 1113 5977 1240 5977 1096 5978 1240 5978 1097 5978 1097 5979 1240 5979 1241 5979 1097 5980 1241 5980 1103 5980 1103 5981 1241 5981 1242 5981 1103 5982 1242 5982 1102 5982 1102 5983 1242 5983 1243 5983 1102 5984 1243 5984 1101 5984 1101 5985 1243 5985 1244 5985 1101 5986 1244 5986 1098 5986 1098 5987 1244 5987 1107 5987 1076 5988 1094 5988 1077 5988 1077 5989 1094 5989 1205 5989 1077 5990 1205 5990 1078 5990 1078 5991 1205 5991 1204 5991 1078 5992 1204 5992 1084 5992 1084 5993 1204 5993 1203 5993 1084 5994 1203 5994 1083 5994 1083 5995 1203 5995 1202 5995 1083 5996 1202 5996 1082 5996 1082 5997 1202 5997 1200 5997 1082 5998 1200 5998 1079 5998 1079 5999 1200 5999 1088 5999 1061 6000 1075 6000 1068 6000 1068 6001 1075 6001 1234 6001 1068 6002 1234 6002 1067 6002 1067 6003 1234 6003 1233 6003 1067 6004 1233 6004 1066 6004 1066 6005 1233 6005 1232 6005 1066 6006 1232 6006 1057 6006 1057 6007 1232 6007 1231 6007 1057 6008 1231 6008 1058 6008 1058 6009 1231 6009 1230 6009 1058 6010 1230 6010 1059 6010 1059 6011 1230 6011 1069 6011 1038 6012 1056 6012 1039 6012 1039 6013 1056 6013 1199 6013 1039 6014 1199 6014 1040 6014 1040 6015 1199 6015 1198 6015 1040 6016 1198 6016 1046 6016 1046 6017 1198 6017 1197 6017 1046 6018 1197 6018 1045 6018 1045 6019 1197 6019 1196 6019 1045 6020 1196 6020 1044 6020 1044 6021 1196 6021 1195 6021 1044 6022 1195 6022 1041 6022 1041 6023 1195 6023 1050 6023 1021 6024 1037 6024 1022 6024 1022 6025 1037 6025 1211 6025 1022 6026 1211 6026 1024 6026 1024 6027 1211 6027 1207 6027 1024 6028 1207 6028 1025 6028 1025 6029 1207 6029 1209 6029 1025 6030 1209 6030 1026 6030 1026 6031 1209 6031 1210 6031 1026 6032 1210 6032 1027 6032 1027 6033 1210 6033 1212 6033 1027 6034 1212 6034 1023 6034 1023 6035 1212 6035 1031 6035 1007 6036 1018 6036 1011 6036 1011 6037 1018 6037 1229 6037 1011 6038 1229 6038 1003 6038 1003 6039 1229 6039 1228 6039 1003 6040 1228 6040 1004 6040 1004 6041 1228 6041 1227 6041 1004 6042 1227 6042 1005 6042 1005 6043 1227 6043 1226 6043 1005 6044 1226 6044 1010 6044 1010 6045 1226 6045 1225 6045 1010 6046 1225 6046 1008 6046 1008 6047 1225 6047 1012 6047 983 6048 999 6048 984 6048 984 6049 999 6049 1222 6049 984 6050 1222 6050 986 6050 986 6051 1222 6051 1221 6051 986 6052 1221 6052 987 6052 987 6053 1221 6053 1223 6053 987 6054 1223 6054 988 6054 988 6055 1223 6055 1219 6055 988 6056 1219 6056 989 6056 989 6057 1219 6057 1217 6057 989 6058 1217 6058 985 6058 985 6059 1217 6059 993 6059 934 6078 1214 6078 932 6078 932 6079 1214 6079 1213 6079 1213 6080 1216 6080 932 6080 932 6081 1216 6081 1218 6081 932 6082 1218 6082 930 6082 930 6083 1218 6083 1220 6083 930 6084 1220 6084 928 6084 928 6085 1220 6085 1224 6085 928 6086 1224 6086 978 6086 944 6087 927 6087 926 6087 926 6088 1187 6088 944 6088 944 6089 1187 6089 1189 6089 944 6090 1189 6090 942 6090 942 6091 1189 6091 1184 6091 1184 6092 1186 6092 942 6092 942 6093 1186 6093 1206 6093 942 6094 1206 6094 940 6094 940 6095 1206 6095 938 6095 1206 6096 1181 6096 938 6096 938 6097 1181 6097 1183 6097 938 6098 1183 6098 936 6098 936 6099 1183 6099 1178 6099 1178 6100 1180 6100 936 6100 936 6101 1180 6101 1214 6101 936 6102 1214 6102 934 6102 538 6103 890 6103 537 6103 537 6104 890 6104 881 6104 537 6105 881 6105 557 6105 557 6106 881 6106 889 6106 557 6107 889 6107 542 6107 542 6108 889 6108 899 6108 542 6109 899 6109 544 6109 544 6110 899 6110 897 6110 544 6111 897 6111 547 6111 547 6112 897 6112 898 6112 547 6113 898 6113 549 6113 549 6114 898 6114 888 6114 549 6115 888 6115 551 6115 551 6116 888 6116 887 6116 551 6117 887 6117 553 6117 553 6118 887 6118 886 6118 553 6119 886 6119 536 6119 536 6120 886 6120 885 6120 536 6121 885 6121 534 6121 534 6122 885 6122 880 6122 534 6123 880 6123 532 6123 532 6124 880 6124 879 6124 3236 6125 3237 6125 3238 6125 3237 6126 3239 6126 3240 6126 624 6127 623 6127 3241 6127 619 6128 625 6128 3242 6128 2965 6129 2966 6129 3243 6129 2962 6130 2985 6130 3244 6130 878 6131 681 6131 3245 6131 3245 6132 681 6132 683 6132 3245 6133 683 6133 3246 6133 3246 6134 683 6134 685 6134 3246 6135 685 6135 3247 6135 3247 6136 685 6136 687 6136 3247 6137 687 6137 3248 6137 3248 6138 687 6138 689 6138 3248 6139 689 6139 3249 6139 3249 6140 689 6140 691 6140 3249 6141 691 6141 3250 6141 3250 6142 691 6142 693 6142 3250 6143 693 6143 3243 6143 3243 6144 693 6144 696 6144 3243 6145 696 6145 2965 6145 2965 6146 696 6146 695 6146 914 6147 3251 6147 3252 6147 914 6148 3252 6148 915 6148 915 6149 3252 6149 3253 6149 915 6150 3253 6150 916 6150 916 6151 3253 6151 3254 6151 916 6152 3254 6152 912 6152 912 6153 3254 6153 3255 6153 912 6154 3255 6154 913 6154 913 6155 3255 6155 3256 6155 913 6156 3256 6156 905 6156 905 6157 3256 6157 3257 6157 905 6158 3257 6158 906 6158 906 6159 3257 6159 3258 6159 906 6160 3258 6160 907 6160 907 6161 3258 6161 3259 6161 907 6162 3259 6162 909 6162 909 6163 3259 6163 3260 6163 909 6164 3260 6164 910 6164 910 6165 3260 6165 3261 6165 910 6166 3261 6166 896 6166 896 6167 3261 6167 3262 6167 896 6168 3262 6168 900 6168 900 6169 3262 6169 3263 6169 900 6170 3263 6170 901 6170 901 6171 3263 6171 3240 6171 901 6172 3240 6172 902 6172 902 6173 3240 6173 3239 6173 902 6174 3239 6174 884 6174 741 6175 893 6175 743 6175 743 6176 893 6176 3264 6176 743 6177 3264 6177 745 6177 745 6178 3264 6178 3265 6178 745 6179 3265 6179 747 6179 747 6180 3265 6180 3266 6180 747 6181 3266 6181 749 6181 749 6182 3266 6182 3267 6182 749 6183 3267 6183 751 6183 751 6184 3267 6184 3268 6184 751 6185 3268 6185 753 6185 753 6186 3268 6186 3269 6186 755 6187 754 6187 2994 6187 2994 6188 754 6188 3270 6188 2994 6189 3270 6189 3047 6189 3047 6190 3270 6190 3271 6190 3047 6191 3271 6191 3045 6191 3045 6192 3271 6192 3272 6192 3045 6193 3272 6193 3043 6193 3029 6194 3031 6194 3273 6194 3273 6195 3031 6195 3033 6195 3273 6196 3033 6196 3274 6196 3274 6197 3033 6197 3035 6197 3274 6198 3035 6198 3275 6198 3275 6199 3035 6199 3037 6199 3275 6200 3037 6200 3276 6200 3276 6201 3037 6201 3039 6201 3276 6202 3039 6202 3272 6202 3272 6203 3039 6203 3041 6203 3272 6204 3041 6204 3043 6204 3029 6205 3273 6205 3027 6205 3027 6206 3273 6206 3277 6206 3027 6207 3277 6207 3025 6207 3025 6208 3277 6208 3278 6208 3025 6209 3278 6209 3023 6209 3023 6210 3278 6210 3279 6210 3023 6211 3279 6211 3021 6211 3021 6212 3279 6212 3280 6212 3021 6213 3280 6213 3019 6213 3005 6214 3007 6214 3281 6214 3281 6215 3007 6215 3009 6215 3281 6216 3009 6216 3282 6216 3282 6217 3009 6217 3011 6217 3282 6218 3011 6218 3283 6218 3283 6219 3011 6219 3013 6219 3283 6220 3013 6220 3284 6220 3284 6221 3013 6221 3015 6221 3284 6222 3015 6222 3280 6222 3280 6223 3015 6223 3017 6223 3280 6224 3017 6224 3019 6224 3005 6225 3281 6225 3003 6225 3003 6226 3281 6226 3285 6226 3003 6227 3285 6227 3001 6227 3001 6228 3285 6228 3286 6228 3001 6229 3286 6229 2999 6229 3287 6230 3288 6230 3289 6230 3289 6231 3288 6231 621 6231 3289 6232 621 6232 620 6232 619 6233 3242 6233 620 6233 3290 6234 3291 6234 3292 6234 3291 6235 3293 6235 3292 6235 3292 6236 3293 6236 3294 6236 3292 6237 3294 6237 3287 6237 3287 6238 3294 6238 3295 6238 3287 6239 3295 6239 3288 6239 3296 6240 3297 6240 3298 6240 3298 6241 3299 6241 3296 6241 3296 6242 3299 6242 3300 6242 3296 6243 3300 6243 3292 6243 3292 6244 3300 6244 3301 6244 3292 6245 3301 6245 3290 6245 634 6246 3302 6246 3303 6246 3303 6247 3302 6247 3304 6247 3303 6248 3304 6248 3305 6248 3305 6249 3304 6249 3306 6249 3305 6250 3306 6250 3297 6250 3297 6251 3306 6251 3307 6251 3297 6252 3307 6252 3298 6252 630 6253 629 6253 3285 6253 628 6254 3286 6254 627 6254 627 6255 3286 6255 3285 6255 627 6256 3285 6256 626 6256 626 6257 3285 6257 629 6257 628 6258 632 6258 3286 6258 3286 6259 632 6259 633 6259 3286 6260 633 6260 3308 6260 623 6261 622 6261 3309 6261 3309 6262 622 6262 631 6262 3309 6263 631 6263 3310 6263 3310 6264 631 6264 630 6264 624 6265 3241 6265 625 6265 604 6266 3311 6266 605 6266 605 6267 3311 6267 3312 6267 605 6268 3312 6268 3313 6268 3313 6269 3312 6269 3314 6269 3313 6270 3314 6270 3315 6270 3316 6271 3317 6271 3314 6271 3314 6272 3317 6272 3318 6272 3314 6273 3318 6273 3315 6273 3319 6274 3320 6274 3321 6274 3321 6275 3320 6275 3322 6275 3321 6276 3322 6276 3236 6276 3236 6277 3322 6277 3323 6277 3236 6278 3323 6278 3316 6278 3316 6279 3323 6279 3324 6279 3316 6280 3324 6280 3317 6280 3325 6281 3326 6281 3327 6281 3327 6282 3326 6282 3328 6282 3327 6283 3328 6283 3321 6283 3321 6284 3328 6284 3329 6284 3321 6285 3329 6285 3319 6285 3325 6286 3327 6286 618 6286 618 6287 3327 6287 3330 6287 618 6288 3330 6288 617 6288 3331 6289 614 6289 615 6289 610 6290 3332 6290 611 6290 611 6291 3332 6291 3333 6291 611 6292 3333 6292 612 6292 604 6293 603 6293 3275 6293 603 6294 602 6294 3275 6294 3275 6295 602 6295 606 6295 3275 6296 606 6296 3274 6296 3274 6297 606 6297 607 6297 607 6298 608 6298 3274 6298 3274 6299 608 6299 609 6299 3274 6300 609 6300 613 6300 3237 6301 3240 6301 3238 6301 3238 6302 3240 6302 3263 6302 3238 6303 3263 6303 3334 6303 3334 6304 3263 6304 3262 6304 3334 6305 3262 6305 3335 6305 3335 6306 3262 6306 3261 6306 3335 6307 3261 6307 3336 6307 3336 6308 3261 6308 3260 6308 3336 6309 3260 6309 3337 6309 3337 6310 3260 6310 3259 6310 3337 6311 3259 6311 3338 6311 3338 6312 3259 6312 3258 6312 3338 6313 3258 6313 3339 6313 3339 6314 3258 6314 3257 6314 3339 6315 3257 6315 3340 6315 3340 6316 3257 6316 3256 6316 3340 6317 3256 6317 3341 6317 3341 6318 3256 6318 3255 6318 3341 6319 3255 6319 3342 6319 3342 6320 3255 6320 3254 6320 3342 6321 3254 6321 3343 6321 3343 6322 3254 6322 3253 6322 3343 6323 3253 6323 3344 6323 3344 6324 3253 6324 3252 6324 3344 6325 3252 6325 3345 6325 3345 6326 3252 6326 3251 6326 3345 6327 3251 6327 3346 6327 3236 6328 3238 6328 3321 6328 3321 6329 3238 6329 3334 6329 3321 6330 3334 6330 3327 6330 3327 6331 3334 6331 3335 6331 3327 6332 3335 6332 3330 6332 3330 6333 3335 6333 3336 6333 3330 6334 3336 6334 3347 6334 3347 6335 3336 6335 3337 6335 3347 6336 3337 6336 3348 6336 3348 6337 3337 6337 3338 6337 3348 6338 3338 6338 3349 6338 3349 6339 3338 6339 3339 6339 3349 6340 3339 6340 3350 6340 3350 6341 3339 6341 3340 6341 3350 6342 3340 6342 3351 6342 3351 6343 3340 6343 3341 6343 3351 6344 3341 6344 3352 6344 3352 6345 3341 6345 3342 6345 3352 6346 3342 6346 3353 6346 3353 6347 3342 6347 3343 6347 3353 6348 3343 6348 3289 6348 3289 6349 3343 6349 3344 6349 3289 6350 3344 6350 3287 6350 3287 6351 3344 6351 3345 6351 3287 6352 3345 6352 3292 6352 3292 6353 3345 6353 3346 6353 3292 6354 3346 6354 3296 6354 620 6355 3242 6355 3289 6355 3289 6356 3242 6356 3354 6356 3289 6357 3354 6357 3353 6357 3353 6358 3354 6358 3355 6358 3353 6359 3355 6359 3352 6359 3352 6360 3355 6360 3356 6360 3352 6361 3356 6361 3351 6361 3351 6362 3356 6362 3357 6362 3351 6363 3357 6363 3350 6363 3350 6364 3357 6364 3358 6364 3350 6365 3358 6365 3349 6365 3349 6366 3358 6366 3359 6366 3349 6367 3359 6367 3348 6367 3348 6368 3359 6368 3360 6368 3348 6369 3360 6369 3347 6369 3347 6370 3360 6370 3361 6370 3347 6371 3361 6371 3330 6371 3330 6372 3361 6372 616 6372 3330 6373 616 6373 617 6373 625 6374 3241 6374 3242 6374 3242 6375 3241 6375 3362 6375 3242 6376 3362 6376 3354 6376 3354 6377 3362 6377 3363 6377 3354 6378 3363 6378 3355 6378 3355 6379 3363 6379 3364 6379 3355 6380 3364 6380 3356 6380 3356 6381 3364 6381 3365 6381 3356 6382 3365 6382 3357 6382 3357 6383 3365 6383 3366 6383 3357 6384 3366 6384 3358 6384 3358 6385 3366 6385 3367 6385 3358 6386 3367 6386 3359 6386 3359 6387 3367 6387 3368 6387 3359 6388 3368 6388 3360 6388 3360 6389 3368 6389 3331 6389 3360 6390 3331 6390 3361 6390 3361 6391 3331 6391 615 6391 3361 6392 615 6392 616 6392 893 6393 892 6393 3264 6393 3264 6394 892 6394 3369 6394 3264 6395 3369 6395 3265 6395 3265 6396 3369 6396 3370 6396 3265 6397 3370 6397 3266 6397 3266 6398 3370 6398 3371 6398 3266 6399 3371 6399 3267 6399 3267 6400 3371 6400 3372 6400 3267 6401 3372 6401 3268 6401 3268 6402 3372 6402 3373 6402 3268 6403 3373 6403 3269 6403 3269 6404 3373 6404 3374 6404 892 6405 891 6405 3369 6405 3369 6406 891 6406 3375 6406 3369 6407 3375 6407 3370 6407 3370 6408 3375 6408 3376 6408 3370 6409 3376 6409 3371 6409 3371 6410 3376 6410 3377 6410 3371 6411 3377 6411 3372 6411 3372 6412 3377 6412 3378 6412 3372 6413 3378 6413 3373 6413 3373 6414 3378 6414 3379 6414 3373 6415 3379 6415 3374 6415 3374 6416 3379 6416 3380 6416 891 6417 884 6417 3375 6417 3375 6418 884 6418 3239 6418 3375 6419 3239 6419 3376 6419 3376 6420 3239 6420 3237 6420 3376 6421 3237 6421 3377 6421 3377 6422 3237 6422 3236 6422 3377 6423 3236 6423 3378 6423 3378 6424 3236 6424 3316 6424 3378 6425 3316 6425 3379 6425 3379 6426 3316 6426 3314 6426 3379 6427 3314 6427 3380 6427 3380 6428 3314 6428 3312 6428 623 6429 3309 6429 3241 6429 3241 6430 3309 6430 3381 6430 3241 6431 3381 6431 3362 6431 3362 6432 3381 6432 3382 6432 3362 6433 3382 6433 3363 6433 3363 6434 3382 6434 3383 6434 3363 6435 3383 6435 3364 6435 3364 6436 3383 6436 3384 6436 3364 6437 3384 6437 3365 6437 3365 6438 3384 6438 3385 6438 3365 6439 3385 6439 3366 6439 3366 6440 3385 6440 3386 6440 3366 6441 3386 6441 3367 6441 3367 6442 3386 6442 3387 6442 3367 6443 3387 6443 3368 6443 3368 6444 3387 6444 3332 6444 3368 6445 3332 6445 3331 6445 3331 6446 3332 6446 610 6446 3331 6447 610 6447 614 6447 604 6448 3275 6448 3311 6448 3311 6449 3275 6449 3276 6449 3311 6450 3276 6450 3312 6450 3312 6451 3276 6451 3272 6451 3312 6452 3272 6452 3380 6452 3380 6453 3272 6453 3271 6453 3380 6454 3271 6454 3374 6454 3374 6455 3271 6455 3270 6455 3374 6456 3270 6456 3269 6456 3269 6457 3270 6457 754 6457 3269 6458 754 6458 753 6458 630 6459 3285 6459 3310 6459 3310 6460 3285 6460 3281 6460 3310 6461 3281 6461 3309 6461 3309 6462 3281 6462 3282 6462 3309 6463 3282 6463 3381 6463 3381 6464 3282 6464 3283 6464 3381 6465 3283 6465 3382 6465 3382 6466 3283 6466 3284 6466 3382 6467 3284 6467 3383 6467 3383 6468 3284 6468 3280 6468 3383 6469 3280 6469 3384 6469 3384 6470 3280 6470 3279 6470 3384 6471 3279 6471 3385 6471 3385 6472 3279 6472 3278 6472 3385 6473 3278 6473 3386 6473 3386 6474 3278 6474 3277 6474 3386 6475 3277 6475 3387 6475 3387 6476 3277 6476 3273 6476 3387 6477 3273 6477 3332 6477 3332 6478 3273 6478 3274 6478 3332 6479 3274 6479 3333 6479 3333 6480 3274 6480 613 6480 3333 6481 613 6481 612 6481 633 6482 634 6482 3308 6482 3308 6483 634 6483 3303 6483 3308 6484 3303 6484 3286 6484 3286 6485 3303 6485 3388 6485 3286 6486 3388 6486 2999 6486 2999 6487 3388 6487 2997 6487 914 6488 876 6488 3251 6488 3251 6489 876 6489 3389 6489 3251 6490 3389 6490 3346 6490 3346 6491 3389 6491 3390 6491 3346 6492 3390 6492 3296 6492 3296 6493 3390 6493 3391 6493 3296 6494 3391 6494 3297 6494 3297 6495 3391 6495 3392 6495 3297 6496 3392 6496 3305 6496 3305 6497 3392 6497 3393 6497 3305 6498 3393 6498 3303 6498 3303 6499 3393 6499 3394 6499 3303 6500 3394 6500 3388 6500 3388 6501 3394 6501 3244 6501 3388 6502 3244 6502 2997 6502 2997 6503 3244 6503 2985 6503 876 6504 875 6504 3389 6504 3389 6505 875 6505 3395 6505 3389 6506 3395 6506 3390 6506 3390 6507 3395 6507 3396 6507 3390 6508 3396 6508 3391 6508 3391 6509 3396 6509 3397 6509 3391 6510 3397 6510 3392 6510 3392 6511 3397 6511 3398 6511 3392 6512 3398 6512 3393 6512 3393 6513 3398 6513 3399 6513 3393 6514 3399 6514 3394 6514 3394 6515 3399 6515 3400 6515 3394 6516 3400 6516 3244 6516 3244 6517 3400 6517 3401 6517 3244 6518 3401 6518 2962 6518 2962 6519 3401 6519 2963 6519 875 6520 878 6520 3395 6520 3395 6521 878 6521 3245 6521 3395 6522 3245 6522 3396 6522 3396 6523 3245 6523 3246 6523 3396 6524 3246 6524 3397 6524 3397 6525 3246 6525 3247 6525 3397 6526 3247 6526 3398 6526 3398 6527 3247 6527 3248 6527 3398 6528 3248 6528 3399 6528 3399 6529 3248 6529 3249 6529 3399 6530 3249 6530 3400 6530 3400 6531 3249 6531 3250 6531 3400 6532 3250 6532 3401 6532 3401 6533 3250 6533 3243 6533 3401 6534 3243 6534 2963 6534 2963 6535 3243 6535 2966 6535 432 6536 431 6536 520 6536 3294 6537 564 6537 3295 6537 3295 6538 564 6538 432 6538 3295 6539 432 6539 3288 6539 528 6540 444 6540 443 6540 3294 6541 3293 6541 564 6541 564 6542 3293 6542 3291 6542 564 6543 3291 6543 443 6543 443 6544 3291 6544 3290 6544 443 6545 3290 6545 528 6545 634 6546 517 6546 3302 6546 3302 6547 517 6547 529 6547 527 6548 3306 6548 529 6548 529 6549 3306 6549 3304 6549 529 6550 3304 6550 3302 6550 526 6551 3298 6551 527 6551 527 6552 3298 6552 3307 6552 527 6553 3307 6553 3306 6553 3290 6554 3301 6554 528 6554 528 6555 3301 6555 3300 6555 528 6556 3300 6556 526 6556 526 6557 3300 6557 3299 6557 526 6558 3299 6558 3298 6558 432 6559 520 6559 3288 6559 3288 6560 520 6560 522 6560 3288 6561 522 6561 621 6561 3324 6562 3323 6562 477 6562 435 6563 434 6563 480 6563 473 6564 440 6564 461 6564 618 6565 474 6565 3325 6565 3325 6566 474 6566 473 6566 3325 6567 473 6567 3326 6567 3326 6568 473 6568 461 6568 3326 6569 461 6569 3328 6569 3328 6570 461 6570 570 6570 477 6571 3323 6571 480 6571 3323 6572 3322 6572 480 6572 480 6573 3322 6573 3320 6573 480 6574 3320 6574 435 6574 435 6575 3320 6575 3319 6575 435 6576 3319 6576 570 6576 570 6577 3319 6577 3329 6577 570 6578 3329 6578 3328 6578 3313 6579 3315 6579 476 6579 476 6580 3315 6580 3318 6580 476 6581 3318 6581 477 6581 477 6582 3318 6582 3317 6582 477 6583 3317 6583 3324 6583 476 6584 475 6584 3313 6584 3313 6585 475 6585 479 6585 3313 6586 479 6586 605 6586 491 6587 640 6587 492 6587 492 6588 640 6588 793 6588 492 6589 793 6589 601 6589 495 6590 494 6590 787 6590 787 6591 644 6591 495 6591 495 6592 644 6592 643 6592 495 6593 643 6593 491 6593 491 6594 643 6594 641 6594 491 6595 641 6595 640 6595 783 6596 493 6596 782 6596 782 6597 493 6597 487 6597 782 6598 487 6598 781 6598 783 6599 780 6599 493 6599 493 6600 780 6600 779 6600 493 6601 779 6601 494 6601 494 6602 779 6602 789 6602 494 6603 789 6603 787 6603 781 6604 487 6604 784 6604 784 6605 487 6605 486 6605 784 6606 486 6606 785 6606 785 6607 486 6607 485 6607 785 6608 485 6608 586 6608 501 6609 770 6609 769 6609 501 6610 769 6610 510 6610 769 6611 768 6611 510 6611 510 6612 768 6612 767 6612 510 6613 767 6613 511 6613 511 6614 767 6614 776 6614 511 6615 776 6615 585 6615 770 6616 501 6616 771 6616 771 6617 501 6617 516 6617 771 6618 516 6618 772 6618 762 6619 764 6619 515 6619 515 6620 764 6620 766 6620 515 6621 766 6621 516 6621 516 6622 766 6622 773 6622 516 6623 773 6623 772 6623 762 6624 515 6624 760 6624 760 6625 515 6625 514 6625 760 6626 514 6626 761 6626 761 6627 514 6627 827 6627 827 6628 514 6628 506 6628 827 6629 506 6629 758 6629 758 6630 506 6630 505 6630 758 6631 505 6631 573 6631 489 6632 541 6632 543 6632 512 6633 560 6633 559 6633 469 6634 503 6634 467 6634 467 6635 503 6635 502 6635 467 6636 502 6636 465 6636 420 6637 418 6637 490 6637 490 6638 418 6638 500 6638 500 6639 418 6639 417 6639 500 6640 417 6640 556 6640 416 6641 448 6641 417 6641 417 6642 448 6642 558 6642 417 6643 558 6643 556 6643 490 6644 489 6644 420 6644 420 6645 489 6645 543 6645 420 6646 543 6646 422 6646 422 6647 543 6647 545 6647 422 6648 545 6648 423 6648 423 6649 545 6649 546 6649 423 6650 546 6650 427 6650 554 6651 503 6651 552 6651 552 6652 503 6652 469 6652 552 6653 469 6653 550 6653 550 6654 469 6654 468 6654 550 6655 468 6655 548 6655 548 6656 468 6656 471 6656 548 6657 471 6657 546 6657 546 6658 471 6658 470 6658 546 6659 470 6659 427 6659 502 6660 512 6660 465 6660 465 6661 512 6661 559 6661 465 6662 559 6662 462 6662 462 6663 559 6663 535 6663 462 6664 535 6664 463 6664 463 6665 535 6665 533 6665 463 6666 533 6666 464 6666 464 6667 533 6667 531 6667 464 6668 531 6668 429 6668 429 6669 531 6669 430 6669 3402 6670 3403 6670 3404 6670 3404 6671 3403 6671 3405 6671 3404 6672 3405 6672 3406 6672 3406 6673 3405 6673 3407 6673 3406 6674 3407 6674 3408 6674 3408 6675 3407 6675 3409 6675 3408 6676 3409 6676 3410 6676 3410 6677 3409 6677 3411 6677 3410 6678 3411 6678 3412 6678 3412 6679 3411 6679 3413 6679 3412 6680 3413 6680 3414 6680 3414 6681 3413 6681 3415 6681 3416 6682 3415 6682 3403 6682 3403 6683 3415 6683 3413 6683 3405 6684 3403 6684 3407 6684 3407 6685 3403 6685 3413 6685 3407 6686 3413 6686 3409 6686 3409 6687 3413 6687 3411 6687 3417 6688 3418 6688 3419 6688 3419 6689 3418 6689 3416 6689 3419 6690 3416 6690 3420 6690 3420 6691 3416 6691 3403 6691 3414 6692 3415 6692 3421 6692 3421 6693 3415 6693 3416 6693 3421 6694 3416 6694 3422 6694 3422 6695 3416 6695 3418 6695 3422 6696 3418 6696 3423 6696 3423 6697 3418 6697 3417 6697 3423 6698 3417 6698 3424 6698 3424 6699 3417 6699 3419 6699 3424 6700 3419 6700 3425 6700 3425 6701 3419 6701 3420 6701 3425 6702 3420 6702 3402 6702 3402 6703 3420 6703 3403 6703 3412 6704 3414 6704 3402 6704 3402 6705 3414 6705 3421 6705 3402 6706 3421 6706 3422 6706 3408 6707 3410 6707 3406 6707 3406 6708 3410 6708 3412 6708 3406 6709 3412 6709 3404 6709 3404 6710 3412 6710 3402 6710 3422 6711 3423 6711 3402 6711 3402 6712 3423 6712 3424 6712 3402 6713 3424 6713 3425 6713 3426 6714 3427 6714 3428 6714 3428 6715 3427 6715 3429 6715 3428 6716 3429 6716 3430 6716 3430 6717 3429 6717 3431 6717 3430 6718 3431 6718 3432 6718 3432 6719 3431 6719 3433 6719 3432 6720 3433 6720 3434 6720 3434 6721 3433 6721 3435 6721 3434 6722 3435 6722 3436 6722 3436 6723 3435 6723 3437 6723 3436 6724 3437 6724 3438 6724 3438 6725 3437 6725 3439 6725 3439 6726 3429 6726 3440 6726 3440 6727 3429 6727 3427 6727 3441 6728 3442 6728 3443 6728 3443 6729 3442 6729 3440 6729 3443 6730 3440 6730 3444 6730 3444 6731 3440 6731 3427 6731 3433 6732 3431 6732 3435 6732 3435 6733 3431 6733 3429 6733 3435 6734 3429 6734 3437 6734 3437 6735 3429 6735 3439 6735 3438 6736 3439 6736 3445 6736 3445 6737 3439 6737 3440 6737 3445 6738 3440 6738 3446 6738 3446 6739 3440 6739 3442 6739 3446 6740 3442 6740 3447 6740 3447 6741 3442 6741 3441 6741 3447 6742 3441 6742 3448 6742 3448 6743 3441 6743 3443 6743 3448 6744 3443 6744 3449 6744 3449 6745 3443 6745 3444 6745 3449 6746 3444 6746 3426 6746 3426 6747 3444 6747 3427 6747 3436 6748 3438 6748 3445 6748 3430 6749 3432 6749 3428 6749 3428 6750 3432 6750 3434 6750 3446 6751 3447 6751 3445 6751 3445 6752 3447 6752 3448 6752 3434 6753 3436 6753 3428 6753 3428 6754 3436 6754 3445 6754 3428 6755 3445 6755 3426 6755 3426 6756 3445 6756 3448 6756 3426 6757 3448 6757 3449 6757</p>
        </triangles>
        <triangles material="base-material" count="1114">
          <input semantic="VERTEX" source="#link_base-mesh-vertices" offset="0"/>
          <input semantic="NORMAL" source="#link_base-mesh-normals" offset="1"/>
          <p>0 0 1 0 2 0 2 1 1 1 3 1 4 2 5 2 1 2 1 3 5 3 6 3 1 4 6 4 3 4 3 5 6 5 7 5 3 6 7 6 8 6 9 7 10 7 11 7 11 8 12 8 9 8 9 9 12 9 13 9 9 10 13 10 14 10 14 11 13 11 4 11 14 12 4 12 15 12 15 13 4 13 1 13 16 14 17 14 18 14 19 15 20 15 21 15 19 16 21 16 22 16 18 17 17 17 23 17 21 18 24 18 22 18 22 19 24 19 25 19 22 20 25 20 26 20 26 21 25 21 23 21 26 22 23 22 27 22 27 23 23 23 17 23 16 24 18 24 28 24 28 25 18 25 29 25 28 26 29 26 30 26 31 27 19 27 32 27 32 28 19 28 22 28 33 29 34 29 35 29 36 30 37 30 38 30 39 31 40 31 41 31 42 32 43 32 44 32 45 33 46 33 30 33 30 34 46 34 47 34 47 35 46 35 48 35 48 36 46 36 49 36 48 37 49 37 50 37 50 38 49 38 51 38 50 39 51 39 52 39 44 40 43 40 53 40 53 41 43 41 54 41 53 42 54 42 55 42 55 43 54 43 56 43 55 44 56 44 57 44 11 45 58 45 59 45 59 47 60 47 61 47 62 48 8 48 63 48 64 49 65 49 66 49 66 50 65 50 67 50 68 51 69 51 64 51 69 52 68 52 70 52 71 53 72 53 39 53 39 54 72 54 73 54 39 55 73 55 40 55 40 56 73 56 74 56 75 57 76 57 77 57 78 58 79 58 36 58 36 59 79 59 80 59 36 60 80 60 37 60 37 61 80 61 81 61 21 62 20 62 82 62 82 63 20 63 83 63 62 64 63 64 84 64 84 65 63 65 6 65 84 66 6 66 85 66 86 67 41 67 87 67 87 68 41 68 40 68 87 69 40 69 88 69 88 70 40 70 74 70 88 71 74 71 70 71 89 72 90 72 77 72 91 73 38 73 92 73 92 74 38 74 37 74 92 75 37 75 93 75 93 76 37 76 81 76 93 77 81 77 75 77 94 78 95 78 24 78 60 79 96 79 61 79 61 80 96 80 97 80 61 81 97 81 85 81 85 82 97 82 66 82 85 83 66 83 84 83 84 84 66 84 67 84 84 85 67 85 62 85 64 86 66 86 68 86 68 87 66 87 97 87 68 88 97 88 98 88 98 89 97 89 96 89 98 90 96 90 99 90 100 91 90 91 101 91 101 92 90 92 89 92 101 93 89 93 102 93 103 94 104 94 94 94 95 95 94 95 23 95 23 96 94 96 104 96 23 97 104 97 105 97 6 98 106 98 85 98 85 99 106 99 4 99 85 100 4 100 61 100 61 101 4 101 107 101 61 102 107 102 59 102 60 103 108 103 96 103 96 104 108 104 109 104 96 105 109 105 99 105 99 106 109 106 110 106 99 107 110 107 111 107 70 108 68 108 88 108 88 109 68 109 98 109 88 110 98 110 87 110 87 111 98 111 99 111 87 112 99 112 86 112 86 113 99 113 111 113 86 114 111 114 112 114 58 115 113 115 60 115 60 116 113 116 114 116 60 117 114 117 108 117 108 118 114 118 115 118 108 119 115 119 109 119 109 120 115 120 116 120 109 121 116 121 110 121 110 122 116 122 117 122 110 123 117 123 111 123 111 124 117 124 118 124 111 125 118 125 112 125 112 126 118 126 119 126 112 127 119 127 86 127 86 128 119 128 102 128 86 129 102 129 41 129 41 130 102 130 89 130 41 131 89 131 39 131 39 132 89 132 77 132 39 133 77 133 71 133 71 134 77 134 76 134 75 135 77 135 93 135 93 136 77 136 90 136 93 137 90 137 92 137 92 138 90 138 100 138 92 139 100 139 91 139 91 140 100 140 120 140 91 141 120 141 121 141 118 142 42 142 119 142 119 143 42 143 44 143 119 144 44 144 102 144 102 145 44 145 53 145 102 146 53 146 101 146 101 147 53 147 55 147 101 148 55 148 100 148 100 149 55 149 57 149 100 150 57 150 120 150 83 151 78 151 82 151 82 152 78 152 36 152 82 153 36 153 122 153 122 154 36 154 38 154 122 155 38 155 35 155 35 156 38 156 91 156 35 157 91 157 33 157 33 158 91 158 121 158 56 159 123 159 57 159 57 160 123 160 124 160 57 161 124 161 120 161 120 162 124 162 125 162 120 163 125 163 121 163 121 164 125 164 126 164 121 165 126 165 33 165 33 166 126 166 127 166 33 167 127 167 34 167 34 168 127 168 128 168 34 169 128 169 35 169 35 170 128 170 103 170 35 171 103 171 122 171 122 172 103 172 94 172 122 173 94 173 82 173 82 174 94 174 24 174 82 175 24 175 21 175 45 176 105 176 46 176 46 177 105 177 104 177 46 178 104 178 49 178 49 179 104 179 103 179 49 180 103 180 51 180 51 181 103 181 128 181 51 182 128 182 52 182 52 183 128 183 127 183 129 184 31 184 130 184 130 185 31 185 32 185 129 186 130 186 131 186 131 187 130 187 132 187 131 188 132 188 133 188 133 189 132 189 134 189 134 190 132 190 135 190 134 191 135 191 136 191 136 192 135 192 137 192 136 193 137 193 138 193 139 194 140 194 141 194 142 195 143 195 144 195 142 196 144 196 145 196 145 197 144 197 146 197 145 198 146 198 147 198 147 199 146 199 139 199 147 200 139 200 148 200 148 201 139 201 141 201 148 202 141 202 137 202 137 203 135 203 148 203 148 204 135 204 132 204 148 205 132 205 147 205 147 206 132 206 130 206 147 207 130 207 145 207 145 208 130 208 32 208 145 209 32 209 142 209 149 210 150 210 151 210 152 211 153 211 154 211 143 212 152 212 155 212 152 213 154 213 155 213 155 214 154 214 156 214 155 215 156 215 157 215 156 216 158 216 157 216 157 217 158 217 159 217 157 218 159 218 151 218 151 219 159 219 160 219 151 220 160 220 149 220 143 221 155 221 144 221 144 222 155 222 157 222 144 223 157 223 146 223 146 224 157 224 151 224 146 225 151 225 139 225 139 226 151 226 150 226 139 227 150 227 140 227 161 228 149 228 162 228 162 229 149 229 160 229 162 230 160 230 163 230 163 231 160 231 159 231 163 232 159 232 164 232 164 233 159 233 158 233 164 234 158 234 165 234 165 235 158 235 156 235 165 236 156 236 166 236 166 237 156 237 154 237 166 238 154 238 167 238 167 239 154 239 153 239 168 240 169 240 170 240 166 241 167 241 171 241 171 242 167 242 168 242 166 243 171 243 165 243 165 244 171 244 172 244 165 245 172 245 164 245 168 246 170 246 171 246 171 247 170 247 173 247 171 248 173 248 172 248 172 249 173 249 174 249 172 250 174 250 175 250 175 251 174 251 176 251 175 252 176 252 177 252 164 253 172 253 163 253 163 254 172 254 175 254 163 255 175 255 162 255 162 256 175 256 177 256 162 257 177 257 161 257 178 258 179 258 180 258 181 259 0 259 182 259 181 260 182 260 183 260 183 261 182 261 184 261 183 262 184 262 185 262 185 263 184 263 178 263 185 264 178 264 186 264 186 265 178 265 180 265 186 266 180 266 176 266 176 267 174 267 186 267 186 268 174 268 173 268 186 269 173 269 185 269 185 270 173 270 170 270 185 271 170 271 183 271 183 272 170 272 169 272 183 273 169 273 181 273 0 274 2 274 187 274 0 275 187 275 182 275 182 276 187 276 188 276 182 277 188 277 184 277 188 278 189 278 184 278 184 279 189 279 190 279 184 280 190 280 178 280 178 281 190 281 191 281 178 282 191 282 179 282 15 283 1 283 0 283 181 284 169 284 192 284 192 285 10 285 181 285 181 286 10 286 9 286 181 287 9 287 0 287 0 288 9 288 14 288 0 289 14 289 15 289 193 290 28 290 30 290 11 291 10 291 192 291 113 292 58 292 194 292 194 293 58 293 11 293 194 294 11 294 195 294 195 295 11 295 192 295 125 296 124 296 196 296 118 297 117 297 196 297 47 298 196 298 30 298 30 299 196 299 197 299 30 300 197 300 193 300 117 301 116 301 196 301 196 302 116 302 115 302 196 303 115 303 194 303 194 304 115 304 114 304 194 305 114 305 113 305 47 306 48 306 196 306 196 307 48 307 50 307 196 308 50 308 52 308 54 309 43 309 196 309 196 310 43 310 42 310 196 311 42 311 118 311 52 312 127 312 196 312 196 313 127 313 126 313 196 314 126 314 125 314 124 315 123 315 196 315 196 316 123 316 198 316 196 317 198 317 54 317 17 318 142 318 27 318 27 319 142 319 32 319 27 320 32 320 26 320 26 321 32 321 22 321 193 322 143 322 28 322 28 323 143 323 142 323 28 324 142 324 16 324 16 325 142 325 17 325 196 326 153 326 152 326 196 327 152 327 197 327 197 328 152 328 143 328 197 329 143 329 193 329 194 330 167 330 196 330 196 331 167 331 153 331 192 332 169 332 168 332 192 333 168 333 195 333 195 334 168 334 167 334 195 335 167 335 194 335 20 336 199 336 83 336 83 337 199 337 200 337 83 338 200 338 78 338 78 339 200 339 201 339 78 340 201 340 79 340 79 341 201 341 202 341 79 342 202 342 80 342 80 343 202 343 203 343 80 344 203 344 81 344 81 345 203 345 204 345 81 346 204 346 75 346 75 347 204 347 205 347 75 348 205 348 76 348 76 349 205 349 206 349 76 350 206 350 71 350 71 351 206 351 207 351 71 352 207 352 208 352 208 353 207 353 209 353 208 354 209 354 73 354 73 355 209 355 210 355 73 356 210 356 74 356 74 357 210 357 211 357 74 358 211 358 70 358 70 359 211 359 212 359 70 360 212 360 69 360 69 361 212 361 213 361 69 362 213 362 64 362 64 363 213 363 214 363 64 364 214 364 65 364 65 365 214 365 215 365 65 366 215 366 67 366 67 367 215 367 216 367 67 368 216 368 62 368 62 369 216 369 217 369 62 370 217 370 8 370 8 371 217 371 218 371 219 372 220 372 218 372 221 373 222 373 223 373 223 374 222 374 224 374 223 375 224 375 225 375 225 376 224 376 226 376 225 377 226 377 227 377 227 378 226 378 228 378 227 379 228 379 229 379 229 380 228 380 219 380 229 381 219 381 230 381 230 382 219 382 218 382 231 383 220 383 232 383 232 384 220 384 219 384 233 385 234 385 235 385 235 386 234 386 236 386 237 387 238 387 239 387 237 388 239 388 240 388 239 389 241 389 240 389 240 390 241 390 242 390 240 391 242 391 243 391 243 392 242 392 244 392 243 393 244 393 245 393 245 394 244 394 246 394 245 395 246 395 234 395 234 396 246 396 199 396 234 397 199 397 236 397 201 398 200 398 247 398 214 399 213 399 248 399 249 400 250 400 251 400 252 401 221 401 253 401 254 402 252 402 255 402 256 403 254 403 257 403 258 404 256 404 259 404 260 405 258 405 261 405 265 409 266 409 267 409 239 410 238 410 268 410 268 411 238 411 265 411 252 412 253 412 255 412 255 413 253 413 225 413 255 414 225 414 269 414 270 415 251 415 271 415 271 416 251 416 250 416 271 417 250 417 272 417 273 420 274 420 275 420 239 421 268 421 241 421 241 422 268 422 276 422 241 423 276 423 242 423 277 424 278 424 229 424 229 425 278 425 269 425 229 426 269 426 279 426 279 427 269 427 225 427 280 428 274 428 281 428 281 429 274 429 273 429 281 430 273 430 282 430 277 431 218 431 278 431 278 432 218 432 217 432 278 433 217 433 216 433 254 434 255 434 257 434 257 435 255 435 269 435 257 436 269 436 283 436 283 437 269 437 278 437 283 438 278 438 284 438 284 439 278 439 216 439 284 440 216 440 215 440 256 441 257 441 259 441 259 442 257 442 283 442 259 443 283 443 285 443 285 444 283 444 284 444 285 445 284 445 248 445 248 446 284 446 215 446 248 447 215 447 214 447 258 448 259 448 261 448 261 449 259 449 285 449 261 450 285 450 286 450 286 451 285 451 248 451 286 452 248 452 287 452 287 453 248 453 213 453 287 454 213 454 212 454 260 455 261 455 272 455 272 456 261 456 286 456 272 457 286 457 271 457 271 458 286 458 287 458 271 459 287 459 270 459 270 460 287 460 212 460 270 461 212 461 211 461 211 462 210 462 270 462 270 463 210 463 288 463 270 464 288 464 251 464 251 465 288 465 289 465 251 466 289 466 249 466 249 467 289 467 290 467 264 469 290 469 291 469 210 470 292 470 288 470 288 471 292 471 282 471 288 472 282 472 289 472 289 473 282 473 273 473 289 474 273 474 290 474 290 475 273 475 275 475 290 476 275 476 291 476 291 477 275 477 266 477 292 478 207 478 282 478 282 479 207 479 206 479 282 480 206 480 281 480 281 481 206 481 205 481 281 482 205 482 280 482 280 483 205 483 204 483 280 484 204 484 203 484 266 485 275 485 267 485 267 486 275 486 274 486 267 487 274 487 293 487 293 488 274 488 280 488 293 489 280 489 294 489 294 490 280 490 203 490 294 491 203 491 202 491 265 492 267 492 268 492 268 493 267 493 293 493 268 494 293 494 276 494 276 495 293 495 294 495 276 496 294 496 247 496 247 497 294 497 202 497 247 498 202 498 201 498 242 499 276 499 244 499 244 500 276 500 247 500 244 501 247 501 246 501 246 502 247 502 200 502 246 503 200 503 199 503 295 504 296 504 297 504 298 505 299 505 300 505 300 506 299 506 301 506 296 507 233 507 302 507 303 508 304 508 295 508 305 509 306 509 303 509 303 510 306 510 307 510 303 511 307 511 304 511 296 512 302 512 297 512 297 513 302 513 308 513 297 514 308 514 309 514 309 515 308 515 310 515 309 516 310 516 311 516 312 517 313 517 314 517 314 518 313 518 315 518 314 519 315 519 316 519 316 520 315 520 317 520 316 521 317 521 305 521 305 522 317 522 318 522 305 523 318 523 306 523 310 524 299 524 311 524 311 525 299 525 298 525 311 526 298 526 319 526 319 527 298 527 300 527 319 528 300 528 320 528 295 529 297 529 303 529 303 530 297 530 309 530 303 531 309 531 305 531 305 532 309 532 311 532 305 533 311 533 316 533 316 534 311 534 319 534 316 535 319 535 314 535 314 536 319 536 320 536 314 537 320 537 312 537 321 538 301 538 299 538 233 539 235 539 322 539 233 540 322 540 302 540 302 541 322 541 323 541 302 542 323 542 308 542 308 543 323 543 324 543 308 544 324 544 310 544 310 545 324 545 325 545 310 546 325 546 299 546 299 547 325 547 326 547 299 548 326 548 321 548 327 549 231 549 328 549 328 550 231 550 232 550 327 551 328 551 329 551 329 552 328 552 330 552 329 553 330 553 331 553 331 554 330 554 332 554 331 555 332 555 333 555 333 556 332 556 334 556 333 557 334 557 335 557 335 558 334 558 336 558 335 559 336 559 337 559 338 560 339 560 340 560 341 561 342 561 343 561 343 562 342 562 344 562 339 563 345 563 346 563 347 564 348 564 338 564 349 565 328 565 347 565 347 566 328 566 232 566 347 567 232 567 348 567 339 568 346 568 340 568 340 569 346 569 350 569 340 570 350 570 351 570 351 571 350 571 352 571 351 572 352 572 353 572 354 573 336 573 355 573 355 574 336 574 334 574 355 575 334 575 356 575 356 576 334 576 332 576 356 577 332 577 349 577 349 578 332 578 330 578 349 579 330 579 328 579 352 580 342 580 353 580 353 581 342 581 341 581 353 582 341 582 357 582 357 583 341 583 343 583 357 584 343 584 358 584 338 585 340 585 347 585 347 586 340 586 351 586 347 587 351 587 349 587 349 588 351 588 353 588 349 589 353 589 356 589 356 590 353 590 357 590 356 591 357 591 355 591 355 592 357 592 358 592 355 593 358 593 354 593 359 594 360 594 361 594 346 595 345 595 362 595 362 596 345 596 363 596 362 597 363 597 364 597 364 598 363 598 365 598 350 599 346 599 366 599 366 600 346 600 362 600 366 601 362 601 367 601 367 602 362 602 364 602 367 603 368 603 366 603 366 604 368 604 369 604 366 605 369 605 361 605 361 606 369 606 370 606 361 607 370 607 359 607 350 608 366 608 352 608 352 609 366 609 361 609 352 610 361 610 342 610 342 611 361 611 360 611 342 612 360 612 344 612 371 613 359 613 372 613 372 614 359 614 370 614 372 615 370 615 373 615 373 616 370 616 369 616 373 617 369 617 374 617 374 618 369 618 368 618 374 619 368 619 375 619 375 620 368 620 367 620 375 621 367 621 376 621 376 622 367 622 364 622 376 623 364 623 377 623 377 624 364 624 365 624 378 625 307 625 306 625 376 626 377 626 379 626 379 627 377 627 378 627 378 628 306 628 379 628 379 629 306 629 318 629 379 630 318 630 380 630 376 631 379 631 375 631 375 632 379 632 380 632 375 633 380 633 374 633 318 634 317 634 380 634 380 635 317 635 315 635 380 636 315 636 381 636 381 637 315 637 313 637 381 638 313 638 382 638 374 639 380 639 373 639 373 640 380 640 381 640 373 641 381 641 372 641 372 642 381 642 382 642 372 643 382 643 371 643 222 644 221 644 383 644 383 645 221 645 384 645 237 646 385 646 238 646 238 647 385 647 386 647 238 648 386 648 265 648 265 649 386 649 387 649 265 650 387 650 266 650 266 651 387 651 388 651 384 652 221 652 389 652 389 653 221 653 252 653 389 654 252 654 390 654 390 655 252 655 254 655 390 656 254 656 256 656 256 657 258 657 390 657 390 658 258 658 260 658 390 659 260 659 391 659 391 660 263 660 390 660 390 661 263 661 264 661 390 662 264 662 388 662 388 663 264 663 291 663 388 664 291 664 266 664 226 665 348 665 228 665 228 666 348 666 232 666 228 667 232 667 219 667 226 668 224 668 348 668 348 669 224 669 222 669 348 670 222 670 338 670 338 671 222 671 383 671 338 672 383 672 339 672 339 673 383 673 384 673 339 674 384 674 345 674 245 675 234 675 233 675 307 676 386 676 304 676 304 677 386 677 385 677 304 678 385 678 295 678 245 679 233 679 243 679 295 680 385 680 296 680 296 681 385 681 237 681 296 682 237 682 233 682 233 683 237 683 240 683 233 684 240 684 243 684 390 685 365 685 363 685 390 686 363 686 389 686 389 687 363 687 345 687 389 688 345 688 384 688 388 689 377 689 390 689 390 690 377 690 365 690 386 691 307 691 378 691 386 692 378 692 387 692 387 693 378 693 377 693 387 694 377 694 388 694 392 695 393 695 191 695 191 696 393 696 138 696 138 697 137 697 191 697 191 698 137 698 141 698 191 699 141 699 179 699 179 700 141 700 180 700 177 701 176 701 161 701 161 702 176 702 180 702 161 703 180 703 149 703 149 704 180 704 141 704 149 705 141 705 150 705 150 706 141 706 140 706 2 707 394 707 187 707 187 708 394 708 395 708 187 709 395 709 188 709 188 710 395 710 396 710 188 711 396 711 189 711 189 712 396 712 397 712 189 713 397 713 190 713 190 714 397 714 392 714 190 715 392 715 191 715 398 716 31 716 129 716 398 717 129 717 399 717 129 718 131 718 399 718 399 719 131 719 133 719 399 720 133 720 400 720 138 721 393 721 136 721 136 722 393 722 400 722 136 723 400 723 134 723 134 724 400 724 133 724 220 725 231 725 401 725 394 726 2 726 3 726 8 727 218 727 3 727 3 728 218 728 220 728 3 729 220 729 394 729 394 730 220 730 401 730 336 731 354 731 320 731 320 732 354 732 358 732 320 733 358 733 312 733 312 734 358 734 343 734 300 735 301 735 402 735 402 736 301 736 321 736 402 737 321 737 403 737 300 738 402 738 320 738 320 739 402 739 337 739 320 740 337 740 336 740 344 741 360 741 359 741 382 742 313 742 371 742 371 743 313 743 312 743 371 744 312 744 359 744 359 745 312 745 343 745 359 746 343 746 344 746 404 747 235 747 398 747 398 748 235 748 236 748 31 749 398 749 19 749 19 750 398 750 236 750 19 751 236 751 20 751 20 752 236 752 199 752 401 753 231 753 327 753 401 754 327 754 405 754 327 755 329 755 405 755 405 756 329 756 331 756 405 757 331 757 406 757 337 758 402 758 335 758 335 759 402 759 406 759 335 760 406 760 333 760 333 761 406 761 331 761 235 762 404 762 322 762 322 763 404 763 407 763 322 764 407 764 323 764 323 765 407 765 324 765 324 766 407 766 408 766 324 767 408 767 325 767 325 768 408 768 326 768 326 769 408 769 403 769 326 770 403 770 321 770 1989 3234 1990 3234 1975 3234 1975 3235 1990 3235 1991 3235 2236 3569 1991 3569 1990 3569 2327 3694 2328 3694 2329 3694 2330 3695 2331 3695 2332 3695 2333 3696 2334 3696 2335 3696 2327 3697 2329 3697 2336 3697 2328 3698 2337 3698 2329 3698 2329 3699 2337 3699 2338 3699 2329 3700 2338 3700 2339 3700 2340 3701 2341 3701 2342 3701 2335 3702 2343 3702 2333 3702 2333 3703 2343 3703 2344 3703 2333 3704 2344 3704 2345 3704 2345 3705 2344 3705 2346 3705 2345 3706 2346 3706 2347 3706 2331 3707 2348 3707 2349 3707 2349 3708 2348 3708 2350 3708 2336 3709 2329 3709 2351 3709 2351 3710 2329 3710 2352 3710 2351 3711 2352 3711 2353 3711 2342 3712 2341 3712 2354 3712 2354 3713 2341 3713 2355 3713 2354 3714 2355 3714 2356 3714 2356 3715 2355 3715 2357 3715 2356 3716 2357 3716 2358 3716 2350 3717 2348 3717 2359 3717 2359 3718 2348 3718 2360 3718 2359 3719 2360 3719 2361 3719 2361 3720 2360 3720 2362 3720 2361 3721 2362 3721 2363 3721 2350 3722 2364 3722 2349 3722 2349 3723 2364 3723 2365 3723 2349 3724 2365 3724 2366 3724 2366 3725 2365 3725 2367 3725 2366 3726 2367 3726 2368 3726 2368 3727 2367 3727 2369 3727 2368 3728 2369 3728 2370 3728 2370 3729 2369 3729 2371 3729 2370 3730 2371 3730 2372 3730 2372 3731 2371 3731 2373 3731 2372 3732 2373 3732 2374 3732 2352 3733 2375 3733 2353 3733 2353 3734 2375 3734 2376 3734 2353 3735 2376 3735 2377 3735 2342 3736 2378 3736 2340 3736 2340 3737 2378 3737 2379 3737 2340 3738 2379 3738 2380 3738 2380 3739 2379 3739 2381 3739 2380 3740 2381 3740 2382 3740 2382 3741 2381 3741 2383 3741 2382 3742 2383 3742 2384 3742 2384 3743 2383 3743 2385 3743 2374 3744 2373 3744 2386 3744 2386 3745 2373 3745 2387 3745 2386 3746 2387 3746 2388 3746 2376 3747 2389 3747 2377 3747 2377 3748 2389 3748 2390 3748 2377 3749 2390 3749 2391 3749 2391 3750 2390 3750 2334 3750 2391 3751 2334 3751 2392 3751 2392 3752 2334 3752 2333 3752 2392 3753 2333 3753 2393 3753 2393 3754 2333 3754 2358 3754 2393 3755 2358 3755 2394 3755 2394 3756 2358 3756 2357 3756 2395 3757 2386 3757 2396 3757 2396 3758 2386 3758 2388 3758 2396 3759 2388 3759 2383 3759 2383 3760 2388 3760 2397 3760 2383 3761 2397 3761 2385 3761 2332 3762 2398 3762 2396 3762 2396 3763 2398 3763 2399 3763 2396 3764 2399 3764 2395 3764 2400 3765 2345 3765 2338 3765 2338 3766 2345 3766 2347 3766 2338 3767 2347 3767 2339 3767 2400 3768 2401 3768 2345 3768 2345 3769 2401 3769 2402 3769 2345 3770 2402 3770 2332 3770 2332 3771 2402 3771 2403 3771 2332 3772 2403 3772 2330 3772 2349 3773 2404 3773 2331 3773 2331 3774 2404 3774 2405 3774 2331 3775 2405 3775 2332 3775 2332 3776 2405 3776 2406 3776 2332 3777 2406 3777 2398 3777 2362 3778 2407 3778 2363 3778 2363 3779 2407 3779 2408 3779 2363 3780 2408 3780 2409 3780 2409 3781 2408 3781 2410 3781 2409 3782 2410 3782 2338 3782 2338 3783 2410 3783 2411 3783 2338 3784 2411 3784 2400 3784 2412 3785 2413 3785 2414 3785 2414 3786 2413 3786 2415 3786 2415 3787 2413 3787 2416 3787 2415 3788 2416 3788 2243 3788 2417 3789 2418 3789 2419 3789 2419 3790 2418 3790 2420 3790 2419 3791 2420 3791 2261 3791 2385 3792 2319 3792 2318 3792 2243 3793 2249 3793 2415 3793 2415 3794 2249 3794 2248 3794 2415 3795 2248 3795 2421 3795 2421 3796 2248 3796 2247 3796 2421 3797 2247 3797 2422 3797 2422 3798 2247 3798 2246 3798 2422 3799 2246 3799 2423 3799 2423 3800 2246 3800 2257 3800 2423 3801 2257 3801 2328 3801 2261 3802 2259 3802 2419 3802 2419 3803 2259 3803 2258 3803 2419 3804 2258 3804 2424 3804 2424 3805 2258 3805 2282 3805 2424 3806 2282 3806 2425 3806 2425 3807 2282 3807 2284 3807 2425 3808 2284 3808 2394 3808 2394 3809 2284 3809 2286 3809 2394 3810 2286 3810 2426 3810 2426 3811 2286 3811 2281 3811 2426 3812 2281 3812 2427 3812 2427 3813 2281 3813 2279 3813 2427 3814 2279 3814 2428 3814 2428 3815 2279 3815 2278 3815 2428 3816 2278 3816 2414 3816 2414 3817 2278 3817 2277 3817 2414 3818 2277 3818 2412 3818 2385 3819 2318 3819 2429 3819 2429 3820 2318 3820 2316 3820 2429 3821 2316 3821 2430 3821 2430 3822 2316 3822 2314 3822 2430 3823 2314 3823 2431 3823 2431 3824 2314 3824 2312 3824 2431 3825 2312 3825 2417 3825 2417 3826 2312 3826 2263 3826 2417 3827 2263 3827 2418 3827 2344 3828 2432 3828 2433 3828 2344 3829 2433 3829 2434 3829 2433 3830 2435 3830 2434 3830 2434 3831 2435 3831 2436 3831 2434 3832 2436 3832 2437 3832 2436 3833 2438 3833 2437 3833 2437 3834 2438 3834 2439 3834 2437 3835 2439 3835 2440 3835 2440 3836 2439 3836 2441 3836 2442 3837 2443 3837 2444 3837 2444 3838 2443 3838 2440 3838 2444 3839 2440 3839 2445 3839 2445 3840 2440 3840 2441 3840 2442 3841 2446 3841 2443 3841 2443 3842 2446 3842 2447 3842 2443 3843 2447 3843 2448 3843 2449 3844 2375 3844 2450 3844 2450 3845 2375 3845 2448 3845 2450 3846 2448 3846 2451 3846 2451 3847 2448 3847 2447 3847 2379 3848 2452 3848 2453 3848 2453 3849 2452 3849 2454 3849 2453 3850 2454 3850 2455 3850 2455 3851 2456 3851 2453 3851 2453 3852 2456 3852 2457 3852 2453 3853 2457 3853 2458 3853 2459 3854 2460 3854 2461 3854 2461 3855 2460 3855 2458 3855 2461 3856 2458 3856 2462 3856 2462 3857 2458 3857 2457 3857 2459 3858 2463 3858 2460 3858 2460 3859 2463 3859 2464 3859 2460 3860 2464 3860 2465 3860 2465 3861 2464 3861 2466 3861 2465 3862 2466 3862 2467 3862 2467 3863 2466 3863 2468 3863 2469 3864 2333 3864 2470 3864 2470 3865 2333 3865 2467 3865 2470 3866 2467 3866 2471 3866 2471 3867 2467 3867 2468 3867 2374 3868 2472 3868 2473 3868 2374 3869 2473 3869 2474 3869 2473 3870 2475 3870 2474 3870 2474 3871 2475 3871 2476 3871 2474 3872 2476 3872 2477 3872 2476 3873 2478 3873 2477 3873 2477 3874 2478 3874 2479 3874 2477 3875 2479 3875 2480 3875 2480 3876 2479 3876 2481 3876 2482 3877 2483 3877 2484 3877 2484 3878 2483 3878 2480 3878 2484 3879 2480 3879 2485 3879 2485 3880 2480 3880 2481 3880 2482 3881 2486 3881 2483 3881 2483 3882 2486 3882 2487 3882 2483 3883 2487 3883 2488 3883 2488 3884 2487 3884 2489 3884 2488 3885 2489 3885 2404 3885 2404 3886 2489 3886 2490 3886 2404 3887 2490 3887 2491 3887 2330 3888 2492 3888 2493 3888 2330 3889 2493 3889 2494 3889 2493 3890 2495 3890 2494 3890 2494 3891 2495 3891 2496 3891 2494 3892 2496 3892 2497 3892 2496 3893 2498 3893 2497 3893 2497 3894 2498 3894 2499 3894 2497 3895 2499 3895 2500 3895 2500 3896 2499 3896 2501 3896 2502 3897 2503 3897 2504 3897 2504 3898 2503 3898 2500 3898 2504 3899 2500 3899 2505 3899 2505 3900 2500 3900 2501 3900 2502 3901 2506 3901 2503 3901 2503 3902 2506 3902 2507 3902 2503 3903 2507 3903 2508 3903 2508 3904 2507 3904 2509 3904 2508 3905 2509 3905 2408 3905 2408 3906 2509 3906 2510 3906 2408 3907 2510 3907 2511 3907 2526 4095 2589 4095 2527 4095 2601 4118 2529 4118 2607 4118 2607 4119 2529 4119 2535 4119 2607 4120 2535 4120 2608 4120 2688 4256 2684 4256 2689 4256 2689 4257 2684 4257 2595 4257 2689 4258 2595 4258 2693 4258 2693 4259 2595 4259 2600 4259 2693 4260 2600 4260 2694 4260 2694 4261 2600 4261 2695 4261 2692 5287 3126 5287 2536 5287 2536 5288 3126 5288 3125 5288 2608 5289 2535 5289 3127 5289 3127 5290 2535 5290 2536 5290 3127 5291 2536 5291 3124 5291 3124 5292 2536 5292 3125 5292 2685 5293 2692 5293 2666 5293 2666 5294 2692 5294 2536 5294 2666 5295 2536 5295 2667 5295 2667 5296 2536 5296 2537 5296 2667 5297 2537 5297 2668 5297 2668 5298 2537 5298 2538 5298 2408 5394 2511 5394 3164 5394 3164 5395 2511 5395 3133 5395 3164 5396 3133 5396 3165 5396 3165 5397 3133 5397 3132 5397 3165 5398 3132 5398 3166 5398 3166 5399 3132 5399 3131 5399 3166 5400 3131 5400 3167 5400 3167 5401 3131 5401 3130 5401 3167 5402 3130 5402 3168 5402 3168 5403 3130 5403 3129 5403 3168 5404 3129 5404 3169 5404 3169 5405 3129 5405 3128 5405 3169 5406 3128 5406 2330 5406 2330 5407 3128 5407 2492 5407 2404 5408 2491 5408 3170 5408 3170 5409 2491 5409 3134 5409 3170 5410 3134 5410 3171 5410 3171 5411 3134 5411 3139 5411 3171 5412 3139 5412 3172 5412 3172 5413 3139 5413 3138 5413 3172 5414 3138 5414 3173 5414 3173 5415 3138 5415 3137 5415 3173 5416 3137 5416 3174 5416 3174 5417 3137 5417 3136 5417 3174 5418 3136 5418 3175 5418 3175 5419 3136 5419 3135 5419 3175 5420 3135 5420 2374 5420 2374 5421 3135 5421 2472 5421 3152 5422 3176 5422 3145 5422 3145 5423 3176 5423 2333 5423 3145 5424 2333 5424 2469 5424 3152 5425 3151 5425 3176 5425 3176 5426 3151 5426 3150 5426 3176 5427 3150 5427 3177 5427 3177 5428 3150 5428 3149 5428 3177 5429 3149 5429 3178 5429 3178 5430 3149 5430 3148 5430 3148 5431 3147 5431 3178 5431 3178 5432 3147 5432 3146 5432 3178 5433 3146 5433 3179 5433 3146 5434 3144 5434 3179 5434 3179 5435 3144 5435 3143 5435 3179 5436 3143 5436 3180 5436 3143 5437 3142 5437 3180 5437 3180 5438 3142 5438 3141 5438 3180 5439 3141 5439 2379 5439 2379 5440 3141 5440 3140 5440 2379 5441 3140 5441 2452 5441 2375 5442 2449 5442 3153 5442 2375 5443 3153 5443 3181 5443 3153 5444 3154 5444 3181 5444 3181 5445 3154 5445 3155 5445 3181 5446 3155 5446 3182 5446 3155 5447 3156 5447 3182 5447 3182 5448 3156 5448 3160 5448 3182 5449 3160 5449 3183 5449 3183 5450 3160 5450 3161 5450 3183 5451 3161 5451 3184 5451 3184 5452 3161 5452 3162 5452 3184 5453 3162 5453 3185 5453 3185 5454 3162 5454 3163 5454 3185 5455 3163 5455 3186 5455 3186 5456 3163 5456 3159 5456 2432 5457 2344 5457 3157 5457 3157 5458 2344 5458 3186 5458 3157 5459 3186 5459 3158 5459 3158 5460 3186 5460 3159 5460 2551 5461 2550 5461 3187 5461 3187 5462 2550 5462 3188 5462 3188 5463 2550 5463 2546 5463 3188 5464 2546 5464 2251 5464 3189 5465 3190 5465 2563 5465 2563 5466 2564 5466 3189 5466 3189 5467 2564 5467 2565 5467 3189 5468 2565 5468 2271 5468 2328 5469 2257 5469 2256 5469 2251 5470 2300 5470 3188 5470 3188 5471 2300 5471 2299 5471 3188 5472 2299 5472 3191 5472 3191 5473 2299 5473 2297 5473 3191 5474 2297 5474 3192 5474 3192 5475 2297 5475 2295 5475 3192 5476 2295 5476 3193 5476 3193 5477 2295 5477 2319 5477 3193 5478 2319 5478 2385 5478 2271 5479 2326 5479 3189 5479 3189 5480 2326 5480 2325 5480 3189 5481 2325 5481 3194 5481 3194 5482 2325 5482 2324 5482 3194 5483 2324 5483 3195 5483 3195 5484 2324 5484 2323 5484 3195 5485 2323 5485 2364 5485 2364 5486 2323 5486 2322 5486 2364 5487 2322 5487 3196 5487 3196 5488 2322 5488 2305 5488 3196 5489 2305 5489 3197 5489 3197 5490 2305 5490 2304 5490 3197 5491 2304 5491 3198 5491 3198 5492 2304 5492 2303 5492 3198 5493 2303 5493 3187 5493 3187 5494 2303 5494 2302 5494 3187 5495 2302 5495 2551 5495 2328 5496 2256 5496 3199 5496 3199 5497 2256 5497 2255 5497 3199 5498 2255 5498 3200 5498 3200 5499 2255 5499 2254 5499 3200 5500 2254 5500 3201 5500 3201 5501 2254 5501 2235 5501 3201 5502 2235 5502 3190 5502 3190 5503 2235 5503 2234 5503 3190 5504 2234 5504 2563 5504</p>
        </triangles>
        <triangles material="light-material" count="37">
          <input semantic="VERTEX" source="#link_base-mesh-vertices" offset="0"/>
          <input semantic="NORMAL" source="#link_base-mesh-normals" offset="1"/>
          <p>1293 2160 1294 2160 1295 2160 1296 2164 1300 2164 1301 2164 1295 2165 1302 2165 1293 2165 1293 2166 1302 2166 1303 2166 1300 2168 1303 2168 1304 2168 1300 2169 1304 2169 1301 2169 1305 2170 1306 2170 1307 2170 1307 2171 1306 2171 1308 2171 1307 2172 1308 2172 1309 2172 1309 2173 1308 2173 1310 2173 1294 2174 1306 2174 1295 2174 1295 2175 1306 2175 1305 2175 1295 2176 1305 2176 1307 2176 1311 2177 1312 2177 1313 2177 1313 2178 1312 2178 1314 2178 1313 2179 1314 2179 1310 2179 1310 2180 1314 2180 1315 2180 1310 2181 1315 2181 1316 2181 1316 2182 1317 2182 1310 2182 1310 2183 1317 2183 1318 2183 1310 2184 1318 2184 1309 2184 1309 2185 1318 2185 1319 2185 1309 2186 1319 2186 1320 2186 1321 2187 1297 2187 1322 2187 1322 2188 1304 2188 1303 2188 1297 2189 1296 2189 1322 2189 1322 2190 1296 2190 1301 2190 1322 2191 1301 2191 1304 2191 1303 2192 1302 2192 1322 2192 1322 2193 1302 2193 1295 2193 1322 2194 1295 2194 1321 2194 1321 2195 1295 2195 1307 2195 1321 2196 1307 2196 1323 2196 1323 2197 1307 2197 1309 2197 1323 2198 1309 2198 1324 2198 1324 2199 1309 2199 1320 2199 1443 2360 1311 2360 1313 2360</p>
        </triangles>
        <triangles material="silver-material" count="158">
          <input semantic="VERTEX" source="#link_base-mesh-vertices" offset="0"/>
          <input semantic="NORMAL" source="#link_base-mesh-normals" offset="1"/>
          <p>929 1616 950 1616 931 1616 931 1617 950 1617 951 1617 931 1618 951 1618 933 1618 933 1619 951 1619 952 1619 933 1620 952 1620 935 1620 935 1621 952 1621 953 1621 973 1643 949 1643 974 1643 974 1644 949 1644 975 1644 976 1645 950 1645 929 1645 929 1648 977 1648 976 1648 950 1838 976 1838 951 1838 951 1839 976 1839 1133 1839 951 1840 1133 1840 1134 1840 974 1841 975 1841 1135 1841 1135 1842 975 1842 1136 1842 1135 1843 1136 1843 1137 1843 1137 1844 1136 1844 1138 1844 1137 1845 1138 1845 1139 1845 1139 1846 1138 1846 1140 1846 1139 1847 1140 1847 1141 1847 1141 1848 1140 1848 1142 1848 1141 1849 1142 1849 1143 1849 1143 1850 1142 1850 1144 1850 1143 1851 1144 1851 1145 1851 1145 1852 1144 1852 1146 1852 1145 1853 1146 1853 1147 1853 1147 1854 1146 1854 1148 1854 1147 1855 1148 1855 1149 1855 1149 1856 1148 1856 1150 1856 1149 1857 1150 1857 1151 1857 1151 1858 1150 1858 953 1858 1151 1859 953 1859 1134 1859 1134 1860 953 1860 952 1860 1134 1861 952 1861 951 1861 973 1862 974 1862 1135 1862 973 1863 1152 1863 980 1863 980 1864 1152 1864 1153 1864 980 1865 1153 1865 977 1865 977 1866 1153 1866 1154 1866 977 1867 1154 1867 976 1867 973 1868 1135 1868 1152 1868 1152 1869 1135 1869 1137 1869 1152 1870 1137 1870 1155 1870 1155 1871 1137 1871 1139 1871 1155 1872 1139 1872 1156 1872 976 1873 1154 1873 1133 1873 1133 1874 1154 1874 1157 1874 1133 1875 1157 1875 1134 1875 1134 1876 1157 1876 1158 1876 1134 1877 1158 1877 1151 1877 1153 1878 1159 1878 1154 1878 1154 1879 1159 1879 1160 1879 1154 1880 1160 1880 1157 1880 1157 1881 1160 1881 1161 1881 1157 1882 1161 1882 1158 1882 1158 1883 1161 1883 1162 1883 1158 1884 1162 1884 1163 1884 1163 1885 1162 1885 1164 1885 1163 1886 1164 1886 1165 1886 1165 1887 1164 1887 1166 1887 1165 1888 1166 1888 1167 1888 1166 1889 1168 1889 1167 1889 1167 1890 1168 1890 1169 1890 1167 1891 1169 1891 1170 1891 1170 1892 1169 1892 1171 1892 1170 1893 1171 1893 1172 1893 1172 1894 1171 1894 1173 1894 1172 1895 1173 1895 1156 1895 1156 1896 1173 1896 1174 1896 1156 1897 1174 1897 1155 1897 1155 1898 1174 1898 1175 1898 1155 1899 1175 1899 1152 1899 1152 1900 1175 1900 1176 1900 1152 1901 1176 1901 1153 1901 1153 1902 1176 1902 1177 1902 1153 1903 1177 1903 1159 1903 1174 2072 1245 2072 1246 2072 1174 2073 1246 2073 1175 2073 1175 2074 1246 2074 1247 2074 1175 2075 1247 2075 1176 2075 1176 2076 1247 2076 1248 2076 1176 2077 1248 2077 1177 2077 1177 2078 1248 2078 1249 2078 1177 2079 1249 2079 1159 2079 1159 2080 1249 2080 1250 2080 1159 2081 1250 2081 1160 2081 1160 2082 1250 2082 1251 2082 1160 2083 1251 2083 1161 2083 1161 2084 1251 2084 1252 2084 1161 2085 1252 2085 1162 2085 1285 2130 1281 2130 1268 2130 1268 2131 1266 2131 1285 2131 1285 2132 1266 2132 1264 2132 1285 2133 1264 2133 1286 2133 1280 2134 1287 2134 1288 2134 1264 2137 1258 2137 1286 2137 1286 2138 1258 2138 1255 2138 1286 2139 1255 2139 1288 2139 1288 2140 1255 2140 1256 2140 1288 2141 1256 2141 1280 2141 1272 2142 1284 2142 1271 2142 1271 2143 1284 2143 1287 2143 1271 2144 1287 2144 1274 2144 1274 2145 1287 2145 1280 2145 1281 2148 1285 2148 1282 2148 1282 2149 1285 2149 1289 2149 1283 2152 1290 2152 1284 2152 1284 2153 1290 2153 1287 2153 1285 2154 1286 2154 1289 2154 1289 2155 1286 2155 1291 2155 1286 2156 1288 2156 1291 2156 1291 2157 1288 2157 1292 2157 1288 2158 1287 2158 1292 2158 1292 2159 1287 2159 1290 2159 1162 5938 1252 5938 1427 5938 1162 5939 1427 5939 1164 5939 1164 5940 1427 5940 1428 5940 1164 5941 1428 5941 1166 5941 1166 5942 1428 5942 1431 5942 1166 5943 1431 5943 1168 5943 1168 5944 1431 5944 1430 5944 1168 5945 1430 5945 1169 5945 1169 5946 1430 5946 1429 5946 1169 5947 1429 5947 1171 5947 1171 5948 1429 5948 1426 5948 1171 5949 1426 5949 1173 5949 1173 5950 1426 5950 1245 5950 1173 5951 1245 5951 1174 5951 1151 5952 1158 5952 1163 5952 1151 5953 1163 5953 1149 5953 1149 5954 1163 5954 1165 5954 1149 5955 1165 5955 1147 5955 1147 5956 1165 5956 1167 5956 1147 5957 1167 5957 1145 5957 1145 5958 1167 5958 1170 5958 1145 5959 1170 5959 1143 5959 1143 5960 1170 5960 1172 5960 1143 5961 1172 5961 1141 5961 1141 5962 1172 5962 1156 5962 1141 5963 1156 5963 1139 5963 935 6060 953 6060 937 6060 937 6061 953 6061 1150 6061 937 6062 1150 6062 939 6062 939 6063 1150 6063 1148 6063 939 6064 1148 6064 941 6064 941 6065 1148 6065 1146 6065 941 6066 1146 6066 943 6066 943 6067 1146 6067 1144 6067 943 6068 1144 6068 945 6068 945 6069 1144 6069 1142 6069 945 6070 1142 6070 946 6070 946 6071 1142 6071 1140 6071 946 6072 1140 6072 947 6072 947 6073 1140 6073 1138 6073 947 6074 1138 6074 948 6074 948 6075 1138 6075 1136 6075 948 6076 1136 6076 949 6076 949 6077 1136 6077 975 6077</p>
        </triangles>
      </mesh>
    </geometry>
  </library_geometries>
  <library_visual_scenes>
    <visual_scene id="Scene" name="Scene">
      <node id="link_base" name="link_base" type="NODE">
        <matrix sid="transform">1 0 0 0 0 1 0 0 0 0 1 0 0 0 0 1</matrix>
        <instance_geometry url="#link_base-mesh" name="link_base">
          <bind_material>
            <technique_common>
              <instance_material symbol="black-material" target="#black-material"/>
              <instance_material symbol="base-material" target="#base-material"/>
              <instance_material symbol="light-material" target="#light-material"/>
              <instance_material symbol="silver-material" target="#silver-material"/>
            </technique_common>
          </bind_material>
        </instance_geometry>
      </node>
    </visual_scene>
  </library_visual_scenes>
  <scene>
    <instance_visual_scene url="#Scene"/>
  </scene>
</COLLADA>