<?xml version="1.0" encoding="utf-8"?>
<COLLADA xmlns="http://www.collada.org/2005/11/COLLADASchema" version="1.4.1" xmlns:xsi="http://www.w3.org/2001/XMLSchema-instance">
  <asset>
    <contributor>
      <author>Blender User</author>
      <authoring_tool>Blender 4.5.7 LTS commit date:2026-02-16, commit time:13:34, hash:a9874eeece8d</authoring_tool>
    </contributor>
    <created>2026-10-01T12:26:49</created>
    <modified>2026-10-01T12:26:49</modified>
    <unit name="meter" meter="1"/>
    <up_axis>Z_UP</up_axis>
  </asset>
  <library_effects>
    <effect id="base-effect">
      <profile_COMMON>
        <technique sid="common">
          <lambert>
            <emission>
              <color sid="emission">0 0 0 1</color>
            </emission>
            <diffuse>
              <color sid="diffuse">0.22 0.22 0.17 1</color>
            </diffuse>
            <index_of_refraction>
              <float sid="ior">1.5</float>
            </index_of_refraction>
          </lambert>
        </technique>
      </profile_COMMON>
    </effect>
  </library_effects>
  <library_images/>
  <library_materials>
    <material id="base-material" name="base">
      <instance_effect url="#base-effect"/>
    </material>
  </library_materials>
  <library_geometries>
    <geometry id="link_2-mesh" name="link_2">
      <mesh>
        <source id="link_2-mesh-positions">
          <float_array id="link_2-mesh-positions-array" count="4806">0.02281343 -0.007582604 -0.005756974 0.02281844 -0.007749974 -0.00575 0.01999998 -0.007749974 -0.00575 0.02247399 -0.006399989 -0.006274342 0.02264344 -0.006769001 -0.006007075 0.01999998 -0.007057428 -0.005873739 0.02273249 -0.007056057 -0.005874216 0.02275997 -0.007176518 -0.005833923 0.01999998 -0.005807995 -0.008228182 0.02099996 -0.005807995 -0.008228182 0.01999998 -0.005809605 -0.007265329 0.02099996 -0.005809605 -0.007265329 0.01999998 -0.006260931 -0.006414771 0.02099996 -0.006260931 -0.006414771 0.02099996 -0.006399989 -0.006274342 0.02074742 -0.006335914 -0.009164333 0.02091991 -0.006108105 -0.008891999 0.01999998 -0.006256461 -0.009080171 0.02099692 -0.005929827 -0.008578836 0.02099996 -0.005895912 -0.008499979 0.01999998 -0.006781697 -0.009499967 0.02024054 -0.006730437 -0.009470582 0.02048718 -0.006581842 -0.009373366 0.0296846 -0.01019996 0.006365478 0.02894449 -0.01019996 0.006166398 0.02896857 -0.01058268 0.006094217 0.02769994 -0.01119995 0.004399955 0.02844738 -0.01119995 0.004871785 0.02747035 -0.01112383 0.004706144 0.02826976 -0.01112383 0.005210757 0.02727574 -0.01090705 0.004965662 0.0281192 -0.01090705 0.005498111 0.02714562 -0.01058268 0.005139052 0.02801859 -0.01058268 0.005690097 0.02709996 -0.01019996 0.005199968 0.0279833 -0.01019996 0.00575751 0.02926069 -0.01119995 0.00521773 0.02913969 -0.01112383 0.005580782 0.02903711 -0.01090705 0.005888521 0.02995878 -0.01019996 0.006416022 0.029971 -0.01058268 0.00634092 0.03000569 -0.01090705 0.00612694 0.03005766 -0.01112383 0.005806684 0.030119 -0.01119995 0.005428969 0.03099995 -0.01119995 0.005499958 0.03099995 -0.01112383 0.00588268 0.03099995 -0.01090705 0.006207048 0.03099995 -0.01058268 0.00642383 0.03099995 -0.01019996 0.006499946 0.02995878 -0.01019996 -0.006416022 0.02951806 -0.00915718 -0.006328821 0.0301159 -0.009260892 -0.006439566 0.03099995 -0.01019996 -0.006499946 0.0308296 -0.00930947 -0.00649774 0.03099995 -0.009311199 -0.006499946 0.02894234 -0.008970677 -0.006165683 0.02894449 -0.01019996 -0.006166398 0.02823299 -0.01019996 -0.005881607 0.02709996 -0.006399989 -0.005199968 0.02823299 -0.006399989 -0.005881607 0.02812826 -0.007185697 -0.005831182 0.02804243 -0.008138954 -0.005788147 0.02822208 -0.008449971 -0.005876481 0.02852278 -0.008735239 -0.006009399 0.02799898 -0.007499396 -0.005765736 0.02797073 -0.0078125 -0.005750954 0.02709996 -0.01019996 -0.005199968 0.0279833 -0.01019996 -0.00575751 0.02930223 -0.006399989 -0.006274342 0.02877175 -0.006610751 -0.006106138 0.02837353 -0.00688672 -0.005945742 0.02796888 -0.007749974 0.00575 0.03403109 -0.007749974 0.00575 0.03398901 -0.007455527 0.005771934 0.02802008 -0.00742495 0.005776703 0.03383666 -0.007130324 0.005848348 0.02816849 -0.007122695 0.005850851 0.03269773 -0.006399989 0.006274342 0.02930223 -0.006399989 0.006274342 0.03322851 -0.006610751 0.006106019 0.02879917 -0.006596326 0.006116032 0.03358536 -0.006850481 0.005963683 0.02841079 -0.006853699 0.005962014 0.01999998 0.009516179 0.008688271 0.0210762 0.009409427 0.008865833 0.02087795 0.009275496 0.009043335 0.02065855 0.009167313 0.009161114 0.02048188 0.009136021 0.009191811 0.01999998 0.009136021 0.009191811 0.02170896 0.009749293 0.007801651 0.02165198 0.009741306 0.007938206 0.01999998 0.009747207 0.007855415 0.0214464 0.009658098 0.008349299 0.02116489 0.009473383 0.008764564 0.02191209 0.009705126 0.007327377 0.01999998 0.009605169 0.00700289 0.0221337 0.009548723 0.006875157 0.02235478 0.009290158 0.006473958 0.01999998 0.009116709 0.006289839 0.02246385 0.00911796 0.006290853 0.02255564 0.008941888 0.006143391 0.01999998 0.008373022 0.00584948 0.02270609 0.008541464 0.005913257 0.02278655 0.008173406 0.005795598 0.01999998 0.007749974 0.00575 0.02281844 0.007749974 0.00575 0.008186519 -0.005756974 -0.007582604 0.008181512 -0.00575 -0.007749974 0.01099997 -0.00575 -0.007749974 0.008525967 -0.006274342 -0.006399989 0.008356511 -0.006007075 -0.006769001 0.01099997 -0.005873739 -0.007057428 0.008267462 -0.005874216 -0.007056057 0.008239984 -0.005833923 -0.007176518 0.01099997 -0.008228182 -0.005807995 0.00999999 -0.008228182 -0.005807995 0.01099997 -0.007265329 -0.005809605 0.00999999 -0.007265329 -0.005809605 0.01099997 -0.006414771 -0.006260931 0.00999999 -0.006414771 -0.006260931 0.00999999 -0.006274342 -0.006399989 0.01025253 -0.009164333 -0.006335914 0.01008003 -0.008891999 -0.006108105 0.01099997 -0.009080171 -0.006256461 0.01000303 -0.008578836 -0.005929827 0.00999999 -0.008499979 -0.005895912 0.01099997 -0.009499967 -0.006781697 0.01075941 -0.009470582 -0.006730437 0.01051276 -0.009373366 -0.006581842 0.001315355 0.006365478 -0.01019996 0.002055466 0.006166398 -0.01019996 0.002031385 0.006094217 -0.01058268 0.003299951 0.004399955 -0.01119995 0.002552568 0.004871785 -0.01119995 0.003529608 0.004706144 -0.01112383 0.00273019 0.005210757 -0.01112383 0.003724217 0.004965662 -0.01090705 0.002880752 0.005498111 -0.01090705 0.003854274 0.005139052 -0.01058268 0.002981364 0.005690097 -0.01058268 0.003899991 0.005199968 -0.01019996 0.00301665 0.00575751 -0.01019996 0.001739203 0.00521773 -0.01119995 0.00186026 0.005580782 -0.01112383 0.00196284 0.005888521 -0.01090705 0.001041173 0.006416022 -0.01019996 0.001028954 0.00634092 -0.01058268 9.94268e-4 0.00612694 -0.01090705 9.42301e-4 0.005806684 -0.01112383 8.81002e-4 0.005428969 -0.01119995 0 0.005499958 -0.01119995 0 0.00588268 -0.01112383 0 0.006207048 -0.01090705 0 0.00642383 -0.01058268 0 0.006499946 -0.01019996 0.001041173 -0.006416022 -0.01019996 0.00148189 -0.006328821 -0.00915718 8.84063e-4 -0.006439566 -0.009260892 0 -0.006499946 -0.01019996 1.70388e-4 -0.00649774 -0.00930947 0 -0.006499946 -0.009311199 0.002057552 -0.006165683 -0.008970677 0.002055466 -0.006166398 -0.01019996 0.002766966 -0.005881607 -0.01019996 0.003899991 -0.005199968 -0.006399989 0.002766966 -0.005881607 -0.006399989 0.002871692 -0.005831182 -0.007185697 0.002957522 -0.005788147 -0.008138954 0.002777874 -0.005876481 -0.008449971 0.002477169 -0.006009399 -0.008735239 0.003000974 -0.005765736 -0.007499396 0.003029227 -0.005750954 -0.0078125 0.003899991 -0.005199968 -0.01019996 0.00301665 -0.00575751 -0.01019996 0.001697719 -0.006274342 -0.006399989 0.00222814 -0.006106138 -0.006610751 0.002626419 -0.005945742 -0.00688672 0.003031075 0.00575 -0.007749974 -0.003031075 0.00575 -0.007749974 -0.002988994 0.005771934 -0.007455527 0.002979874 0.005776703 -0.00742495 -0.002836644 0.005848348 -0.007130324 0.002831459 0.005850851 -0.007122695 -0.001697719 0.006274342 -0.006399989 0.001697719 0.006274342 -0.006399989 -0.002228558 0.006106019 -0.006610751 0.002200782 0.006116032 -0.006596326 -0.002585411 0.005963683 -0.006850481 0.002589166 0.005962014 -0.006853699 0.01099997 0.008688271 0.009516179 0.009923756 0.008865833 0.009409427 0.010122 0.009043335 0.009275496 0.0103414 0.009161114 0.009167313 0.01051807 0.009191811 0.009136021 0.01099997 0.009191811 0.009136021 0.009290993 0.007801651 0.009749293 0.009347915 0.007938206 0.009741306 0.01099997 0.007855415 0.009747207 0.009553551 0.008349299 0.009658098 0.009835064 0.008764564 0.009473383 0.00908786 0.007327377 0.009705126 0.01099997 0.00700289 0.009605169 0.00886625 0.006875157 0.009548723 0.008645176 0.006473958 0.009290158 0.01099997 0.006289839 0.009116709 0.00853604 0.006290853 0.00911796 0.008444309 0.006143391 0.008941888 0.01099997 0.00584948 0.008373022 0.008293867 0.005913257 0.008541464 0.0082134 0.005795598 0.008173406 0.01099997 0.00575 0.007749974 0.008181512 0.00575 0.007749974 0.01509892 0.01074546 0.009424805 0.01538437 0.01106894 0.008648753 0.01549994 0.01119995 0.007699966 0.01422101 0.009750485 -0.01053643 0.01399999 0.009499967 -0.01070165 0.01399999 0.009499967 -0.007699966 0.01471894 0.01031482 -0.01002651 0.01399999 0.009499967 0.01070165 0.01422297 0.00975269 0.01053482 0.01399999 0.009499967 0.007699966 0.01457285 0.01014924 0.0102002 0.01490509 0.01052576 0.009765148 0.01546466 0.01115995 -0.008227825 0.01534688 0.0110265 -0.008788228 0.01549994 0.01119995 -0.007699966 0.01520973 0.01087105 -0.009181261 0.01490533 0.01052606 -0.00976479 0.01422297 -0.00975269 0.01053482 0.01399999 -0.009499967 0.01070165 0.01399999 -0.009499967 0.007699966 0.01457285 -0.01014924 0.0102002 0.01399999 -0.009499967 -0.01070165 0.01422101 -0.009750485 -0.01053643 0.01399999 -0.009499967 -0.007699966 0.01471894 -0.01031482 -0.01002651 0.01538437 -0.01106894 0.008648753 0.01509892 -0.01074546 0.009424805 0.01490509 -0.01052576 0.009765148 0.01490533 -0.01052606 -0.00976479 0.01520973 -0.01087105 -0.009181261 0.01534688 -0.0110265 -0.008788228 0.01546466 -0.01115995 -0.008227825 0.01549994 -0.01119995 -0.007699966 0.01549994 -0.01119995 0.007699966 0.01590102 0.009424805 0.01074546 0.01561558 0.008648753 0.01106894 0.01549994 0.007699966 0.01119995 0.01677894 -0.01053643 0.009750485 0.01699995 -0.01070165 0.009499967 0.01699995 -0.007699966 0.009499967 0.016281 -0.01002651 0.01031482 0.01553529 -0.008227825 0.01115995 0.01565307 -0.008788228 0.0110265 0.01699995 0.01070165 0.009499967 0.01677697 0.01053482 0.00975269 0.01699995 0.007699966 0.009499967 0.01642709 0.0102002 0.01014924 0.01609486 0.009765148 0.01052576 0.01579016 -0.009181261 0.01087105 0.01609462 -0.00976479 0.01052606 0.01549994 -0.007699966 0.01119995 0.01677697 0.01053482 -0.00975269 0.01699995 0.01070165 -0.009499967 0.01699995 0.007699966 -0.009499967 0.01642709 0.0102002 -0.01014924 0.01699995 -0.01070165 -0.009499967 0.01677894 -0.01053643 -0.009750485 0.01699995 -0.007699966 -0.009499967 0.016281 -0.01002651 -0.01031482 0.01561558 0.008648753 -0.01106894 0.01590102 0.009424805 -0.01074546 0.01609486 0.009765148 -0.01052576 0.01609462 -0.00976479 -0.01052606 0.01579016 -0.009181261 -0.01087105 0.01565307 -0.008788228 -0.0110265 0.01553529 -0.008227825 -0.01115995 0.01549994 -0.007699966 -0.01119995 0.01549994 0.007699966 -0.01119995 0.01399999 -0.008781552 -0.01102864 0.01399999 -0.007699966 -0.01119995 0.01699995 -0.01102864 -0.008781552 0.01699995 -0.01119995 -0.007699966 0.01399999 -0.007699966 0.01119995 0.01399999 -0.008781552 0.01102864 0.01699995 -0.01102864 0.008781552 0.01699995 -0.01119995 0.007699966 0.01699995 -0.00862354 0.009375929 0.01699995 -0.009712517 0.008863508 0.01699995 -0.01056349 0.008012473 0.01699995 -0.01107591 0.006923556 0.01699995 -0.01119995 0.005999982 0.01699995 0.01119995 -0.007699966 0.01699995 0.01102864 -0.008781552 0.01399999 0.008781552 -0.01102864 0.01399999 0.007699966 -0.01119995 0.01399999 0.009375929 -0.00862354 0.01399999 0.008863508 -0.009712517 0.01399999 0.008012473 -0.01056349 0.01399999 0.006923556 -0.01107591 0.01399999 0.005999982 -0.01119995 0.01399999 0.008781552 0.01102864 0.01399999 0.007699966 0.01119995 0.01699995 0.01102864 0.008781552 0.01699995 0.01119995 0.007699966 0.01699995 -0.00862354 -0.009375929 0.01699995 -0.009712517 -0.008863508 0.01699995 -0.01056349 -0.008012473 0.01699995 -0.01107591 -0.006923556 0.01699995 -0.01119995 -0.005999982 0.01699995 0.00862354 -0.009375929 0.01699995 0.009712517 -0.008863508 0.01699995 0.01056349 -0.008012473 0.01699995 0.01107591 -0.006923556 0.01699995 0.01119995 -0.005999982 0.01699995 0.00862354 0.009375929 0.01699995 0.009712517 0.008863508 0.01699995 0.01056349 0.008012473 0.01699995 0.01107591 0.006923556 0.01699995 0.01119995 0.005999982 0.02107715 -0.009410262 0.008865118 0.02118986 -0.009491324 0.008733749 0.01999998 -0.009451866 0.008800446 0.02168208 -0.009746491 0.007867693 0.02169042 -0.009747564 0.007847547 0.01999998 -0.009747564 0.007847487 0.02192157 -0.009700298 0.007306873 0.02213621 -0.009546101 0.00687021 0.01999998 -0.009546101 0.006870269 0.01999998 -0.005863904 0.0084154 0.02099996 -0.005895912 0.008499979 0.02095514 -0.00604552 0.008796274 0.01999998 -0.006420135 0.009243786 0.02253395 -0.006513953 0.006177604 0.02247399 -0.006399989 0.006274342 0.02099996 -0.006399989 0.006274342 0.02269232 -0.006912469 0.005933761 0.01999998 -0.006976127 0.005905747 0.01999998 -0.006181418 0.006509125 0.02099996 -0.006181418 0.006509125 0.01999998 -0.00577712 0.007421374 0.02099996 -0.00577712 0.007421374 0.02099996 -0.005863904 0.0084154 0.02281033 -0.007963895 0.005761444 0.02281832 -0.007765293 0.00575 0.01999998 -0.007963418 0.005761384 0.02278733 -0.007330417 0.005794465 0.02271091 -0.006975352 0.005906045 0.01999998 -0.008897542 0.006111979 0.02269893 -0.008565604 0.005923867 0.02278852 -0.008161246 0.005792737 0.02235233 -0.009293556 0.00647825 0.02254152 -0.008970499 0.006165564 0.02257508 -0.008898496 0.006112635 0.02214324 -0.009539425 0.006856799 0.02170896 -0.009749293 0.007801651 0.02146363 -0.009667336 0.008318901 0.01999998 -0.009136021 0.009191811 0.02048188 -0.009136021 0.009191811 0.02089476 -0.009285867 0.009031057 0.02065765 -0.009167015 0.009161353 0.02083235 -0.00623399 0.009054481 0.02070677 -0.006380379 0.009207427 0.02061116 -0.006476044 0.009291768 0.0203585 -0.006670296 0.009433507 0.02009671 -0.006773233 0.009495258 0.01999998 -0.006781697 0.009499967 0.0214737 -0.01119995 -0.005999982 0.0211358 -0.01108634 -0.006884634 0.02096068 -0.0109052 -0.007405877 0.02061939 -0.0100373 -0.008605122 0.02070856 -0.01037067 -0.008262097 0.02077794 -0.01056432 -0.008011341 0.02082794 -0.01067829 -0.007838368 0.01999998 -0.00862354 -0.009375929 0.01999998 -0.009136021 -0.009191811 0.02055668 -0.00971353 -0.008862733 0.0205363 -0.009583652 -0.008949816 0.02048188 -0.009136021 -0.009191811 0.01999998 -0.007699966 -0.009499967 0.02713245 -0.01119995 0.004102587 0.030119 -0.01119995 -0.005428969 0.03099995 -0.01119995 -0.005499958 0.03207296 -0.01119995 -0.005394279 0.03310471 -0.01119995 -0.005081295 0.02273213 -0.01119995 0.004359424 0.02229297 -0.01119995 0.004777729 0.0214737 -0.01119995 0.005999982 0.02769994 -0.01119995 -0.004399955 0.02844738 -0.01119995 -0.004871785 0.02926069 -0.01119995 -0.00521773 0.02327656 -0.01119995 0.004091918 0.02229297 -0.01119995 -0.004777729 0.03488904 -0.01119995 -0.003889083 0.03557306 -0.01119995 -0.003055632 0.03608131 -0.01119995 -0.002104759 0.03639429 -0.01119995 -0.001072943 0.03649997 -0.01119995 0 0.03639429 -0.01119995 0.001072943 0.03405559 -0.01119995 -0.004573047 0.03608131 -0.01119995 0.002104759 0.03557306 -0.01119995 0.003055632 0.03488904 -0.01119995 0.003889083 0.03405559 -0.01119995 0.004573047 0.03310471 -0.01119995 0.005081295 0.03207296 -0.01119995 0.005394279 0.02273213 -0.01119995 -0.004359424 0.02327656 -0.01119995 -0.004091918 0.02387607 -0.01119995 0.003999948 0.02387607 -0.01119995 -0.003999948 0.02649998 -0.01119995 0.003999948 0.02649998 -0.01119995 -0.003999948 0.02713245 -0.01119995 -0.004102587 0.01999998 -0.007699966 0.009499967 0.01999998 -0.00862354 0.009375929 0.02056443 -0.009758949 0.008830249 0.02061212 -0.0100044 0.008634269 0.02077043 -0.01054543 0.008037984 0.02082496 -0.01067203 0.007848501 0.0210703 -0.01103115 0.0070737 0.0212875 -0.01116836 0.006470322 0.01999998 -0.009516179 -0.008688271 0.01999998 -0.008373022 -0.00584948 0.01999998 -0.009116709 -0.006289839 0.01999998 -0.009605169 -0.00700289 0.01999998 -0.009747207 -0.007855415 0.02308452 -0.006399989 0.005388855 0.02343511 -0.006399989 0.005102455 0.02308452 -0.006399989 -0.005388855 0.02343511 -0.006399989 -0.005102455 0.02387607 -0.006399989 0.004999995 0.02387607 -0.006399989 -0.004999995 0.02681618 -0.006399989 -0.005051314 0.02709996 -0.006399989 0.005199968 0.02823299 -0.006399989 0.005881607 0.03611665 -0.006399989 -0.00400865 0.03488385 -0.006399989 -0.005212008 0.03337818 -0.006399989 0.006049275 0.03337818 -0.006399989 -0.006049275 0.03269773 -0.006399989 -0.006274342 0.03488385 -0.006399989 0.005212008 0.03611665 -0.006399989 0.00400865 0.03699004 -0.006399989 0.00252366 0.03744262 -0.006399989 8.61396e-4 0.03744262 -0.006399989 -8.61396e-4 0.03699004 -0.006399989 -0.00252366 0.02649998 -0.006399989 -0.004999995 0.02649998 -0.006399989 0.004999995 0.02681618 -0.006399989 0.005051314 0.02254271 -0.008967459 -0.006163239 0.02269864 -0.008566617 -0.005924284 0.02308452 -0.01019996 -0.005388855 0.0223397 -0.01019996 -0.006499946 0.0223568 -0.009287059 -0.006470382 0.02246385 -0.009117662 -0.006290733 0.02278435 -0.008187294 -0.005798339 0.02170896 -0.009749293 -0.007801651 0.02191501 -0.009703278 -0.007320284 0.02174997 -0.009822845 -0.007700324 0.02198636 -0.01008909 -0.007169365 0.02201485 -0.01010811 -0.007110476 0.0220685 -0.00960505 -0.007002592 0.02214092 -0.009541928 -0.006861746 0.02198636 -0.01008909 -0.007169365 0.02192622 -0.01043534 -0.007158398 0.02227377 -0.01058268 -0.006461918 0.02164077 -0.01010012 -0.007827877 0.021528 -0.009853661 -0.008133471 0.02149826 -0.009685039 -0.008255541 0.02067017 -0.009171724 -0.009156584 0.02084618 -0.009510755 -0.008936107 0.02094179 -0.009316086 -0.008993864 0.02124059 -0.009527146 -0.008667409 0.02121317 -0.009760618 -0.008564889 0.02130866 -0.0100919 -0.008252441 0.021425 -0.01036792 -0.00790584 0.02156192 -0.01058644 -0.007535278 0.02172034 -0.01074898 -0.007145285 0.02208608 -0.01090705 -0.006353497 0.02113449 -0.01056808 -0.007910966 0.02101767 -0.01027256 -0.008295714 0.0209214 -0.00991702 -0.008642077 0.0218051 -0.01112383 -0.006191313 0.02160358 -0.01108056 -0.006626427 0.02127134 -0.01080083 -0.007499217 0.02142918 -0.01097244 -0.007065355 0.02160358 -0.01108056 0.006626427 0.0218051 -0.01112383 0.006191313 0.02208608 -0.01090705 0.006353497 0.02121311 -0.009760618 0.008564889 0.02130866 -0.0100919 0.008252501 0.021528 -0.009853661 0.008133471 0.02164071 -0.01010012 0.007827937 0.02174997 -0.009822845 0.007700324 0.02198636 -0.01008909 0.007169365 0.02192616 -0.0104354 0.007158398 0.02201485 -0.01010811 0.007110476 0.02227377 -0.01058268 0.006461918 0.0223397 -0.01019996 0.006499946 0.02084618 -0.009510755 0.008936107 0.0209214 -0.00991702 0.008642077 0.02101767 -0.01027256 0.008295714 0.021425 -0.01036792 0.00790584 0.02113443 -0.01056808 0.007910966 0.02156192 -0.01058644 0.007535278 0.02127128 -0.01080089 0.007499217 0.02172034 -0.01074898 0.007145285 0.02142918 -0.01097244 0.007065355 0.02308452 -0.01019996 0.005388855 0.02198636 -0.01008909 0.007169365 0.02302426 -0.01058268 -0.005342364 0.02285271 -0.01090705 -0.005209863 0.02259588 -0.01112383 -0.005011618 0.02343511 -0.01019996 -0.005102455 0.02357631 -0.01019996 -0.00504595 0.02355349 -0.01058268 -0.004973351 0.0233041 -0.01019996 -0.005179703 0.02326059 -0.01058268 -0.005117237 0.02313661 -0.01090705 -0.004939436 0.02295106 -0.01112383 -0.004673302 0.02348852 -0.01090705 -0.004766523 0.02339124 -0.01112383 -0.004457056 0.02387607 -0.01019996 -0.004999995 0.02387607 -0.01058268 -0.00492388 0.02387607 -0.01090705 -0.004707098 0.02387607 -0.01112383 -0.004382669 0.02649998 -0.01019996 -0.004999995 0.02649998 -0.01058268 -0.00492388 0.02649998 -0.01090705 -0.004707098 0.02649998 -0.01112383 -0.004382669 0.02681618 -0.01019996 -0.005051314 0.02684026 -0.01058268 -0.004979074 0.02690881 -0.01090705 -0.004773437 0.02701139 -0.01112383 -0.004465639 0.02714562 -0.01058268 -0.005139052 0.02727574 -0.01090705 -0.004965662 0.02747035 -0.01112383 -0.004706144 0.02684026 -0.01058268 0.004979074 0.02681618 -0.01019996 0.005051314 0.02649998 -0.01019996 0.004999995 0.02649998 -0.01058268 0.00492388 0.02649998 -0.01069998 0.004866003 0.02690881 -0.01090705 0.004773437 0.02649998 -0.01090705 0.004707098 0.02701139 -0.01112383 0.004465639 0.02649998 -0.01106601 0.004499971 0.02649998 -0.01112383 0.004382669 0.02387607 -0.01019996 0.004999995 0.02387607 -0.01058268 0.00492388 0.02387607 -0.01069998 0.004866003 0.02387607 -0.01090705 0.004707098 0.02387607 -0.01106601 0.004499971 0.02387607 -0.01112383 0.004382669 0.02343511 -0.01019996 0.005102455 0.0233041 -0.01019996 0.005179703 0.02326059 -0.01058268 0.005117237 0.02357631 -0.01019996 0.00504595 0.02339124 -0.01112383 0.004457056 0.02348852 -0.01090705 0.004766523 0.02355349 -0.01058268 0.004973351 0.02295106 -0.01112383 0.004673302 0.02313661 -0.01090705 0.004939436 0.02302426 -0.01058268 0.005342364 0.02285271 -0.01090705 0.005209863 0.02259588 -0.01112383 0.005011618 0.03388983 -0.007217168 -0.005822241 0.03400951 -0.007537603 -0.005761265 0.03402304 -0.007879674 -0.005754172 0.03374773 -0.008486747 -0.005890607 0.03345865 -0.00874859 -0.006017029 0.03302168 -0.008985936 -0.006177544 0.03222936 -0.009052515 -0.006232261 0.03243154 -0.009168803 -0.006340384 0.03175234 -0.009275972 -0.006456255 0.03394597 -0.008167505 -0.005794048 0.03285217 -0.00644952 -0.006230473 0.03334051 -0.00667417 -0.006063938 0.0336607 -0.006919384 -0.005930423 0.02099996 0.006976127 -0.005905747 0.02099996 0.007299959 -0.00580126 0.02099996 0.007299959 0.00580126 0.02099996 0.007057428 0.005873739 0.02099996 0.006260931 0.006414771 0.02099996 0.005809605 0.007265329 0.02099996 0.005807995 0.008228182 0.02099996 0.005895912 0.008499979 0.02099996 0.00577712 -0.007421374 0.02099996 0.006181418 -0.006509125 0.02099996 0.005863904 -0.0084154 0.02099996 0.005895912 -0.008499979 0.01999998 0.006781697 -0.009499967 0.02022159 0.006738066 -0.009475111 0.02098786 0.005966722 -0.00865525 0.02047616 0.006590247 -0.009379327 0.02071541 0.00637108 -0.009198606 0.0209077 0.006127655 -0.008919477 0.02278721 0.008170545 -0.005794703 0.02281039 0.007964015 -0.005761384 0.01999998 0.007963418 -0.005761384 0.01999998 0.006420135 -0.009243786 0.01999998 0.005863904 -0.0084154 0.02281838 0.007735729 -0.00575 0.02278262 0.007299959 -0.00580126 0.01999998 0.006976127 -0.005905747 0.01999998 0.006181418 -0.006509125 0.01999998 0.00577712 -0.007421374 0.02269083 0.008592367 -0.005936026 0.01999998 0.008897542 -0.006111979 0.02257519 0.008898615 -0.006112694 0.01999998 0.009546101 -0.006870269 0.02233475 0.009318113 -0.006508529 0.02253532 0.008983373 -0.006175577 0.01999998 0.009747564 -0.007847487 0.02169013 0.009747564 -0.007848322 0.02170896 0.009749293 -0.007801651 0.0218892 0.00971502 -0.007377624 0.02211129 0.00956887 -0.00691837 0.02213621 0.00954616 -0.006870329 0.02095538 0.009325504 -0.008981883 0.02115643 0.009467303 -0.008774757 0.01999998 0.009451866 -0.008800446 0.02127248 0.00954926 -0.008623242 0.02152884 0.009699404 -0.008197367 0.02071034 0.009186923 -0.009141027 0.02049446 0.009136199 -0.009191632 0.02048188 0.009136021 -0.009191811 0.01999998 0.009136021 -0.009191811 0.02070689 0.0063802 0.009207248 0.02095568 0.006044328 0.008794248 0.02093756 0.006078183 0.008847713 0.02080565 0.006267786 0.00909233 0.02058905 0.00649631 0.00930804 0.02033448 0.006684184 0.009442329 0.01999998 0.006781697 0.009499967 0.02010965 0.006770789 0.009493947 0.02353441 0.007299959 -0.004846751 0.02471458 0.007299959 -0.00372219 0.02500981 0.007299959 0.003557145 0.02500981 0.007299959 -0.003557145 0.02534312 0.007299959 -0.003499984 0.02278262 0.007299959 0.00580126 0.02353441 0.007299959 0.004846751 0.02471458 0.007299959 0.00372219 0.03099995 0.007299959 -0.003499984 0.03099995 0.007299959 0.003499984 0.02534312 0.007299959 0.003499984 0.03219705 0.007299959 -0.003288924 0.03324973 0.007299959 -0.002681136 0.03403109 0.007299959 -0.001749992 0.03324973 0.007299959 0.002681136 0.03219705 0.007299959 0.003288924 0.03403109 0.007299959 0.001749992 0.03444677 0.007299959 6.07769e-4 0.03444677 0.007299959 -6.07769e-4 0.01999998 0.00862354 0.009375929 0.01999998 0.005809605 0.007265329 0.01999998 0.006260931 0.006414771 0.01999998 0.005807995 0.008228182 0.01999998 0.007057428 0.005873739 0.01999998 0.006256461 0.009080171 0.01999998 0.007699966 0.009499967 0.0209614 0.01090621 0.007403492 0.02113485 0.01108556 0.006887435 0.0214737 0.01119995 0.005999982 0.02062088 0.01004391 0.008599221 0.02070885 0.01037156 0.008261084 0.02077794 0.01056432 0.008011341 0.02082777 0.01067793 0.007838904 0.02055674 0.00971347 0.008862614 0.02053606 0.009581685 0.008950829 0.01999998 0.007699966 -0.009499967 0.02056372 0.009754717 -0.008833169 0.02076977 0.01054376 -0.008040308 0.02061229 0.01000511 -0.008633673 0.02082479 0.01067161 -0.007849156 0.02106916 0.01103007 -0.007077157 0.02128773 0.01116812 -0.006469845 0.0214737 0.01119995 -0.005999982 0.01999998 0.00862354 -0.009375929 0.02534312 0.01119995 0.002499997 0.02467644 0.01119995 -0.002614378 0.02467644 0.01119995 0.002614378 0.02408605 0.01119995 -0.002944409 0.02309232 0.01119995 -0.00385344 0.02221721 0.01119995 0.00487709 0.02309232 0.01119995 0.00385344 0.02408605 0.01119995 0.002944409 0.02221721 0.01119995 -0.00487709 0.03099995 0.01119995 0.002499997 0.03099995 0.01119995 -0.002499997 0.02534312 0.01119995 -0.002499997 0.03164702 0.01119995 -0.002414762 0.03224998 0.01119995 -0.002165019 0.03276771 0.01119995 -0.001767754 0.03164702 0.01119995 0.002414762 0.03224998 0.01119995 0.002165019 0.03276771 0.01119995 0.001767754 0.03316503 0.01119995 0.001249969 0.03341478 0.01119995 6.47048e-4 0.03349995 0.01119995 0 0.03341478 0.01119995 -6.47048e-4 0.03316503 0.01119995 -0.001249969 0.02471458 0.01019996 0.00372219 0.02381122 0.01019996 0.004548549 0.02353441 0.01019996 0.004846751 0.02280932 0.007522165 0.005762994 0.02174979 0.009822547 0.007700741 0.02198761 0.01008999 0.007166624 0.0223397 0.01019996 0.006499946 0.02241748 0.01019996 0.006367564 0.02301561 0.01019996 0.005479156 0.02155953 0.01059055 0.007533252 0.02171695 0.01075202 0.007145404 0.02142697 0.01097315 0.007065474 0.0215252 0.009858965 0.008135378 0.02163755 0.01010495 0.007830321 0.02091974 0.009918391 0.008641719 0.02121013 0.009763479 0.008565843 0.02101612 0.01027429 0.008294761 0.02130579 0.01009529 0.008252561 0.0211324 0.01056861 0.007911384 0.0208441 0.009509444 0.008937418 0.02142167 0.01037043 0.007906913 0.02127021 0.01080286 0.007496595 0.02160191 0.01108133 0.006625175 0.02208608 0.01090705 0.006353497 0.0218051 0.01112383 0.006191313 0.02192318 0.01044118 0.007159411 0.02227377 0.01058268 0.006461918 0.0208441 0.009509444 -0.008937418 0.02091974 0.009918391 -0.008641719 0.02121013 0.009763419 -0.008565843 0.0215252 0.009858965 -0.008135378 0.02163755 0.01010495 -0.007830321 0.02130579 0.01009529 -0.008252561 0.02142167 0.01037043 -0.007906913 0.02192318 0.01044118 -0.007159411 0.02208608 0.01090705 -0.006353497 0.02227377 0.01058268 -0.006461918 0.02171695 0.01075202 -0.007145404 0.02155953 0.01059055 -0.007533252 0.02160191 0.01108133 -0.006625175 0.02142697 0.01097315 -0.007065474 0.02127021 0.01080286 -0.007496595 0.0211324 0.01056861 -0.007911384 0.02101612 0.01027429 -0.008294761 0.0223397 0.01019996 -0.006499946 0.02198761 0.01008999 -0.007166624 0.02174979 0.009822547 -0.007700741 0.0218051 0.01112383 -0.006191313 0.02471458 0.01019996 -0.00372219 0.02381122 0.01019996 -0.004548549 0.02353441 0.01019996 -0.004846751 0.02301561 0.01019996 -0.005479156 0.02500981 0.01019996 -0.003557145 0.02534312 0.01019996 -0.003499984 0.03099995 0.01019996 -0.003499984 0.03099995 0.01019996 0.003499984 0.03190582 0.01019996 0.003380715 0.03219705 0.01019996 0.003288924 0.03274995 0.01019996 0.003031075 0.03324973 0.01019996 0.002681136 0.03347486 0.01019996 0.002474844 0.03403109 0.01019996 0.001749992 0.03438073 0.01019996 9.05867e-4 0.03444677 0.01019996 6.07769e-4 0.0345 0.01019996 0 0.03444677 0.01019996 -6.07769e-4 0.03438073 0.01019996 -9.05867e-4 0.03403109 0.01019996 -0.001749992 0.03347486 0.01019996 -0.002474844 0.03324973 0.01019996 -0.002681136 0.03274995 0.01019996 -0.003031075 0.03219705 0.01019996 -0.003288924 0.03190582 0.01019996 -0.003380715 0.02534312 0.01019996 0.003499984 0.02500981 0.01019996 0.003557145 0.02295488 0.01058268 0.00543332 0.02336746 0.01112383 0.004119455 0.02252274 0.01112383 0.005107462 0.02360069 0.01090705 0.00434494 0.02278178 0.01090705 0.005302786 0.0237565 0.01058268 0.00449568 0.02432656 0.01112383 0.003242075 0.02453047 0.01090705 0.003494381 0.02466672 0.01058268 0.003663003 0.02534312 0.01112383 0.002882659 0.02480399 0.01112383 0.002975165 0.02534312 0.01090705 0.003207087 0.02491217 0.01090705 0.003280997 0.02534312 0.01058268 0.003423869 0.02498441 0.01058268 0.003485381 0.03099995 0.01058268 0.003423869 0.03099995 0.01090705 0.003207087 0.03099995 0.01112383 0.002882659 0.03174608 0.01112383 0.00278443 0.03183001 0.01090705 0.003097772 0.03188616 0.01058268 0.003307163 0.03342103 0.01058268 0.002421021 0.03271192 0.01058268 0.002965152 0.03396517 0.01058268 0.001711905 0.03430718 0.01058268 8.86165e-4 0.03442382 0.01058268 0 0.0345 0.01019996 0 0.03430718 0.01058268 -8.86165e-4 0.03396517 0.01058268 -0.001711905 0.03342103 0.01058268 -0.002421021 0.03271192 0.01058268 -0.002965152 0.03188616 0.01058268 -0.003307163 0.03099995 0.01058268 -0.003423869 0.0326035 0.01090705 0.002777397 0.03326773 0.01090705 0.002267718 0.03377741 0.01090705 0.001603543 0.03409779 0.01090705 8.3006e-4 0.0342071 0.01090705 0 0.03409779 0.01090705 -8.3006e-4 0.03377741 0.01090705 -0.001603543 0.03326773 0.01090705 -0.002267718 0.0326035 0.01090705 -0.002777397 0.03183001 0.01090705 -0.003097772 0.03099995 0.01090705 -0.003207087 0.03244131 0.01112383 0.002496421 0.03303831 0.01112383 0.002038359 0.03349643 0.01112383 0.001441299 0.03378444 0.01112383 7.46093e-4 0.03388267 0.01112383 0 0.03378444 0.01112383 -7.46093e-4 0.03349643 0.01112383 -0.001441299 0.03303831 0.01112383 -0.002038359 0.03244131 0.01112383 -0.002496421 0.03174608 0.01112383 -0.00278443 0.03099995 0.01112383 -0.002882659 0.03349995 0.01119995 0 0.02534312 0.01058268 -0.003423869 0.02534312 0.01090705 -0.003207087 0.02534312 0.01112383 -0.002882659 0.02432656 0.01112383 -0.003242075 0.02480399 0.01112383 -0.002975165 0.02453047 0.01090705 -0.003494381 0.02491217 0.01090705 -0.003280997 0.02466672 0.01058268 -0.003663003 0.02498441 0.01058268 -0.003485381 0.02295488 0.01058268 -0.00543332 0.02252274 0.01112383 -0.005107462 0.02278178 0.01090705 -0.005302786 0.0237565 0.01058268 -0.00449568 0.02360069 0.01090705 -0.00434494 0.02336746 0.01112383 -0.004119455 0.01399999 -0.009375929 -0.00862354 0.01399999 -0.008863508 -0.009712517 0.01399999 -0.008012473 -0.01056349 0.01399999 -0.006923556 -0.01107591 0.01399999 -0.005999982 -0.01119995 0.01399999 -0.009375929 0.00862354 0.01399999 -0.008863508 0.009712517 0.01399999 -0.008012473 0.01056349 0.01399999 -0.006923556 0.01107591 0.01399999 -0.005999982 0.01119995 0.01399999 0.009375929 0.00862354 0.01399999 0.008863508 0.009712517 0.01399999 0.008012473 0.01056349 0.01399999 0.006923556 0.01107591 0.01399999 0.005999982 0.01119995 0.009922802 0.008865118 -0.009410262 0.00981009 0.008733749 -0.009491324 0.01099997 0.008800446 -0.009451866 0.009317815 0.007867693 -0.009746491 0.00930953 0.007847547 -0.009747564 0.01099997 0.007847487 -0.009747564 0.009078383 0.007306873 -0.009700298 0.008863747 0.00687021 -0.009546101 0.01099997 0.006870269 -0.009546101 0.008466005 0.006177604 -0.006513953 0.008525967 0.006274342 -0.006399989 0.00999999 0.006274342 -0.006399989 0.008307635 0.005933761 -0.006912469 0.01099997 0.005905747 -0.006976127 0.01099997 0.006509125 -0.006181418 0.00999999 0.006509125 -0.006181418 0.01099997 0.007421374 -0.00577712 0.00999999 0.007421374 -0.00577712 0.01099997 0.0084154 -0.005863904 0.00999999 0.0084154 -0.005863904 0.00999999 0.008499979 -0.005895912 0.008189558 0.005761444 -0.007963895 0.008181631 0.00575 -0.007765293 0.01099997 0.005761384 -0.007963418 0.008212625 0.005794465 -0.007330417 0.008289039 0.005906045 -0.006975352 0.01099997 0.006111979 -0.008897542 0.008301019 0.005923867 -0.008565604 0.008211433 0.005792737 -0.008161246 0.00864762 0.00647825 -0.009293556 0.008458435 0.006165564 -0.008970499 0.008424878 0.006112635 -0.008898496 0.008856713 0.006856799 -0.009539425 0.009290993 0.007801651 -0.009749293 0.009536325 0.008318901 -0.009667336 0.01099997 0.009191811 -0.009136021 0.01051807 0.009191811 -0.009136021 0.01010513 0.009031057 -0.009285867 0.01034224 0.009161353 -0.009167015 0.01004481 0.008796274 -0.00604552 0.01016759 0.009054481 -0.00623399 0.01099997 0.009243786 -0.006420135 0.01029318 0.009207427 -0.006380379 0.01038879 0.009291768 -0.006476044 0.01064145 0.009433507 -0.006670296 0.01090323 0.009495258 -0.006773233 0.01099997 0.009499967 -0.006781697 0.009526252 -0.005999982 -0.01119995 0.009864151 -0.006884634 -0.01108634 0.01003926 -0.007405877 -0.0109052 0.01038056 -0.008605122 -0.0100373 0.01029139 -0.008262097 -0.01037067 0.01022201 -0.008011341 -0.01056432 0.010172 -0.007838368 -0.01067829 0.01099997 -0.009375929 -0.00862354 0.01099997 -0.009191811 -0.009136021 0.01044327 -0.008862733 -0.00971353 0.01046359 -0.008949816 -0.009583652 0.01051807 -0.009191811 -0.009136021 0.01099997 -0.009499967 -0.007699966 0.003867506 -0.004102587 -0.01119995 0.001739203 -0.00521773 -0.01119995 -0.002104759 0.005081295 -0.01119995 0.002552568 -0.004871785 -0.01119995 0.003299951 -0.004399955 -0.01119995 -0.001072943 0.005394279 -0.01119995 0.003867506 0.004102587 -0.01119995 0.004499971 0.003999948 -0.01119995 0.004499971 -0.003999948 -0.01119995 0.007723391 0.004091918 -0.01119995 0.008706986 -0.004777729 -0.01119995 0.009526252 0.005999982 -0.01119995 0.008706986 0.004777729 -0.01119995 0.00826776 0.004359424 -0.01119995 0.00826776 -0.004359424 -0.01119995 0.007723391 -0.004091918 -0.01119995 0.007123887 -0.003999948 -0.01119995 -0.004573047 0.003055632 -0.01119995 -0.003889083 0.003889083 -0.01119995 0 -0.005499958 -0.01119995 8.81002e-4 -0.005428969 -0.01119995 -0.003055632 0.004573047 -0.01119995 0.007123887 0.003999948 -0.01119995 -0.005499958 0 -0.01119995 -0.005394279 -0.001072943 -0.01119995 -0.001072943 -0.005394279 -0.01119995 -0.005394279 0.001072943 -0.01119995 -0.005081295 0.002104759 -0.01119995 -0.003055632 -0.004573047 -0.01119995 -0.003889083 -0.003889083 -0.01119995 -0.004573047 -0.003055632 -0.01119995 -0.002104759 -0.005081295 -0.01119995 -0.005081295 -0.002104759 -0.01119995 0.01099997 0.009499967 -0.007699966 0.01099997 0.009375929 -0.00862354 0.01043552 0.008830249 -0.009758949 0.01038783 0.008634269 -0.0100044 0.01022952 0.008037984 -0.01054543 0.01017498 0.007848501 -0.01067203 0.009929656 0.0070737 -0.01103115 0.009712457 0.006470322 -0.01116836 0.01099997 -0.008688271 -0.009516179 0.01099997 -0.00700289 -0.009605169 0.01099997 -0.007855415 -0.009747207 0.01099997 -0.006289839 -0.009116709 0.01099997 -0.00584948 -0.008373022 0.007915437 -0.005388855 -0.006399989 0.007564842 -0.005102455 -0.006399989 0.007564842 0.005102455 -0.006399989 0.007915437 0.005388855 -0.006399989 0.004183769 0.005051314 -0.006399989 0.004183769 -0.005051314 -0.006399989 0.004499971 -0.004999995 -0.006399989 -0.001697719 -0.006274342 -0.006399989 0.003899991 0.005199968 -0.006399989 -0.002378165 -0.006049275 -0.006399989 0.002766966 0.005881607 -0.006399989 -0.003883838 0.005212008 -0.006399989 -0.005116641 0.00400865 -0.006399989 -0.006442666 -8.61396e-4 -0.006399989 -0.005990028 0.00252366 -0.006399989 -0.006442666 8.61396e-4 -0.006399989 -0.002378165 0.006049275 -0.006399989 -0.005990028 -0.00252366 -0.006399989 -0.005116641 -0.00400865 -0.006399989 -0.003883838 -0.005212008 -0.006399989 0.007123887 -0.004999995 -0.006399989 0.007123887 0.004999995 -0.006399989 0.004499971 0.004999995 -0.006399989 0.008457243 -0.006163239 -0.008967459 0.008301258 -0.005924284 -0.008566617 0.007915437 -0.005388855 -0.01019996 0.008660197 -0.006499946 -0.01019996 0.00864315 -0.006470382 -0.009287059 0.0085361 -0.006290733 -0.009117662 0.008215606 -0.005798339 -0.008187294 0.009290993 -0.007801651 -0.009749293 0.009084939 -0.007320284 -0.009703278 0.009249985 -0.007700324 -0.009822845 0.009013593 -0.007169365 -0.01008909 0.008985102 -0.007110476 -0.01010811 0.008931398 -0.007002592 -0.00960505 0.008859038 -0.006861746 -0.009541928 0.009013593 -0.007169365 -0.01008909 0.009073734 -0.007158398 -0.01043534 0.008726119 -0.006461918 -0.01058268 0.00935918 -0.007827877 -0.01010012 0.009471952 -0.008133471 -0.009853661 0.009501636 -0.008255541 -0.009685039 0.01032978 -0.009156584 -0.009171724 0.01015377 -0.008936107 -0.009510755 0.01005816 -0.008993864 -0.009316086 0.009759366 -0.008667409 -0.009527146 0.009786784 -0.008564889 -0.009760618 0.009691298 -0.008252441 -0.0100919 0.00957489 -0.00790584 -0.01036792 0.009438037 -0.007535278 -0.01058644 0.009279608 -0.007145285 -0.01074898 0.008913874 -0.006353497 -0.01090705 0.009865462 -0.007910966 -0.01056808 0.009982287 -0.008295714 -0.01027256 0.01007854 -0.008642077 -0.00991702 0.00919485 -0.006191313 -0.01112383 0.009396374 -0.006626427 -0.01108056 0.00972861 -0.007499217 -0.01080083 0.009570777 -0.007065355 -0.01097244 0.009396374 0.006626427 -0.01108056 0.00919485 0.006191313 -0.01112383 0.008913874 0.006353497 -0.01090705 0.009786784 0.008564889 -0.009760618 0.009691298 0.008252501 -0.0100919 0.009471952 0.008133471 -0.009853661 0.00935918 0.007827937 -0.01010012 0.009249985 0.007700324 -0.009822845 0.009013593 0.007169365 -0.01008909 0.009073734 0.007158398 -0.0104354 0.008985102 0.007110476 -0.01010811 0.008726119 0.006461918 -0.01058268 0.008660197 0.006499946 -0.01019996 0.01015377 0.008936107 -0.009510755 0.01007854 0.008642077 -0.00991702 0.009982287 0.008295714 -0.01027256 0.009574949 0.00790584 -0.01036792 0.009865462 0.007910966 -0.01056808 0.009438037 0.007535278 -0.01058644 0.00972861 0.007499217 -0.01080089 0.009279608 0.007145285 -0.01074898 0.009570777 0.007065355 -0.01097244 0.007915437 0.005388855 -0.01019996 0.009013593 0.007169365 -0.01008909 0.007975697 -0.005342364 -0.01058268 0.008147239 -0.005209863 -0.01090705 0.008404076 -0.005011618 -0.01112383 0.007446467 -0.004973351 -0.01058268 0.007423639 -0.00504595 -0.01019996 0.007123887 -0.004999995 -0.01019996 0.007564842 -0.005102455 -0.01019996 0.007695853 -0.005179703 -0.01019996 0.007739365 -0.005117237 -0.01058268 0.007863342 -0.004939436 -0.01090705 0.008048892 -0.004673302 -0.01112383 0.007511436 -0.004766523 -0.01090705 0.007608711 -0.004457056 -0.01112383 0.007123887 -0.00492388 -0.01058268 0.007123887 -0.004866003 -0.01069998 0.007123887 -0.004707098 -0.01090705 0.007123887 -0.004499971 -0.01106601 0.007123887 -0.004382669 -0.01112383 0.004499971 -0.004382669 -0.01112383 0.004499971 -0.004499971 -0.01106601 0.004499971 -0.004707098 -0.01090705 0.004499971 -0.004866003 -0.01069998 0.004499971 -0.00492388 -0.01058268 0.004499971 -0.004999995 -0.01019996 0.004183769 -0.005051314 -0.01019996 0.004159688 -0.004979074 -0.01058268 0.003988504 -0.004465639 -0.01112383 0.004091143 -0.004773437 -0.01090705 0.003854274 -0.005139052 -0.01058268 0.003724217 -0.004965662 -0.01090705 0.003529608 -0.004706144 -0.01112383 0.004159688 0.004979074 -0.01058268 0.004183769 0.005051314 -0.01019996 0.004499971 0.004999995 -0.01019996 0.004499971 0.00492388 -0.01058268 0.004499971 0.004866003 -0.01069998 0.004091143 0.004773437 -0.01090705 0.004499971 0.004707098 -0.01090705 0.003988504 0.004465639 -0.01112383 0.004499971 0.004499971 -0.01106601 0.004499971 0.004382669 -0.01112383 0.007123887 0.004382669 -0.01112383 0.007123887 0.004499971 -0.01106601 0.007123887 0.004707098 -0.01090705 0.007123887 0.004866003 -0.01069998 0.007123887 0.00492388 -0.01058268 0.007123887 0.004999995 -0.01019996 0.007564842 0.005102455 -0.01019996 0.007695853 0.005179703 -0.01019996 0.007739365 0.005117237 -0.01058268 0.007423639 0.00504595 -0.01019996 0.007446467 0.004973351 -0.01058268 0.007608711 0.004457056 -0.01112383 0.007511436 0.004766523 -0.01090705 0.007863342 0.004939436 -0.01090705 0.008048892 0.004673302 -0.01112383 0.007975697 0.005342364 -0.01058268 0.008147239 0.005209863 -0.01090705 0.008404076 0.005011618 -0.01112383 -0.002889811 -0.005822241 -0.007217168 -0.003009498 -0.005761265 -0.007537603 -0.003023087 -0.005754172 -0.007879674 -0.002747714 -0.005890607 -0.008486747 -0.002458631 -0.006017029 -0.00874859 -0.00202167 -0.006177544 -0.008985936 -0.001229345 -0.006232261 -0.009052515 -0.001431524 -0.006340384 -0.009168803 -7.52379e-4 -0.006456255 -0.009275972 -0.002945959 -0.005794048 -0.008167505 -0.001852214 -0.006230473 -0.00644952 -0.002340555 -0.006063938 -0.00667417 -0.002660691 -0.005930423 -0.006919384 0.00999999 -0.005905747 0.006976127 0.00999999 -0.00580126 0.007299959 0.00999999 0.00580126 0.007299959 0.00999999 -0.007421374 0.00577712 0.00999999 -0.006509125 0.006181418 0.00999999 0.005873739 0.007057428 0.00999999 0.006414771 0.006260931 0.00999999 0.007265329 0.005809605 0.00999999 0.008228182 0.005807995 0.00999999 0.008499979 0.005895912 0.00999999 -0.0084154 0.005863904 0.00999999 -0.008499979 0.005895912 0.01099997 -0.009499967 0.006781697 0.01077836 -0.009475111 0.006738066 0.01001209 -0.00865525 0.005966722 0.01052379 -0.009379327 0.006590247 0.01028454 -0.009198606 0.00637108 0.01009225 -0.008919477 0.006127655 0.008212745 -0.005794703 0.008170545 0.008189558 -0.005761384 0.007964015 0.01099997 -0.005761384 0.007963418 0.01099997 -0.009243786 0.006420135 0.01099997 -0.0084154 0.005863904 0.008181512 -0.00575 0.007735729 0.008217334 -0.00580126 0.007299959 0.01099997 -0.005905747 0.006976127 0.01099997 -0.006509125 0.006181418 0.01099997 -0.007421374 0.00577712 0.008309125 -0.005936026 0.008592367 0.01099997 -0.006111979 0.008897542 0.008424758 -0.006112694 0.008898615 0.01099997 -0.006870269 0.009546101 0.008665204 -0.006508529 0.009318113 0.008464634 -0.006175577 0.008983373 0.01099997 -0.007847487 0.009747564 0.009309828 -0.007848322 0.009747564 0.009290993 -0.007801651 0.009749293 0.009110748 -0.007377624 0.00971502 0.008888661 -0.00691837 0.00956887 0.008863747 -0.006870329 0.00954616 0.01004457 -0.008981883 0.009325504 0.009843528 -0.008774757 0.009467303 0.01099997 -0.008800446 0.009451866 0.009727418 -0.008623242 0.00954926 0.009471118 -0.008197367 0.009699404 0.0102896 -0.009141027 0.009186923 0.01050549 -0.009191632 0.009136199 0.01051807 -0.009191811 0.009136021 0.01099997 -0.009191811 0.009136021 0.01029306 0.009207248 0.0063802 0.01004421 0.008794248 0.006044328 0.01006239 0.008847713 0.006078183 0.0101943 0.00909233 0.006267786 0.0104109 0.00930804 0.00649631 0.01066541 0.009442329 0.006684184 0.01099997 0.009499967 0.006781697 0.0108903 0.009493947 0.006770789 0.007465541 0.004846751 0.007299959 0.008217334 0.00580126 0.007299959 0.007465541 -0.004846751 0.007299959 0.006285369 0.00372219 0.007299959 0.005990147 -0.003557145 0.007299959 0.006285369 -0.00372219 0.007299959 -0.002249717 0.002681136 0.007299959 0 -0.003499984 0.007299959 -0.003031075 0.001749992 0.007299959 -0.00119704 -0.003288924 0.007299959 -0.002249717 -0.002681136 0.007299959 -0.00119704 0.003288924 0.007299959 0 0.003499984 0.007299959 0.005656838 -0.003499984 0.007299959 0.005656838 0.003499984 0.007299959 0.005990147 0.003557145 0.007299959 -0.003031075 -0.001749992 0.007299959 -0.003446817 -6.07769e-4 0.007299959 -0.003446817 6.07769e-4 0.007299959 0.01099997 0.009375929 0.00862354 0.01099997 0.007265329 0.005809605 0.01099997 0.006414771 0.006260931 0.01099997 0.008228182 0.005807995 0.01099997 0.005873739 0.007057428 0.01099997 0.009080171 0.006256461 0.01099997 0.009499967 0.007699966 0.01003855 0.007403492 0.01090621 0.009865105 0.006887435 0.01108556 0.009526252 0.005999982 0.01119995 0.01037907 0.008599221 0.01004391 0.01029109 0.008261084 0.01037156 0.01022201 0.008011341 0.01056432 0.01017218 0.007838904 0.01067793 0.01044321 0.008862614 0.00971347 0.01046383 0.008950829 0.009581685 0.01099997 -0.009499967 0.007699966 0.01043623 -0.008833169 0.009754717 0.01023018 -0.008040308 0.01054376 0.01038765 -0.008633673 0.01000511 0.01017516 -0.007849156 0.01067161 0.009930789 -0.007077157 0.01103007 0.009712219 -0.006469845 0.01116812 0.009526252 -0.005999982 0.01119995 0.01099997 -0.009375929 0.00862354 -6.47048e-4 -0.002414762 0.01119995 0 -0.002499997 0.01119995 -6.47048e-4 0.002414762 0.01119995 0.006323516 0.002614378 0.01119995 0.006323516 -0.002614378 0.01119995 0.0069139 -0.002944409 0.01119995 0.008782744 0.00487709 0.01119995 0.0069139 0.002944409 0.01119995 0.007907569 0.00385344 0.01119995 0.007907569 -0.00385344 0.01119995 0.008782744 -0.00487709 0.01119995 0.005656838 -0.002499997 0.01119995 0.005656838 0.002499997 0.01119995 0 0.002499997 0.01119995 -0.001249969 0.002165019 0.01119995 -0.001767754 0.001767754 0.01119995 -0.002165019 0.001249969 0.01119995 -0.002414762 6.47048e-4 0.01119995 -0.002499997 0 0.01119995 -0.002414762 -6.47048e-4 0.01119995 -0.002165019 -0.001249969 0.01119995 -0.001767754 -0.001767754 0.01119995 -0.001249969 -0.002165019 0.01119995 0.008190631 0.005762994 0.007522165 0.007465541 0.004846751 0.01019996 0.007188737 0.004548549 0.01019996 0.006285369 0.00372219 0.01019996 0.008660197 0.006499946 0.01019996 0.009012281 0.007166624 0.01008999 0.009250164 0.007700741 0.009822547 0.00798434 0.005479156 0.01019996 0.009440422 0.007533252 0.01059055 0.009283006 0.007145404 0.01075202 0.009572982 0.007065474 0.01097315 0.009474754 0.008135378 0.009858965 0.009362339 0.007830321 0.01010495 0.01008021 0.008641719 0.009918391 0.009789824 0.008565843 0.009763479 0.009983837 0.008294761 0.01027429 0.009694159 0.008252561 0.01009529 0.009867548 0.007911384 0.01056861 0.01015585 0.008937418 0.009509444 0.009578227 0.007906913 0.01037043 0.009729743 0.007496595 0.01080286 0.009398043 0.006625175 0.01108133 0.008913874 0.006353497 0.01090705 0.00919485 0.006191313 0.01112383 0.009076774 0.007159411 0.01044118 0.008726119 0.006461918 0.01058268 0.01015585 -0.008937418 0.009509444 0.01008021 -0.008641719 0.009918391 0.009789824 -0.008565843 0.009763419 0.009474754 -0.008135378 0.009858965 0.009362339 -0.007830321 0.01010495 0.009694159 -0.008252561 0.01009529 0.009578227 -0.007906913 0.01037043 0.009076774 -0.007159411 0.01044118 0.008913874 -0.006353497 0.01090705 0.008726119 -0.006461918 0.01058268 0.009283006 -0.007145404 0.01075202 0.009440422 -0.007533252 0.01059055 0.009398043 -0.006625175 0.01108133 0.009572982 -0.007065474 0.01097315 0.009729743 -0.007496595 0.01080286 0.009867548 -0.007911384 0.01056861 0.009983837 -0.008294761 0.01027429 0.008660197 -0.006499946 0.01019996 0.009012281 -0.007166624 0.01008999 0.009250164 -0.007700741 0.009822547 0.00919485 -0.006191313 0.01112383 0.006285369 -0.00372219 0.01019996 0.007188737 -0.004548549 0.01019996 0.007465541 -0.004846751 0.01019996 0.00798434 -0.005479156 0.01019996 0.005990147 -0.003557145 0.01019996 0.005656838 -0.003499984 0.01019996 0 -0.003499984 0.01019996 0 0.003499984 0.01019996 -9.05867e-4 0.003380715 0.01019996 -0.00119704 0.003288924 0.01019996 -0.001749992 0.003031075 0.01019996 -0.002249717 0.002681136 0.01019996 -0.002474844 0.002474844 0.01019996 -0.003031075 0.001749992 0.01019996 -0.003380715 9.05867e-4 0.01019996 -0.003446817 6.07769e-4 0.01019996 -0.003499984 0 0.01019996 -0.003446817 -6.07769e-4 0.01019996 -0.003380715 -9.05867e-4 0.01019996 -0.003031075 -0.001749992 0.01019996 -0.002474844 -0.002474844 0.01019996 -0.002249717 -0.002681136 0.01019996 -0.001749992 -0.003031075 0.01019996 -0.00119704 -0.003288924 0.01019996 -9.05867e-4 -0.003380715 0.01019996 0.005656838 0.003499984 0.01019996 0.005990147 0.003557145 0.01019996 0.006673395 0.003242075 0.01112383 0.007632493 0.004119455 0.01112383 0.006469488 0.003494381 0.01090705 0.00739926 0.00434494 0.01090705 0.006333231 0.003663003 0.01058268 0.007243454 0.00449568 0.01058268 0.00847721 0.005107462 0.01112383 0.008218169 0.005302786 0.01090705 0.008045077 0.00543332 0.01058268 0.005656838 0.002882659 0.01112383 0.006195902 0.002975165 0.01112383 0.005656838 0.003207087 0.01090705 0.006087779 0.003280997 0.01090705 0.005656838 0.003423869 0.01058268 0.006015539 0.003485381 0.01058268 0 0.003423869 0.01058268 0 0.003207087 0.01090705 0 0.002882659 0.01112383 -7.46093e-4 0.00278443 0.01112383 -8.3006e-4 0.003097772 0.01090705 -8.86165e-4 0.003307163 0.01058268 -8.86165e-4 -0.003307163 0.01058268 -0.002421021 0.002421021 0.01058268 -0.001711905 0.002965152 0.01058268 -0.002965152 0.001711905 0.01058268 -0.003307163 8.86165e-4 0.01058268 -0.003423869 0 0.01058268 -0.003499984 0 0.01019996 -0.003307163 -8.86165e-4 0.01058268 -0.002965152 -0.001711905 0.01058268 -0.002421021 -0.002421021 0.01058268 -0.001711905 -0.002965152 0.01058268 -0.001603543 0.002777397 0.01090705 -0.002267718 0.002267718 0.01090705 -0.002777397 0.001603543 0.01090705 -0.003097772 8.3006e-4 0.01090705 -0.003207087 0 0.01090705 -0.003097772 -8.3006e-4 0.01090705 -0.002777397 -0.001603543 0.01090705 -0.002267718 -0.002267718 0.01090705 -0.001603543 -0.002777397 0.01090705 -8.3006e-4 -0.003097772 0.01090705 0 -0.003423869 0.01058268 0 -0.003365993 0.01069998 0 -0.003207087 0.01090705 0 -0.002999961 0.01106601 -0.001441299 0.002496421 0.01112383 -0.002038359 0.002038359 0.01112383 -0.002496421 0.001441299 0.01112383 -0.00278443 7.46093e-4 0.01112383 -0.002882659 0 0.01112383 -0.00278443 -7.46093e-4 0.01112383 -0.002496421 -0.001441299 0.01112383 -0.002038359 -0.002038359 0.01112383 -0.001441299 -0.002496421 0.01112383 -7.46093e-4 -0.00278443 0.01112383 0 -0.002882659 0.01112383 -0.002499997 0 0.01119995 0 -0.003423869 0.01058268 0.005656838 -0.003423869 0.01058268 0.005656838 -0.003365993 0.01069998 0 -0.003207087 0.01090705 0.005656838 -0.003207087 0.01090705 0.005656838 -0.002999961 0.01106601 0 -0.002882659 0.01112383 0.005656838 -0.002882659 0.01112383 0.006195902 -0.002975165 0.01112383 0.006087779 -0.003280997 0.01090705 0.006015539 -0.003485381 0.01058268 0.006673395 -0.003242075 0.01112383 0.006469488 -0.003494381 0.01090705 0.006333231 -0.003663003 0.01058268 0.008045077 -0.00543332 0.01058268 0.00847721 -0.005107462 0.01112383 0.008218169 -0.005302786 0.01090705 0.007243454 -0.00449568 0.01058268 0.00739926 -0.00434494 0.01090705 0.007632493 -0.004119455 0.01112383 0.001304984 0.006188631 -0.008999824 0.002609968 0.005952954 -0.008627891 0.002438306 0.006025314 -0.008762836 0.001980125 0.006191015 -0.009002864 0.001436829 0.006339192 -0.009167671 7.53532e-4 0.006456136 -0.009275138 -0.001673758 0.006280779 -0.009106993 -0.00216484 0.006128847 -0.008921444 0 0.006499946 -0.009311199 -4.8982e-4 0.006481468 -0.009296417 -0.001108765 0.006404697 -0.009229958 0.003021955 0.005754768 -0.007889211 0.002924442 0.005804896 -0.008215546 0.002736151 0.005896031 -0.008500277 -0.002979397 0.005776882 -0.008077502 -0.002384781 0.006046712 -0.00879848 -0.002565145 0.005972385 -0.008666694 -0.002821326 0.005855739 -0.008391857 -0.002378165 -0.006049275 -0.01019996 -0.002378165 0.006049275 -0.01019996 -0.001268029 0.006375074 -0.01019996 -0.002487421 0.006005167 -0.01019996 -0.003611207 0.005404531 -0.01019996 -0.003883838 0.005212008 -0.01019996 -0.003883838 -0.005212008 -0.01019996 -0.003611207 -0.005404531 -0.01019996 -0.002487421 -0.006005167 -0.01019996 -0.001268029 -0.006375074 -0.01019996 -0.004596173 -0.004596173 -0.01019996 -0.005116641 -0.00400865 -0.01019996 -0.005404531 -0.003611207 -0.01019996 -0.006005167 -0.002487421 -0.01019996 -0.006375074 -0.001268029 -0.01019996 -0.006442666 -8.61396e-4 -0.01019996 -0.006499946 0 -0.01019996 -0.006442666 8.61396e-4 -0.01019996 -0.006375074 0.001268029 -0.01019996 -0.006005167 0.002487421 -0.01019996 -0.005404531 0.003611207 -0.01019996 -0.005116641 0.00400865 -0.01019996 -0.004596173 0.004596173 -0.01019996 -0.001253187 0.006300389 -0.01058268 -0.003568887 0.005341231 -0.01058268 -0.003448426 0.005160987 -0.01090705 -0.004389047 0.004389047 -0.01090705 -0.003268241 0.004891216 -0.01112383 -0.004159629 0.004159629 -0.01112383 -0.004891216 0.003268241 -0.01112383 -0.00543487 0.002251148 -0.01112383 -0.00576961 0.001147627 -0.01112383 -0.005499958 0 -0.01119995 -0.00588268 0 -0.01112383 -0.00576961 -0.001147627 -0.01112383 -0.00543487 -0.002251148 -0.01112383 -0.004891216 -0.003268241 -0.01112383 -0.004159629 -0.004159629 -0.01112383 -0.003268241 -0.004891216 -0.01112383 -0.002251148 -0.00543487 -0.01112383 -0.005160987 0.003448426 -0.01090705 -0.005734562 0.002375304 -0.01090705 -0.006087839 0.001210927 -0.01090705 -0.006207048 0 -0.01090705 -0.006087839 -0.001210927 -0.01090705 -0.005734562 -0.002375304 -0.01090705 -0.005160987 -0.003448426 -0.01090705 -0.004389047 -0.004389047 -0.01090705 -0.003448426 -0.005160987 -0.01090705 -0.002375304 -0.005734562 -0.01090705 -0.00454235 0.00454235 -0.01058268 -0.005341231 0.003568887 -0.01058268 -0.005934834 0.002458274 -0.01058268 -0.006300389 0.001253187 -0.01058268 -0.00642383 0 -0.01058268 -0.006300389 -0.001253187 -0.01058268 -0.005934834 -0.002458274 -0.01058268 -0.005341231 -0.003568887 -0.01058268 -0.00454235 -0.00454235 -0.01058268 -0.003568887 -0.005341231 -0.01058268 -0.002458274 -0.005934834 -0.01058268 -0.001147627 0.00576961 -0.01112383 -0.001210927 0.006087839 -0.01090705 -0.002458274 0.005934834 -0.01058268 -0.002375304 0.005734562 -0.01090705 -0.002251148 0.00543487 -0.01112383 -0.006499946 0 -0.01019996 -0.001253187 -0.006300389 -0.01058268 -0.001210927 -0.006087839 -0.01090705 -0.001147627 -0.00576961 -0.01112383 0 -0.00588268 -0.01112383 0 -0.006207048 -0.01090705 0 -0.00642383 -0.01058268 0.002031385 -0.006094217 -0.01058268 9.42301e-4 -0.005806684 -0.01112383 9.94268e-4 -0.00612694 -0.01090705 0.001028954 -0.00634092 -0.01058268 0.00186026 -0.005580782 -0.01112383 0.00196284 -0.005888521 -0.01090705 0.002981364 -0.005690097 -0.01058268 0.002880752 -0.005498111 -0.01090705 0.00273019 -0.005210757 -0.01112383 0.02969497 -0.008999824 0.006188631 0.02838999 -0.008627891 0.005952954 0.02856165 -0.008762836 0.006025314 0.02901983 -0.009002864 0.006191015 0.02956312 -0.009167671 0.006339192 0.03024643 -0.009275138 0.006456136 0.03267377 -0.009106993 0.006280779 0.03316485 -0.008921444 0.006128847 0.03099995 -0.009311199 0.006499946 0.03148978 -0.009296417 0.006481468 0.03210878 -0.009229958 0.006404697 0.027978 -0.007889211 0.005754768 0.02807551 -0.008215546 0.005804896 0.0282638 -0.008500277 0.005896031 0.03397941 -0.008077502 0.005776882 0.03338474 -0.00879848 0.006046712 0.03356516 -0.008666694 0.005972385 0.03382134 -0.008391857 0.005855739 0.03337818 -0.01019996 -0.006049275 0.03337818 -0.01019996 0.006049275 0.03226804 -0.01019996 0.006375074 0.03348743 -0.01019996 0.006005167 0.03461116 -0.01019996 0.005404531 0.03488385 -0.01019996 0.005212008 0.03488385 -0.01019996 -0.005212008 0.03461116 -0.01019996 -0.005404531 0.03348743 -0.01019996 -0.006005167 0.03226804 -0.01019996 -0.006375074 0.03559619 -0.01019996 -0.004596173 0.03611665 -0.01019996 -0.00400865 0.03640455 -0.01019996 -0.003611207 0.03700518 -0.01019996 -0.002487421 0.03737509 -0.01019996 -0.001268029 0.03744262 -0.01019996 -8.61396e-4 0.03749996 -0.01019996 0 0.03744262 -0.01019996 8.61396e-4 0.03737509 -0.01019996 0.001268029 0.03700518 -0.01019996 0.002487421 0.03640455 -0.01019996 0.003611207 0.03611665 -0.01019996 0.00400865 0.03559619 -0.01019996 0.004596173 0.0322532 -0.01058268 0.006300389 0.0345689 -0.01058268 0.005341231 0.03444844 -0.01090705 0.005160987 0.03538906 -0.01090705 0.004389047 0.0342682 -0.01112383 0.004891216 0.03515964 -0.01112383 0.004159629 0.03589123 -0.01112383 0.003268241 0.03643488 -0.01112383 0.002251148 0.03676962 -0.01112383 0.001147627 0.03649997 -0.01119995 0 0.03688263 -0.01112383 0 0.03676962 -0.01112383 -0.001147627 0.03643488 -0.01112383 -0.002251148 0.03589123 -0.01112383 -0.003268241 0.03515964 -0.01112383 -0.004159629 0.0342682 -0.01112383 -0.004891216 0.03325116 -0.01112383 -0.00543487 0.036161 -0.01090705 0.003448426 0.03673458 -0.01090705 0.002375304 0.03708779 -0.01090705 0.001210927 0.03720706 -0.01090705 0 0.03708779 -0.01090705 -0.001210927 0.03673458 -0.01090705 -0.002375304 0.036161 -0.01090705 -0.003448426 0.03538906 -0.01090705 -0.004389047 0.03444844 -0.01090705 -0.005160987 0.03337532 -0.01090705 -0.005734562 0.03554236 -0.01058268 0.00454235 0.03634124 -0.01058268 0.003568887 0.03693485 -0.01058268 0.002458274 0.0373004 -0.01058268 0.001253187 0.03742384 -0.01058268 0 0.0373004 -0.01058268 -0.001253187 0.03693485 -0.01058268 -0.002458274 0.03634124 -0.01058268 -0.003568887 0.03554236 -0.01058268 -0.00454235 0.0345689 -0.01058268 -0.005341231 0.03345829 -0.01058268 -0.005934834 0.03214764 -0.01112383 0.00576961 0.03221094 -0.01090705 0.006087839 0.03345829 -0.01058268 0.005934834 0.03337532 -0.01090705 0.005734562 0.03325116 -0.01112383 0.00543487 0.03749996 -0.01019996 0 0.0322532 -0.01058268 -0.006300389 0.03221094 -0.01090705 -0.006087839 0.03214764 -0.01112383 -0.00576961 0.03099995 -0.01112383 -0.00588268 0.03099995 -0.01090705 -0.006207048 0.03099995 -0.01058268 -0.00642383 0.02896857 -0.01058268 -0.006094217 0.03005766 -0.01112383 -0.005806684 0.03000569 -0.01090705 -0.00612694 0.029971 -0.01058268 -0.00634092 0.02913969 -0.01112383 -0.005580782 0.02903711 -0.01090705 -0.005888521 0.02801859 -0.01058268 -0.005690097 0.0281192 -0.01090705 -0.005498111 0.02826976 -0.01112383 -0.005210757</float_array>
          <technique_common>
            <accessor source="#link_2-mesh-positions-array" count="1602" stride="3">
              <param name="X" type="float"/>
              <param name="Y" type="float"/>
              <param name="Z" type="float"/>
            </accessor>
          </technique_common>
        </source>
        <source id="link_2-mesh-normals">
          <float_array id="link_2-mesh-normals-array" count="9510">0 -0.04187679 -0.9991228 0.02215534 -0.5797194 -0.814515 4.23562e-5 -0.4200261 -0.907512 -9.40159e-5 -0.1758836 -0.984411 0.0354048 -0.3095479 -0.9502245 0.008561491 -0.1851113 -0.9826803 0 -0.9999986 -0.001667022 0 -0.9999986 -0.001667022 0 -0.8833304 -0.468751 0 -0.8833304 -0.468751 0 -0.5619251 -0.8271881 0.1822222 -0.6987311 -0.6917875 0 -0.520371 -0.8539403 -0.008625805 -0.7642924 0.6448122 0.04120564 -0.8726248 0.4866498 0.05562144 -0.8835183 0.4650823 0.02623802 -0.9188157 0.3938138 0 -0.9514396 0.3078358 0.03770595 -0.6238713 0.780617 0.0614196 -0.6158362 0.7854766 0.01507371 -0.6567983 0.7539157 -0.2547755 -0.1947638 0.9471834 -0.104459 -0.9806644 0.1654863 -0.104459 -0.9806644 0.1654861 -0.2972159 -0.8306369 0.4708557 -0.2972159 -0.8306369 0.4708556 -0.4442642 -0.5543258 0.7038125 -0.4442643 -0.5543264 0.7038121 -0.5235873 -0.1944831 0.8294773 -0.5235875 -0.1944844 0.8294769 -0.07660233 -0.9806644 0.1800817 -0.07660228 -0.9806643 0.1800821 -0.2179552 -0.830637 0.5123845 -0.2179552 -0.8306373 0.5123838 -0.3257893 -0.5543265 0.7658874 -0.3257892 -0.5543259 0.7658879 -0.3839585 -0.1944841 0.9026361 -0.3839582 -0.1944832 0.9026364 -0.1778343 -0.1950474 0.9645369 -0.2323141 -0.2344977 0.9439497 -0.1989009 -0.5543258 0.808184 -0.1989011 -0.554326 0.8081838 -0.1330662 -0.8306369 0.5406808 -0.1330664 -0.8306372 0.5406802 -0.04676735 -0.9806644 0.1900268 -0.04676729 -0.9806644 0.1900271 -0.01572442 -0.9806644 0.1950644 -0.01572436 -0.9806643 0.1950646 -0.04474031 -0.830637 0.5550139 -0.04474037 -0.830637 0.5550138 -0.06687581 -0.5543256 0.8296088 -0.06687611 -0.5543264 0.8296082 -0.07881683 -0.1944838 0.9777341 -0.07881695 -0.1944841 0.977734 -0.1812395 0.005682528 -0.9834226 -0.08034586 -0.01153111 -0.9967004 -0.08212107 -0.01321297 -0.9965348 -0.01310884 0 -0.9999141 -0.2843201 -0.04001814 -0.9578939 -0.2389777 1.46306e-4 -0.9710251 -0.3716056 -1.07129e-4 -0.9283907 -0.5154707 0.01372468 -0.8567973 -0.4413977 -1.13742e-4 -0.8973115 -0.4042348 1.69116e-4 -0.9146553 -0.3546326 -0.0114144 -0.9349361 -0.5067327 0.02902966 -0.8616144 -0.5262025 0.007301449 -0.8503279 -0.5347017 0 -0.8450408 -0.5080587 -0.01345032 -0.8612174 -0.5337777 0.002761363 -0.8456203 -0.4449996 -5.27538e-4 -0.8955307 -0.3423704 0.1177169 -0.9321616 -0.3806566 0.01183861 -0.9246407 -0.4209195 -0.002100586 -0.9070956 0 -0.07438218 0.9972298 3.71985e-4 -0.08194297 0.996637 -3.98882e-4 -0.2289128 0.9734469 1.0699e-4 -0.2383493 0.9711795 0 -0.6240864 0.7813553 -2.68677e-4 -0.6271374 0.7789087 -1.0555e-4 -0.3810673 0.9245473 0.007247149 -0.5024947 0.8645499 -0.00877124 -0.3752456 0.9268839 2.78821e-4 -0.5138129 0.8579022 0.01723319 -0.807287 -0.5899074 0.04299718 -0.7743567 -0.6312867 0.03081899 -0.7832773 -0.620908 0 -0.7980614 -0.6025762 -6.15222e-4 -0.998269 -0.05881118 0.006289958 -0.9807064 -0.195385 0.03186285 -0.9631379 -0.2671145 -0.006669998 -0.9120044 -0.4101263 0.003680884 -0.8469639 -0.5316377 0.004202663 -0.9955167 0.09449321 0.02367228 -0.9861343 0.1642519 -0.005615055 -0.9458979 0.3244158 0.01049017 -0.8378814 0.5457516 0.01657354 -0.8248659 0.5650855 9.80051e-5 -0.7285259 0.6850183 2.03627e-5 -0.6419298 0.7667634 0.01445001 -0.5094275 0.8603922 0.01036858 -0.495349 0.8686322 -0.003444373 -0.3051259 0.9523058 0.007794618 -0.1577283 0.9874518 0 -0.1071609 0.9942417 0 -0.9991228 -0.04187679 -0.02215534 -0.8145149 -0.5797194 -4.23562e-5 -0.9075121 -0.4200261 9.40159e-5 -0.984411 -0.1758836 -0.03540402 -0.9502255 -0.3095449 -0.008561551 -0.9826801 -0.1851124 0 -0.001667022 -0.9999986 0 -0.001667022 -0.9999986 0 -0.468751 -0.8833304 0 -0.468751 -0.8833304 0 -0.8271881 -0.5619251 -0.1822222 -0.6917875 -0.6987311 0 -0.8539403 -0.520371 0.008625805 0.6448122 -0.7642924 -0.0412057 0.4866497 -0.8726249 -0.05562144 0.4650823 -0.8835183 -0.02623802 0.3938138 -0.9188157 0 0.3078358 -0.9514396 -0.03770607 0.780617 -0.6238713 -0.06141966 0.7854766 -0.6158363 -0.01507371 0.7539157 -0.6567983 0.2547755 0.9471834 -0.194764 0.1044591 0.1654863 -0.9806644 0.1044591 0.1654863 -0.9806643 0.2972159 0.4708557 -0.8306369 0.2972159 0.4708554 -0.830637 0.444264 0.703812 -0.5543268 0.4442641 0.703812 -0.5543268 0.5235872 0.8294774 -0.1944832 0.5235873 0.8294773 -0.1944835 0.07660233 0.180082 -0.9806644 0.07660233 0.1800819 -0.9806643 0.2179554 0.5123842 -0.830637 0.2179554 0.5123842 -0.830637 0.3257893 0.7658872 -0.5543269 0.3257892 0.7658875 -0.5543264 0.3839586 0.9026361 -0.1944834 0.3839585 0.9026361 -0.1944835 0.1778343 0.9645369 -0.1950476 0.2323141 0.9439496 -0.2344979 0.198901 0.8081841 -0.5543256 0.1989012 0.8081836 -0.5543263 0.1330663 0.5406805 -0.830637 0.1330663 0.5406806 -0.830637 0.04676729 0.1900269 -0.9806644 0.04676729 0.1900269 -0.9806644 0.01572442 0.1950644 -0.9806643 0.01572436 0.1950646 -0.9806643 0.04474031 0.5550138 -0.8306371 0.04474031 0.5550138 -0.830637 0.06687575 0.8296089 -0.5543256 0.06687605 0.8296083 -0.5543264 0.07881677 0.9777342 -0.1944838 0.07881683 0.977734 -0.1944841 0.1812399 -0.9834225 0.005682647 0.08034574 -0.9967004 -0.01153111 0.08212107 -0.9965347 -0.01321303 0.01310878 -0.9999141 0 0.2843195 -0.957894 -0.04001748 0.2389777 -0.9710251 1.46394e-4 0.3716058 -0.9283906 -1.06989e-4 0.5154706 -0.8567973 0.01372468 0.4414008 -0.8973101 -1.13942e-4 0.4042341 -0.9146555 1.6896e-4 0.3546326 -0.9349361 -0.0114144 0.5067335 -0.861614 0.02902817 0.5261994 -0.8503298 0.007304191 0.5347019 -0.8450407 0 0.5080561 -0.8612189 -0.01345169 0.5337774 -0.8456206 0.002761363 0.4450007 -0.8955301 -5.27502e-4 0.3423707 -0.9321617 0.1177155 0.3806565 -0.9246408 0.01183807 0.4209184 -0.9070962 -0.002100825 0 0.9972298 -0.07438218 -3.71985e-4 0.996637 -0.08194297 3.98882e-4 0.9734469 -0.2289128 -1.0699e-4 0.9711795 -0.2383493 0 0.7813553 -0.6240864 2.68677e-4 0.7789087 -0.6271374 1.0555e-4 0.9245473 -0.3810673 -0.007247149 0.8645499 -0.5024946 0.00877124 0.9268839 -0.3752456 -2.78821e-4 0.8579022 -0.513813 -0.01723319 -0.5899075 -0.807287 -0.04299724 -0.6312868 -0.7743567 -0.03081899 -0.620908 -0.7832774 0 -0.6025762 -0.7980613 6.15222e-4 -0.05881118 -0.9982689 -0.006289958 -0.195385 -0.9807064 -0.03186285 -0.2671145 -0.9631379 0.006670057 -0.4101263 -0.9120044 -0.003680884 -0.5316377 -0.846964 -0.004202663 0.09449321 -0.9955167 -0.02367234 0.1642519 -0.9861343 0.005615055 0.3244158 -0.9458979 -0.01049017 0.5457516 -0.8378814 -0.01657354 0.5650855 -0.8248659 -9.80051e-5 0.6850183 -0.7285259 -2.03627e-5 0.7667634 -0.6419298 -0.01445001 0.8603922 -0.5094275 -0.01036858 0.8686322 -0.495349 0.003444373 0.9523058 -0.3051259 -0.007794618 0.9874518 -0.1577283 0 0.9942417 -0.1071609 -0.7498371 0.6616225 3.89479e-7 -0.7498386 0.6616208 0 -0.7498383 0.6616212 0 -0.74984 0.6616193 0 -0.7498373 0.6616222 -4.71647e-7 -0.7498381 0.6616215 0 -0.749838 0.6616216 1.70373e-7 -0.7498379 0.6616216 -2.65461e-7 -0.749838 0.6616215 0 -0.749838 0.6616215 0 -0.749838 0.6616215 0 -0.749838 0.6616215 -2.13751e-7 -0.7498381 0.6616214 -2.49388e-7 -0.7498378 0.6616216 1.95051e-7 -0.7498373 0.6616222 7.10669e-7 -0.74984 -0.6616193 0 -0.7498373 -0.6616222 -4.6724e-7 -0.7498386 -0.6616208 0 -0.7498382 -0.6616212 0 -0.7498379 -0.6616216 -2.79589e-7 -0.7498379 -0.6616216 -2.65461e-7 -0.749838 -0.6616215 0 -0.7498373 -0.6616222 7.10669e-7 -0.7498378 -0.6616216 1.95051e-7 -0.7498381 -0.6616214 -2.49388e-7 -0.7498379 -0.6616216 1.81021e-7 -0.749838 -0.6616215 -2.13751e-7 -0.749838 -0.6616215 0 -0.749838 -0.6616215 0 -0.749838 -0.6616215 1.38741e-7 0.7498384 -7.14047e-7 0.661621 0.7498372 0 0.6616224 0.7498382 -1.66461e-7 0.6616213 0.7498379 -1.07548e-6 0.6616216 0.7498386 0 0.6616209 0.7498365 -3.87897e-7 0.6616232 0.7498378 3.22134e-7 0.6616218 0.7498373 8.59003e-7 0.6616224 0.7498381 -7.15187e-7 0.6616214 0.7498361 1.30037e-6 0.6616237 0.7498384 1.00875e-6 0.6616209 0.7498376 -2.90727e-7 0.6616219 0.7498376 0 0.6616219 0.7498376 0 0.6616219 0.7498376 1.05094e-6 0.6616219 0.7498386 0 -0.6616209 0.7498365 -3.87897e-7 -0.6616232 0.7498372 0 -0.6616224 0.7498382 -1.66461e-7 -0.6616214 0.7498378 -1.25815e-7 -0.6616218 0.7498384 1.00875e-6 -0.6616209 0.7498378 3.30841e-7 -0.6616217 0.7498361 1.30037e-6 -0.6616237 0.7498381 -7.31442e-7 -0.6616214 0.7498373 8.59003e-7 -0.6616224 0.7498379 -1.07548e-6 -0.6616216 0.7498376 1.045e-6 -0.6616219 0.7498376 0 -0.6616219 0.7498376 0 -0.6616219 0.7498376 -4.82289e-7 -0.6616219 0 -0.1564341 -0.9876884 0.06393468 -0.7538328 -0.6539486 -0.001007378 -0.6709322 -0.7415181 8.93061e-4 -0.5086287 -0.8609855 0.01656639 -0.5402767 -0.8413243 -0.02115398 -0.3740399 -0.9271713 -4.76099e-4 -0.4142937 -0.9101431 3.46421e-4 -0.2315869 -0.9728142 -0.05650889 -0.07926046 -0.9952509 0 -0.9876884 -0.1564341 -0.06393456 -0.6539486 -0.7538326 0.001007378 -0.741518 -0.6709322 -8.93061e-4 -0.8609855 -0.5086287 -0.01656639 -0.8413243 -0.5402766 0.02115398 -0.9271713 -0.3740399 4.76099e-4 -0.9101431 -0.4142937 -3.46421e-4 -0.9728142 -0.2315869 0.05650889 -0.9952511 -0.0792604 0 -0.07562202 0.9971365 -0.02801841 -0.1563727 0.9873006 3.46421e-4 -0.2315869 0.9728142 -4.76099e-4 -0.4142937 0.9101431 -0.02115398 -0.3740399 0.9271713 0.01663458 -0.5405616 0.84114 7.59394e-4 -0.5086805 0.8609551 -5.78259e-4 -0.6452092 0.7640057 -0.006711721 -0.6309335 0.7758078 0.009869098 -0.7523587 0.6586799 0.001032114 -0.7415071 0.6709442 -5.36782e-4 -0.8403027 0.5421175 -0.002448618 -0.8357719 0.5490714 0.00597018 -0.9222332 0.3865879 -0.01137524 -0.9100843 0.4142669 0.0132994 -0.990287 0.1384009 0 -0.9876884 0.1564341 1 0 0 1 0 0 1 0 0 1 0 0 1 0 0 1 0 0 1 0 0 0 0.9971365 -0.07562202 0.02801835 0.9873006 -0.1563727 -3.46421e-4 0.9728142 -0.2315869 4.76099e-4 0.9101431 -0.4142937 0.02115398 0.9271713 -0.3740399 -0.01663452 0.84114 -0.5405615 -7.59393e-4 0.8609551 -0.5086805 5.78259e-4 0.7640057 -0.6452091 0.006711721 0.7758079 -0.6309335 -0.009869158 0.6586799 -0.7523586 -0.001032114 0.6709442 -0.7415071 5.36783e-4 0.5421174 -0.8403026 0.002448618 0.5490714 -0.8357718 -0.00597018 0.3865879 -0.9222333 0.01137524 0.414267 -0.9100844 -0.0132994 0.1384009 -0.990287 0 0.1564341 -0.9876884 -1 0 0 -1 0 0 -1 0 0 -1 0 0 -1 0 0 -1 0 0 -1 0 0 -0.04271298 0.6722658 0.7390766 5.94933e-4 0.7639985 0.6452178 -4.59894e-4 0.8402827 0.5421484 -0.002465724 0.8355663 0.5493841 0.00597018 0.9222332 0.3865879 0.04271298 0.7390766 0.6722658 -5.94934e-4 0.6452178 0.7639985 4.59894e-4 0.5421484 0.8402826 0.002465724 0.5493841 0.8355663 -0.00597018 0.3865879 0.9222333 0.01137524 0.414267 0.9100844 -0.01175153 0.1564233 0.9876202 0 0.1368227 0.9905955 -0.01137524 0.9100843 0.4142669 0.01175153 0.9876202 0.1564233 0 0.9905955 0.1368227 1 0 0 1 0 0 1 0 0 1 0 0 1 0 0 1 0 0 1 0 0 1 0 0 1 0 0 1 0 0 1 0 0 1 0 0 1 0 0 1 0 0 1 0 0 1 0 0 1 0 0 1 0 0 1 0 0 1 0 0 1 0 0 -0.001313865 0.8505281 -0.525928 -2.8702e-7 0.9985519 -0.05379742 -2.00525e-6 0.942948 0.3329401 0.009424924 -0.8932437 -0.4494739 0.06432193 -0.8285049 -0.5562753 0 -0.6469557 0.7625277 0.003431081 -0.520955 0.8535772 0.01144373 -0.5528875 0.8331773 0.05476671 -0.6038145 0.7952412 0 -0.7319961 0.6813089 0 -0.9142443 0.4051632 0 -0.9142443 0.4051632 0 -0.9962123 -0.08695417 0 -0.9962123 -0.08695417 0 -0.9352661 -0.3539456 -8.93227e-6 0.05738836 0.9983519 0.0111007 -0.1008763 0.994837 0.02110832 -0.1446525 0.9892573 -2.69864e-5 -0.2998456 0.9539877 5.04533e-6 -0.4030802 0.9151647 0.02203983 0.3512786 0.9360116 0.01103574 0.3062454 0.9518887 9.27298e-6 0.1564967 0.9876785 0.004731833 0.6939967 0.7199627 1.01691e-5 0.5924142 0.8056336 -4.26229e-5 0.4933241 0.8698455 3.62495e-6 0.7599587 0.6499714 0.09420865 0.871985 0.480382 0.05102103 0.8244222 0.5636709 -6.73612e-6 0.9794006 0.2019265 0.1133671 0.9935148 0.008727967 0.05212306 0.9913286 0.120626 0.01502352 0.9549629 -0.2963448 0.06298255 0.9329786 -0.3543785 0.001428127 0.9850735 -0.1721282 0 0.7781613 -0.6280645 0.004770636 0.8026109 -0.5964838 0.02504122 0.7626225 -0.6463589 0.02029484 0.7568991 -0.6532166 0.05286532 -0.8183749 -0.5722481 0.005298376 -0.7245735 -0.6891772 -0.001488685 -0.660387 -0.7509239 0.008399128 -0.5965623 -0.8025228 0.03263878 -0.5738126 -0.818336 0.01091861 -0.5780497 -0.8159285 0 -0.9918504 -0.1274085 -0.001242399 -0.9910991 -0.1331205 7.12366e-4 -0.9445159 -0.328465 -0.009480297 -0.718304 -0.6956647 1.36428e-5 -0.7915057 -0.6111619 -6.62004e-5 -0.9048271 -0.4257792 -0.04208725 -0.8398636 -0.5411635 -0.01778733 -0.8876166 -0.4602394 -0.0379917 -0.3378677 -0.9404265 -0.03641301 -0.6264623 -0.7786007 -4.99973e-5 -0.7071064 -0.7071072 1.94841e-5 -0.55685 -0.8306131 -0.003956794 -0.4792487 -0.8776702 0 -0.4755876 -0.8796684 0 -0.4257797 -0.9048269 0 -0.1331207 -0.9910998 0 -0.1331207 -0.9910998 0 -1 0 0 -1 0 0 -1 0 0 -1 0 0 -1 0 0 -1 0 0 -1 0 0 -1 0 0 -1 0 0 -1 0 0 -1 0 0 -1 0 0 -1 0 0 -1 0 0 -1 0 0 -1 0 0 -1 0 0 -1 0 0 -1 0 0 -1 0 0 -1 0 0 -1 0 0 -1 0 0 -1 0 0 -1 0 0 -1 0 0 -1 0 0 -1 0 0 -1 0 0 -1 0 0 -1 0 0 -1 0 0 -1 0 0 -1 0 0 -1 0 0 -1 0 0 -1 0 0 -1 0 0 -1 0 0 -1 0 0 -1 0 0 -1 0 0 -1 0 0 -0.1331207 0.9910998 -0.01720052 -0.4257167 0.904693 0 -0.3381118 0.941106 0 -0.1331207 0.9910998 0 -0.5019974 0.8648691 0.001547217 -0.5009478 0.8654761 -8.40348e-4 -0.623988 0.7814336 -0.01227384 -0.7070531 0.7070538 -9.91148e-4 -0.7407367 0.6717948 2.2933e-4 -0.8315107 0.5555087 -0.007412433 -0.9048023 0.4257676 -0.00548315 -0.9079033 0.4191436 0.00250703 -0.9749141 0.2225673 -0.007297158 -0.9910734 0.1331171 0 -0.9977501 0.06704419 1 0 0 1 0 0 1 0 0 1 0 0 1 0 0 1 0 0 1 0 0 1 0 0 1 0 0 1 0 0 1 0 0 1 0 0 1 0 0 1 0 0 1 0 0 1 0 0 1 0 0 1 0 0 1 0 0 1 0 0 1 0 0 1 0 0 1 0 0 1 0 0 1 0 0 0 1 0 0 1 0 0 1 0 0 1 0 0 1 0 0 1 0 0 1 0 0 1 0 0 1 0 0 1 0 0 1 0 0 1 0 0 1 0 0 1 0 0 1 0 0 1 0 0 1 0 0 1 0 0 1 0 0 1 0 0 1 0 0 1 0 0 1 0 0 1 0 0 1 0 0 1 0 0 1 0 0 1 0 0 1 0 0 1 0 0.8280736 0.01188778 -0.5604935 0.8306429 0.002477049 -0.5568001 0.8431082 0.0364561 -0.5365067 0.83702 0.02453607 -0.5466218 0.8190826 0.005451202 -0.5736497 0.8103321 0.001639544 -0.5859687 0.805053 0 -0.5932029 0.8061313 -6.04808e-4 -0.5917364 0.8112943 -0.004002153 -0.5846244 0.814676 -0.008147001 -0.5798591 0.8175467 -0.01274842 -0.5757213 0.8228138 -0.0330702 -0.5673481 0.9199165 -0.02648633 -0.3912188 0.915749 0.01215028 -0.4015671 0.8993209 -0.004850029 -0.4372625 0.9007737 -0.002945244 -0.4342787 0.8831753 0.006378531 -0.4689996 0.8867437 0.01387387 -0.4620531 0.8757998 -7.69773e-4 -0.482674 0.865576 -0.1652917 -0.4727122 0.8607038 -0.1625435 -0.4824609 0.860468 -0.1950417 -0.4706947 0.867468 -0.1655077 -0.469155 0.8829637 -0.141879 -0.4474881 0.8797638 -0.1370578 -0.455226 0.8870972 -0.1396259 -0.4399581 0.886913 -0.1579303 -0.4341005 0.07614868 -0.4670199 -0.8809618 0.151567 -0.4823821 -0.8627486 0.1618155 -0.5318742 -0.8312193 0.3021776 -0.4044634 -0.8631907 0.4869747 -0.4595208 -0.7427626 0.5057561 -0.3959407 -0.7664474 0.7307252 -0.3446148 -0.5893058 0.7306712 -0.3449576 -0.5891723 0.7022981 -0.3320391 -0.6297042 0.7303027 -0.3934067 -0.5584703 0.7070429 -0.3997564 -0.5833396 0.7304307 -0.4351699 -0.5264011 0.7280381 -0.4362401 -0.5288242 0.716432 -0.4909495 -0.4956749 0.7291241 -0.4981758 -0.4692536 0.7071703 -0.5553912 -0.4375508 0.1531482 -0.8043007 -0.5741482 0.1700062 -0.755916 -0.6322095 0.1714151 -0.7562791 -0.6313943 0.1343717 -0.6725358 -0.7277635 0.1842908 -0.6804481 -0.7092441 0.1423287 -0.5992072 -0.787841 0.1329652 -0.9783022 -0.1588873 0.1034179 -0.9807751 -0.1654842 0.1854392 -0.8456078 -0.5005595 0.1274755 -0.8446742 -0.5198802 0.1903948 -0.9057142 -0.3787236 0.1076856 -0.9105217 -0.3991917 0.1779873 -0.936684 -0.3015683 0.1822274 -0.5541433 -0.8122305 0.4514392 -0.4668096 -0.7604548 0.4748936 -0.5447365 -0.6911861 0.4435608 -0.5438973 -0.7123409 0.477756 -0.6206406 -0.621735 0.441187 -0.6239534 -0.6450088 0.4813707 -0.6847991 -0.5471129 0.440291 -0.6927807 -0.5711382 0.4861466 -0.7376589 -0.4685304 0.4409631 -0.7506711 -0.4919803 0.4918566 -0.779646 -0.3875939 0.4973198 -0.7774744 -0.3849761 0.4683426 -0.8312043 -0.299591 0.4683424 -0.8312043 0.2995912 0.7189394 -0.3558132 0.5970956 0.06286644 -0.4947593 0.8667532 0.8804442 -0.1534346 0.4486377 0.8797566 -0.1370586 0.4552398 0.9146721 -0.1498209 0.3754044 0.910803 -0.1497939 0.3847072 0.8783152 -0.1349223 0.4586485 0.8742992 -0.1662886 0.4560142 0.8655731 -0.1653015 0.472714 0.8533576 -0.1950853 0.4834486 0.2094016 -0.5022997 0.8389553 0.4517416 -0.5322942 0.7159557 0.4700268 -0.4587473 0.7540727 0.721726 -0.3217903 0.6128317 0.4451569 -0.4476815 0.7755106 0.4706519 -0.5297303 0.7056009 0.449915 -0.5576867 0.6975399 0.4714328 -0.6059135 0.6407964 0.4498765 -0.6370777 0.6258939 0.4726647 -0.6715782 0.5705882 0.4514939 -0.7040939 0.5480923 0.8677349 -0.1665342 0.4682974 0.729119 -0.4981869 0.4692499 0.7071694 -0.5553913 0.4375522 0.4935162 -0.7804669 0.3838142 0.4985928 -0.7746337 0.3890346 0.4306274 -0.4283156 0.7944216 -0.004616916 -0.387951 0.9216684 0.1827949 -0.5540118 0.8121927 0.149448 -0.5989787 0.7866955 0.1692413 -0.6638131 0.7284981 0.08968394 -0.7256579 0.6821857 0.1736824 -0.7548388 0.6324973 0.1521137 -0.80108 0.5789061 0.1727632 -0.8317311 0.5276138 0.08791619 -0.8928291 0.4417317 0.880218 -0.1453914 0.4517496 0.7133331 -0.3548976 0.6043208 0.7248333 -0.3804632 0.5743382 0.7143595 -0.4104984 0.5667288 0.729683 -0.4339983 0.5284018 0.7275859 -0.4386889 0.527419 0.7164238 -0.4909588 0.4956777 0.4748886 -0.7270177 0.4959093 0.4547427 -0.7592101 0.4656277 0.1565971 -0.8976696 0.411906 0.161067 -0.9415006 0.2960308 0.134103 -0.9547804 0.2653504 0.1799358 -0.9671567 0.1795301 0.152302 -0.9802477 0.1261689 0.8222985 -0.04841738 0.5669928 0.8213036 -0.02246236 0.5700489 0.8169922 -0.01228493 0.5765179 0.8184105 0.004991769 0.5746122 0.8143591 -0.007160425 0.580317 0.8091729 -0.002343535 0.5875661 0.8049643 0 0.5933234 0.8093021 0.001354277 0.5873913 0.8125686 0.002509772 0.5828602 0.8841161 0.0106517 0.4671459 0.8270024 0.01111841 0.5620885 0.832785 0.01827222 0.5532949 0.8305506 0.01511001 0.5567382 0.8553298 5.29912e-4 0.5180837 0.8755044 -5.87271e-4 0.4832098 0.9194384 -0.02811926 0.3922273 0.9154063 0.01018011 0.4024024 0.8982218 -0.005808949 0.4395042 0.8990401 -0.006967663 0.4378108 0.8833525 0.009584188 0.4686114 0.8147539 -0.1946713 -0.5461493 0.814754 -0.1946704 -0.5461497 0.6911339 -0.5547088 -0.4632841 0.6911339 -0.5547087 -0.4632841 0.4621964 -0.8308941 -0.3098217 0.4621971 -0.8308934 -0.3098225 0.1623994 -0.9807017 -0.1088604 0.1623992 -0.9807018 -0.1088603 0.3643375 -0.1945479 -0.9107192 0.6767688 -0.1929192 -0.710469 0.6767687 -0.192919 -0.7104693 0.5755318 -0.5511045 -0.6041912 0.5755323 -0.5511054 -0.6041899 0.3862741 -0.8284658 -0.4055079 0.386274 -0.8284654 -0.4055087 0.1360709 -0.9803466 -0.1428467 0.1360709 -0.9803466 -0.1428467 0.4982227 -0.1945471 -0.8449412 0.4349781 -0.164139 -0.8853544 0.3679518 -0.5511052 -0.748929 0.3679518 -0.5511051 -0.748929 0.2469545 -0.8284656 -0.5026512 0.2469547 -0.8284659 -0.5026505 0.08699363 -0.9803467 -0.1770665 0.08699357 -0.9803466 -0.1770667 0.1487867 -0.1929191 -0.9698684 0.1487858 -0.1929184 -0.9698686 0.126529 -0.5511052 -0.8247869 0.1265289 -0.551105 -0.8247871 0.08492106 -0.8284658 -0.5535637 0.08492136 -0.8284661 -0.5535633 0.02991485 -0.9803467 -0.1950013 0.02991485 -0.9803467 -0.1950014 0 -0.1950898 -0.9807853 0 -0.1950898 -0.9807853 0 -0.5555702 -0.8314697 0 -0.5555702 -0.8314697 0 -0.8314697 -0.5555702 0 -0.8314697 -0.5555702 0 -0.9807856 -0.1950887 0 -0.9807856 -0.1950887 -0.157181 -0.1926649 -0.968594 -0.1571804 -0.1926653 -0.9685941 -0.1337165 -0.5505809 -0.8240027 -0.1337171 -0.5505805 -0.8240029 -0.08979231 -0.8281109 -0.553326 -0.08979219 -0.828111 -0.5533258 -0.03164255 -0.9802944 -0.194991 -0.03164261 -0.9802944 -0.194991 -0.4554116 -0.1926651 -0.8691838 -0.4554114 -0.1926652 -0.8691838 -0.3874281 -0.5505803 -0.7394328 -0.3874278 -0.5505805 -0.7394328 -0.2601613 -0.8281114 -0.4965358 -0.2601622 -0.8281108 -0.4965361 -0.0916807 -0.9802945 -0.1749785 -0.09168046 -0.9802945 -0.1749783 -0.157181 -0.1926653 0.9685939 -0.1571804 -0.1926649 0.9685941 -0.1440243 -0.4376772 0.8875222 -0.08829993 -0.5465387 0.8327656 -0.1276895 -0.6037785 0.7868589 -0.08979231 -0.828111 0.5533258 -0.4554116 -0.1926652 0.8691837 -0.4554114 -0.192665 0.8691838 -0.387428 -0.5505805 0.7394328 -0.3874279 -0.5505803 0.7394329 -0.2601616 -0.8281108 0.4965364 -0.2601619 -0.8281113 0.4965355 -0.09168058 -0.9802945 0.1749782 -0.09168052 -0.9802944 0.1749785 -0.0488348 -0.7924082 0.6080334 -0.07158982 -0.8945696 0.4411579 -0.03164255 -0.9802944 0.1949911 -0.03164261 -0.9802945 0.194991 0 -0.1950898 0.9807853 0 -0.1950898 0.9807853 0 -0.4422884 0.8968729 0 -0.4422884 0.8968729 0 -0.6087616 0.7933532 0 -0.6087616 0.7933532 0 -0.7933548 0.6087597 0 -0.7933548 0.6087597 0 -0.8968707 0.4422927 0 -0.8968707 0.4422927 0 -0.9807856 0.1950887 0 -0.9807856 0.1950887 0.4982227 -0.1945471 0.8449412 0.3681687 -0.1323168 0.9202957 0.0486375 -0.8252303 0.5626983 0.09298396 -0.7899176 0.6061223 0.1265289 -0.5511052 0.824787 0.04255926 -0.6082101 0.7926343 0.1363036 -0.4381606 0.8885025 0.02991479 -0.9803467 0.1950014 0.02991485 -0.9803467 0.1950014 0.06769585 -0.8948134 0.4412781 0.08699351 -0.9803466 0.1770666 0.08699375 -0.9803466 0.1770667 0.2469549 -0.8284657 0.5026509 0.2469542 -0.8284659 0.5026506 0.3679517 -0.5511052 0.748929 0.3679518 -0.551105 0.748929 0.4326751 -0.19292 0.8806669 0.1487858 -0.1929191 0.9698685 0.1487867 -0.1929184 0.9698686 0.6767689 -0.192919 0.710469 0.6767686 -0.1929192 0.7104692 0.5755313 -0.5511055 0.6041907 0.5755326 -0.5511046 0.6041903 0.3862745 -0.8284654 0.4055083 0.3862738 -0.8284658 0.4055084 0.1360709 -0.9803466 0.1428467 0.1360709 -0.9803466 0.1428467 0.8147541 -0.1946704 0.5461494 0.8147538 -0.1946713 0.5461496 0.6911339 -0.5547088 0.4632841 0.6911339 -0.5547088 0.4632841 0.4621973 -0.8308933 0.3098223 0.4621963 -0.8308941 0.309822 0.1623992 -0.9807017 0.1088603 0.1623994 -0.9807018 0.1088604 0.1516352 0 0.9884365 0.2263498 -0.006068229 0.9740272 0.3714345 0 0.9284591 0.5079275 0 0.8613998 0.6326605 -0.006068289 0.7744055 0.6897255 0 0.7240709 0 0 1 0 0 1 -0.4641069 0 0.8857793 -0.4641069 0 0.8857793 -0.1601821 0 0.9870874 -0.1601821 0 0.9870874 0.4526075 -5.74972e-4 -0.8917096 -0.0110948 0.1108233 -0.9937782 0.012097 0.5448572 -0.8384416 -0.005839347 0.6753777 -0.7374488 0.01356202 0.6933411 -0.7204819 0.008802592 0.6985313 -0.7155254 -0.00157994 0.7226772 -0.6911839 0.2203251 -0.2178685 -0.950784 -0.01280993 0.6846448 -0.7287642 -0.01432871 0.6901965 -0.7234802 0.009954452 0.2839299 -0.9587934 -0.006676971 0.646481 -0.7629008 2.08895e-4 0.5533477 -0.8329503 -2.14654e-4 0.4349625 -0.9004485 4.91882e-4 0.4228554 -0.906197 -6.4952e-4 0.2728213 -0.9620645 0 -0.6237472 -0.7816262 0.003020524 -0.6575118 -0.7534382 -0.006914079 -0.4950879 -0.8688153 -0.02679538 -0.3382283 -0.9406825 0.01904809 -0.5683315 -0.8225791 0.006870627 -0.4712686 -0.881963 -0.007879734 -0.2012333 -0.9795117 0.007095694 -0.3366464 -0.9416043 -0.007352292 -0.04652297 -0.9988902 -0.001669943 -0.1025226 -0.9947293 9.87735e-4 0.1368595 -0.99059 -0.1601821 0 -0.9870874 -0.1601821 0 -0.9870874 -0.4641069 0 -0.8857793 -0.4641069 0 -0.8857793 0 0 -1 0 0 -1 0.6897255 0 -0.7240709 0.6326605 -0.006068289 -0.7744055 0.5079275 0 -0.8613998 0.3714345 0 -0.9284591 0.2263498 -0.006068229 -0.9740272 0.1516352 0 -0.9884365 1 0 0 1 0 0 1 0 0 1 0 0 1 0 0 1 0 0 1 0 0 1 0 0 1 0 0 1 0 0 1 0 0 1 0 0 1 0 0 1 0 0 1 0 0 1 0 0 1 0 0 1 0 0 1 0 0 1 0 0 0.1212638 0 -0.9926203 0.1114696 -1.76879e-4 -0.9937679 0.3665097 2.03497e-4 -0.9304142 0.9969647 0 -0.07785534 0.3520954 -1.26309e-4 -0.9359641 0.602704 1.46378e-4 -0.7979648 0.626594 -5.25772e-4 -0.7793456 0.8237319 5.44097e-4 -0.5669792 0.8449264 -3.58934e-4 -0.5348824 0.957024 3.03464e-4 -0.2900083 0.9712011 -7.91011e-4 -0.2382599 0.9992313 5.08227e-4 -0.03919893 2.86075e-5 -0.1590214 -0.9872751 0.01915991 0.5666648 0.8237257 0.02570647 0.5778931 0.8157075 0.005922257 0.9100633 0.4144271 0.03500187 0.8582673 0.512008 0.06821459 0.8282902 0.5561313 0.01069909 0.757241 0.6530479 -0.005521178 0.6324946 0.7745451 0 0.1167631 -0.9931598 5.5329e-6 -0.04980731 -0.9987588 0.01009035 0.07512181 -0.9971233 0.05645471 0.144454 -0.9878997 0 0.3070807 -0.9516834 0 0.6047222 -0.7964366 0 0.6047222 -0.7964366 0 0.9142443 -0.4051632 0 0.9142443 -0.4051632 0 0.9962123 0.08695417 0 0.9962123 0.08695417 0 0.9352661 0.3539456 0.01209253 -0.3151859 -0.9489529 0.02136904 -0.3512837 -0.9360252 -2.61553e-5 -0.499662 -0.8662205 0.0264635 -0.7596925 -0.6497439 0.005989909 -0.7034874 -0.7106825 3.1022e-5 -0.5958936 -0.8030634 -9.94244e-5 -0.9794007 -0.2019265 0.1130794 -0.9935427 -0.009261965 0.06029021 -0.9925467 -0.1059061 0.00333321 -0.9524564 -0.3046564 6.96004e-6 -0.9039524 -0.4276331 1.31908e-6 -0.8459283 -0.5332968 -0.001574993 -0.8244066 0.5659958 0.001184225 -0.8799247 0.4751118 0.0318107 -0.9545873 0.2962283 0.04103434 -0.9498061 0.3101363 6.45918e-5 -0.9906084 0.1367296 0.03810226 -0.7820386 0.6220642 0.02109986 -0.7648231 0.6438947 0.002403974 -0.77671 0.6298537 0 -0.7781613 0.6280645 0.9887365 0 0.1496668 0.7727977 -1.28895e-6 0.6346525 0.9888684 -2.21797e-5 0.1487929 0.9470444 9.19188e-6 0.3211027 0.9032395 -5.12862e-4 0.4291365 0.8803123 4.43066e-4 0.4743944 0.7583128 -3.54109e-4 0.6518908 0.661567 1.41445e-6 0.749886 0.6500397 1.5305e-4 0.7599003 0.4664722 -3.16634e-4 0.8845359 0.05491298 0 0.9984911 0.04892343 4.8606e-5 0.9988026 0.2235493 -1.20216e-4 0.9746927 0.229619 -2.3301e-4 0.9732806 0.4891254 3.00611e-4 0.8722134 0 -1 0 0 -1 0 0 -1 0 0 -1 0 0 -1 0 0 -1 0 0 -1 0 0 -1 0 0 -1 0 0 -1 0 0 -1 0 0 -1 0 0 -1 0 0 -1 0 0 -1 0 0 -1 0 0 -1 0 0 -1 0 0 -1 0 0 -1 0 1 0 0 1 0 0 1 0 0 1 0 0 1 0 0 1 0 0 1 0 0 1 0 0 1 0 0 1 0 0 1 0 0 1 0 0 1 0 0 6.60297e-4 0.9445134 0.3284723 -0.001204431 0.9918524 0.1273872 0 0.9910998 0.1331207 -0.009334266 0.7193021 0.6946347 1.38045e-5 0.7916288 0.6110024 -6.49933e-5 0.904827 0.4257792 -0.0421167 0.8398109 0.541243 -0.017708 0.8877375 0.4600093 -0.0379917 0.3378677 0.9404265 -0.03607058 0.6271708 0.7780461 -1.12875e-5 0.7071064 0.7071072 6.06831e-5 0.5564229 0.8308992 -0.003948032 0.4792833 0.8776513 0 0.4756159 0.879653 0 0.4257797 0.9048269 0 0.1331207 0.9910998 0 0.1331207 0.9910998 0 0.1331207 -0.9910998 0 0.5015129 -0.8651502 -0.001080334 0.7405609 -0.6719883 -0.01228988 0.707053 -0.7070538 2.50149e-4 0.8312161 -0.5559493 -0.007389426 0.9048024 -0.4257676 -0.005623698 0.9076404 -0.4197111 0.002578556 0.9749262 -0.2225132 -0.007227241 0.9910739 -0.1331172 0 0.9977114 -0.06761777 -7.24555e-4 0.623197 -0.7820646 0.001440405 0.5005296 -0.8657183 -0.01720052 0.4257167 -0.904693 0 0.3381118 -0.941106 0 0.1331207 -0.9910998 1 0 0 1 0 0 1 0 0 1 0 0 1 0 0 1 0 0 1 0 0 1 0 0 1 0 0 1 0 0 1 0 0 1 0 0 0 1 0 0 1 0 0 1 0 0 1 0 0 1 0 0 1 0 0 1 0 0 1 0 0 1 0 0 1 0 0 1 0 0 1 0 0 1 0 0 1 0 0 1 0 0 1 0 0 1 0 0 1 0 0 1 0 0 1 0 0 1 0 0 1 0 0 1 0 0 1 0 0 1 0 0 1 0 0 1 0 0 1 0 0 1 0 0.6749733 0 0.7378422 0.6898192 0.008588671 0.7239307 0.7328678 0 0.6803711 0.7853838 0 0.6190091 0.7815973 -0.008367657 0.6237273 0.7846128 0.003964245 0.6199735 0.7855374 0.01226264 0.6186926 0.9198195 0.02682942 0.3914234 0.9156523 -0.01190572 0.4017947 0.8824484 0.02303987 0.4698446 0.8942027 -0.0254178 0.44694 0.8620041 0.01910549 0.5065411 0.8747971 -0.003667235 0.4844755 0.8593396 5.47588e-4 0.5114052 0.8295236 -0.004068434 0.5584568 0.8385135 -0.01908808 0.5445464 0.7720932 0.05209547 0.6333705 0.8116714 -0.03026902 0.5833296 0.8014728 -0.0158571 0.5978209 0.4384 0.7526397 0.4912626 0.9223263 0.01795303 0.3859946 0.8704895 0.1558167 0.4668715 0.8719264 0.1706917 0.4589213 0.4722944 0.5464088 0.691647 0.4408643 0.5456363 0.7126848 0.4751099 0.622407 0.621997 0.0701667 0.4678229 0.8810325 0.1506388 0.4824014 0.8629003 0.1608226 0.531667 0.8315445 0.1816223 0.5539731 0.812482 0.4385833 0.625686 0.645106 0.4788581 0.6867086 0.5469244 0.1263293 0.8451902 0.5193212 0.1891784 0.9060777 0.3784636 0.4894371 0.7817072 0.3865038 0.4956337 0.7792424 0.3835735 0.4677557 0.8311797 0.3005745 0.8920718 0.1606524 0.4223727 0.8773605 0.1376934 0.4596511 0.8732604 0.1696382 0.4567705 0.860037 0.1677275 0.4818754 0.8598733 0.195047 0.4717781 0.1332853 0.9783457 0.1583501 0.1017829 0.9809756 0.1653093 0.1774172 0.9370661 0.3007161 0.1075189 0.9107255 0.3987715 0.48347 0.7397732 0.467966 0.4374696 0.6948538 0.5707877 0.1846382 0.8459843 0.5002194 0.1521617 0.8045111 0.5741156 0.1690608 0.7563382 0.6319579 0.1703982 0.7566826 0.6311862 0.1333869 0.6730846 0.7274374 0.1852815 0.6811602 0.708302 0.1401195 0.6003807 0.7873433 0.2536361 0.429157 0.866887 0.4286541 0.4233734 0.7981294 0.4391572 0.4717207 0.7646048 0.4928249 0.4730992 0.7302744 0.4453365 0.4577697 0.7694948 0.713728 0.3167151 0.6247271 0.7123771 0.3620937 0.6011713 0.7116497 0.3620551 0.6020554 0.7270651 0.3972263 0.559989 0.7037238 0.4035569 0.5847347 0.7273424 0.4393476 0.5272065 0.7251532 0.4403343 0.5293944 0.7132295 0.4955156 0.4957499 0.7268191 0.5032581 0.4674025 0.706794 0.5553808 0.4381716 0.004525899 0.5010595 -0.865401 0.0871914 0.4922072 -0.8661002 0.4580562 0.4608125 -0.7601555 0.4576271 0.4639093 -0.7585285 0.734134 0.3670269 -0.5712605 0.8813469 0.1885411 -0.4332204 0.881331 0.1520572 -0.4473636 0.9140749 0.1532536 -0.3754735 0.752986 0.2532717 -0.607343 0.7118787 0.3625384 -0.6014935 0.721621 0.3843157 -0.5758164 0.7110264 0.414269 -0.5681748 0.7266731 0.4382826 -0.5290127 0.706795 0.5553809 -0.43817 0.7268216 0.5032539 -0.4674032 0.7132297 0.4955102 -0.495755 0.7247446 0.4425309 -0.528121 0.1329324 0.9550645 -0.2649166 0.1595944 0.942113 -0.2948775 0.1563508 0.8979127 -0.4114696 0.08675777 0.8927834 -0.4420531 0.1719602 0.8321964 -0.5271422 0.1510111 0.8010849 -0.5791879 0.1730223 0.7551811 -0.6322696 0.08897876 0.7256148 -0.682324 0.1683111 0.664371 -0.7282049 0.1481871 0.5984949 -0.787302 0.1822482 0.5538259 -0.8124424 0.1138692 0.4961799 -0.8607203 0.3265475 0.4040446 -0.8544674 0.8598731 0.195047 -0.4717783 0.8600368 0.1677288 -0.4818751 0.8732601 0.1696393 -0.4567706 0.8773604 0.1376932 -0.4596514 0.8786428 0.1395953 -0.456618 0.6319161 0.3670964 -0.6825851 0.4462394 0.4605277 -0.767323 0.4680758 0.5314781 -0.7059999 0.4471966 0.5593515 -0.697955 0.468817 0.6077563 -0.6409704 0.447236 0.6387479 -0.626084 0.4702032 0.6735417 -0.5703075 0.4486414 0.7061083 -0.547843 0.4722481 0.7291888 -0.4952427 0.4521209 0.761152 -0.46501 0.4913167 0.7826324 -0.3822231 0.4970579 0.776064 -0.3881471 0.467756 0.8311796 -0.3005739 0.1789913 0.967487 -0.1786926 0.1520429 0.9802309 -0.126611 0.8567509 2.10977e-4 -0.5157303 0.8765726 -2.35794e-4 -0.4812696 0.8852045 -0.01211434 -0.4650443 0.8849971 -0.01177167 -0.4654478 0.9011523 0.007307708 -0.4334412 0.9162248 -0.01525253 -0.4003742 0.9207605 0.02354151 -0.3894175 0.7855697 0.008262634 -0.618718 0.7827988 -0.00364083 -0.6222643 0.6749733 0 -0.7378422 0.6898192 0.008588671 -0.7239307 0.7328678 0 -0.6803711 0.784092 0 -0.6206446 0.7942003 -0.008610844 -0.607595 0.8022314 -0.01661837 -0.5967818 0.8114393 -0.03034865 -0.5836483 0.8376996 -0.0109291 -0.546022 0.8337182 -0.01343667 -0.5520268 0.7722873 0.04703378 -0.6335298 0.4879627 0 -0.8728646 0.4879627 0 -0.8728646 0.1691017 0 -0.9855986 0.1691017 0 -0.9855986 0 0 -1 0 0 -1 0.1305263 0 0.9914448 0.1736319 -0.01374155 0.9847148 0.3007069 0 0.9537166 0.422618 0 0.9063079 0.4999151 -0.01833224 0.8658804 0.5735749 0 0.8191531 0.6755924 0 0.7372753 0.7659724 -0.01374125 0.6427264 0.7933531 0 0.6087617 0.9238793 0 0.3826839 0.9396038 -0.01374161 0.3419881 0.9762961 0 0.2164393 0.996195 0 0.08715283 0.9998319 -0.01833176 0 0.996195 0 -0.08715283 0.9762961 0 -0.2164393 0.9396038 -0.01374161 -0.3419881 0.9238793 0 -0.3826839 0.7933531 0 -0.6087617 0.7659724 -0.01374125 -0.6427264 0.6755924 0 -0.7372753 0.5735749 0 -0.8191531 0.4999151 -0.01833224 -0.8658804 0.422618 0 -0.9063079 0.3007069 0 -0.9537166 0.1736319 -0.01374155 -0.9847148 0.1305263 0 -0.9914448 0 0 1 0 0 1 0.1691017 0 0.9855986 0.1691017 0 0.9855986 0.4879627 0 0.8728646 0.4879627 0 0.8728646 0.8136354 0.1948231 0.5477604 0.1485509 0.9807155 0.1270035 0.1485511 0.9807153 0.1270039 0.4228253 0.8309876 0.3614947 0.4228253 0.8309875 0.3614948 0.6323485 0.5548496 0.5406268 0.6323487 0.5548488 0.5406274 0.1319177 0.9807153 0.1442051 0.1319175 0.9807154 0.1442048 0.3754815 0.8309875 0.4104552 0.3754814 0.8309876 0.4104551 0.5615442 0.5548497 0.6138484 0.5615442 0.5548496 0.6138485 0.662051 0.1947373 0.7237168 0.662051 0.1947382 0.7237164 0.7455273 0.1947402 0.6373895 0.7663783 0.1319957 0.6286824 0.7187917 0.1950513 0.6673032 0.845596 0.195086 0.4968992 0.821024 0.174343 0.5436213 0.6936756 0.5548489 0.4593006 0.6936755 0.554849 0.4593005 0.4638316 0.8309878 0.3071148 0.4638319 0.8309875 0.3071152 0.1629578 0.9807153 0.1078986 0.1629579 0.9807153 0.1078988 0.03345316 0.9802367 0.1949794 0.03345316 0.9802367 0.1949794 0.09489071 0.8277179 0.5530633 0.09489059 0.8277177 0.5530635 0.1412277 0.5500018 0.823136 0.141228 0.550002 0.8231357 0.1659432 0.1923856 0.9671869 0.1659428 0.1923852 0.9671872 0.09653311 0.9802367 0.1726772 0.09653306 0.9802366 0.1726776 0.2738177 0.8277179 0.4898031 0.2738177 0.8277178 0.4898031 0.4075286 0.5500021 0.7289843 0.4075286 0.5500021 0.7289843 0.4788475 0.1923848 0.8565589 0.4788474 0.1923847 0.856559 0 0.1950904 0.9807853 0 0.1950904 0.9807853 0 0.5555702 0.8314696 0 0.5555702 0.8314696 0 0.8314696 0.5555702 0 0.8314696 0.5555702 0 0.9807857 0.1950886 0 0.9807857 0.1950886 0.02567535 0.9804623 0.1950243 0.0729472 0.8292544 0.55409 0.1088151 0.5522713 0.8265324 0.5493789 0.2873834 0.7845977 0.5972575 0.1934857 0.7783615 0.4145573 0.1943773 0.8890218 0.3697546 0.2577385 0.8926658 0.2949395 0.1949125 0.9354249 0.1280598 0.1934841 0.97271 0.1280598 0.1934841 0.9727099 0.6626348 0.1949142 0.7231346 0.778361 0.1934869 0.5972579 0.7783607 0.193485 0.5972588 0.906421 0.1934852 0.3754524 0.906421 0.1934825 0.3754537 0.9575718 0.1949101 0.2122882 0.9579491 0.2577373 0.1261153 0.9771954 0.1943722 0.08549064 0.9727109 0.1934802 -0.1280587 0.9541726 0.2873787 -0.08347642 0.9575718 0.1949101 -0.2122882 0.9064214 0.1934826 -0.3754526 0.9064205 0.1934853 -0.3754535 0.7783613 0.193485 -0.5972581 0.7783605 0.1934869 -0.5972585 0.6626348 0.1949142 -0.7231346 0.5881934 0.2577426 -0.7665489 0.562635 0.1943777 -0.8035292 0.3754522 0.1934852 -0.906421 0.4047908 0.2873783 -0.8680773 0.2949395 0.1949125 -0.9354249 0.1280598 0.1934841 -0.9727099 0.1280598 0.1934842 -0.97271 0.1088149 0.5522708 0.8265326 0.3190302 0.5522699 0.7702063 0.31903 0.5522692 0.7702068 0.5075039 0.5522681 0.6613923 0.507504 0.5522705 0.6613903 0.6613904 0.5522703 0.507504 0.6613898 0.5522735 0.5075014 0.7702034 0.5522739 0.3190302 0.7702038 0.5522727 0.3190311 0.8265314 0.5522729 0.108814 0.8265304 0.5522747 0.1088129 0.8265303 0.5522746 -0.1088139 0.8265315 0.5522728 -0.1088131 0.7702041 0.5522727 -0.3190305 0.7702031 0.5522739 -0.3190308 0.6613888 0.5522734 -0.5075028 0.6613915 0.5522702 -0.5075027 0.507503 0.5522705 -0.661391 0.5075049 0.552268 -0.6613915 0.3190304 0.5522692 -0.7702068 0.3190298 0.5522699 -0.7702065 0.1088151 0.5522708 -0.8265326 0.1088149 0.5522713 -0.8265324 0.0729472 0.8292545 0.55409 0.2138705 0.8292547 0.5163294 0.2138707 0.8292552 0.5163283 0.3402188 0.8292556 0.4433805 0.3402193 0.8292532 0.4433847 0.4433844 0.8292529 0.3402203 0.4433839 0.8292537 0.340219 0.5163304 0.8292536 0.2138726 0.5163275 0.8292563 0.2138687 0.5540874 0.8292563 0.07294571 0.5540933 0.8292521 0.07295024 0.5540933 0.8292523 -0.07294648 0.5540866 0.8292565 -0.0729494 0.5163269 0.8292562 -0.2138711 0.5163314 0.8292534 -0.2138704 0.4433835 0.8292537 -0.3402196 0.4433849 0.8292528 -0.3402197 0.3402209 0.8292533 -0.4433832 0.340217 0.8292558 -0.4433817 0.2138702 0.8292552 -0.5163286 0.213871 0.8292547 -0.5163292 0.0729472 0.8292544 -0.55409 0.0729472 0.8292545 -0.55409 0.02567529 0.9804623 0.1950244 0.07527685 0.9804623 0.1817339 0.07527685 0.9804623 0.1817336 0.1197472 0.9804623 0.1560584 0.1197471 0.9804624 0.1560574 0.1560575 0.9804625 0.1197466 0.1560582 0.9804623 0.1197482 0.1817342 0.9804623 0.07527637 0.1817345 0.9804621 0.07527685 0.195025 0.9804621 0.02567636 0.195024 0.9804624 0.02567559 0.195024 0.9804624 -0.02567625 0.1950252 0.9804621 -0.02567577 0.1817346 0.9804621 -0.07527655 0.181734 0.9804622 -0.07527661 0.1560587 0.9804623 -0.1197475 0.1560569 0.9804626 -0.1197473 0.1197468 0.9804625 -0.1560578 0.1197477 0.9804623 -0.1560582 0.07527667 0.9804623 -0.1817336 0.07527703 0.9804623 -0.1817339 0.02567541 0.9804622 -0.1950244 0.02567529 0.9804623 -0.1950243 0 0.1950904 -0.9807853 0 0.1950904 -0.9807853 0 0.5555702 -0.8314696 0 0.5555702 -0.8314696 0 0.8314696 -0.5555702 0 0.8314696 -0.5555702 0 0.9807857 -0.1950886 0 0.9807857 -0.1950886 0.09653323 0.9802366 -0.1726775 0.09653288 0.9802367 -0.1726773 0.2738178 0.8277178 -0.4898031 0.2738177 0.8277179 -0.4898031 0.4075286 0.5500021 -0.7289843 0.4075286 0.5500021 -0.7289843 0.4788475 0.1923847 -0.8565589 0.4788474 0.1923848 -0.856559 0.03345316 0.9802367 -0.1949794 0.03345316 0.9802367 -0.1949794 0.09489071 0.8277177 -0.5530635 0.09489053 0.8277178 -0.5530633 0.1412276 0.550002 -0.8231359 0.141228 0.5500018 -0.8231359 0.1659433 0.1923852 -0.967187 0.1659428 0.1923856 -0.9671871 0.7583111 0.1949353 -0.6220647 0.1629578 0.9807153 -0.1078987 0.1629579 0.9807153 -0.1078987 0.4638315 0.8309878 -0.307115 0.4638319 0.8309875 -0.3071151 0.6936756 0.5548488 -0.4593005 0.6936755 0.5548489 -0.4593005 0.8178306 0.1947396 -0.5415068 0.8178303 0.1947404 -0.541507 0.7187917 0.1950513 -0.6673032 0.7511036 0.1532246 -0.642157 0.6323482 0.5548497 -0.540627 0.6323488 0.5548488 -0.5406271 0.4228252 0.8309875 -0.3614947 0.4228253 0.8309876 -0.3614947 0.1485508 0.9807154 -0.1270036 0.1485512 0.9807153 -0.1270037 0.1319175 0.9807155 -0.1442049 0.1319177 0.9807153 -0.144205 0.3754814 0.8309875 -0.4104552 0.3754816 0.8309875 -0.4104552 0.5615443 0.5548496 -0.6138485 0.5615442 0.5548498 -0.6138485 0.6620509 0.1947382 -0.7237166 0.6620512 0.1947371 -0.7237165 0 0 1 0 0 1 0 0 1 0 0 1 0 0 -1 0 0 -1 0 0 -1 0 0 -1 -1 0 0 -1 0 0 -1 0 0 -1 0 0 -1 0 0 -1 0 0 -1 0 0 -1 0 0 -1 0 0 -1 0 0 -1 0 0 -1 0 0 -1 0 0 -1 0 0 -1 0 0 -1 0 0 -1 0 0 -1 0 0 -1 0 0 -1 0 0 -1 0 0 0.001313865 -0.525928 0.8505281 2.8702e-7 -0.05379742 0.9985519 2.00525e-6 0.3329401 0.942948 0 0.7625277 -0.6469557 -0.003431081 0.8535773 -0.5209551 -0.01144373 0.8331773 -0.5528875 -0.05476671 0.7952412 -0.6038145 0 0.6813089 -0.7319961 0 0.4051632 -0.9142443 0 0.4051632 -0.9142443 0 -0.08695417 -0.9962123 0 -0.08695417 -0.9962123 0 -0.3539456 -0.9352661 8.93228e-6 0.9983519 0.05738836 -0.0111007 0.994837 -0.1008763 -0.02110832 0.9892573 -0.1446525 2.69864e-5 0.9539877 -0.2998456 -5.04533e-6 0.9151647 -0.4030802 -0.02203983 0.9360116 0.3512786 -0.01103574 0.9518886 0.3062454 -9.27298e-6 0.9876785 0.1564967 -0.004731833 0.7199627 0.6939967 -1.01691e-5 0.8056336 0.5924143 4.2623e-5 0.8698456 0.4933241 -3.62495e-6 0.6499714 0.7599587 -0.09422326 0.480353 0.8719994 -0.0510208 0.5636718 0.8244217 6.73612e-6 0.2019265 0.9794006 -0.1133661 0.008729815 0.993515 -0.05212318 0.1206259 0.9913287 -0.01502352 -0.2963448 0.9549629 -0.06298249 -0.3543784 0.9329786 -0.001428127 -0.1721282 0.9850735 0 -0.6280645 0.7781613 -0.004770636 -0.5964838 0.8026109 -0.02504128 -0.6463589 0.7626225 -0.0202946 -0.6532169 0.7568989 -0.009424924 -0.4494739 -0.8932438 -0.06971126 -0.5663221 -0.8212306 -0.05878317 -0.5564658 -0.8287885 -0.005298376 -0.6891772 -0.7245734 0.001488685 -0.7509239 -0.660387 -0.008399128 -0.8025228 -0.5965623 -0.03263872 -0.818336 -0.5738127 -0.01091873 -0.8159285 -0.5780497 0 -0.1274085 -0.9918504 0.001242399 -0.1331205 -0.991099 -7.12366e-4 -0.328465 -0.9445159 0.009480297 -0.6956648 -0.7183041 -1.36428e-5 -0.6111618 -0.7915056 6.62004e-5 -0.4257792 -0.9048271 0.04208725 -0.5411634 -0.8398636 0.01778733 -0.4602395 -0.8876167 0.0379917 -0.9404266 -0.3378677 0.03641295 -0.7786008 -0.6264623 4.99973e-5 -0.7071071 -0.7071064 -1.94841e-5 -0.830613 -0.55685 0.003956794 -0.8776702 -0.4792487 0 -0.8796684 -0.4755876 0 -0.9048268 -0.4257797 0 -0.9910998 -0.1331207 0 -0.9910998 -0.1331207 0 0 -1 0 0 -1 0 0 -1 0 0 -1 0 0 -1 0 0 -1 0 0 -1 0 0 -1 0 0 -1 0 0 -1 0 0 -1 0 0 -1 0 0 -1 0 0 -1 0 0 -1 0 0 -1 0 0 -1 0 0 -1 0 0 -1 0 0 -1 0 0 -1 0 0 -1 0 0 -1 0 0 -1 0 0 -1 0 0 -1 0 0 -1 0 0 -1 0 0 -1 0 0 -1 0 0 -1 0 0 -1 0 0 -1 0 0 -1 0 0 -1 0 0 -1 0 0 -1 0 0 -1 0 0 -1 0 0 -1 0 0 -1 0 0 -1 0 0 -1 0 0.9910998 -0.1331207 0.01720046 0.904693 -0.4257167 0 0.941106 -0.3381118 0 0.9910998 -0.1331207 0 0.8648691 -0.5019974 -0.001547217 0.8654761 -0.5009477 8.40348e-4 0.7814336 -0.623988 0.01227384 0.7070539 -0.7070531 9.91148e-4 0.6717948 -0.7407366 -2.2933e-4 0.5555087 -0.8315107 0.007412433 0.4257675 -0.9048022 0.00548315 0.4191437 -0.9079034 -0.00250703 0.2225673 -0.9749141 0.007297098 0.1331171 -0.9910734 0 0.06704413 -0.9977501 -1 0 0 -1 0 0 -1 0 0 -1 0 0 -1 0 0 -1 0 0 -1 0 0 -1 0 0 -1 0 0 -1 0 0 -1 0 0 -1 0 0 -1 0 0 -1 0 0 -1 0 0 -1 0 0 -1 0 0 -1 0 0 -1 0 0 -1 0 0 -1 0 0 -1 0 0 -1 0 0 -1 0 0 -1 0 0 0 0 1 0 0 1 0 0 1 0 0 1 0 0 1 0 0 1 0 0 1 0 0 1 0 0 1 0 0 1 0 0 1 0 0 1 0 0 1 0 0 1 0 0 1 0 0 1 0 0 1 0 0 1 0 0 1 0 0 1 0 0 1 0 0 1 0 0 1 0 0 1 0 0 1 0 0 1 0 0 1 0 0 1 0 0 1 0 0 1 -0.8280743 -0.5604924 0.01188874 -0.8306426 -0.5568006 0.002476215 -0.8431091 -0.5365052 0.03645861 -0.8370186 -0.5466243 0.0245338 -0.8190823 -0.5736501 0.00545144 -0.8103315 -0.5859695 0.001639723 -0.8050521 -0.5932042 0 -0.8061305 -0.5917376 -6.04884e-4 -0.8112943 -0.5846243 -0.004002809 -0.8146778 -0.5798566 -0.008149802 -0.8175457 -0.5757228 -0.01274681 -0.8228138 -0.567348 -0.03307223 -0.9199156 -0.391222 -0.02646803 -0.9157497 -0.4015654 0.01215106 -0.8993209 -0.4372625 -0.004850029 -0.9007737 -0.4342787 -0.002945244 -0.8831753 -0.4689996 0.006378531 -0.886742 -0.4620564 0.01387023 -0.8758 -0.4826735 -7.70681e-4 -0.8655811 -0.4727019 -0.1652946 -0.8607038 -0.4824609 -0.1625435 -0.8604681 -0.4706954 -0.1950398 -0.8674672 -0.4691557 -0.1655099 -0.8829628 -0.4474889 -0.1418812 -0.8797587 -0.4552371 -0.1370536 -0.8870982 -0.4399568 -0.1396238 -0.8869141 -0.434099 -0.157929 -0.07614839 -0.8809619 -0.4670199 -0.1515675 -0.8627483 -0.4823821 -0.1618161 -0.8312187 -0.531875 -0.3021768 -0.8631904 -0.4044644 -0.4869734 -0.7427625 -0.4595224 -0.5057553 -0.766448 -0.3959408 -0.7307263 -0.5893046 -0.3446145 -0.7306721 -0.5891708 -0.344958 -0.7022981 -0.6297042 -0.3320391 -0.7303023 -0.5584715 -0.3934057 -0.7070441 -0.583339 -0.3997552 -0.7304323 -0.5263994 -0.4351692 -0.7280381 -0.5288242 -0.4362401 -0.7164325 -0.4956761 -0.4909477 -0.7291247 -0.4692544 -0.4981741 -0.7071697 -0.43755 -0.5553926 -0.1531482 -0.5741482 -0.8043007 -0.1700062 -0.6322093 -0.7559162 -0.1714146 -0.6313943 -0.7562792 -0.1343713 -0.7277635 -0.672536 -0.1842903 -0.7092442 -0.6804482 -0.1423283 -0.787841 -0.5992072 -0.1329649 -0.1588872 -0.9783022 -0.1034176 -0.1654841 -0.9807751 -0.1854392 -0.5005595 -0.8456078 -0.1274751 -0.5198804 -0.8446742 -0.1903943 -0.3787235 -0.9057144 -0.1076853 -0.3991917 -0.9105218 -0.1779869 -0.3015681 -0.9366842 -0.1822272 -0.8122307 -0.5541431 -0.4514389 -0.7604553 -0.4668089 -0.4748936 -0.6911861 -0.5447365 -0.4435622 -0.7123401 -0.5438973 -0.4777573 -0.6217342 -0.6206405 -0.4411856 -0.6450096 -0.6239534 -0.4813694 -0.5471137 -0.6847994 -0.4402923 -0.5711374 -0.6927804 -0.4861476 -0.4685305 -0.7376582 -0.4409627 -0.491981 -0.7506707 -0.4918567 -0.3875939 -0.7796461 -0.4973205 -0.3849758 -0.7774741 -0.4683434 -0.2995913 -0.8312036 -0.4683428 0.2995923 -0.8312036 -0.7189392 0.5970949 -0.3558146 -0.06286615 0.8667532 -0.4947593 -0.880443 0.4486399 -0.1534347 -0.8797566 0.4552398 -0.1370586 -0.9146661 0.3754204 -0.1498186 -0.9108185 0.3846715 -0.1497917 -0.8783152 0.4586485 -0.1349223 -0.8742992 0.4560142 -0.1662886 -0.8655789 0.4727032 -0.1653022 -0.853358 0.4834485 -0.1950833 -0.2094023 0.8389552 -0.5022997 -0.4517419 0.715954 -0.5322961 -0.4700276 0.754072 -0.4587477 -0.7217261 0.6128326 -0.3217884 -0.4451555 0.7755117 -0.4476808 -0.470651 0.7056006 -0.5297315 -0.449915 0.6975399 -0.5576867 -0.4714325 0.6407971 -0.6059129 -0.4498762 0.6258946 -0.6370772 -0.4726647 0.5705882 -0.6715782 -0.4514932 0.5480915 -0.7040948 -0.8677355 0.4682973 -0.1665319 -0.729119 0.4692499 -0.4981869 -0.7071688 0.4375514 -0.5553927 -0.4935154 0.3838134 -0.7804676 -0.4985928 0.3890346 -0.7746337 -0.4306271 0.7944226 -0.4283143 0.004616916 0.9216685 -0.387951 -0.1827952 0.8121924 -0.5540121 -0.1494482 0.7866952 -0.5989791 -0.1692413 0.7284982 -0.6638132 -0.08968394 0.6821857 -0.7256579 -0.173682 0.6324975 -0.7548387 -0.1521135 0.5789065 -0.8010797 -0.1727634 0.5276135 -0.8317313 -0.08791631 0.4417316 -0.8928292 -0.8802169 0.45175 -0.1453966 -0.7133338 0.604319 -0.3548992 -0.7248329 0.5743395 -0.3804622 -0.714359 0.56673 -0.4104977 -0.729683 0.5284018 -0.4339983 -0.7275859 0.527419 -0.4386889 -0.7164238 0.4956777 -0.4909588 -0.4748876 0.4959092 -0.7270184 -0.4547418 0.4656276 -0.7592107 -0.1565971 0.411906 -0.8976697 -0.161067 0.2960308 -0.9415006 -0.134103 0.2653504 -0.9547804 -0.1799357 0.1795304 -0.9671566 -0.1523017 0.1261687 -0.9802477 -0.8222982 0.5669926 -0.04842406 -0.8213033 0.5700495 -0.0224629 -0.816988 0.576524 -0.01227676 -0.818412 0.5746103 0.004992723 -0.8143592 0.5803171 -0.007160425 -0.8091728 0.587566 -0.002343535 -0.8049643 0.5933234 0 -0.8092933 0.5874033 0.001351535 -0.8125681 0.5828608 0.002509951 -0.8841113 0.467155 0.01064383 -0.8270012 0.5620902 0.01111751 -0.8327886 0.5532894 0.01827728 -0.8305503 0.5567387 0.01510959 -0.8553302 0.518083 5.29011e-4 -0.8755049 0.4832088 -5.882e-4 -0.9194397 0.3922248 -0.02811509 -0.9154075 0.4023996 0.01018345 -0.8982202 0.4395074 -0.005808234 -0.89904 0.4378111 -0.006968975 -0.8833524 0.4686116 0.009582817 -0.814754 -0.54615 -0.1946694 -0.814754 -0.5461497 -0.1946704 -0.6911331 -0.4632835 -0.5547101 -0.6911336 -0.4632845 -0.5547087 -0.4621971 -0.3098225 -0.8308935 -0.4621971 -0.3098225 -0.8308934 -0.1623991 -0.1088602 -0.9807018 -0.1623989 -0.1088601 -0.9807019 -0.1487867 -0.9698685 -0.1929188 -0.3643386 -0.9107189 -0.194547 -0.6767688 -0.710469 -0.1929192 -0.6767693 -0.7104685 -0.1929197 -0.5755323 -0.6041906 -0.5511046 -0.5755326 -0.6041902 -0.5511049 -0.3862741 -0.4055079 -0.8284658 -0.3862741 -0.4055078 -0.8284659 -0.1360709 -0.1428462 -0.9803467 -0.4982239 -0.8449403 -0.1945477 -0.4349776 -0.8853547 -0.1641388 -0.3679515 -0.7489295 -0.5511048 -0.3679518 -0.748929 -0.5511051 -0.2469542 -0.5026507 -0.828466 -0.2469541 -0.5026509 -0.8284658 -0.1487862 -0.9698687 -0.1929184 -0.1363039 -0.8885025 -0.4381606 -0.07840681 -0.833457 -0.5469933 -0.1208155 -0.7875418 -0.6043025 -0.0849213 -0.5535637 -0.8284658 -0.04072016 -0.6082547 -0.7926967 -0.06769603 -0.4412781 -0.8948134 -0.1360709 -0.1428467 -0.9803466 -0.08699345 -0.1770666 -0.9803466 -0.08699345 -0.1770663 -0.9803467 -0.02991491 -0.1950012 -0.9803467 -0.02991479 -0.1950014 -0.9803467 0 -0.1950888 -0.9807857 0 -0.1950888 -0.9807857 0 -0.4422927 -0.8968708 0 -0.4422927 -0.8968708 0 -0.6087597 -0.7933548 0 -0.6087597 -0.7933548 0 -0.7933531 -0.6087617 0 -0.7933531 -0.6087617 0 -0.8968729 -0.4422884 0 -0.8968729 -0.4422884 0 -0.9807853 -0.1950898 0 -0.9807853 -0.1950898 0.1571815 -0.9685939 -0.1926648 0.1571808 -0.968594 -0.1926653 0.05557 -0.5624942 -0.8249316 0.09830939 -0.6058108 -0.7895116 0.1337171 -0.8240028 -0.5505808 0.05367523 -0.7922095 -0.6078841 0.1440247 -0.8875221 -0.4376772 0.03164255 -0.1949909 -0.9802945 0.03164267 -0.194991 -0.9802945 0.07159006 -0.4411578 -0.8945695 0.4554116 -0.8691838 -0.1926651 0.4554114 -0.8691838 -0.1926652 0.3874278 -0.7394324 -0.550581 0.3874276 -0.7394323 -0.5505812 0.2601617 -0.4965365 -0.8281108 0.2601616 -0.4965364 -0.8281108 0.09168034 -0.1749783 -0.9802945 0.0916804 -0.1749784 -0.9802945 0.1571814 0.9685938 -0.1926653 0.1571809 0.9685941 -0.1926649 0.1440247 0.8875221 -0.4376772 0.08830004 0.8327655 -0.546539 0.1276895 0.7868589 -0.6037785 0.08979237 0.5533261 -0.8281109 0.4554116 0.8691837 -0.1926652 0.4554114 0.8691838 -0.192665 0.3874277 0.7394322 -0.5505812 0.3874276 0.7394324 -0.5505811 0.2601616 0.4965364 -0.8281108 0.2601616 0.4965364 -0.8281108 0.0916804 0.1749784 -0.9802945 0.0916804 0.1749783 -0.9802945 0.04883491 0.6080334 -0.7924082 0.07159006 0.4411578 -0.8945695 0.03164267 0.1949909 -0.9802945 0.03164261 0.194991 -0.9802945 0 0.1950888 -0.9807857 0 0.1950888 -0.9807857 0 0.4422927 -0.8968708 0 0.4422927 -0.8968708 0 0.6087597 -0.7933548 0 0.6087597 -0.7933548 0 0.7933531 -0.6087617 0 0.7933531 -0.6087617 0 0.8968729 -0.4422884 0 0.8968729 -0.4422884 0 0.9807853 -0.1950898 0 0.9807853 -0.1950898 -0.4982239 0.8449403 -0.1945477 -0.1487867 0.9698686 -0.1929184 -0.1487862 0.9698686 -0.1929187 -0.04863762 0.5626983 -0.8252303 -0.09298419 0.6061223 -0.7899176 -0.1265292 0.824787 -0.5511052 -0.04255938 0.7926343 -0.60821 -0.1363039 0.8885025 -0.4381606 -0.02991479 0.1950013 -0.9803467 -0.02991497 0.1950014 -0.9803466 -0.06769603 0.4412781 -0.8948134 -0.3643386 0.9107189 -0.194547 -0.4349776 0.8853547 -0.1641388 -0.3679513 0.7489293 -0.5511051 -0.3679518 0.7489293 -0.5511048 -0.2469543 0.5026509 -0.8284659 -0.246954 0.5026508 -0.8284659 -0.08699327 0.1770664 -0.9803467 -0.08699357 0.1770665 -0.9803466 -0.6767688 0.7104689 -0.1929197 -0.6767693 0.7104685 -0.1929193 -0.5755322 0.6041905 -0.5511049 -0.5755327 0.6041903 -0.5511046 -0.386274 0.4055078 -0.8284659 -0.3862742 0.4055078 -0.8284659 -0.1360712 0.1428465 -0.9803466 -0.1360707 0.1428464 -0.9803467 -0.8147538 0.5461499 -0.1946704 -0.8147541 0.5461498 -0.1946694 -0.6911339 0.4632841 -0.5547088 -0.6911329 0.463284 -0.5547102 -0.4621971 0.3098225 -0.8308934 -0.462197 0.3098225 -0.8308934 -0.1623989 0.1088601 -0.9807018 -0.1623991 0.1088602 -0.9807018 -0.1516352 0.9884365 0 -0.2263501 0.974027 -0.006068229 -0.3714355 0.9284588 0 -0.5079289 0.8613991 0 -0.6326611 0.7744051 -0.006068229 -0.6897255 0.7240709 0 0 1 0 0 1 0 0.4641069 0.8857793 0 0.4641069 0.8857793 0 0.1601825 0.9870874 0 0.1601825 0.9870874 0 -0.4525967 -0.8917152 -5.76743e-4 0.0110948 -0.9937782 0.1108232 -0.012097 -0.8384416 0.5448572 0.005839347 -0.7374488 0.6753778 -0.01356202 -0.7204819 0.6933411 -0.008802533 -0.7155253 0.6985313 0.00157988 -0.6911839 0.7226771 -0.220325 -0.950784 -0.2178684 0.01280993 -0.7287644 0.6846448 0.01432877 -0.7234802 0.6901965 -0.009954452 -0.9587934 0.28393 0.006676971 -0.7629009 0.646481 -2.08895e-4 -0.8329503 0.5533477 2.14654e-4 -0.9004485 0.4349625 -4.91881e-4 -0.9061971 0.4228554 6.4952e-4 -0.9620645 0.2728213 0 -0.7816262 -0.6237472 -0.003020465 -0.7534382 -0.6575118 0.006914079 -0.8688153 -0.4950879 0.02679538 -0.9406825 -0.3382283 -0.01904809 -0.8225792 -0.5683315 -0.006870627 -0.881963 -0.4712685 0.007879734 -0.9795116 -0.2012333 -0.007095694 -0.9416044 -0.3366465 0.007352292 -0.9988902 -0.04652291 0.001669943 -0.9947292 -0.1025226 -9.87735e-4 -0.99059 0.1368595 0.1601825 -0.9870874 0 0.1601825 -0.9870874 0 0.4641069 -0.8857793 0 0.4641069 -0.8857793 0 0 -1 0 0 -1 0 -0.6897255 -0.7240709 0 -0.6326611 -0.7744051 -0.006068229 -0.5079289 -0.8613991 0 -0.3714355 -0.9284588 0 -0.2263501 -0.974027 -0.006068229 -0.1516352 -0.9884365 0 -1 0 0 -1 0 0 -1 0 0 -1 0 0 -1 0 0 -1 0 0 -1 0 0 -1 0 0 -1 0 0 -1 0 0 -1 0 0 -1 0 0 -1 0 0 -1 0 0 -1 0 0 -1 0 0 -1 0 0 -1 0 0 -1 0 0 -1 0 0 -0.1212643 -0.9926203 0 -0.1114701 -0.9937678 -1.76878e-4 -0.3665097 -0.9304141 2.03497e-4 -0.9969637 -0.0778672 0 -0.3520944 -0.9359645 -1.26335e-4 -0.602704 -0.7979649 1.46335e-4 -0.6265927 -0.7793468 -5.25779e-4 -0.8237319 -0.5669792 5.44097e-4 -0.8449278 -0.5348803 -3.58992e-4 -0.957026 -0.2900021 3.03407e-4 -0.9712004 -0.2382627 -7.90878e-4 -0.9992313 -0.03919899 5.08383e-4 -2.86075e-5 -0.9872751 -0.1590214 -0.01916009 0.8237255 0.5666651 -0.02570647 0.8157075 0.5778931 -0.005922257 0.4144269 0.9100633 -0.03500193 0.5120082 0.8582671 -0.06821459 0.5561313 0.8282902 -0.01069909 0.6530479 0.757241 0.005521178 0.7745451 0.6324946 0 -0.9931598 0.1167631 -5.5329e-6 -0.9987588 -0.04980731 -0.01009035 -0.9971233 0.07512181 -0.05645471 -0.9878997 0.144454 0 -0.9516834 0.3070807 0 -0.7964366 0.6047222 0 -0.7964366 0.6047222 0 -0.4051632 0.9142443 0 -0.4051632 0.9142443 0 0.08695417 0.9962123 0 0.08695417 0.9962123 0 0.3539456 0.9352661 -0.01209253 -0.9489529 -0.3151859 -0.02136904 -0.9360252 -0.3512837 2.61553e-5 -0.8662205 -0.499662 -0.0264635 -0.6497439 -0.7596925 -0.005989909 -0.7106825 -0.7034875 -3.1022e-5 -0.8030634 -0.5958936 9.94245e-5 -0.2019265 -0.9794007 -0.1130784 -0.009263813 -0.9935429 -0.06029027 -0.105906 -0.9925467 -0.00333321 -0.3046565 -0.9524565 -6.96005e-6 -0.4276331 -0.9039524 -1.31908e-6 -0.5332968 -0.8459282 0.001574993 0.5659958 -0.8244066 -0.001184225 0.4751118 -0.8799247 -0.0318107 0.2962282 -0.9545873 -0.04103434 0.3101363 -0.9498062 -6.45918e-5 0.1367296 -0.9906084 -0.03810197 0.6220644 -0.7820385 -0.02109986 0.6438946 -0.7648231 -0.002403974 0.6298524 -0.7767111 0 0.6280645 -0.7781613 -0.988736 0.1496698 0 -0.7728 0.6346497 -1.23261e-6 -0.9888684 0.1487929 -2.22559e-5 -0.9470393 0.3211175 9.12169e-6 -0.9032395 0.4291365 -5.12862e-4 -0.8803123 0.4743944 4.43066e-4 -0.7583128 0.6518908 -3.54109e-4 -0.661567 0.7498862 1.46274e-6 -0.6500397 0.7599002 1.53097e-4 -0.4664735 0.8845351 -3.16597e-4 -0.05491346 0.9984911 0 -0.0489239 0.9988026 4.86055e-5 -0.2235484 0.9746928 -1.20215e-4 -0.2296182 0.9732807 -2.33011e-4 -0.4891254 0.8722134 3.00611e-4 0 0 -1 0 0 -1 0 0 -1 0 0 -1 0 0 -1 0 0 -1 0 0 -1 0 0 -1 0 0 -1 0 0 -1 0 0 -1 0 0 -1 0 0 -1 0 0 -1 0 0 -1 0 0 -1 0 0 -1 0 0 -1 0 0 -1 0 0 -1 -1 0 0 -1 0 0 -1 0 0 -1 0 0 -1 0 0 -1 0 0 -1 0 0 -1 0 0 -1 0 0 -1 0 0 -1 0 0 -1 0 0 -1 0 0 -6.60297e-4 0.3284723 0.9445133 0.001204431 0.1273872 0.9918524 0 0.1331207 0.9910998 0.009334266 0.6946347 0.7193021 -1.38045e-5 0.6110025 0.7916287 6.49933e-5 0.4257792 0.9048271 0.04211658 0.5412427 0.839811 0.017708 0.4600093 0.8877375 0.0379917 0.9404266 0.3378677 0.03607058 0.778046 0.6271709 1.12875e-5 0.7071071 0.7071064 -6.06831e-5 0.8308992 0.5564229 0.003948032 0.8776513 0.4792833 0 0.879653 0.475616 0 0.9048268 0.4257797 0 0.9910998 0.1331207 0 0.9910998 0.1331207 0 -0.9910998 0.1331207 0 -0.8651502 0.5015128 0.001080334 -0.6719884 0.7405609 0.01228988 -0.7070538 0.707053 -2.50149e-4 -0.5559493 0.8312162 0.007389426 -0.4257676 0.9048023 0.005623698 -0.419711 0.9076403 -0.002578556 -0.2225133 0.9749262 0.007227241 -0.1331172 0.9910739 0 -0.06761777 0.9977114 7.24554e-4 -0.7820645 0.623197 -0.001440405 -0.8657182 0.5005296 0.01720046 -0.904693 0.4257167 0 -0.941106 0.3381118 0 -0.9910998 0.1331207 -1 0 0 -1 0 0 -1 0 0 -1 0 0 -1 0 0 -1 0 0 -1 0 0 -1 0 0 -1 0 0 -1 0 0 -1 0 0 -1 0 0 0 0 1 0 0 1 0 0 1 0 0 1 0 0 1 0 0 1 0 0 1 0 0 1 0 0 1 0 0 1 0 0 1 0 0 1 0 0 1 0 0 1 0 0 1 0 0 1 0 0 1 0 0 1 0 0 1 0 0 1 0 0 1 0 0 1 0 0 1 0 0 1 0 0 1 0 0 1 0 0 1 0 0 1 0 0 1 -0.7855378 0.6186922 0.01226252 -0.7328678 0.6803711 0 -0.689819 0.723931 0.008588731 -0.6749729 0.7378426 0 -0.801473 0.5978206 -0.01585698 -0.7853842 0.6190087 0 -0.7815968 0.6237278 -0.008369445 -0.7846136 0.6199725 0.003967344 -0.8824484 0.4698445 0.02303987 -0.9156531 0.4017931 -0.01190656 -0.9198201 0.3914221 0.02682727 -0.8942023 0.446941 -0.02541583 -0.8759998 0.4823111 7.19866e-4 -0.8337918 0.5520755 -0.00197184 -0.8454964 0.5330653 -0.0312612 -0.7705863 0.6321344 0.08125835 -0.8199611 0.5702103 -0.05023866 -0.8116716 0.5833293 -0.03026878 -0.4383987 0.4912633 0.75264 -0.9223238 0.3860003 0.01796239 -0.8704898 0.4668703 0.1558193 -0.8719262 0.4589224 0.1706898 -0.4722944 0.691647 0.5464088 -0.440863 0.7126857 0.5456363 -0.4751085 0.6219978 0.6224071 -0.0701667 0.8810325 0.4678229 -0.1506384 0.8629003 0.4824013 -0.1608222 0.8315445 0.5316672 -0.181622 0.8124819 0.5539736 -0.4385846 0.6451051 0.6256859 -0.4788591 0.5469244 0.6867079 -0.1263293 0.5193212 0.8451902 -0.1891784 0.3784636 0.9060777 -0.4894358 0.3865044 0.7817078 -0.4956343 0.3835732 0.7792421 -0.4677566 0.3005748 0.831179 -0.8920709 0.4223753 0.1606509 -0.8773609 0.4596501 0.137694 -0.8732609 0.4567695 0.1696382 -0.860037 0.4818754 0.1677275 -0.8598734 0.4717789 0.1950451 -0.1332851 0.15835 0.9783458 -0.1017828 0.1653092 0.9809756 -0.1774175 0.3007165 0.9370659 -0.1075193 0.3987714 0.9107256 -0.4834713 0.4679653 0.7397729 -0.4374705 0.5707877 0.6948532 -0.1846382 0.5002194 0.8459843 -0.1521615 0.5741161 0.8045108 -0.1690604 0.6319581 0.7563382 -0.1703982 0.6311862 0.7566826 -0.1333869 0.7274374 0.6730846 -0.1852821 0.7083017 0.6811603 -0.1401198 0.7873435 0.6003804 -0.2536366 0.8668872 0.4291561 -0.4286552 0.7981296 0.4233719 -0.4391587 0.7646039 0.4717208 -0.4928249 0.7302744 0.4730992 -0.4453365 0.7694948 0.4577696 -0.7137266 0.6247282 0.316716 -0.7123758 0.601173 0.3620936 -0.7116517 0.6020531 0.3620553 -0.7270666 0.5599872 0.3972258 -0.703722 0.5847366 0.4035574 -0.7273413 0.5272069 0.4393491 -0.7251531 0.5293939 0.4403353 -0.71323 0.495751 0.4955138 -0.7268198 0.4674034 0.5032564 -0.7067934 0.4381708 0.5553823 -0.004525899 -0.865401 0.5010595 -0.0871911 -0.8661003 0.4922071 -0.458055 -0.7601553 0.460814 -0.4576261 -0.7585294 0.463909 -0.7341355 -0.5712604 0.3670242 -0.8813481 -0.4332203 0.188536 -0.8813321 -0.4473622 0.152055 -0.9140688 -0.3754892 0.1532511 -0.7529875 -0.607343 0.2532674 -0.711878 -0.6014934 0.3625406 -0.7216198 -0.5758171 0.3843171 -0.7110251 -0.5681755 0.4142704 -0.7266723 -0.5290124 0.4382846 -0.706794 -0.4381698 0.5553823 -0.7268213 -0.467404 0.5032538 -0.7132304 -0.4957537 0.4955106 -0.7247459 -0.5281215 0.4425281 -0.1329327 -0.2649169 0.9550644 -0.1595944 -0.2948775 0.942113 -0.1563508 -0.4114696 0.8979127 -0.08675795 -0.4420531 0.8927834 -0.1719607 -0.5271423 0.8321962 -0.1510115 -0.5791881 0.8010848 -0.1730228 -0.6322696 0.7551809 -0.088979 -0.6823241 0.7256148 -0.1683111 -0.7282048 0.6643713 -0.1481871 -0.787302 0.5984949 -0.1822484 -0.8124426 0.5538254 -0.1138697 -0.8607202 0.49618 -0.3265467 -0.8544673 0.4040458 -0.8598732 -0.4717791 0.1950451 -0.8600368 -0.4818751 0.1677288 -0.8732606 -0.4567697 0.1696394 -0.8773608 -0.4596504 0.1376938 -0.8786428 -0.456618 0.1395953 -0.6319199 -0.6825828 0.3670941 -0.4462394 -0.767323 0.4605277 -0.4680761 -0.7059993 0.5314788 -0.4471968 -0.6979544 0.559352 -0.468817 -0.6409704 0.6077563 -0.4472359 -0.6260839 0.6387479 -0.4702029 -0.5703083 0.6735411 -0.4486404 -0.547843 0.7061088 -0.4722476 -0.4952418 0.7291899 -0.4521209 -0.46501 0.761152 -0.4913167 -0.3822231 0.7826324 -0.4970579 -0.3881471 0.776064 -0.4677565 -0.300575 0.831179 -0.1789916 -0.1786931 0.9674869 -0.1520427 -0.1266106 0.9802309 -0.85675 -0.5157321 2.10977e-4 -0.8765726 -0.4812696 -2.35794e-4 -0.8852099 -0.4650337 -0.01212209 -0.884997 -0.465448 -0.01177024 -0.9011517 -0.4334424 0.007308542 -0.9162256 -0.4003723 -0.01525378 -0.9207611 -0.389416 0.023539 -0.78557 -0.6187175 0.008262515 -0.7828 -0.6222628 -0.003637552 -0.6749729 -0.7378426 0 -0.689819 -0.723931 0.008588731 -0.7328678 -0.6803711 0 -0.784092 -0.6206446 0 -0.7942033 -0.607591 -0.008613407 -0.8022317 -0.5967816 -0.01661819 -0.8114395 -0.583648 -0.03034847 -0.8377003 -0.5460209 -0.01092815 -0.8337182 -0.5520268 -0.01343607 -0.7722873 -0.6335298 0.04703438 -0.4879639 -0.8728639 0 -0.4879639 -0.8728639 0 -0.1691017 -0.9855986 0 -0.1691017 -0.9855986 0 0 -1 0 0 -1 0 -0.1305264 0.9914448 0 -0.1736318 0.9847148 -0.01374149 -0.3007054 0.9537171 0 -0.4226182 0.9063078 0 -0.4999161 0.8658798 -0.01833242 -0.5735767 0.8191519 0 -0.6755897 0.7372778 0 -0.7659721 0.642727 -0.01374161 -0.7933534 0.6087614 0 -0.9238796 0.3826833 0 -0.9396039 0.3419878 -0.01374149 -0.9762959 0.21644 0 -0.9961947 0.08715581 0 -0.9998319 0 -0.01833236 -0.9961947 -0.08715581 0 -0.9762959 -0.21644 0 -0.9396039 -0.3419878 -0.01374149 -0.9238796 -0.3826833 0 -0.7933534 -0.6087614 0 -0.7659721 -0.642727 -0.01374155 -0.6755897 -0.7372778 0 -0.5735767 -0.8191519 0 -0.4999161 -0.8658798 -0.01833242 -0.4226182 -0.9063078 0 -0.3007054 -0.9537171 0 -0.1736318 -0.9847148 -0.01374149 -0.1305264 -0.9914448 0 0 1 0 0 1 0 -0.1691017 0.9855986 0 -0.1691017 0.9855986 0 -0.4879639 0.8728639 0 -0.4879639 0.8728639 0 -0.1319174 0.1442049 0.9807155 -0.1319174 0.1442049 0.9807154 -0.3754815 0.4104557 0.8309872 -0.3754813 0.4104551 0.8309875 -0.5615443 0.6138489 0.5548492 -0.5615443 0.6138489 0.5548491 -0.6620506 0.7237167 0.1947386 -0.1629576 0.1078985 0.9807153 -0.1629574 0.1078984 0.9807154 -0.4638319 0.3071152 0.8309875 -0.4638322 0.3071157 0.8309872 -0.6936753 0.4593009 0.554849 -0.6936748 0.4593001 0.5548502 -0.7663782 0.6286824 0.1319965 -0.7187916 0.6673031 0.1950521 -0.6620506 0.7237166 0.1947389 -0.1485509 0.1270035 0.9807155 -0.1485509 0.1270036 0.9807154 -0.4228255 0.3614945 0.8309875 -0.4228255 0.3614946 0.8309876 -0.6323491 0.5406267 0.5548491 -0.6323491 0.5406268 0.5548489 -0.7455281 0.6373891 0.1947385 -0.8178308 0.541507 0.1947385 -0.8178308 0.5415073 0.1947376 -0.03345316 0.1949794 0.9802367 -0.03345316 0.1949794 0.9802367 -0.09489071 0.5530633 0.8277179 -0.09489047 0.5530636 0.8277176 -0.1412275 0.823136 0.5500018 -0.1412278 0.8231358 0.5500021 -0.165943 0.9671869 0.1923856 -0.1659428 0.9671871 0.1923854 -0.09653311 0.1726772 0.9802367 -0.09653311 0.1726773 0.9802367 -0.2738183 0.4898031 0.8277176 -0.2738183 0.489803 0.8277177 -0.4075294 0.7289839 0.550002 -0.4075292 0.7289842 0.5500018 -0.4788479 0.8565585 0.1923853 -0.4788484 0.8565582 0.1923858 0 0.9807853 0.1950904 0 0.9807853 0.1950904 0 0.8314697 0.5555703 0 0.8314697 0.5555703 0 0.5555703 0.8314697 0 0.5555703 0.8314697 0 0.1950886 0.9807856 0 0.1950886 0.9807856 -0.02567541 0.1950243 0.9804623 -0.07294732 0.55409 0.8292544 -0.108815 0.8265324 0.5522713 -0.1280599 -0.97271 0.1934836 -0.5493817 0.7845979 0.2873781 -0.597258 0.7783617 0.1934842 -0.4145576 0.8890219 0.1943762 -0.3697544 0.8926661 0.2577384 -0.2949381 0.9354256 0.1949113 -0.1280596 0.9727101 0.1934836 -0.1280599 0.9727099 0.1934841 -0.6626325 0.7231373 0.1949118 -0.7783616 0.5972579 0.1934842 -0.7783617 0.5972579 0.1934841 -0.9064214 0.3754519 0.1934841 -0.9064214 0.3754521 0.1934837 -0.9575715 0.2122889 0.1949113 -0.9579487 0.1261163 0.2577383 -0.9771944 0.0854935 0.1943762 -0.97271 -0.1280596 0.1934842 -0.9541724 -0.08347934 0.2873784 -0.9575715 -0.2122889 0.1949113 -0.9064216 -0.3754519 0.1934837 -0.9064214 -0.3754521 0.1934842 -0.7783616 -0.5972579 0.1934841 -0.7783617 -0.597258 0.1934842 -0.6626325 -0.7231373 0.1949118 -0.5881943 -0.7665498 0.2577381 -0.5626369 -0.8035283 0.1943761 -0.3754521 -0.9064214 0.1934842 -0.404791 -0.8680772 0.2873784 -0.2949381 -0.9354256 0.1949113 -0.108815 0.8265323 0.5522713 -0.3190296 0.7702055 0.5522713 -0.3190295 0.7702057 0.5522711 -0.5075029 0.6613906 0.5522711 -0.5075029 0.6613906 0.5522712 -0.6613905 0.5075028 0.5522712 -0.6613906 0.5075029 0.5522711 -0.7702056 0.3190296 0.5522711 -0.7702056 0.3190295 0.5522713 -0.8265324 0.108815 0.5522713 -0.8265324 0.1088151 0.5522713 -0.8265324 -0.108815 0.5522713 -0.8265323 -0.108815 0.5522713 -0.7702055 -0.3190296 0.5522713 -0.7702057 -0.3190295 0.5522711 -0.6613906 -0.5075029 0.5522711 -0.6613906 -0.5075029 0.5522712 -0.5075028 -0.6613905 0.5522712 -0.5075029 -0.6613906 0.5522711 -0.3190296 -0.7702056 0.5522711 -0.3190295 -0.7702056 0.5522713 -0.1280596 -0.97271 0.1934842 -0.1172609 -0.8906855 0.4392371 -0.12788 -0.8230803 0.5533403 -0.1038818 -0.7890609 0.605468 -0.07988864 -0.6068144 0.7908186 -0.07294726 0.5540902 0.8292543 -0.2138708 0.5163298 0.8292543 -0.2138708 0.5163295 0.8292546 -0.3402193 0.4433823 0.8292545 -0.3402193 0.4433825 0.8292544 -0.4433823 0.3402193 0.8292544 -0.4433823 0.3402191 0.8292545 -0.5163295 0.2138707 0.8292545 -0.5163298 0.2138709 0.8292544 -0.5540902 0.07294732 0.8292543 -0.5540901 0.07294726 0.8292544 -0.55409 -0.07294732 0.8292544 -0.5540902 -0.07294726 0.8292543 -0.5163298 -0.2138708 0.8292543 -0.5163295 -0.2138708 0.8292546 -0.4433823 -0.3402193 0.8292545 -0.4433825 -0.3402193 0.8292544 -0.3402193 -0.4433823 0.8292544 -0.3402191 -0.4433823 0.8292545 -0.2138707 -0.5163295 0.8292545 -0.2138709 -0.5163298 0.8292544 -0.09425824 -0.5491612 0.8303838 -0.05813032 -0.4415441 0.8953545 -0.02567535 0.1950243 0.9804624 -0.07527661 0.1817337 0.9804623 -0.07527661 0.1817337 0.9804623 -0.1197477 0.1560583 0.9804622 -0.1197477 0.1560583 0.9804624 -0.1560583 0.1197477 0.9804623 -0.1560583 0.1197478 0.9804623 -0.1817337 0.07527661 0.9804623 -0.1817337 0.07527661 0.9804624 -0.1950243 0.02567541 0.9804622 -0.1950243 0.02567535 0.9804624 -0.1950243 -0.02567541 0.9804623 -0.1950243 -0.02567535 0.9804624 -0.1817337 -0.07527661 0.9804623 -0.1817337 -0.07527661 0.9804623 -0.1560583 -0.1197477 0.9804622 -0.1560583 -0.1197477 0.9804624 -0.1197477 -0.1560583 0.9804623 -0.1197478 -0.1560583 0.9804623 -0.07527661 -0.1817337 0.9804623 -0.07527661 -0.1817337 0.9804624 -0.02567541 -0.1950243 0.9804622 -0.02567535 -0.1950243 0.9804624 0 -0.9807853 0.1950904 0 -0.9807853 0.1950904 0 -0.8968729 0.4422884 0 -0.8968729 0.4422884 0 -0.7933532 0.6087617 0 -0.7933532 0.6087617 0 -0.6087601 0.7933544 0 -0.6087601 0.7933544 0 -0.442292 0.896871 0 -0.442292 0.896871 0 -0.1950886 0.9807856 0 -0.1950886 0.9807856 -0.03345316 -0.1949794 0.9802367 -0.03345316 -0.1949794 0.9802367 -0.07566779 -0.441024 0.8942998 -0.06260478 -0.56226 0.8245874 -0.1038814 -0.6054666 0.7890621 -0.1412275 -0.8231359 0.550002 -0.09653311 -0.1726773 0.9802367 -0.09653306 -0.1726772 0.9802367 -0.2738183 -0.489803 0.8277176 -0.2738184 -0.4898031 0.8277177 -0.4075295 -0.7289841 0.5500018 -0.4075291 -0.7289841 0.550002 -0.4788479 -0.8565585 0.1923859 -0.4788484 -0.8565582 0.1923853 -0.064839 -0.7916837 0.6074807 -0.1520889 -0.8864393 0.4371432 -0.165943 -0.9671871 0.1923854 -0.1659428 -0.9671871 0.1923856 -0.7583114 -0.622065 0.1949335 -0.1629574 -0.1078985 0.9807155 -0.1629576 -0.1078985 0.9807154 -0.4638323 -0.3071155 0.8309872 -0.4638317 -0.3071154 0.8309875 -0.6936746 -0.4593005 0.5548502 -0.6936755 -0.4593005 0.5548489 -0.8178309 -0.5415071 0.1947376 -0.8178306 -0.5415072 0.1947385 -0.7187916 -0.6673031 0.1950521 -0.7511041 -0.6421563 0.1532245 -0.6323491 -0.5406267 0.554849 -0.6323491 -0.5406267 0.5548489 -0.4228255 -0.3614946 0.8309876 -0.4228255 -0.3614945 0.8309876 -0.1485509 -0.1270035 0.9807154 -0.1485509 -0.1270036 0.9807155 -0.1319175 -0.1442049 0.9807155 -0.1319174 -0.1442049 0.9807154 -0.3754812 -0.4104553 0.8309875 -0.3754817 -0.4104556 0.8309872 -0.5615444 -0.6138489 0.554849 -0.5615443 -0.6138489 0.5548492 -0.6620505 -0.7237166 0.1947389 -0.6620506 -0.7237166 0.1947388 0 1 0 0 1 0 0 1 0 0 1 0 0 -1 0 0 -1 0 0 -1 0 0 -1 0 -4.66527e-4 -0.6988858 0.7152332 0 0.9983718 0.05704057 -0.009108245 0.9856345 0.1686465 -0.04223132 -0.444827 0.8946203 0 -0.3078358 0.9514396 0 0.001667022 0.9999986 0 0.001667022 0.9999986 0 0.468751 0.8833304 0 0.468751 0.8833304 0 0.8271881 0.5619251 0 0.8271881 0.5619251 0 0.984411 0.1758836 -0.07940852 0.9551395 0.2853121 0 0.993569 0.1132279 0.0054183 -0.4657965 0.8848752 -0.1349713 -0.5605853 0.8170232 -0.09090059 -0.5104869 0.8550673 -0.0191704 -0.7810289 0.6242005 -0.01766103 -0.7461603 0.6655319 -0.05087029 -0.7834405 0.6193813 -0.07351511 -0.7614517 0.6440395 0.03926742 0.9006078 0.4328552 -3.73073e-4 0.8225784 0.5686517 3.4866e-4 0.7442263 0.6679275 0.01969736 0.7364767 0.6761761 -0.009114384 0.7854269 0.6188874 0.009369909 0.726468 0.6871365 -0.004614114 0.6973943 0.7166728 0.1364216 0.9803454 0.1425207 -0.01932406 0.7387612 0.6736901 -0.01779973 0.7438588 0.6680998 0 0.9994072 0.03442656 0.002691686 0.9885163 0.15109 0.01433575 0.9550517 0.2960924 -0.0148819 0.9967138 0.0796256 -0.003182828 0.8341115 0.5515868 -4.047e-4 0.8713297 0.4906978 3.8031e-4 0.9133778 0.4071129 9.67206e-4 0.9201653 0.391529 -0.002311706 0.9702476 0.2421038 -0.3440046 -0.9389663 0.001795232 -0.3110338 -0.9404159 0.1373901 -0.2815341 0.9593051 -0.02173095 -0.213185 0.9769982 0.005167305 -0.09800732 0.995083 -0.01429492 -0.1281673 0.9905306 -0.04921722 -0.0377056 0.9992889 0 -0.5212516 0.8533352 0.01076316 -0.3808582 0.9246335 -7.86558e-5 -0.3499896 0.9367536 8.89286e-5 -0.2987902 0.9542711 -0.009543597 -0.3742974 0.9273084 8.5557e-4 -0.4713907 0.8819101 -0.005038082 -0.4415181 0.8967201 -0.03090262 -0.576069 0.8159895 0.04801797 -0.4860608 0.8735567 -0.02536648 -0.3138456 0.9489175 0.03250283 -0.3652974 0.9308484 -0.008885145 -0.4851838 0.8725299 0.05734252 -0.4809523 0.8738119 0.07167804 -0.5023825 0.8640369 0.03243589 -0.5288253 -0.8487241 0.003334283 -0.4777039 -0.8779747 -0.03097414 -0.5757373 -0.8155196 0.05877345 -0.4299322 -0.9020076 -0.03925031 -0.4713956 -0.8819193 0.002153337 -0.3742974 -0.9273086 -1.43002e-4 -0.5075347 -0.8612466 0.02574336 -0.4871258 -0.8713941 0.05814409 -0.4849791 -0.8721616 0.06426101 -0.3827983 -0.9238266 -0.003145277 -0.3252099 -0.9456232 0.005923807 -0.2721261 -0.9620159 -0.02174627 -0.2815791 -0.9594586 -0.01234668 -0.1672051 -0.9858995 0.006676554 -0.09796482 -0.9946513 -0.03273636 -0.05797296 -0.9983181 0 -0.5032631 -0.8639999 -0.01517838 -0.5329384 -0.846154 0 -0.6540299 -0.7564687 0 -0.6984331 -0.715519 0.01496034 -0.7485109 -0.6631225 0 -0.809904 -0.5865625 0 -0.8619048 -0.5069217 0.01226931 -0.8819208 -0.4713965 -9.81917e-4 -0.9569398 -0.2902845 0.001043915 -0.9648177 -0.2626914 0.01095932 -0.9864788 -0.1638888 0 -0.9977926 -0.06640821 0 -0.9998862 0 0.01508522 -0.9977926 0.06640821 0 -0.9864788 0.1638888 0 -0.9648177 0.2626914 0.01095938 -0.9569398 0.2902845 0.001043915 -0.8819208 0.4713965 -9.81917e-4 -0.8619048 0.5069217 0.01226931 -0.809904 0.5865625 0 -0.7485109 0.6631225 0 -0.6984331 0.715519 0.01496034 -0.6540299 0.7564687 0 -0.5335267 0.8457832 0 -0.5123848 0.8586955 -0.01019394 0.4158434 0.9094199 -0.005462408 0.533681 0.8454679 0.0191977 0.4761787 0.8786993 -0.03378564 0.5017562 0.8648423 -0.01698797 0.534167 0.845379 0 0.4506523 0.8926969 0.00220263 0.5154228 0.8567178 0.01933908 0.5213741 0.8532433 0.01204144 0.5420664 0.8403102 -0.006545722 0.4155514 0.9095682 -0.001649022 0.3777648 0.9257628 0.01602756 0.342038 0.9312559 0.1255884 0.08035111 0.9967666 0 0.05922961 0.9979349 -0.02485442 0.1812996 0.9833318 0.01374739 0.1679076 0.9857882 0.005370378 0.2597451 0.9656589 -0.005948185 0.2639994 0.9645175 -0.003207743 0.3914263 0.9201917 0.005719721 0.3544859 0.9345321 -0.03145772 0.3961113 0.9181287 -0.01164931 -0.2762314 0.9412366 -0.194345 -0.5282624 0.6436896 -0.5537171 -0.3536267 0.4308952 -0.8302274 -0.1243388 0.1515073 -0.9806046 -0.1243389 0.1515073 -0.9806046 -0.1515073 0.1243389 -0.9806046 -0.1515073 0.1243388 -0.9806046 -0.1728534 0.09239202 -0.9806046 -0.1728534 0.09239202 -0.9806046 -0.1875569 0.05689477 -0.9806046 -0.1875568 0.05689477 -0.9806046 -0.1950525 0.01921099 -0.9806047 -0.1950527 0.01921093 -0.9806046 -0.1950527 -0.01921099 -0.9806046 -0.1950525 -0.01921093 -0.9806046 -0.1875568 -0.05689471 -0.9806047 -0.1875569 -0.05689477 -0.9806046 -0.1728534 -0.09239208 -0.9806046 -0.1728534 -0.09239202 -0.9806047 -0.1515073 -0.1243388 -0.9806046 -0.1515073 -0.1243389 -0.9806046 -0.1243389 -0.1515073 -0.9806046 -0.1243388 -0.1515073 -0.9806046 -0.09239202 -0.1728534 -0.9806046 -0.09239202 -0.1728534 -0.9806046 -0.3536264 0.430895 -0.8302276 -0.4308949 0.3536264 -0.8302276 -0.4308953 0.3536266 -0.8302274 -0.4916049 0.2627682 -0.8302274 -0.4916047 0.2627682 -0.8302275 -0.5334221 0.161812 -0.8302275 -0.5334221 0.161812 -0.8302276 -0.5547405 0.05463695 -0.8302276 -0.5547404 0.05463695 -0.8302277 -0.5547404 -0.05463695 -0.8302277 -0.5547405 -0.05463701 -0.8302276 -0.5334221 -0.161812 -0.8302276 -0.5334222 -0.161812 -0.8302276 -0.4916047 -0.2627681 -0.8302276 -0.4916048 -0.2627683 -0.8302274 -0.4308952 -0.3536267 -0.8302274 -0.430895 -0.3536264 -0.8302276 -0.3536264 -0.4308949 -0.8302276 -0.3536266 -0.4308953 -0.8302274 -0.2627682 -0.4916049 -0.8302274 -0.2627682 -0.4916047 -0.8302275 -0.5282623 0.6436896 -0.5537171 -0.6436896 0.5282624 -0.5537171 -0.6436896 0.5282624 -0.553717 -0.7343801 0.3925344 -0.5537171 -0.7343803 0.3925343 -0.5537168 -0.796849 0.2417217 -0.5537169 -0.7968493 0.2417216 -0.5537164 -0.8286957 0.08161914 -0.5537164 -0.8286955 0.0816192 -0.5537166 -0.8286955 -0.08161914 -0.5537166 -0.8286957 -0.08161926 -0.5537164 -0.7968493 -0.2417218 -0.5537164 -0.7968489 -0.2417215 -0.5537168 -0.7343803 -0.3925344 -0.5537169 -0.7343801 -0.3925343 -0.5537171 -0.6436896 -0.5282624 -0.5537171 -0.6436896 -0.5282623 -0.5537171 -0.5282624 -0.6436896 -0.5537171 -0.5282624 -0.6436896 -0.553717 -0.3925344 -0.7343801 -0.5537171 -0.3925343 -0.7343803 -0.5537168 -0.01921099 0.1950527 -0.9806046 -0.01921093 0.1950525 -0.9806046 -0.05463695 0.5547404 -0.8302277 -0.05463701 0.5547405 -0.8302276 -0.08161914 0.8286955 -0.5537166 -0.08161926 0.8286957 -0.5537164 -0.09615117 0.9762409 -0.1941871 -0.09615153 0.9762412 -0.1941859 -0.3671061 0.9094922 -0.1950823 -0.2831833 0.93353 -0.2198387 -0.2417215 0.796849 -0.5537168 -0.2417218 0.7968493 -0.5537164 -0.161812 0.5334221 -0.8302276 -0.1618119 0.5334221 -0.8302276 -0.05689477 0.1875569 -0.9806046 -0.05689471 0.1875568 -0.9806047 -0.09239208 0.1728534 -0.9806046 -0.09239202 0.1728534 -0.9806047 -0.2627682 0.4916048 -0.8302275 -0.2627683 0.4916048 -0.8302274 -0.3925344 0.7343803 -0.5537169 -0.3925343 0.7343801 -0.5537171 -0.4624235 0.8651337 -0.194186 -0.4624235 0.8651337 -0.1941862 -0.9675426 0.1607428 -0.1949954 -0.9387248 0.2847591 -0.1941859 -0.9387246 0.2847591 -0.1941861 -0.8651337 0.4624235 -0.1941861 -0.8651337 0.4624235 -0.1941862 -0.7943635 0.5753075 -0.1949563 -0.7452676 0.6116252 -0.2655012 -0.7341794 0.6504259 -0.1947481 -0.6223173 0.7582961 -0.1941866 -0.6293354 0.7279064 -0.2721931 -0.5656596 0.8012447 -0.1950282 -0.9549649 0.0635578 -0.2898315 -0.9762409 0.09615117 -0.1941871 -0.9787023 -0.06513762 -0.1946767 -0.9609023 -0.09464043 -0.2602117 -0.9675426 -0.1607428 -0.1949954 -0.9387248 -0.2847591 -0.1941859 -0.9387246 -0.284759 -0.1941861 -0.8651337 -0.4624235 -0.1941861 -0.8651337 -0.4624235 -0.1941862 -0.3671061 -0.9094922 -0.1950823 -0.4624235 -0.8651337 -0.1941861 -0.4624235 -0.8651337 -0.1941862 -0.5656596 -0.8012447 -0.1950282 -0.6138111 -0.7479311 -0.2526561 -0.6415269 -0.7420074 -0.1945974 -0.7582961 -0.6223173 -0.1941866 -0.7123237 -0.6310635 -0.3071707 -0.7943635 -0.5753075 -0.1949563 -0.2762314 -0.9412366 -0.1943451 -0.2831833 -0.93353 -0.2198387 -0.2417216 -0.7968493 -0.5537164 -0.2417217 -0.796849 -0.5537169 -0.161812 -0.533422 -0.8302276 -0.161812 -0.5334221 -0.8302275 -0.05689477 -0.1875568 -0.9806046 -0.05689477 -0.1875569 -0.9806046 -0.01921099 -0.1950525 -0.9806047 -0.01921093 -0.1950527 -0.9806046 -0.05463695 -0.5547406 -0.8302276 -0.05463695 -0.5547404 -0.8302277 -0.08161914 -0.8286957 -0.5537164 -0.0816192 -0.8286955 -0.5537166 -0.09615117 -0.9762411 -0.1941859 -0.09615153 -0.9762408 -0.1941871 0.3644897 -0.9106121 -0.1947639 0.01572442 -0.1950646 -0.9806644 0.01572436 -0.1950644 -0.9806644 0.04474031 -0.5550139 -0.8306371 0.04474031 -0.5550138 -0.830637 0.06687569 -0.8296083 -0.5543265 0.06687611 -0.8296087 -0.5543256 0.07881677 -0.977734 -0.1944841 0.07881683 -0.9777341 -0.1944839 0.04676729 -0.1900269 -0.9806643 0.04676729 -0.1900269 -0.9806644 0.1330663 -0.5406805 -0.830637 0.1330663 -0.5406806 -0.830637 0.1989014 -0.808184 -0.5543256 0.1989009 -0.8081836 -0.5543264 0.2344145 -0.9524841 -0.1944838 0.2344146 -0.9524841 -0.1944835 0.4364539 -0.8783305 -0.1950472 0.3805183 -0.8945484 -0.2344972 0.325789 -0.7658872 -0.5543268 0.3257893 -0.7658874 -0.5543264 0.2179554 -0.5123842 -0.830637 0.2179554 -0.5123842 -0.830637 0.07660233 -0.180082 -0.9806643 0.07660233 -0.1800819 -0.9806643 0.1044592 -0.1654863 -0.9806644 0.1044591 -0.1654863 -0.9806644 0.2972158 -0.4708555 -0.830637 0.297216 -0.4708555 -0.830637 0.444264 -0.703812 -0.5543268 0.4442641 -0.703812 -0.5543268 0.5235872 -0.8294774 -0.1944835 0.5235873 -0.8294773 -0.1944832 -0.03803622 0.626844 0.7782158 -0.03220272 0.6217098 0.7825855 0 0.6025762 0.7980613 -0.03136777 0.2671186 0.963153 -0.002230823 0.3567109 0.9342122 0.001760661 0.5440297 0.8390641 -0.02328073 -0.1642534 0.9861434 -0.00428158 -0.09701132 0.9952741 0.003232538 0.1417073 0.9899033 -3.24732e-5 -0.686026 0.727577 -0.01790499 -0.5525081 0.8333153 -0.01286762 -0.5651163 0.8249109 -6.14124e-6 -0.4092108 0.9124399 1.25513e-5 -0.2952896 0.9554078 2.56303e-5 -0.7624177 0.6470853 -0.0129342 -0.8604102 0.509438 -0.01260197 -0.8610543 0.5083569 0.003643095 -0.9488188 0.3158 -0.007609426 -0.9874532 0.1577286 0 -0.9939319 0.1099972 4.66526e-4 0.7152332 -0.6988858 0 0.05704057 0.9983718 0.009108245 0.1686465 0.9856345 0.04223132 0.8946203 -0.444827 0 0.9514396 -0.3078358 0 0.9999986 0.001667022 0 0.9999986 0.001667022 0 0.8833304 0.468751 0 0.8833304 0.468751 0 0.5619251 0.8271881 0 0.5619251 0.8271881 0 0.1758836 0.984411 0.07940852 0.2853121 0.9551395 0 0.1132279 0.993569 -0.005418241 0.8848752 -0.4657965 0.1349713 0.8170232 -0.5605853 0.09090131 0.8550667 -0.5104878 0.01917022 0.6242005 -0.7810289 0.01766103 0.665532 -0.7461603 0.05087023 0.6193813 -0.7834405 0.07351601 0.6440404 -0.7614509 -0.03926736 0.4328553 0.9006078 3.73073e-4 0.5686517 0.8225783 -3.4866e-4 0.6679275 0.7442263 -0.01969742 0.676176 0.7364767 0.009114444 0.6188874 0.7854268 -0.009369909 0.6871365 0.7264679 0.004614114 0.7166728 0.6973943 -0.136422 0.1425191 0.9803455 0.019324 0.6736901 0.7387613 0.01779973 0.6680998 0.7438588 0 0.03442656 0.9994072 -0.002691686 0.15109 0.9885163 -0.01433575 0.2960924 0.9550517 0.01488196 0.07962554 0.9967138 0.003182828 0.5515868 0.8341115 4.047e-4 0.4906978 0.8713297 -3.8031e-4 0.4071129 0.9133778 -9.67206e-4 0.3915291 0.9201652 0.002311706 0.2421038 0.9702476 0.3440052 0.001795411 -0.9389661 0.3110334 0.137387 -0.9404164 0.2815341 -0.02173101 0.9593051 0.2131844 0.005167484 0.9769983 0.0980072 -0.01429486 0.9950831 0.1281672 -0.0492171 0.9905306 0.0377056 0 0.9992889 0.5212532 0.01076179 0.8533342 0.3808595 -7.87264e-5 0.924633 0.3499857 8.88912e-5 0.936755 0.2987915 -0.009542703 0.9542707 0.3742987 8.55488e-4 0.9273078 0.4713909 -0.005038142 0.88191 0.4415184 -0.03090262 0.8967199 0.5760684 0.04801744 0.81599 0.4860618 -0.02536571 0.8735562 0.3138452 0.03249979 0.9489178 0.3652955 -0.008887529 0.9308493 0.4851841 0.05734091 0.8725299 0.4809517 0.07167899 0.8738121 0.5023819 0.03243696 0.8640372 0.5288235 0.003335654 -0.8487253 0.4777042 -0.03097331 -0.8779745 0.5757367 0.05877333 -0.8155201 0.4299335 -0.03924924 -0.9020071 0.4713957 0.002153396 -0.8819192 0.3742988 -1.42911e-4 -0.9273081 0.5075368 0.02574062 -0.8612455 0.4871239 0.05814766 -0.8713949 0.4849793 0.06425833 -0.8721616 0.3827982 -0.003147542 -0.9238266 0.3252094 0.005921959 -0.9456235 0.2721259 -0.02174639 -0.9620159 0.2815791 -0.0123465 -0.9594586 0.1672047 0.006676673 -0.9858996 0.09796464 -0.03273618 -0.9946513 0.05797302 0 -0.9983181 0.5032592 -0.01518028 -0.8640022 0.5329381 0 -0.8461542 0.6540294 0 -0.7564691 0.6984331 0.01496052 -0.715519 0.7485114 0 -0.6631219 0.8099031 0 -0.5865637 0.8619048 0.01226949 -0.5069217 0.8819217 -9.82225e-4 -0.471395 0.9569397 0.001043558 -0.2902848 0.9648178 0.01095932 -0.262691 0.9864788 0 -0.1638888 0.9977924 0 -0.06641036 0.9998862 0.01508569 0 0.9977924 0 0.06641036 0.9864788 0 0.1638888 0.9648178 0.01095932 0.262691 0.9569397 0.001043558 0.2902848 0.8819217 -9.82225e-4 0.471395 0.8619048 0.01226949 0.5069217 0.8099031 0 0.5865637 0.7485114 0 0.6631219 0.6984331 0.01496052 0.715519 0.6540294 0 0.7564691 0.5335267 0 0.8457832 0.5123827 -0.01019495 0.8586967 -0.4158449 -0.005461931 0.9094192 -0.5336814 0.019198 0.8454677 -0.476179 -0.03378546 0.8786991 -0.5017548 -0.01698887 0.8648431 -0.5341674 0 0.8453787 -0.4506465 0.002201557 0.8926998 -0.5154228 0.01933956 0.8567178 -0.5213758 0.01204001 0.8532422 -0.542062 -0.006541728 0.840313 -0.4155514 -0.001649439 0.9095682 -0.3777648 0.01602721 0.9257629 -0.3420378 0.1255886 0.9312559 -0.08035117 0 0.9967666 -0.05922967 -0.02485442 0.9979349 -0.1812996 0.01374733 0.9833318 -0.1679077 0.005370438 0.9857881 -0.2597451 -0.005948126 0.9656589 -0.2639992 -0.003207802 0.9645175 -0.3914259 0.005719661 0.9201919 -0.3544854 -0.03145796 0.9345323 -0.3961113 -0.01164931 0.9181287 0.2762313 -0.1943467 0.9412362 0.5282604 -0.5537198 0.6436889 0.3536286 -0.8302258 0.4308966 0.1243383 -0.9806048 0.1515067 0.1243391 -0.9806046 0.1515072 0.1515073 -0.9806046 0.1243391 0.1515077 -0.9806045 0.1243392 0.1728541 -0.9806045 0.09239208 0.1728522 -0.9806048 0.09239178 0.1875555 -0.9806049 0.05689471 0.1875568 -0.9806047 0.05689465 0.1950526 -0.9806046 0.01921063 0.1950523 -0.9806048 0.01921069 0.1950523 -0.9806047 -0.01921057 0.1950526 -0.9806047 -0.01921075 0.1875567 -0.9806047 -0.05689513 0.1875556 -0.9806049 -0.0568943 0.1728525 -0.9806048 -0.09239119 0.1728538 -0.9806045 -0.09239262 0.1515076 -0.9806045 -0.1243393 0.1515074 -0.9806046 -0.1243389 0.1243389 -0.9806045 -0.1515074 0.1243386 -0.9806048 -0.1515066 0.09239184 -0.9806047 -0.1728529 0.09239184 -0.9806048 -0.172853 0.3536251 -0.8302283 0.4308947 0.4308939 -0.8302285 0.3536256 0.4308951 -0.8302277 0.353626 0.4916039 -0.8302277 0.2627688 0.4916069 -0.8302259 0.2627692 0.5334247 -0.8302257 0.1618125 0.5334235 -0.8302265 0.1618126 0.5547422 -0.8302264 0.05463665 0.5547392 -0.8302284 0.05463749 0.5547393 -0.8302285 -0.05463635 0.554742 -0.8302265 -0.05463778 0.5334236 -0.8302265 -0.1618122 0.5334246 -0.8302258 -0.1618129 0.4916065 -0.8302258 -0.2627702 0.4916045 -0.8302277 -0.2627679 0.4308949 -0.8302277 -0.3536264 0.4308942 -0.8302285 -0.3536253 0.3536262 -0.8302284 -0.4308937 0.3536274 -0.8302259 -0.4308974 0.2627691 -0.8302263 -0.4916064 0.2627691 -0.8302266 -0.4916057 0.528263 -0.5537161 0.6436899 0.6436906 -0.5537159 0.5282626 0.6436891 -0.5537177 0.5282623 0.7343798 -0.5537178 0.3925339 0.734381 -0.5537162 0.3925338 0.7968494 -0.5537161 0.2417222 0.7968509 -0.553714 0.2417218 0.8286972 -0.553714 0.08162027 0.8286977 -0.5537133 0.08162003 0.8286976 -0.5537133 -0.08162033 0.8286972 -0.5537139 -0.08161997 0.7968506 -0.553714 -0.2417225 0.7968496 -0.5537161 -0.2417214 0.7343808 -0.5537162 -0.3925344 0.7343801 -0.5537178 -0.3925334 0.6436896 -0.5537177 -0.5282617 0.6436902 -0.5537159 -0.5282631 0.528262 -0.553716 -0.6436909 0.5282615 -0.5537196 -0.6436882 0.3925341 -0.5537191 -0.7343788 0.392534 -0.5537163 -0.7343809 0.01921093 -0.9806046 0.1950527 0.01921093 -0.9806047 0.1950527 0.05463695 -0.8302277 0.5547404 0.05463695 -0.8302276 0.5547404 0.08161914 -0.5537166 0.8286955 0.08161926 -0.5537163 0.8286957 0.09615117 -0.1941871 0.9762409 0.09615141 -0.1941865 0.976241 0.3671073 -0.195084 0.9094913 0.2831832 -0.2198404 0.9335296 0.2417216 -0.5537165 0.7968493 0.2417219 -0.553716 0.7968495 0.1618122 -0.830227 0.5334229 0.1618114 -0.8302278 0.5334219 0.05689454 -0.9806047 0.1875566 0.05689495 -0.9806045 0.1875572 0.0923919 -0.9806047 0.172853 0.09239184 -0.9806048 0.1728529 0.2627689 -0.8302266 0.4916059 0.2627693 -0.8302263 0.4916062 0.3925349 -0.5537163 0.7343804 0.3925333 -0.5537191 0.7343794 0.4624227 -0.1941882 0.8651337 0.4624238 -0.1941854 0.8651338 0.9675421 -0.1949977 0.1607427 0.9387243 -0.1941881 0.2847592 0.9387248 -0.1941861 0.2847588 0.8651344 -0.1941861 0.4624221 0.8651338 -0.1941882 0.4624225 0.7943623 -0.1949581 0.5753085 0.7452674 -0.2655014 0.6116254 0.7341796 -0.1947507 0.650425 0.6223173 -0.1941887 0.7582954 0.6293352 -0.2721922 0.7279071 0.5656591 -0.1950272 0.8012454 0.9549648 -0.2898316 0.06355988 0.97624 -0.1941916 0.09615176 0.9787012 -0.1946812 -0.06513971 0.9609018 -0.2602132 -0.09464108 0.9675421 -0.1949977 -0.1607427 0.9387244 -0.1941881 -0.2847586 0.9387246 -0.1941861 -0.2847594 0.8651341 -0.1941861 -0.4624226 0.8651341 -0.1941881 -0.4624219 0.3671073 -0.195084 -0.9094913 0.4624235 -0.1941882 -0.8651332 0.462423 -0.1941853 -0.8651341 0.5656591 -0.1950272 -0.8012454 0.6138114 -0.252656 -0.7479309 0.6415262 -0.1945996 -0.7420075 0.7582954 -0.1941892 -0.6223171 0.7123245 -0.3071697 -0.6310631 0.7943623 -0.1949582 -0.5753085 0.2762313 -0.1943467 -0.9412362 0.2831832 -0.2198404 -0.9335296 0.2417217 -0.553716 -0.7968496 0.2417218 -0.5537165 -0.7968491 0.1618118 -0.8302277 -0.5334218 0.1618118 -0.8302269 -0.5334231 0.05689471 -0.9806045 -0.1875572 0.05689477 -0.9806046 -0.1875566 0.01921093 -0.9806046 -0.1950527 0.01921093 -0.9806047 -0.1950527 0.05463695 -0.8302276 -0.5547404 0.05463695 -0.8302276 -0.5547403 0.08161914 -0.5537163 -0.8286958 0.08161926 -0.5537165 -0.8286955 0.09615123 -0.1941865 -0.976241 0.09615141 -0.1941871 -0.9762409 -0.3644894 -0.1947637 -0.9106121 -0.01572442 -0.9806644 -0.1950646 -0.01572436 -0.9806643 -0.1950644 -0.04474031 -0.830637 -0.5550138 -0.04474037 -0.830637 -0.555014 -0.06687575 -0.5543265 -0.8296082 -0.06687617 -0.5543256 -0.8296087 -0.07881683 -0.1944841 -0.977734 -0.07881695 -0.1944838 -0.9777341 -0.04676723 -0.9806644 -0.1900268 -0.04676735 -0.9806643 -0.190027 -0.1330665 -0.8306369 -0.5406807 -0.1330661 -0.8306372 -0.5406804 -0.1989011 -0.5543258 -0.808184 -0.1989009 -0.554326 -0.8081838 -0.2344145 -0.1944837 -0.9524841 -0.2344146 -0.1944834 -0.9524841 -0.4364529 -0.1950479 -0.878331 -0.3805182 -0.2344973 -0.8945485 -0.3257891 -0.5543265 -0.7658875 -0.3257895 -0.5543259 -0.7658877 -0.2179554 -0.830637 -0.5123843 -0.2179549 -0.8306373 -0.5123838 -0.07660216 -0.9806644 -0.1800818 -0.07660245 -0.9806644 -0.1800821 -0.1044589 -0.9806643 -0.1654861 -0.1044591 -0.9806644 -0.1654863 -0.2972159 -0.8306369 -0.4708556 -0.2972159 -0.8306369 -0.4708556 -0.4442641 -0.5543264 -0.7038123 -0.4442645 -0.5543259 -0.7038124 -0.5235872 -0.1944844 -0.8294771 -0.5235877 -0.1944832 -0.8294771 0.03803622 0.7782158 0.626844 0.03220283 0.7825853 0.6217099 0 0.7980614 0.6025762 0.03136777 0.963153 0.2671186 0.002230823 0.9342122 0.3567108 -0.001760661 0.8390641 0.5440297 0.02328073 0.9861434 -0.1642534 0.00428158 0.9952741 -0.09701132 -0.003232538 0.9899033 0.1417073 3.24732e-5 0.727577 -0.686026 0.01790499 0.8333153 -0.5525081 0.01286762 0.8249109 -0.5651163 6.14124e-6 0.9124399 -0.4092108 -1.25513e-5 0.9554078 -0.2952896 -2.56303e-5 0.6470853 -0.7624177 0.0129342 0.509438 -0.8604102 0.01260197 0.5083569 -0.8610543 -0.003643095 0.3158 -0.9488188 0.007609426 0.1577286 -0.9874532 0 0.1099972 -0.9939319</float_array>
          <technique_common>
            <accessor source="#link_2-mesh-normals-array" count="3170" stride="3">
              <param name="X" type="float"/>
              <param name="Y" type="float"/>
              <param name="Z" type="float"/>
            </accessor>
          </technique_common>
        </source>
        <vertices id="link_2-mesh-vertices">
          <input semantic="POSITION" source="#link_2-mesh-positions"/>
        </vertices>
        <triangles material="base-material" count="3170">
          <input semantic="VERTEX" source="#link_2-mesh-vertices" offset="0"/>
          <input semantic="NORMAL" source="#link_2-mesh-normals" offset="1"/>
          <p>0 0 1 0 2 0 3 1 4 1 5 1 5 2 4 2 6 2 5 3 6 3 2 3 2 4 6 4 7 4 2 5 7 5 0 5 8 6 9 6 10 6 10 7 9 7 11 7 10 8 11 8 12 8 12 9 11 9 13 9 12 10 13 10 5 10 5 11 13 11 14 11 5 12 14 12 3 12 15 13 16 13 17 13 17 14 16 14 18 14 17 15 18 15 8 15 8 16 18 16 19 16 8 17 19 17 9 17 20 18 21 18 17 18 17 19 21 19 22 19 17 20 22 20 15 20 23 21 24 21 25 21 26 22 27 22 28 22 28 23 27 23 29 23 28 24 29 24 30 24 30 25 29 25 31 25 30 26 31 26 32 26 32 27 31 27 33 27 32 28 33 28 34 28 34 29 33 29 35 29 27 30 36 30 29 30 29 31 36 31 37 31 29 32 37 32 31 32 31 33 37 33 38 33 31 34 38 34 33 34 33 35 38 35 25 35 33 36 25 36 35 36 35 37 25 37 24 37 39 38 23 38 40 38 40 39 23 39 25 39 40 40 25 40 41 40 41 41 25 41 38 41 41 42 38 42 42 42 42 43 38 43 37 43 42 44 37 44 43 44 43 45 37 45 36 45 43 46 44 46 42 46 42 47 44 47 45 47 42 48 45 48 41 48 41 49 45 49 46 49 41 50 46 50 40 50 40 51 46 51 47 51 40 52 47 52 39 52 39 53 47 53 48 53 49 54 50 54 51 54 49 55 51 55 52 55 52 56 51 56 53 56 52 57 53 57 54 57 50 58 49 58 55 58 55 59 49 59 56 59 55 60 56 60 57 60 58 61 59 61 60 61 61 62 62 62 57 62 57 63 62 63 63 63 57 64 63 64 55 64 60 65 64 65 58 65 58 66 64 66 65 66 58 67 65 67 66 67 66 68 65 68 61 68 66 69 61 69 67 69 67 70 61 70 57 70 68 71 69 71 59 71 59 72 69 72 70 72 59 73 70 73 60 73 71 74 72 74 73 74 71 75 73 75 74 75 74 76 73 76 75 76 74 77 75 77 76 77 77 78 78 78 79 78 79 79 78 79 80 79 75 80 81 80 76 80 76 81 81 81 79 81 76 82 79 82 82 82 82 83 79 83 80 83 83 84 84 84 85 84 85 85 86 85 83 85 83 86 86 86 87 86 83 87 87 87 88 87 89 88 90 88 91 88 91 89 90 89 92 89 91 90 92 90 83 90 83 91 92 91 93 91 83 92 93 92 84 92 89 93 91 93 94 93 94 94 91 94 95 94 94 95 95 95 96 95 96 96 95 96 97 96 97 97 95 97 98 97 97 98 98 98 99 98 99 99 98 99 100 99 100 100 98 100 101 100 100 101 101 101 102 101 102 102 101 102 103 102 103 103 101 103 104 103 103 104 104 104 105 104 106 105 107 105 108 105 109 106 110 106 111 106 111 107 110 107 112 107 111 108 112 108 108 108 108 109 112 109 113 109 108 110 113 110 106 110 114 111 115 111 116 111 116 112 115 112 117 112 116 113 117 113 118 113 118 114 117 114 119 114 118 115 119 115 111 115 111 116 119 116 120 116 111 117 120 117 109 117 121 118 122 118 123 118 123 119 122 119 124 119 123 120 124 120 114 120 114 121 124 121 125 121 114 122 125 122 115 122 126 123 127 123 123 123 123 124 127 124 128 124 123 125 128 125 121 125 129 126 130 126 131 126 132 127 133 127 134 127 134 128 133 128 135 128 134 129 135 129 136 129 136 130 135 130 137 130 136 131 137 131 138 131 138 132 137 132 139 132 138 133 139 133 140 133 140 134 139 134 141 134 133 135 142 135 135 135 135 136 142 136 143 136 135 137 143 137 137 137 137 138 143 138 144 138 137 139 144 139 139 139 139 140 144 140 131 140 139 141 131 141 141 141 141 142 131 142 130 142 145 143 129 143 146 143 146 144 129 144 131 144 146 145 131 145 147 145 147 146 131 146 144 146 147 147 144 147 148 147 148 148 144 148 143 148 148 149 143 149 149 149 149 150 143 150 142 150 149 151 150 151 148 151 148 152 150 152 151 152 148 153 151 153 147 153 147 154 151 154 152 154 147 155 152 155 146 155 146 156 152 156 153 156 146 157 153 157 145 157 145 158 153 158 154 158 155 159 156 159 157 159 155 160 157 160 158 160 158 161 157 161 159 161 158 162 159 162 160 162 156 163 155 163 161 163 161 164 155 164 162 164 161 165 162 165 163 165 164 166 165 166 166 166 167 167 168 167 163 167 163 168 168 168 169 168 163 169 169 169 161 169 166 170 170 170 164 170 164 171 170 171 171 171 164 172 171 172 172 172 172 173 171 173 167 173 172 174 167 174 173 174 173 175 167 175 163 175 174 176 175 176 165 176 165 177 175 177 176 177 165 178 176 178 166 178 177 179 178 179 179 179 177 180 179 180 180 180 180 181 179 181 181 181 180 182 181 182 182 182 183 183 184 183 185 183 185 184 184 184 186 184 181 185 187 185 182 185 182 186 187 186 185 186 182 187 185 187 188 187 188 188 185 188 186 188 189 189 190 189 191 189 191 190 192 190 189 190 189 191 192 191 193 191 189 192 193 192 194 192 195 193 196 193 197 193 197 194 196 194 198 194 197 195 198 195 189 195 189 196 198 196 199 196 189 197 199 197 190 197 195 198 197 198 200 198 200 199 197 199 201 199 200 200 201 200 202 200 202 201 201 201 203 201 203 202 201 202 204 202 203 203 204 203 205 203 205 204 204 204 206 204 206 205 204 205 207 205 206 206 207 206 208 206 208 207 207 207 209 207 209 208 207 208 210 208 209 209 210 209 211 209 212 210 213 210 214 210 215 211 216 211 217 211 215 212 217 212 218 212 219 213 220 213 221 213 221 214 220 214 222 214 221 215 222 215 223 215 224 216 225 216 217 216 223 217 212 217 221 217 221 218 212 218 214 218 221 219 214 219 217 219 217 220 214 220 226 220 217 221 226 221 224 221 225 222 227 222 217 222 217 223 227 223 228 223 217 224 228 224 218 224 229 225 230 225 231 225 229 226 231 226 232 226 233 227 234 227 235 227 235 228 234 228 236 228 237 229 238 229 231 229 231 230 238 230 239 230 231 231 239 231 232 231 236 232 240 232 235 232 235 233 240 233 241 233 235 234 241 234 242 234 242 235 243 235 235 235 235 236 243 236 244 236 235 237 244 237 231 237 231 238 244 238 245 238 231 239 245 239 237 239 246 240 247 240 248 240 249 241 250 241 251 241 249 242 251 242 252 242 253 243 254 243 251 243 255 244 256 244 257 244 257 245 256 245 258 245 257 246 258 246 259 246 254 247 260 247 251 247 251 248 260 248 261 248 251 249 261 249 252 249 259 250 246 250 257 250 257 251 246 251 248 251 257 252 248 252 251 252 251 253 248 253 262 253 251 254 262 254 253 254 263 255 264 255 265 255 263 256 265 256 266 256 267 257 268 257 269 257 269 258 268 258 270 258 271 259 272 259 265 259 265 260 272 260 273 260 265 261 273 261 266 261 270 262 274 262 269 262 269 263 274 263 275 263 269 264 275 264 276 264 276 265 277 265 269 265 269 266 277 266 278 266 269 267 278 267 265 267 265 268 278 268 279 268 265 269 279 269 271 269 280 270 281 270 278 270 240 271 236 271 274 271 274 272 236 272 234 272 274 273 234 273 275 273 275 274 234 274 233 274 275 275 233 275 276 275 276 276 233 276 280 276 276 277 280 277 277 277 277 278 280 278 278 278 282 279 283 279 244 279 274 280 270 280 240 280 240 281 270 281 268 281 240 282 268 282 241 282 241 283 268 283 267 283 241 284 267 284 242 284 242 285 267 285 282 285 242 286 282 286 243 286 243 287 282 287 244 287 262 288 284 288 253 288 253 289 284 289 285 289 253 290 285 290 254 290 254 291 285 291 230 291 254 292 230 292 260 292 260 293 230 293 229 293 260 294 229 294 261 294 261 295 229 295 232 295 261 296 232 296 252 296 252 297 232 297 239 297 252 298 239 298 249 298 249 299 239 299 238 299 249 300 238 300 250 300 250 301 238 301 237 301 250 302 237 302 286 302 286 303 237 303 245 303 286 304 245 304 287 304 251 305 250 305 288 305 288 306 250 306 289 306 289 307 250 307 290 307 290 308 250 308 286 308 290 309 286 309 291 309 291 310 286 310 287 310 291 311 287 311 292 311 226 312 293 312 224 312 224 313 293 313 294 313 224 314 294 314 225 314 225 315 294 315 264 315 225 316 264 316 227 316 227 317 264 317 263 317 227 318 263 318 228 318 228 319 263 319 266 319 228 320 266 320 218 320 218 321 266 321 273 321 218 322 273 322 215 322 215 323 273 323 272 323 215 324 272 324 216 324 216 325 272 325 271 325 216 326 271 326 295 326 295 327 271 327 279 327 295 328 279 328 296 328 217 329 216 329 297 329 297 330 216 330 298 330 298 331 216 331 299 331 299 332 216 332 295 332 299 333 295 333 300 333 300 334 295 334 296 334 300 335 296 335 301 335 259 336 258 336 223 336 223 337 258 337 256 337 223 338 256 338 212 338 212 339 256 339 255 339 212 340 255 340 213 340 223 341 222 341 259 341 259 342 222 342 220 342 259 343 220 343 246 343 246 344 220 344 219 344 246 345 219 345 247 345 219 346 302 346 247 346 247 347 302 347 303 347 247 348 303 348 248 348 255 349 304 349 213 349 213 350 304 350 305 350 213 351 305 351 214 351 269 352 306 352 267 352 267 353 306 353 307 353 267 354 307 354 282 354 282 355 307 355 308 355 282 356 308 356 283 356 283 357 308 357 309 357 283 358 309 358 310 358 265 359 264 359 311 359 311 360 264 360 312 360 312 361 264 361 313 361 313 362 264 362 294 362 313 363 294 363 314 363 314 364 294 364 293 364 314 365 293 365 315 365 257 366 316 366 255 366 255 367 316 367 317 367 255 368 317 368 304 368 304 369 317 369 318 369 304 370 318 370 305 370 305 371 318 371 319 371 305 372 319 372 320 372 321 373 322 373 323 373 324 374 325 374 326 374 327 375 328 375 329 375 330 376 331 376 332 376 330 377 332 377 333 377 334 378 335 378 336 378 337 379 334 379 338 379 338 380 334 380 336 380 338 381 336 381 339 381 339 382 336 382 340 382 339 383 340 383 341 383 341 384 340 384 342 384 341 385 342 385 330 385 330 386 342 386 343 386 330 387 343 387 331 387 344 388 345 388 346 388 346 389 345 389 347 389 346 390 347 390 338 390 338 391 347 391 348 391 338 392 348 392 337 392 349 393 350 393 346 393 346 394 350 394 351 394 346 395 351 395 344 395 352 396 353 396 349 396 349 397 353 397 354 397 349 398 354 398 350 398 329 399 328 399 349 399 349 400 328 400 355 400 349 401 355 401 352 401 326 402 325 402 329 402 329 403 325 403 356 403 329 404 356 404 327 404 323 405 322 405 326 405 326 406 322 406 357 406 326 407 357 407 324 407 323 408 358 408 359 408 321 409 323 409 360 409 360 410 323 410 359 410 360 411 359 411 361 411 332 412 362 412 333 412 333 413 362 413 363 413 333 414 363 414 364 414 364 415 365 415 333 415 333 416 365 416 366 416 333 417 366 417 367 417 368 418 310 418 369 418 369 419 310 419 309 419 369 420 309 420 370 420 371 421 372 421 308 421 308 422 372 422 373 422 308 423 373 423 309 423 309 424 373 424 374 424 309 425 374 425 370 425 375 426 376 426 307 426 371 427 308 427 377 427 377 428 308 428 307 428 377 429 307 429 378 429 378 430 307 430 376 430 378 431 376 431 379 431 307 432 306 432 375 432 375 433 306 433 269 433 375 434 269 434 380 434 292 435 287 435 245 435 245 436 244 436 310 436 310 437 244 437 283 437 26 438 381 438 382 438 382 439 383 439 26 439 26 440 383 440 384 440 26 441 384 441 385 441 310 442 386 442 387 442 43 443 36 443 385 443 385 444 36 444 27 444 385 445 27 445 26 445 245 446 310 446 292 446 292 447 310 447 387 447 292 448 387 448 388 448 389 449 390 449 381 449 381 450 390 450 391 450 381 451 391 451 382 451 386 452 310 452 392 452 392 453 310 453 368 453 392 454 368 454 393 454 394 455 395 455 44 455 44 456 395 456 396 456 396 457 397 457 44 457 44 458 397 458 398 458 44 459 398 459 399 459 43 460 385 460 44 460 44 461 385 461 400 461 44 462 400 462 394 462 399 463 401 463 44 463 44 464 401 464 402 464 44 465 402 465 403 465 404 466 405 466 403 466 403 467 405 467 406 467 403 468 406 468 44 468 393 469 407 469 392 469 392 470 407 470 408 470 392 471 408 471 409 471 409 472 408 472 410 472 409 473 410 473 411 473 411 474 410 474 412 474 411 475 412 475 381 475 381 476 412 476 413 476 381 477 413 477 389 477 414 478 251 478 288 478 289 479 358 479 288 479 288 480 358 480 415 480 288 481 415 481 414 481 359 482 358 482 416 482 416 483 358 483 289 483 416 484 289 484 417 484 417 485 289 485 290 485 417 486 290 486 418 486 418 487 290 487 419 487 419 488 290 488 291 488 419 489 291 489 420 489 420 490 291 490 421 490 421 491 291 491 292 491 421 492 292 492 388 492 422 493 376 493 375 493 423 494 424 494 425 494 10 495 12 495 8 495 8 496 12 496 5 496 8 497 5 497 17 497 17 498 5 498 2 498 17 499 2 499 20 499 20 500 2 500 380 500 380 501 2 501 375 501 375 502 2 502 423 502 375 503 423 503 422 503 422 504 423 504 425 504 422 505 425 505 426 505 338 506 339 506 341 506 338 507 414 507 346 507 346 508 414 508 415 508 346 509 415 509 358 509 367 510 414 510 333 510 333 511 414 511 338 511 333 512 338 512 330 512 330 513 338 513 341 513 329 514 349 514 326 514 326 515 349 515 346 515 326 516 346 516 323 516 323 517 346 517 358 517 336 518 335 518 14 518 14 519 335 519 427 519 14 520 427 520 428 520 3 521 14 521 429 521 429 522 14 522 428 522 429 523 428 523 430 523 430 524 428 524 431 524 430 525 431 525 432 525 433 526 434 526 435 526 436 527 437 527 438 527 438 528 437 528 439 528 438 529 439 529 440 529 435 530 78 530 433 530 433 531 78 531 77 531 433 532 77 532 58 532 58 533 77 533 438 533 58 534 438 534 59 534 59 535 438 535 440 535 59 536 440 536 68 536 438 537 441 537 436 537 436 538 441 538 442 538 436 539 442 539 443 539 443 540 444 540 436 540 436 541 444 541 445 541 436 542 445 542 446 542 432 543 431 543 447 543 447 544 431 544 448 544 447 545 448 545 433 545 433 546 448 546 449 546 433 547 449 547 434 547 450 548 451 548 452 548 453 549 454 549 452 549 452 550 454 550 455 550 452 551 455 551 450 551 451 552 456 552 452 552 452 553 456 553 1 553 452 554 1 554 429 554 429 555 1 555 0 555 429 556 0 556 7 556 7 557 6 557 429 557 429 558 6 558 4 558 429 559 4 559 3 559 457 560 458 560 459 560 459 561 458 561 460 561 460 562 458 562 461 562 461 563 458 563 462 563 461 564 462 564 453 564 453 565 462 565 463 565 453 566 463 566 454 566 464 567 461 567 465 567 465 568 461 568 453 568 465 569 453 569 466 569 464 570 465 570 459 570 459 571 465 571 467 571 459 572 467 572 457 572 457 573 467 573 468 573 457 574 468 574 469 574 379 575 470 575 378 575 378 576 470 576 471 576 378 577 471 577 377 577 470 578 472 578 471 578 471 579 472 579 473 579 471 580 473 580 474 580 474 581 473 581 469 581 474 582 469 582 475 582 475 583 469 583 468 583 475 584 468 584 476 584 476 585 468 585 467 585 476 586 467 586 477 586 477 587 467 587 465 587 477 588 465 588 478 588 478 589 465 589 466 589 478 590 466 590 479 590 480 591 374 591 373 591 480 592 373 592 481 592 481 593 373 593 372 593 481 594 372 594 482 594 482 595 372 595 371 595 482 596 371 596 377 596 483 597 368 597 484 597 484 598 368 598 369 598 374 599 480 599 370 599 370 600 480 600 485 600 370 601 485 601 369 601 369 602 485 602 486 602 369 603 486 603 484 603 377 604 471 604 482 604 482 605 471 605 474 605 482 606 474 606 481 606 481 607 474 607 475 607 481 608 475 608 480 608 480 609 475 609 476 609 480 610 476 610 485 610 485 611 476 611 477 611 485 612 477 612 486 612 486 613 477 613 478 613 486 614 478 614 484 614 484 615 478 615 479 615 484 616 479 616 483 616 487 617 488 617 489 617 357 618 490 618 491 618 361 619 359 619 416 619 492 620 493 620 324 620 494 621 356 621 493 621 493 622 356 622 325 622 493 623 325 623 324 623 494 624 493 624 495 624 495 625 493 625 496 625 495 626 496 626 497 626 498 627 499 627 497 627 361 628 416 628 360 628 321 629 500 629 322 629 322 630 500 630 501 630 357 631 322 631 490 631 490 632 322 632 501 632 490 633 501 633 491 633 491 634 501 634 502 634 491 635 502 635 503 635 503 636 502 636 504 636 503 637 504 637 505 637 505 638 504 638 506 638 497 639 496 639 498 639 498 640 496 640 507 640 498 641 507 641 489 641 489 642 507 642 508 642 489 643 508 643 487 643 321 644 360 644 500 644 500 645 360 645 416 645 500 646 416 646 501 646 501 647 416 647 417 647 501 648 417 648 502 648 502 649 417 649 418 649 502 650 418 650 504 650 504 651 418 651 419 651 504 652 419 652 506 652 506 653 419 653 420 653 324 654 357 654 492 654 492 655 357 655 491 655 492 656 491 656 493 656 493 657 491 657 503 657 493 658 503 658 496 658 496 659 503 659 505 659 496 660 505 660 507 660 507 661 505 661 506 661 507 662 506 662 508 662 508 663 506 663 420 663 508 664 420 664 487 664 487 665 420 665 421 665 487 666 421 666 488 666 488 667 421 667 388 667 335 668 334 668 427 668 427 669 334 669 337 669 427 670 337 670 348 670 351 671 350 671 509 671 348 672 347 672 427 672 427 673 347 673 345 673 427 674 345 674 509 674 509 675 345 675 344 675 509 676 344 676 351 676 355 677 328 677 499 677 350 678 354 678 509 678 509 679 354 679 353 679 509 680 353 680 499 680 499 681 353 681 352 681 499 682 352 682 355 682 356 683 494 683 327 683 327 684 494 684 510 684 327 685 510 685 328 685 328 686 510 686 497 686 328 687 497 687 499 687 453 688 452 688 466 688 466 689 452 689 511 689 466 690 511 690 479 690 479 691 511 691 512 691 479 692 512 692 483 692 483 693 512 693 513 693 483 694 513 694 368 694 368 695 513 695 393 695 514 696 515 696 516 696 452 697 517 697 511 697 511 698 517 698 518 698 511 699 518 699 512 699 512 700 518 700 519 700 512 701 519 701 513 701 513 702 519 702 520 702 513 703 520 703 393 703 393 704 520 704 407 704 517 705 514 705 518 705 518 706 514 706 516 706 518 707 516 707 519 707 519 708 516 708 521 708 519 709 521 709 520 709 520 710 521 710 522 710 520 711 522 711 407 711 407 712 522 712 408 712 515 713 523 713 516 713 516 714 523 714 524 714 516 715 524 715 521 715 521 716 524 716 525 716 521 717 525 717 522 717 522 718 525 718 526 718 522 719 526 719 408 719 408 720 526 720 410 720 523 721 527 721 528 721 523 722 528 722 524 722 524 723 528 723 529 723 524 724 529 724 525 724 525 725 529 725 530 725 525 726 530 726 526 726 526 727 530 727 412 727 526 728 412 728 410 728 527 729 531 729 528 729 528 730 531 730 532 730 528 731 532 731 529 731 529 732 532 732 533 732 529 733 533 733 530 733 530 734 533 734 534 734 530 735 534 735 412 735 412 736 534 736 413 736 531 737 66 737 532 737 532 738 66 738 535 738 532 739 535 739 533 739 533 740 535 740 536 740 533 741 536 741 534 741 534 742 536 742 537 742 534 743 537 743 413 743 413 744 537 744 389 744 538 745 539 745 540 745 540 746 541 746 538 746 538 747 541 747 542 747 538 748 542 748 543 748 543 749 542 749 544 749 543 750 544 750 545 750 34 751 539 751 32 751 32 752 539 752 538 752 32 753 538 753 30 753 30 754 538 754 543 754 30 755 543 755 28 755 28 756 543 756 545 756 28 757 545 757 26 757 26 758 545 758 381 758 544 759 546 759 545 759 545 760 546 760 547 760 545 761 547 761 381 761 381 762 547 762 411 762 540 763 548 763 541 763 541 764 548 764 549 764 541 765 549 765 542 765 542 766 549 766 550 766 542 767 550 767 544 767 544 768 550 768 551 768 544 769 551 769 546 769 546 770 551 770 552 770 546 771 552 771 547 771 547 772 552 772 553 772 547 773 553 773 411 773 411 774 553 774 409 774 554 775 555 775 556 775 554 776 556 776 557 776 558 777 552 777 559 777 559 778 552 778 551 778 559 779 551 779 560 779 560 780 551 780 550 780 560 781 550 781 549 781 392 782 409 782 558 782 558 783 409 783 553 783 558 784 553 784 552 784 386 785 392 785 561 785 561 786 392 786 558 786 561 787 558 787 562 787 562 788 558 788 559 788 562 789 559 789 556 789 556 790 559 790 560 790 556 791 560 791 557 791 557 792 560 792 549 792 557 793 549 793 548 793 555 794 509 794 556 794 556 795 509 795 563 795 556 796 563 796 562 796 562 797 563 797 564 797 562 798 564 798 561 798 561 799 564 799 565 799 561 800 565 800 386 800 386 801 565 801 387 801 509 802 499 802 563 802 563 803 499 803 498 803 563 804 498 804 564 804 564 805 498 805 489 805 564 806 489 806 565 806 565 807 489 807 488 807 565 808 488 808 387 808 387 809 488 809 388 809 548 810 431 810 557 810 557 811 431 811 428 811 557 812 428 812 554 812 554 813 428 813 555 813 555 814 428 814 427 814 555 815 427 815 509 815 431 816 548 816 448 816 448 817 548 817 540 817 34 818 434 818 539 818 539 819 434 819 449 819 539 820 449 820 540 820 540 821 449 821 448 821 566 822 567 822 568 822 61 823 65 823 569 823 570 824 571 824 572 824 572 825 571 825 573 825 572 826 573 826 574 826 574 827 54 827 572 827 572 828 54 828 53 828 572 829 53 829 570 829 570 830 53 830 51 830 570 831 51 831 50 831 569 832 65 832 575 832 50 833 55 833 570 833 570 834 55 834 63 834 570 835 63 835 569 835 569 836 63 836 62 836 569 837 62 837 61 837 68 838 440 838 69 838 69 839 440 839 576 839 69 840 576 840 70 840 70 841 576 841 60 841 576 842 577 842 60 842 60 843 577 843 578 843 60 844 578 844 64 844 64 845 578 845 566 845 64 846 566 846 65 846 65 847 566 847 568 847 65 848 568 848 575 848 527 849 447 849 531 849 531 850 447 850 433 850 531 851 433 851 66 851 66 852 433 852 58 852 527 853 523 853 447 853 447 854 523 854 432 854 452 855 429 855 517 855 517 856 429 856 430 856 517 857 430 857 514 857 514 858 430 858 515 858 515 859 430 859 432 859 515 860 432 860 523 860 579 861 580 861 581 861 582 862 583 862 342 862 342 863 583 863 584 863 342 864 584 864 343 864 343 865 584 865 585 865 343 866 585 866 331 866 331 867 585 867 586 867 14 868 587 868 336 868 336 869 587 869 588 869 336 870 588 870 340 870 340 871 588 871 579 871 340 872 579 872 342 872 342 873 579 873 581 873 342 874 581 874 582 874 14 875 13 875 587 875 587 876 13 876 11 876 587 877 11 877 589 877 589 878 11 878 9 878 589 879 9 879 590 879 590 880 9 880 19 880 20 881 591 881 21 881 21 882 591 882 592 882 21 883 592 883 22 883 593 884 590 884 19 884 592 885 594 885 22 885 22 886 594 886 595 886 22 887 595 887 15 887 15 888 595 888 596 888 15 889 596 889 16 889 16 890 596 890 593 890 16 891 593 891 18 891 18 892 593 892 19 892 597 893 598 893 599 893 592 894 591 894 594 894 594 895 591 895 600 895 590 896 593 896 601 896 601 897 593 897 596 897 601 898 596 898 600 898 600 899 596 899 595 899 600 900 595 900 594 900 602 901 603 901 580 901 598 902 602 902 599 902 599 903 602 903 580 903 599 904 580 904 604 904 604 905 580 905 579 905 604 906 579 906 605 906 605 907 579 907 588 907 605 908 588 908 606 908 606 909 588 909 587 909 606 910 587 910 601 910 601 911 587 911 589 911 601 912 589 912 590 912 597 913 599 913 607 913 607 914 599 914 608 914 607 915 608 915 609 915 610 916 611 916 608 916 608 917 611 917 612 917 608 918 612 918 609 918 613 919 614 919 610 919 610 920 614 920 615 920 610 921 615 921 616 921 616 922 617 922 610 922 610 923 617 923 618 923 610 924 618 924 611 924 619 925 620 925 621 925 621 926 620 926 622 926 621 927 622 927 613 927 613 928 622 928 623 928 613 929 623 929 614 929 624 930 619 930 625 930 625 931 619 931 621 931 625 932 621 932 626 932 626 933 621 933 627 933 332 934 331 934 586 934 628 935 363 935 362 935 586 936 629 936 332 936 332 937 629 937 630 937 332 938 630 938 362 938 362 939 630 939 631 939 362 940 631 940 628 940 363 941 628 941 364 941 364 942 628 942 632 942 364 943 632 943 633 943 634 944 367 944 635 944 635 945 367 945 366 945 635 946 366 946 633 946 633 947 366 947 365 947 633 948 365 948 364 948 636 949 637 949 638 949 638 950 637 950 639 950 638 951 639 951 640 951 641 952 581 952 642 952 642 953 581 953 580 953 642 954 580 954 643 954 643 955 580 955 638 955 638 956 580 956 603 956 638 957 603 957 636 957 644 958 645 958 640 958 640 959 645 959 646 959 640 960 646 960 638 960 644 961 647 961 645 961 645 962 647 962 648 962 645 963 648 963 649 963 650 964 651 964 652 964 652 965 651 965 645 965 652 966 645 966 653 966 653 967 645 967 649 967 653 968 649 968 654 968 83 969 88 969 655 969 101 970 98 970 95 970 656 971 657 971 658 971 658 972 657 972 659 972 658 973 659 973 660 973 660 974 659 974 104 974 660 975 104 975 634 975 634 976 104 976 661 976 95 977 91 977 101 977 101 978 91 978 83 978 101 979 83 979 104 979 104 980 83 980 655 980 104 981 655 981 661 981 662 982 663 982 319 982 319 983 663 983 664 983 319 984 664 984 320 984 665 985 666 985 318 985 318 986 666 986 667 986 318 987 667 987 319 987 319 988 667 988 668 988 319 989 668 989 662 989 655 990 88 990 317 990 665 991 318 991 669 991 669 992 318 992 317 992 669 993 317 993 670 993 670 994 317 994 88 994 670 995 88 995 87 995 317 996 316 996 655 996 655 997 316 997 257 997 655 998 257 998 661 998 671 999 265 999 311 999 672 1000 626 1000 627 1000 313 1001 673 1001 674 1001 313 1002 674 1002 312 1002 673 1003 313 1003 675 1003 675 1004 313 1004 314 1004 675 1005 314 1005 676 1005 676 1006 314 1006 677 1006 677 1007 314 1007 315 1007 677 1008 315 1008 678 1008 674 1009 672 1009 312 1009 312 1010 672 1010 627 1010 312 1011 627 1011 311 1011 311 1012 627 1012 679 1012 311 1013 679 1013 671 1013 600 1014 591 1014 671 1014 606 1015 601 1015 600 1015 599 1016 679 1016 627 1016 679 1017 599 1017 671 1017 671 1018 599 1018 604 1018 671 1019 604 1019 600 1019 600 1020 604 1020 605 1020 600 1021 605 1021 606 1021 610 1022 608 1022 613 1022 613 1023 608 1023 599 1023 613 1024 599 1024 621 1024 621 1025 599 1025 627 1025 293 1026 226 1026 315 1026 315 1027 226 1027 214 1027 214 1028 305 1028 320 1028 680 1029 681 1029 682 1029 682 1030 681 1030 683 1030 682 1031 683 1031 684 1031 214 1032 320 1032 315 1032 315 1033 320 1033 664 1033 315 1034 664 1034 685 1034 685 1035 686 1035 315 1035 315 1036 686 1036 687 1036 315 1037 687 1037 678 1037 678 1038 687 1038 682 1038 678 1039 682 1039 688 1039 688 1040 682 1040 684 1040 689 1041 690 1041 680 1041 680 1042 690 1042 691 1042 680 1043 691 1043 681 1043 692 1044 690 1044 693 1044 693 1045 690 1045 694 1045 689 1046 695 1046 690 1046 690 1047 695 1047 696 1047 690 1048 696 1048 697 1048 697 1049 698 1049 690 1049 690 1050 698 1050 699 1050 690 1051 699 1051 700 1051 700 1052 701 1052 690 1052 690 1053 701 1053 702 1053 690 1054 702 1054 694 1054 643 1055 703 1055 704 1055 643 1056 704 1056 642 1056 642 1057 704 1057 705 1057 642 1058 705 1058 103 1058 103 1059 105 1059 642 1059 642 1060 105 1060 706 1060 642 1061 706 1061 641 1061 89 1062 94 1062 707 1062 707 1063 94 1063 708 1063 708 1064 94 1064 709 1064 709 1065 94 1065 96 1065 709 1066 96 1066 710 1066 96 1067 97 1067 710 1067 710 1068 97 1068 99 1068 710 1069 99 1069 711 1069 711 1070 99 1070 100 1070 711 1071 100 1071 705 1071 705 1072 100 1072 102 1072 705 1073 102 1073 103 1073 712 1074 713 1074 714 1074 90 1075 89 1075 707 1075 92 1076 90 1076 715 1076 715 1077 90 1077 716 1077 717 1078 718 1078 719 1078 719 1079 718 1079 720 1079 719 1080 720 1080 721 1080 87 1081 86 1081 670 1081 670 1082 86 1082 722 1082 670 1083 722 1083 669 1083 669 1084 722 1084 717 1084 720 1085 723 1085 721 1085 721 1086 723 1086 724 1086 721 1087 724 1087 662 1087 662 1088 724 1088 663 1088 714 1089 713 1089 725 1089 725 1090 713 1090 726 1090 725 1091 726 1091 727 1091 90 1092 707 1092 716 1092 716 1093 707 1093 708 1093 716 1094 708 1094 728 1094 728 1095 708 1095 709 1095 728 1096 709 1096 729 1096 727 1097 664 1097 725 1097 725 1098 664 1098 663 1098 725 1099 663 1099 714 1099 714 1100 663 1100 724 1100 714 1101 724 1101 712 1101 712 1102 724 1102 723 1102 662 1103 668 1103 721 1103 721 1104 668 1104 667 1104 721 1105 667 1105 719 1105 719 1106 667 1106 666 1106 719 1107 666 1107 717 1107 717 1108 666 1108 665 1108 717 1109 665 1109 669 1109 86 1110 85 1110 722 1110 722 1111 85 1111 84 1111 722 1112 84 1112 717 1112 717 1113 84 1113 93 1113 717 1114 93 1114 718 1114 718 1115 93 1115 92 1115 718 1116 92 1116 720 1116 720 1117 92 1117 715 1117 720 1118 715 1118 723 1118 723 1119 715 1119 716 1119 723 1120 716 1120 712 1120 712 1121 716 1121 728 1121 712 1122 728 1122 713 1122 713 1123 728 1123 729 1123 713 1124 729 1124 726 1124 625 1125 626 1125 672 1125 625 1126 672 1126 624 1126 619 1127 730 1127 620 1127 620 1128 730 1128 731 1128 623 1129 622 1129 732 1129 623 1130 733 1130 614 1130 614 1131 733 1131 734 1131 614 1132 734 1132 615 1132 623 1133 732 1133 733 1133 733 1134 732 1134 735 1134 733 1135 735 1135 734 1135 734 1136 735 1136 736 1136 734 1137 736 1137 737 1137 738 1138 739 1138 740 1138 740 1139 739 1139 737 1139 740 1140 737 1140 741 1140 741 1141 737 1141 736 1141 676 1142 677 1142 742 1142 742 1143 743 1143 676 1143 676 1144 743 1144 744 1144 676 1145 744 1145 675 1145 675 1146 744 1146 745 1146 675 1147 745 1147 673 1147 673 1148 745 1148 746 1148 673 1149 746 1149 674 1149 674 1150 746 1150 731 1150 674 1151 731 1151 672 1151 672 1152 731 1152 730 1152 672 1153 730 1153 624 1153 624 1154 730 1154 619 1154 739 1155 747 1155 737 1155 737 1156 747 1156 748 1156 737 1157 748 1157 734 1157 734 1158 748 1158 749 1158 734 1159 749 1159 615 1159 622 1160 620 1160 732 1160 732 1161 620 1161 731 1161 732 1162 731 1162 735 1162 735 1163 731 1163 746 1163 735 1164 746 1164 736 1164 736 1165 746 1165 745 1165 736 1166 745 1166 741 1166 741 1167 745 1167 744 1167 741 1168 744 1168 740 1168 740 1169 744 1169 743 1169 740 1170 743 1170 738 1170 738 1171 743 1171 742 1171 738 1172 742 1172 750 1172 750 1173 742 1173 677 1173 750 1174 677 1174 678 1174 747 1175 612 1175 611 1175 611 1176 618 1176 747 1176 747 1177 618 1177 617 1177 747 1178 617 1178 748 1178 748 1179 617 1179 616 1179 748 1180 616 1180 749 1180 749 1181 616 1181 615 1181 603 1182 602 1182 636 1182 636 1183 602 1183 598 1183 751 1184 637 1184 752 1184 752 1185 637 1185 636 1185 752 1186 636 1186 753 1186 753 1187 636 1187 598 1187 598 1188 597 1188 753 1188 753 1189 597 1189 607 1189 753 1190 607 1190 609 1190 612 1191 747 1191 609 1191 609 1192 747 1192 754 1192 609 1193 754 1193 753 1193 637 1194 751 1194 639 1194 639 1195 751 1195 755 1195 639 1196 755 1196 640 1196 640 1197 755 1197 756 1197 756 1198 757 1198 640 1198 640 1199 757 1199 644 1199 758 1200 645 1200 759 1200 759 1201 645 1201 651 1201 759 1202 651 1202 760 1202 760 1203 651 1203 761 1203 761 1204 651 1204 650 1204 761 1205 650 1205 762 1205 762 1206 650 1206 763 1206 763 1207 650 1207 652 1207 763 1208 652 1208 764 1208 764 1209 652 1209 765 1209 765 1210 652 1210 653 1210 765 1211 653 1211 766 1211 766 1212 653 1212 767 1212 767 1213 653 1213 654 1213 767 1214 654 1214 768 1214 768 1215 654 1215 769 1215 769 1216 654 1216 649 1216 769 1217 649 1217 770 1217 770 1218 649 1218 771 1218 771 1219 649 1219 648 1219 771 1220 648 1220 772 1220 772 1221 648 1221 773 1221 773 1222 648 1222 647 1222 773 1223 647 1223 774 1223 774 1224 647 1224 775 1224 775 1225 647 1225 644 1225 775 1226 644 1226 757 1226 758 1227 776 1227 645 1227 645 1228 776 1228 646 1228 646 1229 776 1229 638 1229 638 1230 776 1230 777 1230 638 1231 777 1231 643 1231 643 1232 777 1232 703 1232 710 1233 711 1233 778 1233 686 1234 685 1234 779 1234 779 1235 685 1235 780 1235 779 1236 780 1236 781 1236 781 1237 780 1237 782 1237 781 1238 782 1238 783 1238 783 1239 782 1239 778 1239 687 1240 686 1240 784 1240 784 1241 686 1241 779 1241 784 1242 779 1242 785 1242 785 1243 779 1243 781 1243 785 1244 781 1244 786 1244 786 1245 781 1245 783 1245 786 1246 783 1246 703 1246 703 1247 783 1247 704 1247 778 1248 711 1248 783 1248 783 1249 711 1249 705 1249 783 1250 705 1250 704 1250 709 1251 710 1251 729 1251 729 1252 710 1252 778 1252 729 1253 778 1253 726 1253 726 1254 778 1254 782 1254 726 1255 782 1255 727 1255 727 1256 782 1256 780 1256 727 1257 780 1257 664 1257 664 1258 780 1258 685 1258 680 1259 682 1259 787 1259 787 1260 682 1260 788 1260 787 1261 788 1261 789 1261 789 1262 788 1262 790 1262 789 1263 790 1263 791 1263 791 1264 790 1264 792 1264 791 1265 792 1265 776 1265 776 1266 792 1266 777 1266 682 1267 687 1267 788 1267 788 1268 687 1268 784 1268 788 1269 784 1269 790 1269 790 1270 784 1270 785 1270 790 1271 785 1271 792 1271 792 1272 785 1272 786 1272 792 1273 786 1273 777 1273 777 1274 786 1274 703 1274 776 1275 758 1275 793 1275 776 1276 793 1276 791 1276 791 1277 793 1277 794 1277 791 1278 794 1278 789 1278 789 1279 794 1279 795 1279 789 1280 795 1280 787 1280 787 1281 795 1281 689 1281 787 1282 689 1282 680 1282 689 1283 795 1283 796 1283 795 1284 794 1284 797 1284 794 1285 793 1285 798 1285 762 1286 799 1286 761 1286 761 1287 799 1287 800 1287 761 1288 800 1288 760 1288 760 1289 800 1289 798 1289 760 1290 798 1290 759 1290 759 1291 798 1291 793 1291 759 1292 793 1292 758 1292 762 1293 763 1293 799 1293 799 1294 763 1294 764 1294 799 1295 764 1295 801 1295 801 1296 764 1296 765 1296 801 1297 765 1297 802 1297 802 1298 765 1298 766 1298 802 1299 766 1299 803 1299 803 1300 766 1300 804 1300 803 1301 804 1301 805 1301 805 1302 804 1302 768 1302 768 1303 769 1303 805 1303 805 1304 769 1304 770 1304 805 1305 770 1305 806 1305 806 1306 770 1306 771 1306 806 1307 771 1307 807 1307 807 1308 771 1308 772 1308 807 1309 772 1309 808 1309 808 1310 772 1310 773 1310 808 1311 773 1311 809 1311 809 1312 773 1312 774 1312 774 1313 775 1313 809 1313 809 1314 775 1314 757 1314 809 1315 757 1315 810 1315 794 1316 798 1316 797 1316 797 1317 798 1317 800 1317 797 1318 800 1318 811 1318 811 1319 800 1319 799 1319 811 1320 799 1320 812 1320 812 1321 799 1321 801 1321 812 1322 801 1322 813 1322 813 1323 801 1323 802 1323 813 1324 802 1324 814 1324 814 1325 802 1325 803 1325 814 1326 803 1326 815 1326 815 1327 803 1327 805 1327 815 1328 805 1328 816 1328 816 1329 805 1329 806 1329 816 1330 806 1330 817 1330 817 1331 806 1331 807 1331 817 1332 807 1332 818 1332 818 1333 807 1333 808 1333 818 1334 808 1334 819 1334 819 1335 808 1335 809 1335 819 1336 809 1336 820 1336 820 1337 809 1337 810 1337 820 1338 810 1338 821 1338 795 1339 797 1339 796 1339 796 1340 797 1340 811 1340 796 1341 811 1341 822 1341 822 1342 811 1342 812 1342 822 1343 812 1343 823 1343 823 1344 812 1344 813 1344 823 1345 813 1345 824 1345 824 1346 813 1346 814 1346 824 1347 814 1347 825 1347 825 1348 814 1348 815 1348 825 1349 815 1349 826 1349 826 1350 815 1350 816 1350 826 1351 816 1351 827 1351 827 1352 816 1352 817 1352 827 1353 817 1353 828 1353 828 1354 817 1354 818 1354 828 1355 818 1355 829 1355 829 1356 818 1356 819 1356 829 1357 819 1357 830 1357 830 1358 819 1358 820 1358 830 1359 820 1359 831 1359 831 1360 820 1360 821 1360 831 1361 821 1361 832 1361 689 1362 796 1362 695 1362 695 1363 796 1363 822 1363 695 1364 822 1364 696 1364 696 1365 822 1365 823 1365 696 1366 823 1366 697 1366 697 1367 823 1367 824 1367 697 1368 824 1368 698 1368 698 1369 824 1369 825 1369 698 1370 825 1370 699 1370 699 1371 825 1371 826 1371 699 1372 826 1372 833 1372 833 1373 826 1373 827 1373 833 1374 827 1374 701 1374 701 1375 827 1375 828 1375 701 1376 828 1376 702 1376 702 1377 828 1377 829 1377 702 1378 829 1378 694 1378 694 1379 829 1379 830 1379 694 1380 830 1380 693 1380 693 1381 830 1381 831 1381 693 1382 831 1382 692 1382 692 1383 831 1383 832 1383 692 1384 832 1384 690 1384 757 1385 756 1385 834 1385 757 1386 834 1386 810 1386 810 1387 834 1387 835 1387 810 1388 835 1388 821 1388 821 1389 835 1389 836 1389 821 1390 836 1390 832 1390 832 1391 836 1391 691 1391 832 1392 691 1392 690 1392 683 1393 681 1393 837 1393 837 1394 681 1394 838 1394 837 1395 838 1395 839 1395 839 1396 838 1396 840 1396 839 1397 840 1397 841 1397 841 1398 840 1398 842 1398 841 1399 842 1399 751 1399 751 1400 842 1400 755 1400 681 1401 691 1401 838 1401 838 1402 691 1402 836 1402 838 1403 836 1403 840 1403 840 1404 836 1404 835 1404 840 1405 835 1405 842 1405 842 1406 835 1406 834 1406 842 1407 834 1407 755 1407 755 1408 834 1408 756 1408 753 1409 754 1409 843 1409 678 1410 688 1410 750 1410 750 1411 688 1411 844 1411 750 1412 844 1412 738 1412 738 1413 844 1413 845 1413 738 1414 845 1414 739 1414 739 1415 845 1415 843 1415 739 1416 843 1416 747 1416 747 1417 843 1417 754 1417 752 1418 753 1418 846 1418 846 1419 753 1419 843 1419 846 1420 843 1420 847 1420 847 1421 843 1421 845 1421 847 1422 845 1422 848 1422 848 1423 845 1423 844 1423 848 1424 844 1424 684 1424 684 1425 844 1425 688 1425 684 1426 683 1426 848 1426 848 1427 683 1427 837 1427 848 1428 837 1428 847 1428 847 1429 837 1429 839 1429 847 1430 839 1430 846 1430 846 1431 839 1431 841 1431 846 1432 841 1432 752 1432 752 1433 841 1433 751 1433 661 1434 257 1434 634 1434 634 1435 257 1435 251 1435 634 1436 251 1436 367 1436 367 1437 251 1437 414 1437 20 1438 380 1438 269 1438 20 1439 269 1439 591 1439 591 1440 269 1440 265 1440 591 1441 265 1441 671 1441 235 1442 849 1442 233 1442 233 1443 849 1443 850 1443 233 1444 850 1444 280 1444 280 1445 850 1445 851 1445 280 1446 851 1446 281 1446 281 1447 851 1447 852 1447 281 1448 852 1448 853 1448 231 1449 230 1449 854 1449 854 1450 230 1450 855 1450 855 1451 230 1451 856 1451 856 1452 230 1452 285 1452 856 1453 285 1453 857 1453 857 1454 285 1454 284 1454 857 1455 284 1455 858 1455 221 1456 859 1456 219 1456 219 1457 859 1457 860 1457 219 1458 860 1458 302 1458 302 1459 860 1459 861 1459 302 1460 861 1460 303 1460 303 1461 861 1461 862 1461 303 1462 862 1462 863 1462 864 1463 865 1463 866 1463 867 1464 868 1464 869 1464 870 1465 871 1465 872 1465 873 1466 874 1466 875 1466 876 1467 873 1467 877 1467 877 1468 873 1468 875 1468 877 1469 875 1469 878 1469 878 1470 875 1470 879 1470 878 1471 879 1471 880 1471 880 1472 879 1472 881 1472 880 1473 881 1473 882 1473 882 1474 881 1474 883 1474 882 1475 883 1475 884 1475 885 1476 886 1476 887 1476 887 1477 886 1477 888 1477 887 1478 888 1478 877 1478 877 1479 888 1479 889 1479 877 1480 889 1480 876 1480 890 1481 891 1481 887 1481 887 1482 891 1482 892 1482 887 1483 892 1483 885 1483 893 1484 894 1484 890 1484 890 1485 894 1485 895 1485 890 1486 895 1486 891 1486 872 1487 871 1487 890 1487 890 1488 871 1488 896 1488 890 1489 896 1489 893 1489 869 1490 868 1490 872 1490 872 1491 868 1491 897 1491 872 1492 897 1492 870 1492 866 1493 865 1493 869 1493 869 1494 865 1494 898 1494 869 1495 898 1495 867 1495 866 1496 899 1496 900 1496 864 1497 866 1497 901 1497 901 1498 866 1498 900 1498 901 1499 900 1499 902 1499 884 1500 903 1500 882 1500 882 1501 903 1501 904 1501 882 1502 904 1502 905 1502 905 1503 904 1503 906 1503 905 1504 906 1504 907 1504 907 1505 908 1505 905 1505 905 1506 908 1506 909 1506 905 1507 909 1507 910 1507 911 1508 853 1508 912 1508 912 1509 853 1509 852 1509 912 1510 852 1510 913 1510 914 1511 915 1511 851 1511 851 1512 915 1512 916 1512 851 1513 916 1513 852 1513 852 1514 916 1514 917 1514 852 1515 917 1515 913 1515 918 1516 919 1516 850 1516 914 1517 851 1517 920 1517 920 1518 851 1518 850 1518 920 1519 850 1519 921 1519 921 1520 850 1520 919 1520 921 1521 919 1521 922 1521 850 1522 849 1522 918 1522 918 1523 849 1523 235 1523 918 1524 235 1524 923 1524 278 1525 281 1525 853 1525 278 1526 853 1526 279 1526 279 1527 853 1527 301 1527 279 1528 301 1528 296 1528 133 1529 132 1529 924 1529 133 1530 924 1530 142 1530 925 1531 926 1531 927 1531 927 1532 926 1532 928 1532 926 1533 929 1533 928 1533 928 1534 929 1534 150 1534 928 1535 150 1535 924 1535 924 1536 150 1536 149 1536 924 1537 149 1537 142 1537 132 1538 930 1538 924 1538 924 1539 930 1539 931 1539 924 1540 931 1540 932 1540 853 1541 911 1541 933 1541 933 1542 911 1542 934 1542 935 1543 301 1543 936 1543 936 1544 301 1544 853 1544 936 1545 853 1545 937 1545 937 1546 853 1546 933 1546 934 1547 938 1547 933 1547 933 1548 938 1548 939 1548 933 1549 939 1549 940 1549 941 1550 942 1550 943 1550 925 1551 944 1551 926 1551 926 1552 944 1552 943 1552 926 1553 943 1553 945 1553 945 1554 943 1554 942 1554 932 1555 931 1555 940 1555 940 1556 931 1556 946 1556 940 1557 946 1557 933 1557 947 1558 943 1558 948 1558 948 1559 943 1559 949 1559 947 1560 950 1560 943 1560 943 1561 950 1561 951 1561 943 1562 951 1562 941 1562 952 1563 953 1563 954 1563 949 1564 955 1564 948 1564 948 1565 955 1565 952 1565 948 1566 952 1566 956 1566 956 1567 952 1567 954 1567 957 1568 217 1568 297 1568 298 1569 899 1569 297 1569 297 1570 899 1570 958 1570 297 1571 958 1571 957 1571 900 1572 899 1572 959 1572 959 1573 899 1573 298 1573 959 1574 298 1574 960 1574 960 1575 298 1575 299 1575 960 1576 299 1576 961 1576 961 1577 299 1577 962 1577 962 1578 299 1578 300 1578 962 1579 300 1579 963 1579 963 1580 300 1580 964 1580 964 1581 300 1581 301 1581 964 1582 301 1582 935 1582 965 1583 919 1583 918 1583 126 1584 123 1584 108 1584 116 1585 118 1585 111 1585 108 1586 123 1586 111 1586 111 1587 123 1587 114 1587 111 1588 114 1588 116 1588 966 1589 967 1589 968 1589 968 1590 967 1590 965 1590 968 1591 965 1591 969 1591 969 1592 965 1592 918 1592 969 1593 918 1593 108 1593 108 1594 918 1594 923 1594 108 1595 923 1595 126 1595 905 1596 910 1596 957 1596 880 1597 882 1597 878 1597 878 1598 882 1598 905 1598 878 1599 905 1599 877 1599 877 1600 905 1600 957 1600 877 1601 957 1601 887 1601 887 1602 957 1602 958 1602 887 1603 958 1603 899 1603 872 1604 890 1604 869 1604 869 1605 890 1605 887 1605 869 1606 887 1606 866 1606 866 1607 887 1607 899 1607 970 1608 109 1608 120 1608 120 1609 875 1609 874 1609 971 1610 970 1610 972 1610 972 1611 970 1611 120 1611 972 1612 120 1612 973 1612 973 1613 120 1613 874 1613 974 1614 174 1614 165 1614 165 1615 164 1615 974 1615 974 1616 164 1616 975 1616 974 1617 975 1617 976 1617 174 1618 974 1618 977 1618 977 1619 974 1619 978 1619 977 1620 978 1620 979 1620 979 1621 978 1621 980 1621 979 1622 980 1622 184 1622 981 1623 982 1623 983 1623 983 1624 982 1624 984 1624 983 1625 984 1625 985 1625 981 1626 983 1626 986 1626 986 1627 983 1627 987 1627 986 1628 987 1628 988 1628 184 1629 183 1629 979 1629 979 1630 183 1630 986 1630 979 1631 986 1631 989 1631 989 1632 986 1632 988 1632 971 1633 972 1633 990 1633 990 1634 972 1634 991 1634 990 1635 991 1635 976 1635 976 1636 991 1636 992 1636 976 1637 992 1637 974 1637 993 1638 994 1638 995 1638 996 1639 997 1639 995 1639 995 1640 997 1640 998 1640 995 1641 998 1641 993 1641 994 1642 999 1642 995 1642 995 1643 999 1643 107 1643 995 1644 107 1644 970 1644 970 1645 107 1645 106 1645 970 1646 106 1646 113 1646 113 1647 112 1647 970 1647 970 1648 112 1648 110 1648 970 1649 110 1649 109 1649 1000 1650 1001 1650 1002 1650 1002 1651 1001 1651 1003 1651 1003 1652 1001 1652 1004 1652 1004 1653 1001 1653 1005 1653 1004 1654 1005 1654 996 1654 996 1655 1005 1655 1006 1655 996 1656 1006 1656 997 1656 1007 1657 1004 1657 1008 1657 1008 1658 1004 1658 996 1658 1008 1659 996 1659 1009 1659 1007 1660 1008 1660 1002 1660 1002 1661 1008 1661 1010 1661 1002 1662 1010 1662 1000 1662 1000 1663 1010 1663 1011 1663 1000 1664 1011 1664 1012 1664 922 1665 1013 1665 921 1665 921 1666 1013 1666 1014 1666 921 1667 1014 1667 920 1667 1013 1668 1015 1668 1014 1668 1014 1669 1015 1669 1016 1669 1014 1670 1016 1670 1017 1670 1017 1671 1016 1671 1012 1671 1017 1672 1012 1672 1018 1672 1018 1673 1012 1673 1011 1673 1018 1674 1011 1674 1019 1674 1019 1675 1011 1675 1010 1675 1019 1676 1010 1676 1020 1676 1020 1677 1010 1677 1008 1677 1020 1678 1008 1678 1021 1678 1021 1679 1008 1679 1009 1679 1021 1680 1009 1680 1022 1680 1023 1681 917 1681 916 1681 1023 1682 916 1682 1024 1682 1024 1683 916 1683 915 1683 1024 1684 915 1684 1025 1684 1025 1685 915 1685 914 1685 1025 1686 914 1686 920 1686 1026 1687 911 1687 1027 1687 1027 1688 911 1688 912 1688 917 1689 1023 1689 913 1689 913 1690 1023 1690 1028 1690 913 1691 1028 1691 912 1691 912 1692 1028 1692 1029 1692 912 1693 1029 1693 1027 1693 920 1694 1014 1694 1025 1694 1025 1695 1014 1695 1017 1695 1025 1696 1017 1696 1024 1696 1024 1697 1017 1697 1018 1697 1024 1698 1018 1698 1023 1698 1023 1699 1018 1699 1019 1699 1023 1700 1019 1700 1028 1700 1028 1701 1019 1701 1020 1701 1028 1702 1020 1702 1029 1702 1029 1703 1020 1703 1021 1703 1029 1704 1021 1704 1027 1704 1027 1705 1021 1705 1022 1705 1027 1706 1022 1706 1026 1706 1030 1707 1031 1707 1032 1707 898 1708 1033 1708 1034 1708 902 1709 900 1709 959 1709 1035 1710 1036 1710 867 1710 1037 1711 897 1711 1036 1711 1036 1712 897 1712 868 1712 1036 1713 868 1713 867 1713 1037 1714 1036 1714 1038 1714 1038 1715 1036 1715 1039 1715 1038 1716 1039 1716 1040 1716 1041 1717 1042 1717 1040 1717 902 1718 959 1718 901 1718 864 1719 1043 1719 865 1719 865 1720 1043 1720 1044 1720 898 1721 865 1721 1033 1721 1033 1722 865 1722 1044 1722 1033 1723 1044 1723 1034 1723 1034 1724 1044 1724 1045 1724 1034 1725 1045 1725 1046 1725 1046 1726 1045 1726 1047 1726 1046 1727 1047 1727 1048 1727 1048 1728 1047 1728 1049 1728 1040 1729 1039 1729 1041 1729 1041 1730 1039 1730 1050 1730 1041 1731 1050 1731 1032 1731 1032 1732 1050 1732 1051 1732 1032 1733 1051 1733 1030 1733 864 1734 901 1734 1043 1734 1043 1735 901 1735 959 1735 1043 1736 959 1736 1044 1736 1044 1737 959 1737 960 1737 1044 1738 960 1738 1045 1738 1045 1739 960 1739 961 1739 1045 1740 961 1740 1047 1740 1047 1741 961 1741 962 1741 1047 1742 962 1742 1049 1742 1049 1743 962 1743 963 1743 867 1744 898 1744 1035 1744 1035 1745 898 1745 1034 1745 1035 1746 1034 1746 1036 1746 1036 1747 1034 1747 1046 1747 1036 1748 1046 1748 1039 1748 1039 1749 1046 1749 1048 1749 1039 1750 1048 1750 1050 1750 1050 1751 1048 1751 1049 1751 1050 1752 1049 1752 1051 1752 1051 1753 1049 1753 963 1753 1051 1754 963 1754 1030 1754 1030 1755 963 1755 964 1755 1030 1756 964 1756 1031 1756 1031 1757 964 1757 935 1757 874 1758 873 1758 973 1758 973 1759 873 1759 876 1759 973 1760 876 1760 889 1760 892 1761 891 1761 1052 1761 889 1762 888 1762 973 1762 973 1763 888 1763 886 1763 973 1764 886 1764 1052 1764 1052 1765 886 1765 885 1765 1052 1766 885 1766 892 1766 896 1767 871 1767 1042 1767 891 1768 895 1768 1052 1768 1052 1769 895 1769 894 1769 1052 1770 894 1770 1042 1770 1042 1771 894 1771 893 1771 1042 1772 893 1772 896 1772 897 1773 1037 1773 870 1773 870 1774 1037 1774 1053 1774 870 1775 1053 1775 871 1775 871 1776 1053 1776 1040 1776 871 1777 1040 1777 1042 1777 996 1778 995 1778 1009 1778 1009 1779 995 1779 1054 1779 1009 1780 1054 1780 1022 1780 1022 1781 1054 1781 1055 1781 1022 1782 1055 1782 1026 1782 1026 1783 1055 1783 1056 1783 1026 1784 1056 1784 911 1784 911 1785 1056 1785 934 1785 1057 1786 1058 1786 1059 1786 1058 1787 1057 1787 1060 1787 995 1788 1061 1788 1054 1788 1054 1789 1061 1789 1062 1789 1054 1790 1062 1790 1055 1790 1055 1791 1062 1791 1063 1791 1055 1792 1063 1792 1056 1792 1056 1793 1063 1793 1064 1793 1056 1794 1064 1794 934 1794 1061 1795 1060 1795 1062 1795 1062 1796 1060 1796 1057 1796 1062 1797 1057 1797 1063 1797 1063 1798 1057 1798 1065 1798 1063 1799 1065 1799 1064 1799 1064 1800 1065 1800 1066 1800 1059 1801 1067 1801 1057 1801 1057 1802 1067 1802 1068 1802 1057 1803 1068 1803 1065 1803 1065 1804 1068 1804 1069 1804 1065 1805 1069 1805 1066 1805 1066 1806 1069 1806 1070 1806 1066 1807 1070 1807 1071 1807 934 1808 1064 1808 938 1808 938 1809 1064 1809 1066 1809 938 1810 1066 1810 939 1810 939 1811 1066 1811 1071 1811 939 1812 1071 1812 940 1812 932 1813 940 1813 1072 1813 1072 1814 940 1814 1071 1814 1072 1815 1071 1815 1073 1815 1073 1816 1071 1816 1070 1816 1073 1817 1070 1817 1074 1817 1074 1818 1070 1818 1069 1818 1074 1819 1069 1819 1075 1819 1075 1820 1069 1820 1068 1820 1075 1821 1068 1821 1076 1821 1076 1822 1068 1822 1067 1822 1076 1823 1067 1823 1077 1823 1077 1824 1067 1824 1059 1824 1077 1825 1078 1825 1076 1825 1076 1826 1078 1826 1079 1826 1080 1827 1073 1827 1081 1827 1081 1828 1073 1828 1074 1828 1081 1829 1074 1829 1079 1829 1079 1830 1074 1830 1075 1830 1079 1831 1075 1831 1076 1831 924 1832 932 1832 1080 1832 1080 1833 932 1833 1072 1833 1080 1834 1072 1834 1073 1834 1078 1835 172 1835 1079 1835 1079 1836 172 1836 1082 1836 1079 1837 1082 1837 1081 1837 1081 1838 1082 1838 1083 1838 1081 1839 1083 1839 1080 1839 1080 1840 1083 1840 1084 1840 1080 1841 1084 1841 924 1841 924 1842 1084 1842 928 1842 1085 1843 1086 1843 1087 1843 1087 1844 1088 1844 1085 1844 1085 1845 1088 1845 1089 1845 1085 1846 1089 1846 1090 1846 1090 1847 1089 1847 1091 1847 1090 1848 1091 1848 1092 1848 140 1849 1086 1849 138 1849 138 1850 1086 1850 1085 1850 138 1851 1085 1851 136 1851 136 1852 1085 1852 1090 1852 136 1853 1090 1853 134 1853 134 1854 1090 1854 1092 1854 134 1855 1092 1855 132 1855 132 1856 1092 1856 930 1856 1091 1857 1093 1857 1092 1857 1092 1858 1093 1858 1094 1858 1092 1859 1094 1859 930 1859 930 1860 1094 1860 931 1860 946 1861 931 1861 1095 1861 1095 1862 931 1862 1094 1862 1095 1863 1094 1863 1096 1863 1096 1864 1094 1864 1093 1864 1096 1865 1093 1865 1097 1865 1097 1866 1093 1866 1091 1866 1097 1867 1091 1867 1098 1867 1098 1868 1091 1868 1089 1868 1098 1869 1089 1869 1099 1869 1099 1870 1089 1870 1088 1870 1099 1871 1088 1871 1100 1871 1100 1872 1088 1872 1087 1872 1101 1873 1102 1873 1103 1873 1100 1874 1104 1874 1099 1874 1099 1875 1104 1875 1105 1875 1106 1876 1096 1876 1107 1876 1107 1877 1096 1877 1097 1877 1107 1878 1097 1878 1105 1878 1105 1879 1097 1879 1098 1879 1105 1880 1098 1880 1099 1880 933 1881 946 1881 1106 1881 1106 1882 946 1882 1095 1882 1106 1883 1095 1883 1096 1883 1104 1884 1101 1884 1105 1884 1105 1885 1101 1885 1103 1885 1105 1886 1103 1886 1107 1886 1107 1887 1103 1887 1108 1887 1107 1888 1108 1888 1106 1888 1106 1889 1108 1889 1109 1889 1106 1890 1109 1890 933 1890 933 1891 1109 1891 937 1891 1102 1892 1052 1892 1103 1892 1103 1893 1052 1893 1110 1893 1103 1894 1110 1894 1108 1894 1108 1895 1110 1895 1111 1895 1108 1896 1111 1896 1109 1896 1109 1897 1111 1897 1112 1897 1109 1898 1112 1898 937 1898 937 1899 1112 1899 936 1899 1052 1900 1042 1900 1110 1900 1110 1901 1042 1901 1041 1901 1110 1902 1041 1902 1111 1902 1111 1903 1041 1903 1032 1903 1111 1904 1032 1904 1112 1904 1112 1905 1032 1905 1031 1905 1112 1906 1031 1906 936 1906 936 1907 1031 1907 935 1907 1100 1908 991 1908 1104 1908 1104 1909 991 1909 972 1909 1104 1910 972 1910 1101 1910 1101 1911 972 1911 1102 1911 1102 1912 972 1912 973 1912 1102 1913 973 1913 1052 1913 991 1914 1100 1914 992 1914 992 1915 1100 1915 1087 1915 140 1916 978 1916 1086 1916 1086 1917 978 1917 974 1917 1086 1918 974 1918 1087 1918 1087 1919 974 1919 992 1919 1113 1920 1114 1920 1115 1920 167 1921 171 1921 1116 1921 1117 1922 1118 1922 1119 1922 1119 1923 1118 1923 1120 1923 1119 1924 1120 1924 1121 1924 1121 1925 160 1925 1119 1925 1119 1926 160 1926 159 1926 1119 1927 159 1927 1117 1927 1117 1928 159 1928 157 1928 1117 1929 157 1929 156 1929 1116 1930 171 1930 1122 1930 156 1931 161 1931 1117 1931 1117 1932 161 1932 169 1932 1117 1933 169 1933 1116 1933 1116 1934 169 1934 168 1934 1116 1935 168 1935 167 1935 174 1936 977 1936 175 1936 175 1937 977 1937 1123 1937 175 1938 1123 1938 176 1938 176 1939 1123 1939 166 1939 1123 1940 1124 1940 166 1940 166 1941 1124 1941 1125 1941 166 1942 1125 1942 170 1942 170 1943 1125 1943 1113 1943 170 1944 1113 1944 171 1944 171 1945 1113 1945 1115 1945 171 1946 1115 1946 1122 1946 1077 1947 976 1947 1078 1947 1078 1948 976 1948 975 1948 1078 1949 975 1949 172 1949 172 1950 975 1950 164 1950 1077 1951 1059 1951 976 1951 976 1952 1059 1952 990 1952 995 1953 970 1953 1061 1953 1061 1954 970 1954 971 1954 1061 1955 971 1955 1060 1955 1060 1956 971 1956 1058 1956 1058 1957 971 1957 990 1957 1058 1958 990 1958 1059 1958 1126 1959 1127 1959 1128 1959 120 1960 1129 1960 875 1960 875 1961 1129 1961 1130 1961 875 1962 1130 1962 879 1962 879 1963 1130 1963 1126 1963 879 1964 1126 1964 881 1964 881 1965 1126 1965 1128 1965 881 1966 1128 1966 1131 1966 1131 1967 1132 1967 881 1967 881 1968 1132 1968 1133 1968 881 1969 1133 1969 883 1969 883 1970 1133 1970 1134 1970 883 1971 1134 1971 884 1971 884 1972 1134 1972 1135 1972 120 1973 119 1973 1129 1973 1129 1974 119 1974 117 1974 1129 1975 117 1975 1136 1975 1136 1976 117 1976 115 1976 1136 1977 115 1977 1137 1977 1137 1978 115 1978 125 1978 126 1979 1138 1979 127 1979 127 1980 1138 1980 1139 1980 127 1981 1139 1981 128 1981 1140 1982 1137 1982 125 1982 1139 1983 1141 1983 128 1983 128 1984 1141 1984 1142 1984 128 1985 1142 1985 121 1985 121 1986 1142 1986 1143 1986 121 1987 1143 1987 122 1987 122 1988 1143 1988 1140 1988 122 1989 1140 1989 124 1989 124 1990 1140 1990 125 1990 1144 1991 1145 1991 1146 1991 1139 1992 1138 1992 1141 1992 1141 1993 1138 1993 1147 1993 1137 1994 1140 1994 1148 1994 1148 1995 1140 1995 1143 1995 1148 1996 1143 1996 1147 1996 1147 1997 1143 1997 1142 1997 1147 1998 1142 1998 1141 1998 1149 1999 1150 1999 1127 1999 1145 2000 1149 2000 1146 2000 1146 2001 1149 2001 1127 2001 1146 2002 1127 2002 1151 2002 1151 2003 1127 2003 1126 2003 1151 2004 1126 2004 1152 2004 1152 2005 1126 2005 1130 2005 1152 2006 1130 2006 1153 2006 1153 2007 1130 2007 1129 2007 1153 2008 1129 2008 1148 2008 1148 2009 1129 2009 1136 2009 1148 2010 1136 2010 1137 2010 1144 2011 1146 2011 1154 2011 1154 2012 1146 2012 1155 2012 1154 2013 1155 2013 1156 2013 1157 2014 1158 2014 1155 2014 1155 2015 1158 2015 1159 2015 1155 2016 1159 2016 1156 2016 1160 2017 1161 2017 1157 2017 1157 2018 1161 2018 1162 2018 1157 2019 1162 2019 1163 2019 1163 2020 1164 2020 1157 2020 1157 2021 1164 2021 1165 2021 1157 2022 1165 2022 1158 2022 1166 2023 1167 2023 1168 2023 1168 2024 1167 2024 1169 2024 1168 2025 1169 2025 1160 2025 1160 2026 1169 2026 1170 2026 1160 2027 1170 2027 1161 2027 1171 2028 1166 2028 1172 2028 1172 2029 1166 2029 1168 2029 1172 2030 1168 2030 1173 2030 1173 2031 1168 2031 1174 2031 903 2032 884 2032 1135 2032 1175 2033 906 2033 904 2033 1135 2034 1176 2034 903 2034 903 2035 1176 2035 1177 2035 903 2036 1177 2036 904 2036 904 2037 1177 2037 1178 2037 904 2038 1178 2038 1175 2038 906 2039 1175 2039 907 2039 907 2040 1175 2040 1179 2040 907 2041 1179 2041 1180 2041 1181 2042 910 2042 1182 2042 1182 2043 910 2043 909 2043 1182 2044 909 2044 1180 2044 1180 2045 909 2045 908 2045 1180 2046 908 2046 907 2046 1183 2047 1184 2047 1128 2047 1127 2048 1150 2048 1128 2048 1128 2049 1150 2049 1185 2049 1186 2050 1183 2050 1187 2050 1187 2051 1183 2051 1128 2051 1187 2052 1128 2052 1188 2052 1188 2053 1128 2053 1185 2053 1189 2054 1190 2054 1191 2054 1191 2055 1190 2055 1192 2055 1191 2056 1192 2056 1193 2056 1189 2057 1194 2057 1190 2057 1190 2058 1194 2058 1195 2058 1190 2059 1195 2059 1196 2059 1196 2060 1195 2060 1197 2060 1196 2061 1197 2061 1187 2061 1187 2062 1197 2062 1198 2062 1187 2063 1198 2063 1186 2063 1193 2064 1199 2064 1191 2064 1191 2065 1199 2065 1200 2065 1191 2066 1200 2066 1201 2066 189 2067 194 2067 1202 2067 201 2068 197 2068 189 2068 1203 2069 1204 2069 1205 2069 1205 2070 1204 2070 1206 2070 1205 2071 1206 2071 1207 2071 1207 2072 1206 2072 210 2072 1207 2073 210 2073 1181 2073 1181 2074 210 2074 1208 2074 204 2075 201 2075 207 2075 207 2076 201 2076 189 2076 207 2077 189 2077 210 2077 210 2078 189 2078 1202 2078 210 2079 1202 2079 1208 2079 1209 2080 1210 2080 862 2080 862 2081 1210 2081 1211 2081 862 2082 1211 2082 863 2082 1212 2083 1213 2083 861 2083 861 2084 1213 2084 1214 2084 861 2085 1214 2085 862 2085 862 2086 1214 2086 1215 2086 862 2087 1215 2087 1209 2087 1202 2088 194 2088 860 2088 1212 2089 861 2089 1216 2089 1216 2090 861 2090 860 2090 1216 2091 860 2091 1217 2091 1217 2092 860 2092 194 2092 1217 2093 194 2093 193 2093 860 2094 859 2094 1202 2094 1202 2095 859 2095 221 2095 1202 2096 221 2096 1208 2096 1218 2097 231 2097 854 2097 1219 2098 1173 2098 1174 2098 856 2099 1220 2099 1221 2099 856 2100 1221 2100 855 2100 1220 2101 856 2101 1222 2101 1222 2102 856 2102 857 2102 1222 2103 857 2103 1223 2103 1223 2104 857 2104 1224 2104 1224 2105 857 2105 858 2105 1224 2106 858 2106 1225 2106 1221 2107 1219 2107 855 2107 855 2108 1219 2108 1174 2108 855 2109 1174 2109 854 2109 854 2110 1174 2110 1226 2110 854 2111 1226 2111 1218 2111 1157 2112 1155 2112 1146 2112 1147 2113 1138 2113 1218 2113 1151 2114 1152 2114 1153 2114 1226 2115 1146 2115 1218 2115 1218 2116 1146 2116 1151 2116 1218 2117 1151 2117 1147 2117 1147 2118 1151 2118 1153 2118 1147 2119 1153 2119 1148 2119 1160 2120 1157 2120 1168 2120 1168 2121 1157 2121 1146 2121 1168 2122 1146 2122 1174 2122 1174 2123 1146 2123 1226 2123 284 2124 262 2124 858 2124 858 2125 262 2125 248 2125 248 2126 303 2126 863 2126 1227 2127 1228 2127 1229 2127 1230 2128 1231 2128 1232 2128 248 2129 863 2129 858 2129 858 2130 863 2130 1211 2130 858 2131 1211 2131 1233 2131 1230 2132 1225 2132 1234 2132 1234 2133 1225 2133 858 2133 1234 2134 858 2134 1235 2134 1235 2135 858 2135 1233 2135 1232 2136 1236 2136 1230 2136 1230 2137 1236 2137 1237 2137 1230 2138 1237 2138 1225 2138 1231 2139 1230 2139 1238 2139 1238 2140 1230 2140 1239 2140 1238 2141 1239 2141 1228 2141 1228 2142 1239 2142 1240 2142 1228 2143 1240 2143 1229 2143 1229 2144 1241 2144 1227 2144 1227 2145 1241 2145 1242 2145 1227 2146 1242 2146 1243 2146 1243 2147 1244 2147 1227 2147 1227 2148 1244 2148 1245 2148 1227 2149 1245 2149 1246 2149 1246 2150 1247 2150 1227 2150 1227 2151 1247 2151 1248 2151 1227 2152 1248 2152 1249 2152 1250 2153 1184 2153 1183 2153 1251 2154 1183 2154 1252 2154 1252 2155 1183 2155 1186 2155 1252 2156 1186 2156 1253 2156 208 2157 209 2157 1251 2157 1251 2158 209 2158 1183 2158 1183 2159 209 2159 211 2159 1183 2160 211 2160 1250 2160 1254 2161 1255 2161 200 2161 200 2162 1255 2162 1256 2162 200 2163 1256 2163 195 2163 200 2164 202 2164 1254 2164 1254 2165 202 2165 203 2165 1254 2166 203 2166 1257 2166 1257 2167 203 2167 205 2167 1257 2168 205 2168 1251 2168 1251 2169 205 2169 206 2169 1251 2170 206 2170 208 2170 1258 2171 1259 2171 1260 2171 196 2172 195 2172 1256 2172 198 2173 196 2173 1261 2173 1261 2174 196 2174 1262 2174 1263 2175 1264 2175 1265 2175 1265 2176 1264 2176 1266 2176 1265 2177 1266 2177 1267 2177 193 2178 192 2178 1217 2178 1217 2179 192 2179 1268 2179 1217 2180 1268 2180 1216 2180 1216 2181 1268 2181 1263 2181 1266 2182 1269 2182 1267 2182 1267 2183 1269 2183 1270 2183 1267 2184 1270 2184 1209 2184 1209 2185 1270 2185 1210 2185 1260 2186 1259 2186 1271 2186 1271 2187 1259 2187 1272 2187 1271 2188 1272 2188 1273 2188 196 2189 1256 2189 1262 2189 1262 2190 1256 2190 1255 2190 1262 2191 1255 2191 1274 2191 1274 2192 1255 2192 1254 2192 1274 2193 1254 2193 1275 2193 1273 2194 1211 2194 1271 2194 1271 2195 1211 2195 1210 2195 1271 2196 1210 2196 1260 2196 1260 2197 1210 2197 1270 2197 1260 2198 1270 2198 1258 2198 1258 2199 1270 2199 1269 2199 1209 2200 1215 2200 1267 2200 1267 2201 1215 2201 1214 2201 1267 2202 1214 2202 1265 2202 1265 2203 1214 2203 1213 2203 1265 2204 1213 2204 1263 2204 1263 2205 1213 2205 1212 2205 1263 2206 1212 2206 1216 2206 192 2207 191 2207 1268 2207 1268 2208 191 2208 190 2208 1268 2209 190 2209 1263 2209 1263 2210 190 2210 199 2210 1263 2211 199 2211 1264 2211 1264 2212 199 2212 198 2212 1264 2213 198 2213 1266 2213 1266 2214 198 2214 1261 2214 1266 2215 1261 2215 1269 2215 1269 2216 1261 2216 1262 2216 1269 2217 1262 2217 1258 2217 1258 2218 1262 2218 1274 2218 1258 2219 1274 2219 1259 2219 1259 2220 1274 2220 1275 2220 1259 2221 1275 2221 1272 2221 1172 2222 1173 2222 1219 2222 1172 2223 1219 2223 1171 2223 1166 2224 1276 2224 1167 2224 1167 2225 1276 2225 1277 2225 1170 2226 1169 2226 1278 2226 1170 2227 1279 2227 1161 2227 1161 2228 1279 2228 1280 2228 1161 2229 1280 2229 1162 2229 1170 2230 1278 2230 1279 2230 1279 2231 1278 2231 1281 2231 1279 2232 1281 2232 1280 2232 1280 2233 1281 2233 1282 2233 1280 2234 1282 2234 1283 2234 1284 2235 1285 2235 1286 2235 1286 2236 1285 2236 1283 2236 1286 2237 1283 2237 1287 2237 1287 2238 1283 2238 1282 2238 1223 2239 1224 2239 1288 2239 1288 2240 1289 2240 1223 2240 1223 2241 1289 2241 1290 2241 1223 2242 1290 2242 1222 2242 1222 2243 1290 2243 1291 2243 1222 2244 1291 2244 1220 2244 1220 2245 1291 2245 1292 2245 1220 2246 1292 2246 1221 2246 1221 2247 1292 2247 1277 2247 1221 2248 1277 2248 1219 2248 1219 2249 1277 2249 1276 2249 1219 2250 1276 2250 1171 2250 1171 2251 1276 2251 1166 2251 1285 2252 1293 2252 1283 2252 1283 2253 1293 2253 1294 2253 1283 2254 1294 2254 1280 2254 1280 2255 1294 2255 1295 2255 1280 2256 1295 2256 1162 2256 1169 2257 1167 2257 1278 2257 1278 2258 1167 2258 1277 2258 1278 2259 1277 2259 1281 2259 1281 2260 1277 2260 1292 2260 1281 2261 1292 2261 1282 2261 1282 2262 1292 2262 1291 2262 1282 2263 1291 2263 1287 2263 1287 2264 1291 2264 1290 2264 1287 2265 1290 2265 1286 2265 1286 2266 1290 2266 1289 2266 1286 2267 1289 2267 1284 2267 1284 2268 1289 2268 1288 2268 1284 2269 1288 2269 1296 2269 1296 2270 1288 2270 1224 2270 1296 2271 1224 2271 1225 2271 1293 2272 1159 2272 1158 2272 1158 2273 1165 2273 1293 2273 1293 2274 1165 2274 1164 2274 1293 2275 1164 2275 1294 2275 1294 2276 1164 2276 1163 2276 1294 2277 1163 2277 1295 2277 1295 2278 1163 2278 1162 2278 1150 2279 1149 2279 1185 2279 1185 2280 1149 2280 1145 2280 1297 2281 1188 2281 1298 2281 1298 2282 1188 2282 1185 2282 1298 2283 1185 2283 1299 2283 1299 2284 1185 2284 1145 2284 1145 2285 1144 2285 1299 2285 1299 2286 1144 2286 1154 2286 1299 2287 1154 2287 1156 2287 1159 2288 1293 2288 1156 2288 1156 2289 1293 2289 1300 2289 1156 2290 1300 2290 1299 2290 1188 2291 1297 2291 1187 2291 1187 2292 1297 2292 1301 2292 1187 2293 1301 2293 1196 2293 1196 2294 1301 2294 1302 2294 1302 2295 1303 2295 1196 2295 1196 2296 1303 2296 1190 2296 1304 2297 1195 2297 1305 2297 1305 2298 1195 2298 1194 2298 1305 2299 1194 2299 1306 2299 1306 2300 1194 2300 1307 2300 1307 2301 1194 2301 1189 2301 1307 2302 1189 2302 1308 2302 1308 2303 1189 2303 1309 2303 1309 2304 1189 2304 1191 2304 1309 2305 1191 2305 1310 2305 1310 2306 1191 2306 1311 2306 1311 2307 1191 2307 1201 2307 1311 2308 1201 2308 1312 2308 1312 2309 1201 2309 1313 2309 1313 2310 1201 2310 1200 2310 1313 2311 1200 2311 1314 2311 1314 2312 1200 2312 1315 2312 1315 2313 1200 2313 1199 2313 1315 2314 1199 2314 1316 2314 1316 2315 1199 2315 1317 2315 1317 2316 1199 2316 1193 2316 1317 2317 1193 2317 1318 2317 1318 2318 1193 2318 1319 2318 1319 2319 1193 2319 1192 2319 1319 2320 1192 2320 1320 2320 1320 2321 1192 2321 1321 2321 1321 2322 1192 2322 1190 2322 1321 2323 1190 2323 1303 2323 1304 2324 1322 2324 1195 2324 1195 2325 1322 2325 1197 2325 1197 2326 1322 2326 1198 2326 1198 2327 1322 2327 1323 2327 1198 2328 1323 2328 1186 2328 1186 2329 1323 2329 1253 2329 1234 2330 1235 2330 1324 2330 1324 2331 1235 2331 1325 2331 1324 2332 1325 2332 1326 2332 1326 2333 1325 2333 1327 2333 1326 2334 1327 2334 1328 2334 1328 2335 1327 2335 1329 2335 1328 2336 1329 2336 1253 2336 1233 2337 1211 2337 1330 2337 1330 2338 1211 2338 1273 2338 1330 2339 1273 2339 1331 2339 1331 2340 1273 2340 1272 2340 1331 2341 1272 2341 1332 2341 1332 2342 1272 2342 1275 2342 1257 2343 1251 2343 1329 2343 1329 2344 1251 2344 1252 2344 1329 2345 1252 2345 1253 2345 1235 2346 1233 2346 1325 2346 1325 2347 1233 2347 1330 2347 1325 2348 1330 2348 1327 2348 1327 2349 1330 2349 1331 2349 1327 2350 1331 2350 1329 2350 1329 2351 1331 2351 1332 2351 1329 2352 1332 2352 1257 2352 1257 2353 1332 2353 1275 2353 1257 2354 1275 2354 1254 2354 1239 2355 1230 2355 1333 2355 1333 2356 1230 2356 1334 2356 1333 2357 1334 2357 1335 2357 1335 2358 1334 2358 1336 2358 1335 2359 1336 2359 1337 2359 1337 2360 1336 2360 1338 2360 1337 2361 1338 2361 1322 2361 1322 2362 1338 2362 1323 2362 1230 2363 1234 2363 1334 2363 1334 2364 1234 2364 1324 2364 1334 2365 1324 2365 1336 2365 1336 2366 1324 2366 1326 2366 1336 2367 1326 2367 1338 2367 1338 2368 1326 2368 1328 2368 1338 2369 1328 2369 1323 2369 1323 2370 1328 2370 1253 2370 1322 2371 1304 2371 1339 2371 1322 2372 1339 2372 1337 2372 1337 2373 1339 2373 1340 2373 1337 2374 1340 2374 1335 2374 1335 2375 1340 2375 1341 2375 1335 2376 1341 2376 1333 2376 1333 2377 1341 2377 1240 2377 1333 2378 1240 2378 1239 2378 1240 2379 1341 2379 1342 2379 1341 2380 1340 2380 1343 2380 1340 2381 1339 2381 1344 2381 1345 2382 1321 2382 1303 2382 1308 2383 1346 2383 1307 2383 1307 2384 1346 2384 1347 2384 1307 2385 1347 2385 1306 2385 1306 2386 1347 2386 1344 2386 1306 2387 1344 2387 1305 2387 1305 2388 1344 2388 1339 2388 1305 2389 1339 2389 1304 2389 1308 2390 1309 2390 1346 2390 1346 2391 1309 2391 1310 2391 1346 2392 1310 2392 1348 2392 1348 2393 1310 2393 1311 2393 1348 2394 1311 2394 1349 2394 1349 2395 1311 2395 1312 2395 1349 2396 1312 2396 1350 2396 1350 2397 1312 2397 1351 2397 1350 2398 1351 2398 1352 2398 1352 2399 1351 2399 1314 2399 1314 2400 1315 2400 1352 2400 1352 2401 1315 2401 1316 2401 1352 2402 1316 2402 1353 2402 1353 2403 1316 2403 1317 2403 1353 2404 1317 2404 1354 2404 1354 2405 1317 2405 1318 2405 1354 2406 1318 2406 1355 2406 1355 2407 1318 2407 1319 2407 1355 2408 1319 2408 1345 2408 1345 2409 1319 2409 1320 2409 1345 2410 1320 2410 1321 2410 1340 2411 1344 2411 1343 2411 1343 2412 1344 2412 1347 2412 1343 2413 1347 2413 1356 2413 1356 2414 1347 2414 1346 2414 1356 2415 1346 2415 1357 2415 1357 2416 1346 2416 1348 2416 1357 2417 1348 2417 1358 2417 1358 2418 1348 2418 1349 2418 1358 2419 1349 2419 1359 2419 1359 2420 1349 2420 1350 2420 1359 2421 1350 2421 1360 2421 1360 2422 1350 2422 1352 2422 1360 2423 1352 2423 1361 2423 1361 2424 1352 2424 1353 2424 1361 2425 1353 2425 1362 2425 1362 2426 1353 2426 1354 2426 1362 2427 1354 2427 1363 2427 1363 2428 1354 2428 1355 2428 1363 2429 1355 2429 1364 2429 1364 2430 1355 2430 1345 2430 1364 2431 1345 2431 1365 2431 1303 2432 1366 2432 1345 2432 1345 2433 1366 2433 1367 2433 1345 2434 1367 2434 1365 2434 1365 2435 1367 2435 1368 2435 1365 2436 1368 2436 1369 2436 1341 2437 1343 2437 1342 2437 1342 2438 1343 2438 1356 2438 1342 2439 1356 2439 1370 2439 1370 2440 1356 2440 1357 2440 1370 2441 1357 2441 1371 2441 1371 2442 1357 2442 1358 2442 1371 2443 1358 2443 1372 2443 1372 2444 1358 2444 1359 2444 1372 2445 1359 2445 1373 2445 1373 2446 1359 2446 1360 2446 1373 2447 1360 2447 1374 2447 1374 2448 1360 2448 1361 2448 1374 2449 1361 2449 1375 2449 1375 2450 1361 2450 1362 2450 1375 2451 1362 2451 1376 2451 1376 2452 1362 2452 1363 2452 1376 2453 1363 2453 1377 2453 1377 2454 1363 2454 1364 2454 1377 2455 1364 2455 1378 2455 1378 2456 1364 2456 1365 2456 1378 2457 1365 2457 1379 2457 1379 2458 1365 2458 1369 2458 1379 2459 1369 2459 1380 2459 1240 2460 1342 2460 1229 2460 1229 2461 1342 2461 1370 2461 1229 2462 1370 2462 1241 2462 1241 2463 1370 2463 1371 2463 1241 2464 1371 2464 1242 2464 1242 2465 1371 2465 1372 2465 1242 2466 1372 2466 1243 2466 1243 2467 1372 2467 1373 2467 1243 2468 1373 2468 1244 2468 1244 2469 1373 2469 1374 2469 1244 2470 1374 2470 1381 2470 1381 2471 1374 2471 1375 2471 1381 2472 1375 2472 1246 2472 1246 2473 1375 2473 1376 2473 1246 2474 1376 2474 1247 2474 1247 2475 1376 2475 1377 2475 1247 2476 1377 2476 1248 2476 1248 2477 1377 2477 1378 2477 1248 2478 1378 2478 1249 2478 1249 2479 1378 2479 1379 2479 1249 2480 1379 2480 1227 2480 1227 2481 1379 2481 1380 2481 1227 2482 1380 2482 1228 2482 1303 2483 1302 2483 1382 2483 1382 2484 1302 2484 1383 2484 1382 2485 1383 2485 1367 2485 1367 2486 1383 2486 1384 2486 1367 2487 1384 2487 1385 2487 1385 2488 1384 2488 1386 2488 1385 2489 1386 2489 1369 2489 1369 2490 1386 2490 1387 2490 1369 2491 1387 2491 1388 2491 1388 2492 1387 2492 1389 2492 1388 2493 1389 2493 1228 2493 1228 2494 1389 2494 1238 2494 1390 2495 1231 2495 1238 2495 1238 2496 1389 2496 1390 2496 1390 2497 1389 2497 1387 2497 1390 2498 1387 2498 1391 2498 1391 2499 1387 2499 1386 2499 1391 2500 1386 2500 1392 2500 1232 2501 1231 2501 1393 2501 1393 2502 1231 2502 1390 2502 1393 2503 1390 2503 1394 2503 1394 2504 1390 2504 1391 2504 1394 2505 1391 2505 1395 2505 1395 2506 1391 2506 1392 2506 1395 2507 1392 2507 1297 2507 1297 2508 1392 2508 1301 2508 1386 2509 1384 2509 1392 2509 1392 2510 1384 2510 1383 2510 1392 2511 1383 2511 1301 2511 1301 2512 1383 2512 1302 2512 1299 2513 1300 2513 1396 2513 1225 2514 1237 2514 1296 2514 1296 2515 1237 2515 1397 2515 1296 2516 1397 2516 1284 2516 1284 2517 1397 2517 1398 2517 1284 2518 1398 2518 1285 2518 1285 2519 1398 2519 1396 2519 1285 2520 1396 2520 1293 2520 1293 2521 1396 2521 1300 2521 1298 2522 1299 2522 1399 2522 1399 2523 1299 2523 1396 2523 1399 2524 1396 2524 1400 2524 1400 2525 1396 2525 1398 2525 1400 2526 1398 2526 1401 2526 1401 2527 1398 2527 1397 2527 1401 2528 1397 2528 1236 2528 1236 2529 1397 2529 1237 2529 1236 2530 1232 2530 1401 2530 1401 2531 1232 2531 1393 2531 1401 2532 1393 2532 1400 2532 1400 2533 1393 2533 1394 2533 1400 2534 1394 2534 1399 2534 1399 2535 1394 2535 1395 2535 1399 2536 1395 2536 1298 2536 1298 2537 1395 2537 1297 2537 1181 2538 1208 2538 221 2538 1181 2539 221 2539 910 2539 910 2540 221 2540 217 2540 910 2541 217 2541 957 2541 923 2542 235 2542 126 2542 126 2543 235 2543 231 2543 126 2544 231 2544 1138 2544 1138 2545 231 2545 1218 2545 1175 2546 1178 2546 1207 2546 1250 2547 211 2547 210 2547 1250 2548 210 2548 1184 2548 1176 2549 1135 2549 1205 2549 1205 2550 1135 2550 1134 2550 1205 2551 1134 2551 1203 2551 1203 2552 1134 2552 1133 2552 1203 2553 1133 2553 1204 2553 1204 2554 1133 2554 1132 2554 1204 2555 1132 2555 1206 2555 1206 2556 1132 2556 1131 2556 1206 2557 1131 2557 210 2557 210 2558 1131 2558 1128 2558 210 2559 1128 2559 1184 2559 1207 2560 1178 2560 1205 2560 1205 2561 1178 2561 1177 2561 1205 2562 1177 2562 1176 2562 1207 2563 1181 2563 1182 2563 1175 2564 1207 2564 1179 2564 1179 2565 1207 2565 1182 2565 1179 2566 1182 2566 1180 2566 1402 2567 1403 2567 1404 2567 1404 2568 1405 2568 1402 2568 1402 2569 1405 2569 1406 2569 1402 2570 1406 2570 1407 2570 1408 2571 1409 2571 1403 2571 1407 2572 1410 2572 1402 2572 1402 2573 1410 2573 1411 2573 1402 2574 1411 2574 1403 2574 1403 2575 1411 2575 1412 2575 1403 2576 1412 2576 1408 2576 178 2577 177 2577 1413 2577 1413 2578 1414 2578 178 2578 178 2579 1414 2579 1415 2579 178 2580 1415 2580 1416 2580 1409 2581 1417 2581 1403 2581 1403 2582 1417 2582 1418 2582 1403 2583 1418 2583 1415 2583 1415 2584 1418 2584 1419 2584 1415 2585 1419 2585 1416 2585 1118 2586 1117 2586 1420 2586 1123 2587 977 2587 979 2587 1421 2588 1408 2588 1422 2588 1422 2589 1408 2589 1412 2589 1422 2590 1412 2590 154 2590 154 2591 1412 2591 1411 2591 154 2592 1411 2592 1410 2592 179 2593 178 2593 981 2593 1418 2594 1417 2594 1421 2594 1421 2595 1417 2595 1409 2595 1421 2596 1409 2596 1408 2596 1421 2597 1423 2597 1418 2597 1418 2598 1423 2598 1424 2598 1418 2599 1424 2599 1419 2599 1419 2600 1424 2600 1425 2600 1419 2601 1425 2601 1416 2601 183 2602 185 2602 986 2602 986 2603 185 2603 187 2603 986 2604 187 2604 981 2604 981 2605 187 2605 181 2605 981 2606 181 2606 179 2606 1115 2607 1114 2607 989 2607 1122 2608 1426 2608 1116 2608 1116 2609 1426 2609 1427 2609 1116 2610 1427 2610 1117 2610 1117 2611 1427 2611 1428 2611 1117 2612 1428 2612 1420 2612 1114 2613 1113 2613 989 2613 989 2614 1113 2614 1125 2614 989 2615 1125 2615 979 2615 979 2616 1125 2616 1124 2616 979 2617 1124 2617 1123 2617 1118 2618 1420 2618 1120 2618 1120 2619 1420 2619 1429 2619 1120 2620 1429 2620 1121 2620 1121 2621 1429 2621 158 2621 1121 2622 158 2622 160 2622 1122 2623 1115 2623 1426 2623 1426 2624 1115 2624 989 2624 1426 2625 989 2625 1430 2625 1430 2626 989 2626 988 2626 1430 2627 988 2627 1431 2627 1431 2628 988 2628 1432 2628 1432 2629 988 2629 987 2629 1432 2630 987 2630 1433 2630 1433 2631 987 2631 1434 2631 1434 2632 987 2632 983 2632 1434 2633 983 2633 1435 2633 1435 2634 983 2634 1436 2634 1436 2635 983 2635 985 2635 1436 2636 985 2636 1437 2636 1437 2637 985 2637 1438 2637 1438 2638 985 2638 984 2638 1438 2639 984 2639 1439 2639 1439 2640 984 2640 1440 2640 1440 2641 984 2641 982 2641 1440 2642 982 2642 1441 2642 1441 2643 982 2643 1442 2643 1442 2644 982 2644 981 2644 1442 2645 981 2645 1425 2645 1425 2646 981 2646 178 2646 1425 2647 178 2647 1416 2647 1403 2648 1415 2648 141 2648 141 2649 1415 2649 140 2649 1415 2650 1414 2650 140 2650 140 2651 1414 2651 1413 2651 140 2652 1413 2652 978 2652 182 2653 980 2653 180 2653 180 2654 980 2654 978 2654 180 2655 978 2655 177 2655 177 2656 978 2656 1413 2656 182 2657 188 2657 980 2657 980 2658 188 2658 186 2658 980 2659 186 2659 184 2659 154 2660 1410 2660 145 2660 145 2661 1410 2661 1407 2661 145 2662 1407 2662 129 2662 129 2663 1407 2663 1406 2663 129 2664 1406 2664 130 2664 130 2665 1406 2665 1405 2665 130 2666 1405 2666 141 2666 141 2667 1405 2667 1404 2667 141 2668 1404 2668 1403 2668 1421 2669 1422 2669 1443 2669 1444 2670 1445 2670 1446 2670 1445 2671 1447 2671 1448 2671 1447 2672 945 2672 942 2672 1447 2673 942 2673 1448 2673 1448 2674 942 2674 941 2674 1448 2675 941 2675 1449 2675 1449 2676 941 2676 951 2676 1449 2677 951 2677 1450 2677 1450 2678 951 2678 950 2678 1450 2679 950 2679 1451 2679 1451 2680 950 2680 1452 2680 1451 2681 1452 2681 1453 2681 1453 2682 1452 2682 948 2682 1453 2683 948 2683 1454 2683 1454 2684 948 2684 956 2684 1454 2685 956 2685 1455 2685 1455 2686 956 2686 954 2686 1455 2687 954 2687 1456 2687 1456 2688 954 2688 953 2688 1456 2689 953 2689 1457 2689 1457 2690 953 2690 952 2690 1457 2691 952 2691 1458 2691 1458 2692 952 2692 955 2692 1458 2693 955 2693 1459 2693 1445 2694 1448 2694 1446 2694 1446 2695 1448 2695 1449 2695 1446 2696 1449 2696 1460 2696 1460 2697 1449 2697 1450 2697 1460 2698 1450 2698 1461 2698 1461 2699 1450 2699 1451 2699 1461 2700 1451 2700 1462 2700 1462 2701 1451 2701 1453 2701 1462 2702 1453 2702 1463 2702 1463 2703 1453 2703 1454 2703 1463 2704 1454 2704 1464 2704 1464 2705 1454 2705 1455 2705 1464 2706 1455 2706 1465 2706 1465 2707 1455 2707 1456 2707 1465 2708 1456 2708 1466 2708 1466 2709 1456 2709 1457 2709 1466 2710 1457 2710 1467 2710 1467 2711 1457 2711 1458 2711 1467 2712 1458 2712 1468 2712 1468 2713 1458 2713 1459 2713 1468 2714 1459 2714 1469 2714 1444 2715 1446 2715 1470 2715 1470 2716 1446 2716 1460 2716 1470 2717 1460 2717 1471 2717 1471 2718 1460 2718 1461 2718 1471 2719 1461 2719 1472 2719 1472 2720 1461 2720 1462 2720 1472 2721 1462 2721 1473 2721 1473 2722 1462 2722 1463 2722 1473 2723 1463 2723 1474 2723 1474 2724 1463 2724 1464 2724 1474 2725 1464 2725 1475 2725 1475 2726 1464 2726 1465 2726 1475 2727 1465 2727 1476 2727 1476 2728 1465 2728 1466 2728 1476 2729 1466 2729 1477 2729 1477 2730 1466 2730 1467 2730 1477 2731 1467 2731 1478 2731 1478 2732 1467 2732 1468 2732 1478 2733 1468 2733 1479 2733 1479 2734 1468 2734 1469 2734 1479 2735 1469 2735 1480 2735 150 2736 929 2736 151 2736 151 2737 929 2737 1481 2737 151 2738 1481 2738 152 2738 152 2739 1481 2739 1482 2739 152 2740 1482 2740 153 2740 153 2741 1482 2741 1443 2741 153 2742 1443 2742 154 2742 154 2743 1443 2743 1422 2743 1423 2744 1421 2744 1483 2744 1483 2745 1421 2745 1443 2745 1483 2746 1443 2746 1484 2746 1484 2747 1443 2747 1482 2747 1484 2748 1482 2748 1485 2748 1485 2749 1482 2749 1481 2749 1485 2750 1481 2750 926 2750 926 2751 1481 2751 929 2751 926 2752 945 2752 1485 2752 1485 2753 945 2753 1447 2753 1485 2754 1447 2754 1484 2754 1484 2755 1447 2755 1445 2755 1484 2756 1445 2756 1483 2756 1483 2757 1445 2757 1444 2757 1483 2758 1444 2758 1423 2758 1423 2759 1444 2759 1424 2759 1437 2760 1438 2760 1473 2760 1473 2761 1438 2761 1439 2761 1473 2762 1439 2762 1472 2762 1472 2763 1439 2763 1440 2763 1472 2764 1440 2764 1471 2764 1471 2765 1440 2765 1441 2765 1471 2766 1441 2766 1470 2766 1470 2767 1441 2767 1442 2767 1470 2768 1442 2768 1444 2768 1444 2769 1442 2769 1425 2769 1444 2770 1425 2770 1424 2770 1437 2771 1473 2771 1486 2771 1486 2772 1473 2772 1474 2772 1486 2773 1474 2773 1435 2773 1435 2774 1474 2774 1475 2774 1435 2775 1475 2775 1434 2775 1434 2776 1475 2776 1476 2776 1434 2777 1476 2777 1433 2777 1433 2778 1476 2778 1477 2778 1433 2779 1477 2779 1432 2779 1420 2780 1428 2780 1480 2780 1480 2781 1428 2781 1427 2781 1480 2782 1427 2782 1479 2782 1479 2783 1427 2783 1426 2783 1479 2784 1426 2784 1478 2784 1478 2785 1426 2785 1430 2785 1478 2786 1430 2786 1477 2786 1477 2787 1430 2787 1431 2787 1477 2788 1431 2788 1432 2788 1429 2789 1420 2789 1487 2789 1487 2790 1420 2790 1480 2790 1487 2791 1480 2791 1488 2791 1488 2792 1480 2792 1469 2792 1488 2793 1469 2793 1489 2793 1489 2794 1469 2794 1459 2794 1489 2795 1459 2795 949 2795 949 2796 1459 2796 955 2796 949 2797 943 2797 1489 2797 1489 2798 943 2798 1490 2798 1489 2799 1490 2799 1488 2799 1488 2800 1490 2800 1491 2800 1488 2801 1491 2801 1487 2801 1487 2802 1491 2802 1492 2802 1487 2803 1492 2803 1429 2803 1429 2804 1492 2804 158 2804 163 2805 162 2805 1493 2805 943 2806 944 2806 1490 2806 1490 2807 944 2807 1494 2807 1490 2808 1494 2808 1491 2808 1491 2809 1494 2809 1495 2809 1491 2810 1495 2810 1492 2810 1492 2811 1495 2811 1496 2811 1492 2812 1496 2812 158 2812 158 2813 1496 2813 155 2813 944 2814 925 2814 1494 2814 1494 2815 925 2815 1497 2815 1494 2816 1497 2816 1495 2816 1495 2817 1497 2817 1498 2817 1495 2818 1498 2818 1496 2818 1496 2819 1498 2819 1493 2819 1496 2820 1493 2820 155 2820 155 2821 1493 2821 162 2821 173 2822 163 2822 1499 2822 1499 2823 163 2823 1493 2823 1499 2824 1493 2824 1500 2824 1500 2825 1493 2825 1498 2825 1500 2826 1498 2826 1501 2826 1501 2827 1498 2827 1497 2827 1501 2828 1497 2828 927 2828 927 2829 1497 2829 925 2829 927 2830 928 2830 1501 2830 1501 2831 928 2831 1084 2831 1501 2832 1084 2832 1500 2832 1500 2833 1084 2833 1083 2833 1500 2834 1083 2834 1499 2834 1499 2835 1083 2835 1082 2835 1499 2836 1082 2836 173 2836 173 2837 1082 2837 172 2837 1015 2838 1013 2838 965 2838 965 2839 1013 2839 922 2839 965 2840 922 2840 919 2840 967 2841 1012 2841 965 2841 965 2842 1012 2842 1016 2842 965 2843 1016 2843 1015 2843 966 2844 1001 2844 967 2844 967 2845 1001 2845 1000 2845 967 2846 1000 2846 1012 2846 998 2847 997 2847 968 2847 968 2848 997 2848 1006 2848 968 2849 1006 2849 966 2849 966 2850 1006 2850 1005 2850 966 2851 1005 2851 1001 2851 998 2852 968 2852 993 2852 993 2853 968 2853 969 2853 993 2854 969 2854 994 2854 994 2855 969 2855 999 2855 999 2856 969 2856 108 2856 999 2857 108 2857 107 2857 628 2858 631 2858 660 2858 706 2859 105 2859 104 2859 706 2860 104 2860 641 2860 629 2861 586 2861 658 2861 658 2862 586 2862 585 2862 658 2863 585 2863 656 2863 656 2864 585 2864 584 2864 656 2865 584 2865 657 2865 657 2866 584 2866 583 2866 657 2867 583 2867 659 2867 659 2868 583 2868 582 2868 659 2869 582 2869 104 2869 104 2870 582 2870 581 2870 104 2871 581 2871 641 2871 660 2872 631 2872 658 2872 658 2873 631 2873 630 2873 658 2874 630 2874 629 2874 660 2875 634 2875 635 2875 628 2876 660 2876 632 2876 632 2877 660 2877 635 2877 632 2878 635 2878 633 2878 1502 2879 1503 2879 1504 2879 1504 2880 1505 2880 1502 2880 1502 2881 1505 2881 1506 2881 1502 2882 1506 2882 1507 2882 1508 2883 1509 2883 1503 2883 1507 2884 1510 2884 1502 2884 1502 2885 1510 2885 1511 2885 1502 2886 1511 2886 1503 2886 1503 2887 1511 2887 1512 2887 1503 2888 1512 2888 1508 2888 72 2889 71 2889 1513 2889 1513 2890 1514 2890 72 2890 72 2891 1514 2891 1515 2891 72 2892 1515 2892 1516 2892 1509 2893 1517 2893 1503 2893 1503 2894 1517 2894 1518 2894 1503 2895 1518 2895 1515 2895 1515 2896 1518 2896 1519 2896 1515 2897 1519 2897 1516 2897 571 2898 570 2898 1520 2898 576 2899 440 2899 439 2899 1521 2900 1508 2900 1522 2900 1522 2901 1508 2901 1512 2901 1522 2902 1512 2902 48 2902 48 2903 1512 2903 1511 2903 48 2904 1511 2904 1510 2904 73 2905 72 2905 441 2905 1518 2906 1517 2906 1521 2906 1521 2907 1517 2907 1509 2907 1521 2908 1509 2908 1508 2908 1521 2909 1523 2909 1518 2909 1518 2910 1523 2910 1524 2910 1518 2911 1524 2911 1519 2911 1519 2912 1524 2912 1525 2912 1519 2913 1525 2913 1516 2913 77 2914 79 2914 438 2914 438 2915 79 2915 81 2915 438 2916 81 2916 441 2916 441 2917 81 2917 75 2917 441 2918 75 2918 73 2918 568 2919 567 2919 437 2919 575 2920 1526 2920 569 2920 569 2921 1526 2921 1527 2921 569 2922 1527 2922 570 2922 570 2923 1527 2923 1528 2923 570 2924 1528 2924 1520 2924 567 2925 566 2925 437 2925 437 2926 566 2926 578 2926 437 2927 578 2927 439 2927 439 2928 578 2928 577 2928 439 2929 577 2929 576 2929 571 2930 1520 2930 573 2930 573 2931 1520 2931 1529 2931 573 2932 1529 2932 574 2932 574 2933 1529 2933 52 2933 574 2934 52 2934 54 2934 575 2935 568 2935 1526 2935 1526 2936 568 2936 437 2936 1526 2937 437 2937 1530 2937 1530 2938 437 2938 436 2938 1530 2939 436 2939 1531 2939 1531 2940 436 2940 1532 2940 1532 2941 436 2941 446 2941 1532 2942 446 2942 1533 2942 1533 2943 446 2943 1534 2943 1534 2944 446 2944 445 2944 1534 2945 445 2945 1535 2945 1535 2946 445 2946 1536 2946 1536 2947 445 2947 444 2947 1536 2948 444 2948 1537 2948 1537 2949 444 2949 1538 2949 1538 2950 444 2950 443 2950 1538 2951 443 2951 1539 2951 1539 2952 443 2952 1540 2952 1540 2953 443 2953 442 2953 1540 2954 442 2954 1541 2954 1541 2955 442 2955 1542 2955 1542 2956 442 2956 441 2956 1542 2957 441 2957 1525 2957 1525 2958 441 2958 72 2958 1525 2959 72 2959 1516 2959 1503 2960 1515 2960 35 2960 35 2961 1515 2961 34 2961 1515 2962 1514 2962 34 2962 34 2963 1514 2963 1513 2963 34 2964 1513 2964 434 2964 76 2965 435 2965 74 2965 74 2966 435 2966 434 2966 74 2967 434 2967 71 2967 71 2968 434 2968 1513 2968 76 2969 82 2969 435 2969 435 2970 82 2970 80 2970 435 2971 80 2971 78 2971 48 2972 1510 2972 39 2972 39 2973 1510 2973 1507 2973 39 2974 1507 2974 23 2974 23 2975 1507 2975 1506 2975 23 2976 1506 2976 24 2976 24 2977 1506 2977 1505 2977 24 2978 1505 2978 35 2978 35 2979 1505 2979 1504 2979 35 2980 1504 2980 1503 2980 1521 2981 1522 2981 1543 2981 1544 2982 1545 2982 1546 2982 1545 2983 1547 2983 1548 2983 1547 2984 404 2984 403 2984 1547 2985 403 2985 1548 2985 1548 2986 403 2986 402 2986 1548 2987 402 2987 1549 2987 1549 2988 402 2988 401 2988 1549 2989 401 2989 1550 2989 1550 2990 401 2990 399 2990 1550 2991 399 2991 1551 2991 1551 2992 399 2992 1552 2992 1551 2993 1552 2993 1553 2993 1553 2994 1552 2994 397 2994 1553 2995 397 2995 1554 2995 1554 2996 397 2996 396 2996 1554 2997 396 2997 1555 2997 1555 2998 396 2998 395 2998 1555 2999 395 2999 1556 2999 1556 3000 395 3000 394 3000 1556 3001 394 3001 1557 3001 1557 3002 394 3002 400 3002 1557 3003 400 3003 1558 3003 1558 3004 400 3004 385 3004 1558 3005 385 3005 1559 3005 1545 3006 1548 3006 1546 3006 1546 3007 1548 3007 1549 3007 1546 3008 1549 3008 1560 3008 1560 3009 1549 3009 1550 3009 1560 3010 1550 3010 1561 3010 1561 3011 1550 3011 1551 3011 1561 3012 1551 3012 1562 3012 1562 3013 1551 3013 1553 3013 1562 3014 1553 3014 1563 3014 1563 3015 1553 3015 1554 3015 1563 3016 1554 3016 1564 3016 1564 3017 1554 3017 1555 3017 1564 3018 1555 3018 1565 3018 1565 3019 1555 3019 1556 3019 1565 3020 1556 3020 1566 3020 1566 3021 1556 3021 1557 3021 1566 3022 1557 3022 1567 3022 1567 3023 1557 3023 1558 3023 1567 3024 1558 3024 1568 3024 1568 3025 1558 3025 1559 3025 1568 3026 1559 3026 1569 3026 1544 3027 1546 3027 1570 3027 1570 3028 1546 3028 1560 3028 1570 3029 1560 3029 1571 3029 1571 3030 1560 3030 1561 3030 1571 3031 1561 3031 1572 3031 1572 3032 1561 3032 1562 3032 1572 3033 1562 3033 1573 3033 1573 3034 1562 3034 1563 3034 1573 3035 1563 3035 1574 3035 1574 3036 1563 3036 1564 3036 1574 3037 1564 3037 1575 3037 1575 3038 1564 3038 1565 3038 1575 3039 1565 3039 1576 3039 1576 3040 1565 3040 1566 3040 1576 3041 1566 3041 1577 3041 1577 3042 1566 3042 1567 3042 1577 3043 1567 3043 1578 3043 1578 3044 1567 3044 1568 3044 1578 3045 1568 3045 1579 3045 1579 3046 1568 3046 1569 3046 1579 3047 1569 3047 1580 3047 44 3048 406 3048 45 3048 45 3049 406 3049 1581 3049 45 3050 1581 3050 46 3050 46 3051 1581 3051 1582 3051 46 3052 1582 3052 47 3052 47 3053 1582 3053 1543 3053 47 3054 1543 3054 48 3054 48 3055 1543 3055 1522 3055 1523 3056 1521 3056 1583 3056 1583 3057 1521 3057 1543 3057 1583 3058 1543 3058 1584 3058 1584 3059 1543 3059 1582 3059 1584 3060 1582 3060 1585 3060 1585 3061 1582 3061 1581 3061 1585 3062 1581 3062 405 3062 405 3063 1581 3063 406 3063 405 3064 404 3064 1585 3064 1585 3065 404 3065 1547 3065 1585 3066 1547 3066 1584 3066 1584 3067 1547 3067 1545 3067 1584 3068 1545 3068 1583 3068 1583 3069 1545 3069 1544 3069 1583 3070 1544 3070 1523 3070 1523 3071 1544 3071 1524 3071 1537 3072 1538 3072 1573 3072 1573 3073 1538 3073 1539 3073 1573 3074 1539 3074 1572 3074 1572 3075 1539 3075 1540 3075 1572 3076 1540 3076 1571 3076 1571 3077 1540 3077 1541 3077 1571 3078 1541 3078 1570 3078 1570 3079 1541 3079 1542 3079 1570 3080 1542 3080 1544 3080 1544 3081 1542 3081 1525 3081 1544 3082 1525 3082 1524 3082 1537 3083 1573 3083 1586 3083 1586 3084 1573 3084 1574 3084 1586 3085 1574 3085 1535 3085 1535 3086 1574 3086 1575 3086 1535 3087 1575 3087 1534 3087 1534 3088 1575 3088 1576 3088 1534 3089 1576 3089 1533 3089 1533 3090 1576 3090 1577 3090 1533 3091 1577 3091 1532 3091 1520 3092 1528 3092 1580 3092 1580 3093 1528 3093 1527 3093 1580 3094 1527 3094 1579 3094 1579 3095 1527 3095 1526 3095 1579 3096 1526 3096 1578 3096 1578 3097 1526 3097 1530 3097 1578 3098 1530 3098 1577 3098 1577 3099 1530 3099 1531 3099 1577 3100 1531 3100 1532 3100 1529 3101 1520 3101 1587 3101 1587 3102 1520 3102 1580 3102 1587 3103 1580 3103 1588 3103 1588 3104 1580 3104 1569 3104 1588 3105 1569 3105 1589 3105 1589 3106 1569 3106 1559 3106 1589 3107 1559 3107 384 3107 384 3108 1559 3108 385 3108 384 3109 383 3109 1589 3109 1589 3110 383 3110 1590 3110 1589 3111 1590 3111 1588 3111 1588 3112 1590 3112 1591 3112 1588 3113 1591 3113 1587 3113 1587 3114 1591 3114 1592 3114 1587 3115 1592 3115 1529 3115 1529 3116 1592 3116 52 3116 57 3117 56 3117 1593 3117 383 3118 382 3118 1590 3118 1590 3119 382 3119 1594 3119 1590 3120 1594 3120 1591 3120 1591 3121 1594 3121 1595 3121 1591 3122 1595 3122 1592 3122 1592 3123 1595 3123 1596 3123 1592 3124 1596 3124 52 3124 52 3125 1596 3125 49 3125 382 3126 391 3126 1594 3126 1594 3127 391 3127 1597 3127 1594 3128 1597 3128 1595 3128 1595 3129 1597 3129 1598 3129 1595 3130 1598 3130 1596 3130 1596 3131 1598 3131 1593 3131 1596 3132 1593 3132 49 3132 49 3133 1593 3133 56 3133 67 3134 57 3134 1599 3134 1599 3135 57 3135 1593 3135 1599 3136 1593 3136 1600 3136 1600 3137 1593 3137 1598 3137 1600 3138 1598 3138 1601 3138 1601 3139 1598 3139 1597 3139 1601 3140 1597 3140 390 3140 390 3141 1597 3141 391 3141 390 3142 389 3142 1601 3142 1601 3143 389 3143 537 3143 1601 3144 537 3144 1600 3144 1600 3145 537 3145 536 3145 1600 3146 536 3146 1599 3146 1599 3147 536 3147 535 3147 1599 3148 535 3148 67 3148 67 3149 535 3149 66 3149 472 3150 470 3150 422 3150 422 3151 470 3151 379 3151 422 3152 379 3152 376 3152 426 3153 469 3153 422 3153 422 3154 469 3154 473 3154 422 3155 473 3155 472 3155 425 3156 458 3156 426 3156 426 3157 458 3157 457 3157 426 3158 457 3158 469 3158 455 3159 454 3159 424 3159 424 3160 454 3160 463 3160 424 3161 463 3161 425 3161 425 3162 463 3162 462 3162 425 3163 462 3163 458 3163 455 3164 424 3164 450 3164 450 3165 424 3165 423 3165 450 3166 423 3166 451 3166 451 3167 423 3167 456 3167 456 3168 423 3168 2 3168 456 3169 2 3169 1 3169</p>
        </triangles>
      </mesh>
    </geometry>
  </library_geometries>
  <library_visual_scenes>
    <visual_scene id="Scene" name="Scene">
      <node id="link_2" name="link_2" type="NODE">
        <matrix sid="transform">1 0 0 0 0 1 0 0 0 0 1 0 0 0 0 1</matrix>
        <instance_geometry url="#link_2-mesh" name="link_2">
          <bind_material>
            <technique_common>
              <instance_material symbol="base-material" target="#base-material"/>
            </technique_common>
          </bind_material>
        </instance_geometry>
      </node>
    </visual_scene>
  </library_visual_scenes>
  <scene>
    <instance_visual_scene url="#Scene"/>
  </scene>
</COLLADA>